Copyright 1986-2022 Xilinx, Inc. All Rights Reserved. Copyright 2022-2023 Advanced Micro Devices, Inc. All Rights Reserved.
---------------------------------------------------------------------------------------------------------------------------------------------------------------------------------------------------------------------------------------
| Tool Version : Vivado v.2023.2 (win64) Build 4029153 Fri Oct 13 20:14:34 MDT 2023
| Date         : Fri Aug 14 00:33:11 2026
| Host         : DennisE16 running 64-bit major release  (build 9200)
| Command      : report_timing_summary -max_paths 10 -report_unconstrained -file I2C_Controller_timing_summary_routed.rpt -pb I2C_Controller_timing_summary_routed.pb -rpx I2C_Controller_timing_summary_routed.rpx -warn_on_violation
| Design       : I2C_Controller
| Device       : 7a35t-cpg236
| Speed File   : -1  PRODUCTION 1.23 2018-06-13
| Design State : Routed
---------------------------------------------------------------------------------------------------------------------------------------------------------------------------------------------------------------------------------------

Timing Summary Report

------------------------------------------------------------------------------------------------
| Timer Settings
| --------------
------------------------------------------------------------------------------------------------

  Enable Multi Corner Analysis               :  Yes
  Enable Pessimism Removal                   :  Yes
  Pessimism Removal Resolution               :  Nearest Common Node
  Enable Input Delay Default Clock           :  No
  Enable Preset / Clear Arcs                 :  No
  Disable Flight Delays                      :  No
  Ignore I/O Paths                           :  No
  Timing Early Launch at Borrowing Latches   :  No
  Borrow Time for Max Delay Exceptions       :  Yes
  Merge Timing Exceptions                    :  Yes
  Inter-SLR Compensation                     :  Conservative

  Corner  Analyze    Analyze    
  Name    Max Paths  Min Paths  
  ------  ---------  ---------  
  Slow    Yes        Yes        
  Fast    Yes        Yes        


------------------------------------------------------------------------------------------------
| Report Methodology
| ------------------
------------------------------------------------------------------------------------------------

Rule       Severity          Description                                                       Violations  
---------  ----------------  ----------------------------------------------------------------  ----------  
TIMING-6   Critical Warning  No common primary clock between related clocks                    2           
TIMING-17  Critical Warning  Non-clocked sequential cell                                       39          
HPDR-1     Warning           Port pin direction inconsistency                                  1           
TIMING-56  Warning           Missing logically or physically excluded clock groups constraint  2           

Note: This report is based on the most recent report_methodology run and may not be up-to-date. Run report_methodology on the current design for the latest report.



check_timing report

Table of Contents
-----------------
1. checking no_clock (39)
2. checking constant_clock (0)
3. checking pulse_width_clock (0)
4. checking unconstrained_internal_endpoints (111)
5. checking no_input_delay (5)
6. checking no_output_delay (3)
7. checking multiple_clock (6)
8. checking generated_clocks (0)
9. checking loops (0)
10. checking partial_input_delay (0)
11. checking partial_output_delay (0)
12. checking latch_loops (0)

1. checking no_clock (39)
-------------------------
 There are 39 register/latch pins with no clock driven by root clock pin: i2c_baud_rate_generator/sys_tick_reg_reg/Q (HIGH)


2. checking constant_clock (0)
------------------------------
 There are 0 register/latch pins with constant_clock.


3. checking pulse_width_clock (0)
---------------------------------
 There are 0 register/latch pins which need pulse_width check


4. checking unconstrained_internal_endpoints (111)
--------------------------------------------------
 There are 111 pins that are not constrained for maximum delay. (HIGH)

 There are 0 pins that are not constrained for maximum delay due to constant clock.


5. checking no_input_delay (5)
------------------------------
 There are 5 input ports with no input delay specified. (HIGH)

 There are 0 input ports with no input delay but user has a false path constraint.


6. checking no_output_delay (3)
-------------------------------
 There are 3 ports with no output delay specified. (HIGH)

 There are 0 ports with no output delay but user has a false path constraint

 There are 0 ports with no output delay but with a timing clock defined on it or propagating through it


7. checking multiple_clock (6)
------------------------------
 There are 6 register/latch pins with multiple clocks. (HIGH)


8. checking generated_clocks (0)
--------------------------------
 There are 0 generated clocks that are not connected to a clock source.


9. checking loops (0)
---------------------
 There are 0 combinational loops in the design.


10. checking partial_input_delay (0)
------------------------------------
 There are 0 input ports with partial input delay specified.


11. checking partial_output_delay (0)
-------------------------------------
 There are 0 ports with partial output delay specified.


12. checking latch_loops (0)
----------------------------
 There are 0 combinational latch loops in the design through latch input



------------------------------------------------------------------------------------------------
| Design Timing Summary
| ---------------------
------------------------------------------------------------------------------------------------

    WNS(ns)      TNS(ns)  TNS Failing Endpoints  TNS Total Endpoints      WHS(ns)      THS(ns)  THS Failing Endpoints  THS Total Endpoints     WPWS(ns)     TPWS(ns)  TPWS Failing Endpoints  TPWS Total Endpoints  
    -------      -------  ---------------------  -------------------      -------      -------  ---------------------  -------------------     --------     --------  ----------------------  --------------------  
     22.441        0.000                      0                   11        0.164        0.000                      0                   11        3.000        0.000                       0                    12  


All user specified timing constraints are met.


------------------------------------------------------------------------------------------------
| Clock Summary
| -------------
------------------------------------------------------------------------------------------------

Clock                 Waveform(ns)       Period(ns)      Frequency(MHz)
-----                 ------------       ----------      --------------
sys_clk               {0.000 5.000}      10.000          100.000         
  clk_out1_sys_pll    {0.000 12.500}     25.000          40.000          
  clkfbout_sys_pll    {0.000 5.000}      10.000          100.000         
sys_clk_pin           {0.000 5.000}      10.000          100.000         
  clk_out1_sys_pll_1  {0.000 12.500}     25.000          40.000          
  clkfbout_sys_pll_1  {0.000 5.000}      10.000          100.000         


------------------------------------------------------------------------------------------------
| Intra Clock Table
| -----------------
------------------------------------------------------------------------------------------------

Clock                     WNS(ns)      TNS(ns)  TNS Failing Endpoints  TNS Total Endpoints      WHS(ns)      THS(ns)  THS Failing Endpoints  THS Total Endpoints     WPWS(ns)     TPWS(ns)  TPWS Failing Endpoints  TPWS Total Endpoints  
-----                     -------      -------  ---------------------  -------------------      -------      -------  ---------------------  -------------------     --------     --------  ----------------------  --------------------  
sys_clk                                                                                                                                                                 3.000        0.000                       0                     1  
  clk_out1_sys_pll         22.441        0.000                      0                   11        0.251        0.000                      0                   11       12.000        0.000                       0                     8  
  clkfbout_sys_pll                                                                                                                                                      7.845        0.000                       0                     3  
sys_clk_pin                                                                                                                                                             3.000        0.000                       0                     1  
  clk_out1_sys_pll_1       22.444        0.000                      0                   11        0.251        0.000                      0                   11       12.000        0.000                       0                     8  
  clkfbout_sys_pll_1                                                                                                                                                    7.845        0.000                       0                     3  


------------------------------------------------------------------------------------------------
| Inter Clock Table
| -----------------
------------------------------------------------------------------------------------------------

From Clock          To Clock                WNS(ns)      TNS(ns)  TNS Failing Endpoints  TNS Total Endpoints      WHS(ns)      THS(ns)  THS Failing Endpoints  THS Total Endpoints  
----------          --------                -------      -------  ---------------------  -------------------      -------      -------  ---------------------  -------------------  
clk_out1_sys_pll_1  clk_out1_sys_pll         22.441        0.000                      0                   11        0.164        0.000                      0                   11  
clk_out1_sys_pll    clk_out1_sys_pll_1       22.441        0.000                      0                   11        0.164        0.000                      0                   11  


------------------------------------------------------------------------------------------------
| Other Path Groups Table
| -----------------------
------------------------------------------------------------------------------------------------

Path Group    From Clock    To Clock          WNS(ns)      TNS(ns)  TNS Failing Endpoints  TNS Total Endpoints      WHS(ns)      THS(ns)  THS Failing Endpoints  THS Total Endpoints  
----------    ----------    --------          -------      -------  ---------------------  -------------------      -------      -------  ---------------------  -------------------  


------------------------------------------------------------------------------------------------
| User Ignored Path Table
| -----------------------
------------------------------------------------------------------------------------------------

Path Group    From Clock    To Clock    
----------    ----------    --------    


------------------------------------------------------------------------------------------------
| Unconstrained Path Table
| ------------------------
------------------------------------------------------------------------------------------------

Path Group          From Clock          To Clock          
----------          ----------          --------          
(none)                                                      
(none)              clkfbout_sys_pll                        
(none)              clkfbout_sys_pll_1                      
(none)                                  clk_out1_sys_pll    
(none)                                  clk_out1_sys_pll_1  


------------------------------------------------------------------------------------------------
| Timing Details
| --------------
------------------------------------------------------------------------------------------------


---------------------------------------------------------------------------------------------------
From Clock:  sys_clk
  To Clock:  sys_clk

Setup :           NA  Failing Endpoints,  Worst Slack           NA  ,  Total Violation           NA
Hold  :           NA  Failing Endpoints,  Worst Slack           NA  ,  Total Violation           NA
PW    :            0  Failing Endpoints,  Worst Slack        3.000ns,  Total Violation        0.000ns
---------------------------------------------------------------------------------------------------


Pulse Width Checks
--------------------------------------------------------------------------------------
Clock Name:         sys_clk
Waveform(ns):       { 0.000 5.000 }
Period(ns):         10.000
Sources:            { sys_clk }

Check Type        Corner  Lib Pin            Reference Pin  Required(ns)  Actual(ns)  Slack(ns)  Location         Pin
Min Period        n/a     MMCME2_ADV/CLKIN1  n/a            1.249         10.000      8.751      MMCME2_ADV_X1Y0  clock_40mhz/inst/mmcm_adv_inst/CLKIN1
Max Period        n/a     MMCME2_ADV/CLKIN1  n/a            100.000       10.000      90.000     MMCME2_ADV_X1Y0  clock_40mhz/inst/mmcm_adv_inst/CLKIN1
Low Pulse Width   Slow    MMCME2_ADV/CLKIN1  n/a            2.000         5.000       3.000      MMCME2_ADV_X1Y0  clock_40mhz/inst/mmcm_adv_inst/CLKIN1
Low Pulse Width   Fast    MMCME2_ADV/CLKIN1  n/a            2.000         5.000       3.000      MMCME2_ADV_X1Y0  clock_40mhz/inst/mmcm_adv_inst/CLKIN1
High Pulse Width  Slow    MMCME2_ADV/CLKIN1  n/a            2.000         5.000       3.000      MMCME2_ADV_X1Y0  clock_40mhz/inst/mmcm_adv_inst/CLKIN1
High Pulse Width  Fast    MMCME2_ADV/CLKIN1  n/a            2.000         5.000       3.000      MMCME2_ADV_X1Y0  clock_40mhz/inst/mmcm_adv_inst/CLKIN1



---------------------------------------------------------------------------------------------------
From Clock:  clk_out1_sys_pll
  To Clock:  clk_out1_sys_pll

Setup :            0  Failing Endpoints,  Worst Slack       22.441ns,  Total Violation        0.000ns
Hold  :            0  Failing Endpoints,  Worst Slack        0.251ns,  Total Violation        0.000ns
PW    :            0  Failing Endpoints,  Worst Slack       12.000ns,  Total Violation        0.000ns
---------------------------------------------------------------------------------------------------


Max Delay Paths
--------------------------------------------------------------------------------------
Slack (MET) :             22.441ns  (required time - arrival time)
  Source:                 i2c_baud_rate_generator/counterTick_reg[4]/C
                            (rising edge-triggered cell FDRE clocked by clk_out1_sys_pll  {rise@0.000ns fall@12.500ns period=25.000ns})
  Destination:            i2c_baud_rate_generator/counterTick_reg[0]/R
                            (rising edge-triggered cell FDRE clocked by clk_out1_sys_pll  {rise@0.000ns fall@12.500ns period=25.000ns})
  Path Group:             clk_out1_sys_pll
  Path Type:              Setup (Max at Slow Process Corner)
  Requirement:            25.000ns  (clk_out1_sys_pll rise@25.000ns - clk_out1_sys_pll rise@0.000ns)
  Data Path Delay:        2.017ns  (logic 0.580ns (28.756%)  route 1.437ns (71.244%))
  Logic Levels:           1  (LUT6=1)
  Clock Path Skew:        -0.026ns (DCD - SCD + CPR)
    Destination Clock Delay (DCD):    -1.550ns = ( 23.450 - 25.000 ) 
    Source Clock Delay      (SCD):    -0.946ns
    Clock Pessimism Removal (CPR):    0.579ns
  Clock Uncertainty:      0.087ns  ((TSJ^2 + DJ^2)^1/2) / 2 + PE
    Total System Jitter     (TSJ):    0.071ns
    Discrete Jitter          (DJ):    0.159ns
    Phase Error              (PE):    0.000ns

    Location             Delay type                Incr(ns)  Path(ns)    Netlist Resource(s)
  -------------------------------------------------------------------    -------------------
                         (clock clk_out1_sys_pll rise edge)
                                                      0.000     0.000 r  
    W5                                                0.000     0.000 r  sys_clk (IN)
                         net (fo=0)                   0.000     0.000    clock_40mhz/inst/clk_in1
    W5                   IBUF (Prop_ibuf_I_O)         1.458     1.458 r  clock_40mhz/inst/clkin1_ibufg/O
                         net (fo=1, routed)           1.233     2.691    clock_40mhz/inst/clk_in1_sys_pll
    MMCME2_ADV_X1Y0      MMCME2_ADV (Prop_mmcme2_adv_CLKIN1_CLKOUT0)
                                                     -6.961    -4.269 r  clock_40mhz/inst/mmcm_adv_inst/CLKOUT0
                         net (fo=1, routed)           1.661    -2.608    clock_40mhz/inst/clk_out1_sys_pll
    BUFGCTRL_X0Y1        BUFG (Prop_bufg_I_O)         0.096    -2.512 r  clock_40mhz/inst/clkout1_buf/O
                         net (fo=6, routed)           1.566    -0.946    i2c_baud_rate_generator/clk_out1
    SLICE_X36Y47         FDRE                                         r  i2c_baud_rate_generator/counterTick_reg[4]/C
  -------------------------------------------------------------------    -------------------
    SLICE_X36Y47         FDRE (Prop_fdre_C_Q)         0.456    -0.490 r  i2c_baud_rate_generator/counterTick_reg[4]/Q
                         net (fo=3, routed)           0.822     0.332    i2c_baud_rate_generator/counterTick_reg[4]
    SLICE_X37Y46         LUT6 (Prop_lut6_I3_O)        0.124     0.456 r  i2c_baud_rate_generator/counterTick[0]_i_1/O
                         net (fo=5, routed)           0.615     1.071    i2c_baud_rate_generator/counterTick[0]_i_1_n_0
    SLICE_X36Y46         FDRE                                         r  i2c_baud_rate_generator/counterTick_reg[0]/R
  -------------------------------------------------------------------    -------------------

                         (clock clk_out1_sys_pll rise edge)
                                                     25.000    25.000 r  
    W5                                                0.000    25.000 r  sys_clk (IN)
                         net (fo=0)                   0.000    25.000    clock_40mhz/inst/clk_in1
    W5                   IBUF (Prop_ibuf_I_O)         1.388    26.388 r  clock_40mhz/inst/clkin1_ibufg/O
                         net (fo=1, routed)           1.162    27.550    clock_40mhz/inst/clk_in1_sys_pll
    MMCME2_ADV_X1Y0      MMCME2_ADV (Prop_mmcme2_adv_CLKIN1_CLKOUT0)
                                                     -7.217    20.332 r  clock_40mhz/inst/mmcm_adv_inst/CLKOUT0
                         net (fo=1, routed)           1.581    21.914    clock_40mhz/inst/clk_out1_sys_pll
    BUFGCTRL_X0Y1        BUFG (Prop_bufg_I_O)         0.091    22.005 r  clock_40mhz/inst/clkout1_buf/O
                         net (fo=6, routed)           1.445    23.450    i2c_baud_rate_generator/clk_out1
    SLICE_X36Y46         FDRE                                         r  i2c_baud_rate_generator/counterTick_reg[0]/C
                         clock pessimism              0.579    24.028    
                         clock uncertainty           -0.087    23.941    
    SLICE_X36Y46         FDRE (Setup_fdre_C_R)       -0.429    23.512    i2c_baud_rate_generator/counterTick_reg[0]
  -------------------------------------------------------------------
                         required time                         23.512    
                         arrival time                          -1.071    
  -------------------------------------------------------------------
                         slack                                 22.441    

Slack (MET) :             22.441ns  (required time - arrival time)
  Source:                 i2c_baud_rate_generator/counterTick_reg[4]/C
                            (rising edge-triggered cell FDRE clocked by clk_out1_sys_pll  {rise@0.000ns fall@12.500ns period=25.000ns})
  Destination:            i2c_baud_rate_generator/counterTick_reg[1]/R
                            (rising edge-triggered cell FDRE clocked by clk_out1_sys_pll  {rise@0.000ns fall@12.500ns period=25.000ns})
  Path Group:             clk_out1_sys_pll
  Path Type:              Setup (Max at Slow Process Corner)
  Requirement:            25.000ns  (clk_out1_sys_pll rise@25.000ns - clk_out1_sys_pll rise@0.000ns)
  Data Path Delay:        2.017ns  (logic 0.580ns (28.756%)  route 1.437ns (71.244%))
  Logic Levels:           1  (LUT6=1)
  Clock Path Skew:        -0.026ns (DCD - SCD + CPR)
    Destination Clock Delay (DCD):    -1.550ns = ( 23.450 - 25.000 ) 
    Source Clock Delay      (SCD):    -0.946ns
    Clock Pessimism Removal (CPR):    0.579ns
  Clock Uncertainty:      0.087ns  ((TSJ^2 + DJ^2)^1/2) / 2 + PE
    Total System Jitter     (TSJ):    0.071ns
    Discrete Jitter          (DJ):    0.159ns
    Phase Error              (PE):    0.000ns

    Location             Delay type                Incr(ns)  Path(ns)    Netlist Resource(s)
  -------------------------------------------------------------------    -------------------
                         (clock clk_out1_sys_pll rise edge)
                                                      0.000     0.000 r  
    W5                                                0.000     0.000 r  sys_clk (IN)
                         net (fo=0)                   0.000     0.000    clock_40mhz/inst/clk_in1
    W5                   IBUF (Prop_ibuf_I_O)         1.458     1.458 r  clock_40mhz/inst/clkin1_ibufg/O
                         net (fo=1, routed)           1.233     2.691    clock_40mhz/inst/clk_in1_sys_pll
    MMCME2_ADV_X1Y0      MMCME2_ADV (Prop_mmcme2_adv_CLKIN1_CLKOUT0)
                                                     -6.961    -4.269 r  clock_40mhz/inst/mmcm_adv_inst/CLKOUT0
                         net (fo=1, routed)           1.661    -2.608    clock_40mhz/inst/clk_out1_sys_pll
    BUFGCTRL_X0Y1        BUFG (Prop_bufg_I_O)         0.096    -2.512 r  clock_40mhz/inst/clkout1_buf/O
                         net (fo=6, routed)           1.566    -0.946    i2c_baud_rate_generator/clk_out1
    SLICE_X36Y47         FDRE                                         r  i2c_baud_rate_generator/counterTick_reg[4]/C
  -------------------------------------------------------------------    -------------------
    SLICE_X36Y47         FDRE (Prop_fdre_C_Q)         0.456    -0.490 r  i2c_baud_rate_generator/counterTick_reg[4]/Q
                         net (fo=3, routed)           0.822     0.332    i2c_baud_rate_generator/counterTick_reg[4]
    SLICE_X37Y46         LUT6 (Prop_lut6_I3_O)        0.124     0.456 r  i2c_baud_rate_generator/counterTick[0]_i_1/O
                         net (fo=5, routed)           0.615     1.071    i2c_baud_rate_generator/counterTick[0]_i_1_n_0
    SLICE_X36Y46         FDRE                                         r  i2c_baud_rate_generator/counterTick_reg[1]/R
  -------------------------------------------------------------------    -------------------

                         (clock clk_out1_sys_pll rise edge)
                                                     25.000    25.000 r  
    W5                                                0.000    25.000 r  sys_clk (IN)
                         net (fo=0)                   0.000    25.000    clock_40mhz/inst/clk_in1
    W5                   IBUF (Prop_ibuf_I_O)         1.388    26.388 r  clock_40mhz/inst/clkin1_ibufg/O
                         net (fo=1, routed)           1.162    27.550    clock_40mhz/inst/clk_in1_sys_pll
    MMCME2_ADV_X1Y0      MMCME2_ADV (Prop_mmcme2_adv_CLKIN1_CLKOUT0)
                                                     -7.217    20.332 r  clock_40mhz/inst/mmcm_adv_inst/CLKOUT0
                         net (fo=1, routed)           1.581    21.914    clock_40mhz/inst/clk_out1_sys_pll
    BUFGCTRL_X0Y1        BUFG (Prop_bufg_I_O)         0.091    22.005 r  clock_40mhz/inst/clkout1_buf/O
                         net (fo=6, routed)           1.445    23.450    i2c_baud_rate_generator/clk_out1
    SLICE_X36Y46         FDRE                                         r  i2c_baud_rate_generator/counterTick_reg[1]/C
                         clock pessimism              0.579    24.028    
                         clock uncertainty           -0.087    23.941    
    SLICE_X36Y46         FDRE (Setup_fdre_C_R)       -0.429    23.512    i2c_baud_rate_generator/counterTick_reg[1]
  -------------------------------------------------------------------
                         required time                         23.512    
                         arrival time                          -1.071    
  -------------------------------------------------------------------
                         slack                                 22.441    

Slack (MET) :             22.441ns  (required time - arrival time)
  Source:                 i2c_baud_rate_generator/counterTick_reg[4]/C
                            (rising edge-triggered cell FDRE clocked by clk_out1_sys_pll  {rise@0.000ns fall@12.500ns period=25.000ns})
  Destination:            i2c_baud_rate_generator/counterTick_reg[2]/R
                            (rising edge-triggered cell FDRE clocked by clk_out1_sys_pll  {rise@0.000ns fall@12.500ns period=25.000ns})
  Path Group:             clk_out1_sys_pll
  Path Type:              Setup (Max at Slow Process Corner)
  Requirement:            25.000ns  (clk_out1_sys_pll rise@25.000ns - clk_out1_sys_pll rise@0.000ns)
  Data Path Delay:        2.017ns  (logic 0.580ns (28.756%)  route 1.437ns (71.244%))
  Logic Levels:           1  (LUT6=1)
  Clock Path Skew:        -0.026ns (DCD - SCD + CPR)
    Destination Clock Delay (DCD):    -1.550ns = ( 23.450 - 25.000 ) 
    Source Clock Delay      (SCD):    -0.946ns
    Clock Pessimism Removal (CPR):    0.579ns
  Clock Uncertainty:      0.087ns  ((TSJ^2 + DJ^2)^1/2) / 2 + PE
    Total System Jitter     (TSJ):    0.071ns
    Discrete Jitter          (DJ):    0.159ns
    Phase Error              (PE):    0.000ns

    Location             Delay type                Incr(ns)  Path(ns)    Netlist Resource(s)
  -------------------------------------------------------------------    -------------------
                         (clock clk_out1_sys_pll rise edge)
                                                      0.000     0.000 r  
    W5                                                0.000     0.000 r  sys_clk (IN)
                         net (fo=0)                   0.000     0.000    clock_40mhz/inst/clk_in1
    W5                   IBUF (Prop_ibuf_I_O)         1.458     1.458 r  clock_40mhz/inst/clkin1_ibufg/O
                         net (fo=1, routed)           1.233     2.691    clock_40mhz/inst/clk_in1_sys_pll
    MMCME2_ADV_X1Y0      MMCME2_ADV (Prop_mmcme2_adv_CLKIN1_CLKOUT0)
                                                     -6.961    -4.269 r  clock_40mhz/inst/mmcm_adv_inst/CLKOUT0
                         net (fo=1, routed)           1.661    -2.608    clock_40mhz/inst/clk_out1_sys_pll
    BUFGCTRL_X0Y1        BUFG (Prop_bufg_I_O)         0.096    -2.512 r  clock_40mhz/inst/clkout1_buf/O
                         net (fo=6, routed)           1.566    -0.946    i2c_baud_rate_generator/clk_out1
    SLICE_X36Y47         FDRE                                         r  i2c_baud_rate_generator/counterTick_reg[4]/C
  -------------------------------------------------------------------    -------------------
    SLICE_X36Y47         FDRE (Prop_fdre_C_Q)         0.456    -0.490 r  i2c_baud_rate_generator/counterTick_reg[4]/Q
                         net (fo=3, routed)           0.822     0.332    i2c_baud_rate_generator/counterTick_reg[4]
    SLICE_X37Y46         LUT6 (Prop_lut6_I3_O)        0.124     0.456 r  i2c_baud_rate_generator/counterTick[0]_i_1/O
                         net (fo=5, routed)           0.615     1.071    i2c_baud_rate_generator/counterTick[0]_i_1_n_0
    SLICE_X36Y46         FDRE                                         r  i2c_baud_rate_generator/counterTick_reg[2]/R
  -------------------------------------------------------------------    -------------------

                         (clock clk_out1_sys_pll rise edge)
                                                     25.000    25.000 r  
    W5                                                0.000    25.000 r  sys_clk (IN)
                         net (fo=0)                   0.000    25.000    clock_40mhz/inst/clk_in1
    W5                   IBUF (Prop_ibuf_I_O)         1.388    26.388 r  clock_40mhz/inst/clkin1_ibufg/O
                         net (fo=1, routed)           1.162    27.550    clock_40mhz/inst/clk_in1_sys_pll
    MMCME2_ADV_X1Y0      MMCME2_ADV (Prop_mmcme2_adv_CLKIN1_CLKOUT0)
                                                     -7.217    20.332 r  clock_40mhz/inst/mmcm_adv_inst/CLKOUT0
                         net (fo=1, routed)           1.581    21.914    clock_40mhz/inst/clk_out1_sys_pll
    BUFGCTRL_X0Y1        BUFG (Prop_bufg_I_O)         0.091    22.005 r  clock_40mhz/inst/clkout1_buf/O
                         net (fo=6, routed)           1.445    23.450    i2c_baud_rate_generator/clk_out1
    SLICE_X36Y46         FDRE                                         r  i2c_baud_rate_generator/counterTick_reg[2]/C
                         clock pessimism              0.579    24.028    
                         clock uncertainty           -0.087    23.941    
    SLICE_X36Y46         FDRE (Setup_fdre_C_R)       -0.429    23.512    i2c_baud_rate_generator/counterTick_reg[2]
  -------------------------------------------------------------------
                         required time                         23.512    
                         arrival time                          -1.071    
  -------------------------------------------------------------------
                         slack                                 22.441    

Slack (MET) :             22.441ns  (required time - arrival time)
  Source:                 i2c_baud_rate_generator/counterTick_reg[4]/C
                            (rising edge-triggered cell FDRE clocked by clk_out1_sys_pll  {rise@0.000ns fall@12.500ns period=25.000ns})
  Destination:            i2c_baud_rate_generator/counterTick_reg[3]/R
                            (rising edge-triggered cell FDRE clocked by clk_out1_sys_pll  {rise@0.000ns fall@12.500ns period=25.000ns})
  Path Group:             clk_out1_sys_pll
  Path Type:              Setup (Max at Slow Process Corner)
  Requirement:            25.000ns  (clk_out1_sys_pll rise@25.000ns - clk_out1_sys_pll rise@0.000ns)
  Data Path Delay:        2.017ns  (logic 0.580ns (28.756%)  route 1.437ns (71.244%))
  Logic Levels:           1  (LUT6=1)
  Clock Path Skew:        -0.026ns (DCD - SCD + CPR)
    Destination Clock Delay (DCD):    -1.550ns = ( 23.450 - 25.000 ) 
    Source Clock Delay      (SCD):    -0.946ns
    Clock Pessimism Removal (CPR):    0.579ns
  Clock Uncertainty:      0.087ns  ((TSJ^2 + DJ^2)^1/2) / 2 + PE
    Total System Jitter     (TSJ):    0.071ns
    Discrete Jitter          (DJ):    0.159ns
    Phase Error              (PE):    0.000ns

    Location             Delay type                Incr(ns)  Path(ns)    Netlist Resource(s)
  -------------------------------------------------------------------    -------------------
                         (clock clk_out1_sys_pll rise edge)
                                                      0.000     0.000 r  
    W5                                                0.000     0.000 r  sys_clk (IN)
                         net (fo=0)                   0.000     0.000    clock_40mhz/inst/clk_in1
    W5                   IBUF (Prop_ibuf_I_O)         1.458     1.458 r  clock_40mhz/inst/clkin1_ibufg/O
                         net (fo=1, routed)           1.233     2.691    clock_40mhz/inst/clk_in1_sys_pll
    MMCME2_ADV_X1Y0      MMCME2_ADV (Prop_mmcme2_adv_CLKIN1_CLKOUT0)
                                                     -6.961    -4.269 r  clock_40mhz/inst/mmcm_adv_inst/CLKOUT0
                         net (fo=1, routed)           1.661    -2.608    clock_40mhz/inst/clk_out1_sys_pll
    BUFGCTRL_X0Y1        BUFG (Prop_bufg_I_O)         0.096    -2.512 r  clock_40mhz/inst/clkout1_buf/O
                         net (fo=6, routed)           1.566    -0.946    i2c_baud_rate_generator/clk_out1
    SLICE_X36Y47         FDRE                                         r  i2c_baud_rate_generator/counterTick_reg[4]/C
  -------------------------------------------------------------------    -------------------
    SLICE_X36Y47         FDRE (Prop_fdre_C_Q)         0.456    -0.490 r  i2c_baud_rate_generator/counterTick_reg[4]/Q
                         net (fo=3, routed)           0.822     0.332    i2c_baud_rate_generator/counterTick_reg[4]
    SLICE_X37Y46         LUT6 (Prop_lut6_I3_O)        0.124     0.456 r  i2c_baud_rate_generator/counterTick[0]_i_1/O
                         net (fo=5, routed)           0.615     1.071    i2c_baud_rate_generator/counterTick[0]_i_1_n_0
    SLICE_X36Y46         FDRE                                         r  i2c_baud_rate_generator/counterTick_reg[3]/R
  -------------------------------------------------------------------    -------------------

                         (clock clk_out1_sys_pll rise edge)
                                                     25.000    25.000 r  
    W5                                                0.000    25.000 r  sys_clk (IN)
                         net (fo=0)                   0.000    25.000    clock_40mhz/inst/clk_in1
    W5                   IBUF (Prop_ibuf_I_O)         1.388    26.388 r  clock_40mhz/inst/clkin1_ibufg/O
                         net (fo=1, routed)           1.162    27.550    clock_40mhz/inst/clk_in1_sys_pll
    MMCME2_ADV_X1Y0      MMCME2_ADV (Prop_mmcme2_adv_CLKIN1_CLKOUT0)
                                                     -7.217    20.332 r  clock_40mhz/inst/mmcm_adv_inst/CLKOUT0
                         net (fo=1, routed)           1.581    21.914    clock_40mhz/inst/clk_out1_sys_pll
    BUFGCTRL_X0Y1        BUFG (Prop_bufg_I_O)         0.091    22.005 r  clock_40mhz/inst/clkout1_buf/O
                         net (fo=6, routed)           1.445    23.450    i2c_baud_rate_generator/clk_out1
    SLICE_X36Y46         FDRE                                         r  i2c_baud_rate_generator/counterTick_reg[3]/C
                         clock pessimism              0.579    24.028    
                         clock uncertainty           -0.087    23.941    
    SLICE_X36Y46         FDRE (Setup_fdre_C_R)       -0.429    23.512    i2c_baud_rate_generator/counterTick_reg[3]
  -------------------------------------------------------------------
                         required time                         23.512    
                         arrival time                          -1.071    
  -------------------------------------------------------------------
                         slack                                 22.441    

Slack (MET) :             22.602ns  (required time - arrival time)
  Source:                 i2c_baud_rate_generator/counterTick_reg[4]/C
                            (rising edge-triggered cell FDRE clocked by clk_out1_sys_pll  {rise@0.000ns fall@12.500ns period=25.000ns})
  Destination:            i2c_baud_rate_generator/counterTick_reg[4]/R
                            (rising edge-triggered cell FDRE clocked by clk_out1_sys_pll  {rise@0.000ns fall@12.500ns period=25.000ns})
  Path Group:             clk_out1_sys_pll
  Path Type:              Setup (Max at Slow Process Corner)
  Requirement:            25.000ns  (clk_out1_sys_pll rise@25.000ns - clk_out1_sys_pll rise@0.000ns)
  Data Path Delay:        1.882ns  (logic 0.580ns (30.822%)  route 1.302ns (69.178%))
  Logic Levels:           1  (LUT6=1)
  Clock Path Skew:        0.000ns (DCD - SCD + CPR)
    Destination Clock Delay (DCD):    -1.549ns = ( 23.451 - 25.000 ) 
    Source Clock Delay      (SCD):    -0.946ns
    Clock Pessimism Removal (CPR):    0.604ns
  Clock Uncertainty:      0.087ns  ((TSJ^2 + DJ^2)^1/2) / 2 + PE
    Total System Jitter     (TSJ):    0.071ns
    Discrete Jitter          (DJ):    0.159ns
    Phase Error              (PE):    0.000ns

    Location             Delay type                Incr(ns)  Path(ns)    Netlist Resource(s)
  -------------------------------------------------------------------    -------------------
                         (clock clk_out1_sys_pll rise edge)
                                                      0.000     0.000 r  
    W5                                                0.000     0.000 r  sys_clk (IN)
                         net (fo=0)                   0.000     0.000    clock_40mhz/inst/clk_in1
    W5                   IBUF (Prop_ibuf_I_O)         1.458     1.458 r  clock_40mhz/inst/clkin1_ibufg/O
                         net (fo=1, routed)           1.233     2.691    clock_40mhz/inst/clk_in1_sys_pll
    MMCME2_ADV_X1Y0      MMCME2_ADV (Prop_mmcme2_adv_CLKIN1_CLKOUT0)
                                                     -6.961    -4.269 r  clock_40mhz/inst/mmcm_adv_inst/CLKOUT0
                         net (fo=1, routed)           1.661    -2.608    clock_40mhz/inst/clk_out1_sys_pll
    BUFGCTRL_X0Y1        BUFG (Prop_bufg_I_O)         0.096    -2.512 r  clock_40mhz/inst/clkout1_buf/O
                         net (fo=6, routed)           1.566    -0.946    i2c_baud_rate_generator/clk_out1
    SLICE_X36Y47         FDRE                                         r  i2c_baud_rate_generator/counterTick_reg[4]/C
  -------------------------------------------------------------------    -------------------
    SLICE_X36Y47         FDRE (Prop_fdre_C_Q)         0.456    -0.490 r  i2c_baud_rate_generator/counterTick_reg[4]/Q
                         net (fo=3, routed)           0.822     0.332    i2c_baud_rate_generator/counterTick_reg[4]
    SLICE_X37Y46         LUT6 (Prop_lut6_I3_O)        0.124     0.456 r  i2c_baud_rate_generator/counterTick[0]_i_1/O
                         net (fo=5, routed)           0.480     0.936    i2c_baud_rate_generator/counterTick[0]_i_1_n_0
    SLICE_X36Y47         FDRE                                         r  i2c_baud_rate_generator/counterTick_reg[4]/R
  -------------------------------------------------------------------    -------------------

                         (clock clk_out1_sys_pll rise edge)
                                                     25.000    25.000 r  
    W5                                                0.000    25.000 r  sys_clk (IN)
                         net (fo=0)                   0.000    25.000    clock_40mhz/inst/clk_in1
    W5                   IBUF (Prop_ibuf_I_O)         1.388    26.388 r  clock_40mhz/inst/clkin1_ibufg/O
                         net (fo=1, routed)           1.162    27.550    clock_40mhz/inst/clk_in1_sys_pll
    MMCME2_ADV_X1Y0      MMCME2_ADV (Prop_mmcme2_adv_CLKIN1_CLKOUT0)
                                                     -7.217    20.332 r  clock_40mhz/inst/mmcm_adv_inst/CLKOUT0
                         net (fo=1, routed)           1.581    21.914    clock_40mhz/inst/clk_out1_sys_pll
    BUFGCTRL_X0Y1        BUFG (Prop_bufg_I_O)         0.091    22.005 r  clock_40mhz/inst/clkout1_buf/O
                         net (fo=6, routed)           1.446    23.451    i2c_baud_rate_generator/clk_out1
    SLICE_X36Y47         FDRE                                         r  i2c_baud_rate_generator/counterTick_reg[4]/C
                         clock pessimism              0.604    24.054    
                         clock uncertainty           -0.087    23.967    
    SLICE_X36Y47         FDRE (Setup_fdre_C_R)       -0.429    23.538    i2c_baud_rate_generator/counterTick_reg[4]
  -------------------------------------------------------------------
                         required time                         23.538    
                         arrival time                          -0.936    
  -------------------------------------------------------------------
                         slack                                 22.602    

Slack (MET) :             22.920ns  (required time - arrival time)
  Source:                 i2c_baud_rate_generator/counterTick_reg[3]/C
                            (rising edge-triggered cell FDRE clocked by clk_out1_sys_pll  {rise@0.000ns fall@12.500ns period=25.000ns})
  Destination:            i2c_baud_rate_generator/sys_tick_reg_reg/D
                            (rising edge-triggered cell FDRE clocked by clk_out1_sys_pll  {rise@0.000ns fall@12.500ns period=25.000ns})
  Path Group:             clk_out1_sys_pll
  Path Type:              Setup (Max at Slow Process Corner)
  Requirement:            25.000ns  (clk_out1_sys_pll rise@25.000ns - clk_out1_sys_pll rise@0.000ns)
  Data Path Delay:        2.000ns  (logic 0.704ns (35.205%)  route 1.296ns (64.795%))
  Logic Levels:           2  (LUT3=1 LUT6=1)
  Clock Path Skew:        -0.022ns (DCD - SCD + CPR)
    Destination Clock Delay (DCD):    -1.550ns = ( 23.450 - 25.000 ) 
    Source Clock Delay      (SCD):    -0.947ns
    Clock Pessimism Removal (CPR):    0.582ns
  Clock Uncertainty:      0.087ns  ((TSJ^2 + DJ^2)^1/2) / 2 + PE
    Total System Jitter     (TSJ):    0.071ns
    Discrete Jitter          (DJ):    0.159ns
    Phase Error              (PE):    0.000ns

    Location             Delay type                Incr(ns)  Path(ns)    Netlist Resource(s)
  -------------------------------------------------------------------    -------------------
                         (clock clk_out1_sys_pll rise edge)
                                                      0.000     0.000 r  
    W5                                                0.000     0.000 r  sys_clk (IN)
                         net (fo=0)                   0.000     0.000    clock_40mhz/inst/clk_in1
    W5                   IBUF (Prop_ibuf_I_O)         1.458     1.458 r  clock_40mhz/inst/clkin1_ibufg/O
                         net (fo=1, routed)           1.233     2.691    clock_40mhz/inst/clk_in1_sys_pll
    MMCME2_ADV_X1Y0      MMCME2_ADV (Prop_mmcme2_adv_CLKIN1_CLKOUT0)
                                                     -6.961    -4.269 r  clock_40mhz/inst/mmcm_adv_inst/CLKOUT0
                         net (fo=1, routed)           1.661    -2.608    clock_40mhz/inst/clk_out1_sys_pll
    BUFGCTRL_X0Y1        BUFG (Prop_bufg_I_O)         0.096    -2.512 r  clock_40mhz/inst/clkout1_buf/O
                         net (fo=6, routed)           1.565    -0.947    i2c_baud_rate_generator/clk_out1
    SLICE_X36Y46         FDRE                                         r  i2c_baud_rate_generator/counterTick_reg[3]/C
  -------------------------------------------------------------------    -------------------
    SLICE_X36Y46         FDRE (Prop_fdre_C_Q)         0.456    -0.491 r  i2c_baud_rate_generator/counterTick_reg[3]/Q
                         net (fo=3, routed)           1.141     0.651    i2c_baud_rate_generator/counterTick_reg[3]
    SLICE_X37Y46         LUT6 (Prop_lut6_I2_O)        0.124     0.775 r  i2c_baud_rate_generator/sys_tick_reg_i_2/O
                         net (fo=1, routed)           0.154     0.929    i2c_baud_rate_generator/sys_tick_reg_i_2_n_0
    SLICE_X37Y46         LUT3 (Prop_lut3_I2_O)        0.124     1.053 r  i2c_baud_rate_generator/sys_tick_reg_i_1/O
                         net (fo=1, routed)           0.000     1.053    i2c_baud_rate_generator/sys_tick_reg_i_1_n_0
    SLICE_X37Y46         FDRE                                         r  i2c_baud_rate_generator/sys_tick_reg_reg/D
  -------------------------------------------------------------------    -------------------

                         (clock clk_out1_sys_pll rise edge)
                                                     25.000    25.000 r  
    W5                                                0.000    25.000 r  sys_clk (IN)
                         net (fo=0)                   0.000    25.000    clock_40mhz/inst/clk_in1
    W5                   IBUF (Prop_ibuf_I_O)         1.388    26.388 r  clock_40mhz/inst/clkin1_ibufg/O
                         net (fo=1, routed)           1.162    27.550    clock_40mhz/inst/clk_in1_sys_pll
    MMCME2_ADV_X1Y0      MMCME2_ADV (Prop_mmcme2_adv_CLKIN1_CLKOUT0)
                                                     -7.217    20.332 r  clock_40mhz/inst/mmcm_adv_inst/CLKOUT0
                         net (fo=1, routed)           1.581    21.914    clock_40mhz/inst/clk_out1_sys_pll
    BUFGCTRL_X0Y1        BUFG (Prop_bufg_I_O)         0.091    22.005 r  clock_40mhz/inst/clkout1_buf/O
                         net (fo=6, routed)           1.445    23.450    i2c_baud_rate_generator/clk_out1
    SLICE_X37Y46         FDRE                                         r  i2c_baud_rate_generator/sys_tick_reg_reg/C
                         clock pessimism              0.582    24.031    
                         clock uncertainty           -0.087    23.944    
    SLICE_X37Y46         FDRE (Setup_fdre_C_D)        0.029    23.973    i2c_baud_rate_generator/sys_tick_reg_reg
  -------------------------------------------------------------------
                         required time                         23.973    
                         arrival time                          -1.053    
  -------------------------------------------------------------------
                         slack                                 22.920    

Slack (MET) :             23.037ns  (required time - arrival time)
  Source:                 i2c_baud_rate_generator/counterTick_reg[1]/C
                            (rising edge-triggered cell FDRE clocked by clk_out1_sys_pll  {rise@0.000ns fall@12.500ns period=25.000ns})
  Destination:            i2c_baud_rate_generator/counterTick_reg[4]/D
                            (rising edge-triggered cell FDRE clocked by clk_out1_sys_pll  {rise@0.000ns fall@12.500ns period=25.000ns})
  Path Group:             clk_out1_sys_pll
  Path Type:              Setup (Max at Slow Process Corner)
  Requirement:            25.000ns  (clk_out1_sys_pll rise@25.000ns - clk_out1_sys_pll rise@0.000ns)
  Data Path Delay:        1.914ns  (logic 1.353ns (70.687%)  route 0.561ns (29.313%))
  Logic Levels:           2  (CARRY4=2)
  Clock Path Skew:        -0.024ns (DCD - SCD + CPR)
    Destination Clock Delay (DCD):    -1.549ns = ( 23.451 - 25.000 ) 
    Source Clock Delay      (SCD):    -0.947ns
    Clock Pessimism Removal (CPR):    0.579ns
  Clock Uncertainty:      0.087ns  ((TSJ^2 + DJ^2)^1/2) / 2 + PE
    Total System Jitter     (TSJ):    0.071ns
    Discrete Jitter          (DJ):    0.159ns
    Phase Error              (PE):    0.000ns

    Location             Delay type                Incr(ns)  Path(ns)    Netlist Resource(s)
  -------------------------------------------------------------------    -------------------
                         (clock clk_out1_sys_pll rise edge)
                                                      0.000     0.000 r  
    W5                                                0.000     0.000 r  sys_clk (IN)
                         net (fo=0)                   0.000     0.000    clock_40mhz/inst/clk_in1
    W5                   IBUF (Prop_ibuf_I_O)         1.458     1.458 r  clock_40mhz/inst/clkin1_ibufg/O
                         net (fo=1, routed)           1.233     2.691    clock_40mhz/inst/clk_in1_sys_pll
    MMCME2_ADV_X1Y0      MMCME2_ADV (Prop_mmcme2_adv_CLKIN1_CLKOUT0)
                                                     -6.961    -4.269 r  clock_40mhz/inst/mmcm_adv_inst/CLKOUT0
                         net (fo=1, routed)           1.661    -2.608    clock_40mhz/inst/clk_out1_sys_pll
    BUFGCTRL_X0Y1        BUFG (Prop_bufg_I_O)         0.096    -2.512 r  clock_40mhz/inst/clkout1_buf/O
                         net (fo=6, routed)           1.565    -0.947    i2c_baud_rate_generator/clk_out1
    SLICE_X36Y46         FDRE                                         r  i2c_baud_rate_generator/counterTick_reg[1]/C
  -------------------------------------------------------------------    -------------------
    SLICE_X36Y46         FDRE (Prop_fdre_C_Q)         0.456    -0.491 r  i2c_baud_rate_generator/counterTick_reg[1]/Q
                         net (fo=3, routed)           0.561     0.071    i2c_baud_rate_generator/counterTick_reg[1]
    SLICE_X36Y46         CARRY4 (Prop_carry4_S[1]_CO[3])
                                                      0.674     0.745 r  i2c_baud_rate_generator/counterTick_reg[0]_i_2/CO[3]
                         net (fo=1, routed)           0.000     0.745    i2c_baud_rate_generator/counterTick_reg[0]_i_2_n_0
    SLICE_X36Y47         CARRY4 (Prop_carry4_CI_O[0])
                                                      0.223     0.968 r  i2c_baud_rate_generator/counterTick_reg[4]_i_1/O[0]
                         net (fo=1, routed)           0.000     0.968    i2c_baud_rate_generator/counterTick_reg[4]_i_1_n_7
    SLICE_X36Y47         FDRE                                         r  i2c_baud_rate_generator/counterTick_reg[4]/D
  -------------------------------------------------------------------    -------------------

                         (clock clk_out1_sys_pll rise edge)
                                                     25.000    25.000 r  
    W5                                                0.000    25.000 r  sys_clk (IN)
                         net (fo=0)                   0.000    25.000    clock_40mhz/inst/clk_in1
    W5                   IBUF (Prop_ibuf_I_O)         1.388    26.388 r  clock_40mhz/inst/clkin1_ibufg/O
                         net (fo=1, routed)           1.162    27.550    clock_40mhz/inst/clk_in1_sys_pll
    MMCME2_ADV_X1Y0      MMCME2_ADV (Prop_mmcme2_adv_CLKIN1_CLKOUT0)
                                                     -7.217    20.332 r  clock_40mhz/inst/mmcm_adv_inst/CLKOUT0
                         net (fo=1, routed)           1.581    21.914    clock_40mhz/inst/clk_out1_sys_pll
    BUFGCTRL_X0Y1        BUFG (Prop_bufg_I_O)         0.091    22.005 r  clock_40mhz/inst/clkout1_buf/O
                         net (fo=6, routed)           1.446    23.451    i2c_baud_rate_generator/clk_out1
    SLICE_X36Y47         FDRE                                         r  i2c_baud_rate_generator/counterTick_reg[4]/C
                         clock pessimism              0.579    24.029    
                         clock uncertainty           -0.087    23.942    
    SLICE_X36Y47         FDRE (Setup_fdre_C_D)        0.062    24.004    i2c_baud_rate_generator/counterTick_reg[4]
  -------------------------------------------------------------------
                         required time                         24.004    
                         arrival time                          -0.968    
  -------------------------------------------------------------------
                         slack                                 23.037    

Slack (MET) :             23.194ns  (required time - arrival time)
  Source:                 i2c_baud_rate_generator/counterTick_reg[1]/C
                            (rising edge-triggered cell FDRE clocked by clk_out1_sys_pll  {rise@0.000ns fall@12.500ns period=25.000ns})
  Destination:            i2c_baud_rate_generator/counterTick_reg[3]/D
                            (rising edge-triggered cell FDRE clocked by clk_out1_sys_pll  {rise@0.000ns fall@12.500ns period=25.000ns})
  Path Group:             clk_out1_sys_pll
  Path Type:              Setup (Max at Slow Process Corner)
  Requirement:            25.000ns  (clk_out1_sys_pll rise@25.000ns - clk_out1_sys_pll rise@0.000ns)
  Data Path Delay:        1.781ns  (logic 1.220ns (68.498%)  route 0.561ns (31.502%))
  Logic Levels:           1  (CARRY4=1)
  Clock Path Skew:        0.000ns (DCD - SCD + CPR)
    Destination Clock Delay (DCD):    -1.550ns = ( 23.450 - 25.000 ) 
    Source Clock Delay      (SCD):    -0.947ns
    Clock Pessimism Removal (CPR):    0.604ns
  Clock Uncertainty:      0.087ns  ((TSJ^2 + DJ^2)^1/2) / 2 + PE
    Total System Jitter     (TSJ):    0.071ns
    Discrete Jitter          (DJ):    0.159ns
    Phase Error              (PE):    0.000ns

    Location             Delay type                Incr(ns)  Path(ns)    Netlist Resource(s)
  -------------------------------------------------------------------    -------------------
                         (clock clk_out1_sys_pll rise edge)
                                                      0.000     0.000 r  
    W5                                                0.000     0.000 r  sys_clk (IN)
                         net (fo=0)                   0.000     0.000    clock_40mhz/inst/clk_in1
    W5                   IBUF (Prop_ibuf_I_O)         1.458     1.458 r  clock_40mhz/inst/clkin1_ibufg/O
                         net (fo=1, routed)           1.233     2.691    clock_40mhz/inst/clk_in1_sys_pll
    MMCME2_ADV_X1Y0      MMCME2_ADV (Prop_mmcme2_adv_CLKIN1_CLKOUT0)
                                                     -6.961    -4.269 r  clock_40mhz/inst/mmcm_adv_inst/CLKOUT0
                         net (fo=1, routed)           1.661    -2.608    clock_40mhz/inst/clk_out1_sys_pll
    BUFGCTRL_X0Y1        BUFG (Prop_bufg_I_O)         0.096    -2.512 r  clock_40mhz/inst/clkout1_buf/O
                         net (fo=6, routed)           1.565    -0.947    i2c_baud_rate_generator/clk_out1
    SLICE_X36Y46         FDRE                                         r  i2c_baud_rate_generator/counterTick_reg[1]/C
  -------------------------------------------------------------------    -------------------
    SLICE_X36Y46         FDRE (Prop_fdre_C_Q)         0.456    -0.491 r  i2c_baud_rate_generator/counterTick_reg[1]/Q
                         net (fo=3, routed)           0.561     0.071    i2c_baud_rate_generator/counterTick_reg[1]
    SLICE_X36Y46         CARRY4 (Prop_carry4_S[1]_O[3])
                                                      0.764     0.835 r  i2c_baud_rate_generator/counterTick_reg[0]_i_2/O[3]
                         net (fo=1, routed)           0.000     0.835    i2c_baud_rate_generator/counterTick_reg[0]_i_2_n_4
    SLICE_X36Y46         FDRE                                         r  i2c_baud_rate_generator/counterTick_reg[3]/D
  -------------------------------------------------------------------    -------------------

                         (clock clk_out1_sys_pll rise edge)
                                                     25.000    25.000 r  
    W5                                                0.000    25.000 r  sys_clk (IN)
                         net (fo=0)                   0.000    25.000    clock_40mhz/inst/clk_in1
    W5                   IBUF (Prop_ibuf_I_O)         1.388    26.388 r  clock_40mhz/inst/clkin1_ibufg/O
                         net (fo=1, routed)           1.162    27.550    clock_40mhz/inst/clk_in1_sys_pll
    MMCME2_ADV_X1Y0      MMCME2_ADV (Prop_mmcme2_adv_CLKIN1_CLKOUT0)
                                                     -7.217    20.332 r  clock_40mhz/inst/mmcm_adv_inst/CLKOUT0
                         net (fo=1, routed)           1.581    21.914    clock_40mhz/inst/clk_out1_sys_pll
    BUFGCTRL_X0Y1        BUFG (Prop_bufg_I_O)         0.091    22.005 r  clock_40mhz/inst/clkout1_buf/O
                         net (fo=6, routed)           1.445    23.450    i2c_baud_rate_generator/clk_out1
    SLICE_X36Y46         FDRE                                         r  i2c_baud_rate_generator/counterTick_reg[3]/C
                         clock pessimism              0.604    24.053    
                         clock uncertainty           -0.087    23.966    
    SLICE_X36Y46         FDRE (Setup_fdre_C_D)        0.062    24.028    i2c_baud_rate_generator/counterTick_reg[3]
  -------------------------------------------------------------------
                         required time                         24.028    
                         arrival time                          -0.835    
  -------------------------------------------------------------------
                         slack                                 23.194    

Slack (MET) :             23.254ns  (required time - arrival time)
  Source:                 i2c_baud_rate_generator/counterTick_reg[1]/C
                            (rising edge-triggered cell FDRE clocked by clk_out1_sys_pll  {rise@0.000ns fall@12.500ns period=25.000ns})
  Destination:            i2c_baud_rate_generator/counterTick_reg[2]/D
                            (rising edge-triggered cell FDRE clocked by clk_out1_sys_pll  {rise@0.000ns fall@12.500ns period=25.000ns})
  Path Group:             clk_out1_sys_pll
  Path Type:              Setup (Max at Slow Process Corner)
  Requirement:            25.000ns  (clk_out1_sys_pll rise@25.000ns - clk_out1_sys_pll rise@0.000ns)
  Data Path Delay:        1.721ns  (logic 1.160ns (67.400%)  route 0.561ns (32.600%))
  Logic Levels:           1  (CARRY4=1)
  Clock Path Skew:        0.000ns (DCD - SCD + CPR)
    Destination Clock Delay (DCD):    -1.550ns = ( 23.450 - 25.000 ) 
    Source Clock Delay      (SCD):    -0.947ns
    Clock Pessimism Removal (CPR):    0.604ns
  Clock Uncertainty:      0.087ns  ((TSJ^2 + DJ^2)^1/2) / 2 + PE
    Total System Jitter     (TSJ):    0.071ns
    Discrete Jitter          (DJ):    0.159ns
    Phase Error              (PE):    0.000ns

    Location             Delay type                Incr(ns)  Path(ns)    Netlist Resource(s)
  -------------------------------------------------------------------    -------------------
                         (clock clk_out1_sys_pll rise edge)
                                                      0.000     0.000 r  
    W5                                                0.000     0.000 r  sys_clk (IN)
                         net (fo=0)                   0.000     0.000    clock_40mhz/inst/clk_in1
    W5                   IBUF (Prop_ibuf_I_O)         1.458     1.458 r  clock_40mhz/inst/clkin1_ibufg/O
                         net (fo=1, routed)           1.233     2.691    clock_40mhz/inst/clk_in1_sys_pll
    MMCME2_ADV_X1Y0      MMCME2_ADV (Prop_mmcme2_adv_CLKIN1_CLKOUT0)
                                                     -6.961    -4.269 r  clock_40mhz/inst/mmcm_adv_inst/CLKOUT0
                         net (fo=1, routed)           1.661    -2.608    clock_40mhz/inst/clk_out1_sys_pll
    BUFGCTRL_X0Y1        BUFG (Prop_bufg_I_O)         0.096    -2.512 r  clock_40mhz/inst/clkout1_buf/O
                         net (fo=6, routed)           1.565    -0.947    i2c_baud_rate_generator/clk_out1
    SLICE_X36Y46         FDRE                                         r  i2c_baud_rate_generator/counterTick_reg[1]/C
  -------------------------------------------------------------------    -------------------
    SLICE_X36Y46         FDRE (Prop_fdre_C_Q)         0.456    -0.491 r  i2c_baud_rate_generator/counterTick_reg[1]/Q
                         net (fo=3, routed)           0.561     0.071    i2c_baud_rate_generator/counterTick_reg[1]
    SLICE_X36Y46         CARRY4 (Prop_carry4_S[1]_O[2])
                                                      0.704     0.775 r  i2c_baud_rate_generator/counterTick_reg[0]_i_2/O[2]
                         net (fo=1, routed)           0.000     0.775    i2c_baud_rate_generator/counterTick_reg[0]_i_2_n_5
    SLICE_X36Y46         FDRE                                         r  i2c_baud_rate_generator/counterTick_reg[2]/D
  -------------------------------------------------------------------    -------------------

                         (clock clk_out1_sys_pll rise edge)
                                                     25.000    25.000 r  
    W5                                                0.000    25.000 r  sys_clk (IN)
                         net (fo=0)                   0.000    25.000    clock_40mhz/inst/clk_in1
    W5                   IBUF (Prop_ibuf_I_O)         1.388    26.388 r  clock_40mhz/inst/clkin1_ibufg/O
                         net (fo=1, routed)           1.162    27.550    clock_40mhz/inst/clk_in1_sys_pll
    MMCME2_ADV_X1Y0      MMCME2_ADV (Prop_mmcme2_adv_CLKIN1_CLKOUT0)
                                                     -7.217    20.332 r  clock_40mhz/inst/mmcm_adv_inst/CLKOUT0
                         net (fo=1, routed)           1.581    21.914    clock_40mhz/inst/clk_out1_sys_pll
    BUFGCTRL_X0Y1        BUFG (Prop_bufg_I_O)         0.091    22.005 r  clock_40mhz/inst/clkout1_buf/O
                         net (fo=6, routed)           1.445    23.450    i2c_baud_rate_generator/clk_out1
    SLICE_X36Y46         FDRE                                         r  i2c_baud_rate_generator/counterTick_reg[2]/C
                         clock pessimism              0.604    24.053    
                         clock uncertainty           -0.087    23.966    
    SLICE_X36Y46         FDRE (Setup_fdre_C_D)        0.062    24.028    i2c_baud_rate_generator/counterTick_reg[2]
  -------------------------------------------------------------------
                         required time                         24.028    
                         arrival time                          -0.775    
  -------------------------------------------------------------------
                         slack                                 23.254    

Slack (MET) :             23.438ns  (required time - arrival time)
  Source:                 i2c_baud_rate_generator/counterTick_reg[0]/C
                            (rising edge-triggered cell FDRE clocked by clk_out1_sys_pll  {rise@0.000ns fall@12.500ns period=25.000ns})
  Destination:            i2c_baud_rate_generator/counterTick_reg[1]/D
                            (rising edge-triggered cell FDRE clocked by clk_out1_sys_pll  {rise@0.000ns fall@12.500ns period=25.000ns})
  Path Group:             clk_out1_sys_pll
  Path Type:              Setup (Max at Slow Process Corner)
  Requirement:            25.000ns  (clk_out1_sys_pll rise@25.000ns - clk_out1_sys_pll rise@0.000ns)
  Data Path Delay:        1.537ns  (logic 1.004ns (65.329%)  route 0.533ns (34.671%))
  Logic Levels:           2  (CARRY4=1 LUT1=1)
  Clock Path Skew:        0.000ns (DCD - SCD + CPR)
    Destination Clock Delay (DCD):    -1.550ns = ( 23.450 - 25.000 ) 
    Source Clock Delay      (SCD):    -0.947ns
    Clock Pessimism Removal (CPR):    0.604ns
  Clock Uncertainty:      0.087ns  ((TSJ^2 + DJ^2)^1/2) / 2 + PE
    Total System Jitter     (TSJ):    0.071ns
    Discrete Jitter          (DJ):    0.159ns
    Phase Error              (PE):    0.000ns

    Location             Delay type                Incr(ns)  Path(ns)    Netlist Resource(s)
  -------------------------------------------------------------------    -------------------
                         (clock clk_out1_sys_pll rise edge)
                                                      0.000     0.000 r  
    W5                                                0.000     0.000 r  sys_clk (IN)
                         net (fo=0)                   0.000     0.000    clock_40mhz/inst/clk_in1
    W5                   IBUF (Prop_ibuf_I_O)         1.458     1.458 r  clock_40mhz/inst/clkin1_ibufg/O
                         net (fo=1, routed)           1.233     2.691    clock_40mhz/inst/clk_in1_sys_pll
    MMCME2_ADV_X1Y0      MMCME2_ADV (Prop_mmcme2_adv_CLKIN1_CLKOUT0)
                                                     -6.961    -4.269 r  clock_40mhz/inst/mmcm_adv_inst/CLKOUT0
                         net (fo=1, routed)           1.661    -2.608    clock_40mhz/inst/clk_out1_sys_pll
    BUFGCTRL_X0Y1        BUFG (Prop_bufg_I_O)         0.096    -2.512 r  clock_40mhz/inst/clkout1_buf/O
                         net (fo=6, routed)           1.565    -0.947    i2c_baud_rate_generator/clk_out1
    SLICE_X36Y46         FDRE                                         r  i2c_baud_rate_generator/counterTick_reg[0]/C
  -------------------------------------------------------------------    -------------------
    SLICE_X36Y46         FDRE (Prop_fdre_C_Q)         0.456    -0.491 f  i2c_baud_rate_generator/counterTick_reg[0]/Q
                         net (fo=3, routed)           0.533     0.042    i2c_baud_rate_generator/counterTick_reg[0]
    SLICE_X36Y46         LUT1 (Prop_lut1_I0_O)        0.124     0.166 r  i2c_baud_rate_generator/counterTick[0]_i_3/O
                         net (fo=1, routed)           0.000     0.166    i2c_baud_rate_generator/counterTick[0]_i_3_n_0
    SLICE_X36Y46         CARRY4 (Prop_carry4_S[0]_O[1])
                                                      0.424     0.590 r  i2c_baud_rate_generator/counterTick_reg[0]_i_2/O[1]
                         net (fo=1, routed)           0.000     0.590    i2c_baud_rate_generator/counterTick_reg[0]_i_2_n_6
    SLICE_X36Y46         FDRE                                         r  i2c_baud_rate_generator/counterTick_reg[1]/D
  -------------------------------------------------------------------    -------------------

                         (clock clk_out1_sys_pll rise edge)
                                                     25.000    25.000 r  
    W5                                                0.000    25.000 r  sys_clk (IN)
                         net (fo=0)                   0.000    25.000    clock_40mhz/inst/clk_in1
    W5                   IBUF (Prop_ibuf_I_O)         1.388    26.388 r  clock_40mhz/inst/clkin1_ibufg/O
                         net (fo=1, routed)           1.162    27.550    clock_40mhz/inst/clk_in1_sys_pll
    MMCME2_ADV_X1Y0      MMCME2_ADV (Prop_mmcme2_adv_CLKIN1_CLKOUT0)
                                                     -7.217    20.332 r  clock_40mhz/inst/mmcm_adv_inst/CLKOUT0
                         net (fo=1, routed)           1.581    21.914    clock_40mhz/inst/clk_out1_sys_pll
    BUFGCTRL_X0Y1        BUFG (Prop_bufg_I_O)         0.091    22.005 r  clock_40mhz/inst/clkout1_buf/O
                         net (fo=6, routed)           1.445    23.450    i2c_baud_rate_generator/clk_out1
    SLICE_X36Y46         FDRE                                         r  i2c_baud_rate_generator/counterTick_reg[1]/C
                         clock pessimism              0.604    24.053    
                         clock uncertainty           -0.087    23.966    
    SLICE_X36Y46         FDRE (Setup_fdre_C_D)        0.062    24.028    i2c_baud_rate_generator/counterTick_reg[1]
  -------------------------------------------------------------------
                         required time                         24.028    
                         arrival time                          -0.590    
  -------------------------------------------------------------------
                         slack                                 23.438    





Min Delay Paths
--------------------------------------------------------------------------------------
Slack (MET) :             0.251ns  (arrival time - required time)
  Source:                 i2c_baud_rate_generator/counterTick_reg[1]/C
                            (rising edge-triggered cell FDRE clocked by clk_out1_sys_pll  {rise@0.000ns fall@12.500ns period=25.000ns})
  Destination:            i2c_baud_rate_generator/sys_tick_reg_reg/D
                            (rising edge-triggered cell FDRE clocked by clk_out1_sys_pll  {rise@0.000ns fall@12.500ns period=25.000ns})
  Path Group:             clk_out1_sys_pll
  Path Type:              Hold (Min at Fast Process Corner)
  Requirement:            0.000ns  (clk_out1_sys_pll rise@0.000ns - clk_out1_sys_pll rise@0.000ns)
  Data Path Delay:        0.355ns  (logic 0.231ns (65.028%)  route 0.124ns (34.972%))
  Logic Levels:           2  (LUT3=1 LUT6=1)
  Clock Path Skew:        0.013ns (DCD - SCD - CPR)
    Destination Clock Delay (DCD):    -0.858ns
    Source Clock Delay      (SCD):    -0.618ns
    Clock Pessimism Removal (CPR):    -0.252ns

    Location             Delay type                Incr(ns)  Path(ns)    Netlist Resource(s)
  -------------------------------------------------------------------    -------------------
                         (clock clk_out1_sys_pll rise edge)
                                                      0.000     0.000 r  
    W5                                                0.000     0.000 r  sys_clk (IN)
                         net (fo=0)                   0.000     0.000    clock_40mhz/inst/clk_in1
    W5                   IBUF (Prop_ibuf_I_O)         0.226     0.226 r  clock_40mhz/inst/clkin1_ibufg/O
                         net (fo=1, routed)           0.440     0.667    clock_40mhz/inst/clk_in1_sys_pll
    MMCME2_ADV_X1Y0      MMCME2_ADV (Prop_mmcme2_adv_CLKIN1_CLKOUT0)
                                                     -2.360    -1.693 r  clock_40mhz/inst/mmcm_adv_inst/CLKOUT0
                         net (fo=1, routed)           0.486    -1.207    clock_40mhz/inst/clk_out1_sys_pll
    BUFGCTRL_X0Y1        BUFG (Prop_bufg_I_O)         0.026    -1.181 r  clock_40mhz/inst/clkout1_buf/O
                         net (fo=6, routed)           0.563    -0.618    i2c_baud_rate_generator/clk_out1
    SLICE_X36Y46         FDRE                                         r  i2c_baud_rate_generator/counterTick_reg[1]/C
  -------------------------------------------------------------------    -------------------
    SLICE_X36Y46         FDRE (Prop_fdre_C_Q)         0.141    -0.477 f  i2c_baud_rate_generator/counterTick_reg[1]/Q
                         net (fo=3, routed)           0.073    -0.404    i2c_baud_rate_generator/counterTick_reg[1]
    SLICE_X37Y46         LUT6 (Prop_lut6_I4_O)        0.045    -0.359 r  i2c_baud_rate_generator/sys_tick_reg_i_2/O
                         net (fo=1, routed)           0.051    -0.308    i2c_baud_rate_generator/sys_tick_reg_i_2_n_0
    SLICE_X37Y46         LUT3 (Prop_lut3_I2_O)        0.045    -0.263 r  i2c_baud_rate_generator/sys_tick_reg_i_1/O
                         net (fo=1, routed)           0.000    -0.263    i2c_baud_rate_generator/sys_tick_reg_i_1_n_0
    SLICE_X37Y46         FDRE                                         r  i2c_baud_rate_generator/sys_tick_reg_reg/D
  -------------------------------------------------------------------    -------------------

                         (clock clk_out1_sys_pll rise edge)
                                                      0.000     0.000 r  
    W5                                                0.000     0.000 r  sys_clk (IN)
                         net (fo=0)                   0.000     0.000    clock_40mhz/inst/clk_in1
    W5                   IBUF (Prop_ibuf_I_O)         0.414     0.414 r  clock_40mhz/inst/clkin1_ibufg/O
                         net (fo=1, routed)           0.480     0.894    clock_40mhz/inst/clk_in1_sys_pll
    MMCME2_ADV_X1Y0      MMCME2_ADV (Prop_mmcme2_adv_CLKIN1_CLKOUT0)
                                                     -3.142    -2.248 r  clock_40mhz/inst/mmcm_adv_inst/CLKOUT0
                         net (fo=1, routed)           0.530    -1.718    clock_40mhz/inst/clk_out1_sys_pll
    BUFGCTRL_X0Y1        BUFG (Prop_bufg_I_O)         0.029    -1.689 r  clock_40mhz/inst/clkout1_buf/O
                         net (fo=6, routed)           0.832    -0.858    i2c_baud_rate_generator/clk_out1
    SLICE_X37Y46         FDRE                                         r  i2c_baud_rate_generator/sys_tick_reg_reg/C
                         clock pessimism              0.252    -0.605    
    SLICE_X37Y46         FDRE (Hold_fdre_C_D)         0.091    -0.514    i2c_baud_rate_generator/sys_tick_reg_reg
  -------------------------------------------------------------------
                         required time                          0.514    
                         arrival time                          -0.263    
  -------------------------------------------------------------------
                         slack                                  0.251    

Slack (MET) :             0.291ns  (arrival time - required time)
  Source:                 i2c_baud_rate_generator/counterTick_reg[2]/C
                            (rising edge-triggered cell FDRE clocked by clk_out1_sys_pll  {rise@0.000ns fall@12.500ns period=25.000ns})
  Destination:            i2c_baud_rate_generator/counterTick_reg[2]/D
                            (rising edge-triggered cell FDRE clocked by clk_out1_sys_pll  {rise@0.000ns fall@12.500ns period=25.000ns})
  Path Group:             clk_out1_sys_pll
  Path Type:              Hold (Min at Fast Process Corner)
  Requirement:            0.000ns  (clk_out1_sys_pll rise@0.000ns - clk_out1_sys_pll rise@0.000ns)
  Data Path Delay:        0.396ns  (logic 0.252ns (63.690%)  route 0.144ns (36.310%))
  Logic Levels:           1  (CARRY4=1)
  Clock Path Skew:        0.000ns (DCD - SCD - CPR)
    Destination Clock Delay (DCD):    -0.858ns
    Source Clock Delay      (SCD):    -0.618ns
    Clock Pessimism Removal (CPR):    -0.239ns

    Location             Delay type                Incr(ns)  Path(ns)    Netlist Resource(s)
  -------------------------------------------------------------------    -------------------
                         (clock clk_out1_sys_pll rise edge)
                                                      0.000     0.000 r  
    W5                                                0.000     0.000 r  sys_clk (IN)
                         net (fo=0)                   0.000     0.000    clock_40mhz/inst/clk_in1
    W5                   IBUF (Prop_ibuf_I_O)         0.226     0.226 r  clock_40mhz/inst/clkin1_ibufg/O
                         net (fo=1, routed)           0.440     0.667    clock_40mhz/inst/clk_in1_sys_pll
    MMCME2_ADV_X1Y0      MMCME2_ADV (Prop_mmcme2_adv_CLKIN1_CLKOUT0)
                                                     -2.360    -1.693 r  clock_40mhz/inst/mmcm_adv_inst/CLKOUT0
                         net (fo=1, routed)           0.486    -1.207    clock_40mhz/inst/clk_out1_sys_pll
    BUFGCTRL_X0Y1        BUFG (Prop_bufg_I_O)         0.026    -1.181 r  clock_40mhz/inst/clkout1_buf/O
                         net (fo=6, routed)           0.563    -0.618    i2c_baud_rate_generator/clk_out1
    SLICE_X36Y46         FDRE                                         r  i2c_baud_rate_generator/counterTick_reg[2]/C
  -------------------------------------------------------------------    -------------------
    SLICE_X36Y46         FDRE (Prop_fdre_C_Q)         0.141    -0.477 r  i2c_baud_rate_generator/counterTick_reg[2]/Q
                         net (fo=3, routed)           0.144    -0.334    i2c_baud_rate_generator/counterTick_reg[2]
    SLICE_X36Y46         CARRY4 (Prop_carry4_S[2]_O[2])
                                                      0.111    -0.223 r  i2c_baud_rate_generator/counterTick_reg[0]_i_2/O[2]
                         net (fo=1, routed)           0.000    -0.223    i2c_baud_rate_generator/counterTick_reg[0]_i_2_n_5
    SLICE_X36Y46         FDRE                                         r  i2c_baud_rate_generator/counterTick_reg[2]/D
  -------------------------------------------------------------------    -------------------

                         (clock clk_out1_sys_pll rise edge)
                                                      0.000     0.000 r  
    W5                                                0.000     0.000 r  sys_clk (IN)
                         net (fo=0)                   0.000     0.000    clock_40mhz/inst/clk_in1
    W5                   IBUF (Prop_ibuf_I_O)         0.414     0.414 r  clock_40mhz/inst/clkin1_ibufg/O
                         net (fo=1, routed)           0.480     0.894    clock_40mhz/inst/clk_in1_sys_pll
    MMCME2_ADV_X1Y0      MMCME2_ADV (Prop_mmcme2_adv_CLKIN1_CLKOUT0)
                                                     -3.142    -2.248 r  clock_40mhz/inst/mmcm_adv_inst/CLKOUT0
                         net (fo=1, routed)           0.530    -1.718    clock_40mhz/inst/clk_out1_sys_pll
    BUFGCTRL_X0Y1        BUFG (Prop_bufg_I_O)         0.029    -1.689 r  clock_40mhz/inst/clkout1_buf/O
                         net (fo=6, routed)           0.832    -0.858    i2c_baud_rate_generator/clk_out1
    SLICE_X36Y46         FDRE                                         r  i2c_baud_rate_generator/counterTick_reg[2]/C
                         clock pessimism              0.239    -0.618    
    SLICE_X36Y46         FDRE (Hold_fdre_C_D)         0.105    -0.513    i2c_baud_rate_generator/counterTick_reg[2]
  -------------------------------------------------------------------
                         required time                          0.513    
                         arrival time                          -0.223    
  -------------------------------------------------------------------
                         slack                                  0.291    

Slack (MET) :             0.324ns  (arrival time - required time)
  Source:                 i2c_baud_rate_generator/counterTick_reg[2]/C
                            (rising edge-triggered cell FDRE clocked by clk_out1_sys_pll  {rise@0.000ns fall@12.500ns period=25.000ns})
  Destination:            i2c_baud_rate_generator/counterTick_reg[3]/D
                            (rising edge-triggered cell FDRE clocked by clk_out1_sys_pll  {rise@0.000ns fall@12.500ns period=25.000ns})
  Path Group:             clk_out1_sys_pll
  Path Type:              Hold (Min at Fast Process Corner)
  Requirement:            0.000ns  (clk_out1_sys_pll rise@0.000ns - clk_out1_sys_pll rise@0.000ns)
  Data Path Delay:        0.429ns  (logic 0.285ns (66.485%)  route 0.144ns (33.515%))
  Logic Levels:           1  (CARRY4=1)
  Clock Path Skew:        0.000ns (DCD - SCD - CPR)
    Destination Clock Delay (DCD):    -0.858ns
    Source Clock Delay      (SCD):    -0.618ns
    Clock Pessimism Removal (CPR):    -0.239ns

    Location             Delay type                Incr(ns)  Path(ns)    Netlist Resource(s)
  -------------------------------------------------------------------    -------------------
                         (clock clk_out1_sys_pll rise edge)
                                                      0.000     0.000 r  
    W5                                                0.000     0.000 r  sys_clk (IN)
                         net (fo=0)                   0.000     0.000    clock_40mhz/inst/clk_in1
    W5                   IBUF (Prop_ibuf_I_O)         0.226     0.226 r  clock_40mhz/inst/clkin1_ibufg/O
                         net (fo=1, routed)           0.440     0.667    clock_40mhz/inst/clk_in1_sys_pll
    MMCME2_ADV_X1Y0      MMCME2_ADV (Prop_mmcme2_adv_CLKIN1_CLKOUT0)
                                                     -2.360    -1.693 r  clock_40mhz/inst/mmcm_adv_inst/CLKOUT0
                         net (fo=1, routed)           0.486    -1.207    clock_40mhz/inst/clk_out1_sys_pll
    BUFGCTRL_X0Y1        BUFG (Prop_bufg_I_O)         0.026    -1.181 r  clock_40mhz/inst/clkout1_buf/O
                         net (fo=6, routed)           0.563    -0.618    i2c_baud_rate_generator/clk_out1
    SLICE_X36Y46         FDRE                                         r  i2c_baud_rate_generator/counterTick_reg[2]/C
  -------------------------------------------------------------------    -------------------
    SLICE_X36Y46         FDRE (Prop_fdre_C_Q)         0.141    -0.477 r  i2c_baud_rate_generator/counterTick_reg[2]/Q
                         net (fo=3, routed)           0.144    -0.334    i2c_baud_rate_generator/counterTick_reg[2]
    SLICE_X36Y46         CARRY4 (Prop_carry4_S[2]_O[3])
                                                      0.144    -0.190 r  i2c_baud_rate_generator/counterTick_reg[0]_i_2/O[3]
                         net (fo=1, routed)           0.000    -0.190    i2c_baud_rate_generator/counterTick_reg[0]_i_2_n_4
    SLICE_X36Y46         FDRE                                         r  i2c_baud_rate_generator/counterTick_reg[3]/D
  -------------------------------------------------------------------    -------------------

                         (clock clk_out1_sys_pll rise edge)
                                                      0.000     0.000 r  
    W5                                                0.000     0.000 r  sys_clk (IN)
                         net (fo=0)                   0.000     0.000    clock_40mhz/inst/clk_in1
    W5                   IBUF (Prop_ibuf_I_O)         0.414     0.414 r  clock_40mhz/inst/clkin1_ibufg/O
                         net (fo=1, routed)           0.480     0.894    clock_40mhz/inst/clk_in1_sys_pll
    MMCME2_ADV_X1Y0      MMCME2_ADV (Prop_mmcme2_adv_CLKIN1_CLKOUT0)
                                                     -3.142    -2.248 r  clock_40mhz/inst/mmcm_adv_inst/CLKOUT0
                         net (fo=1, routed)           0.530    -1.718    clock_40mhz/inst/clk_out1_sys_pll
    BUFGCTRL_X0Y1        BUFG (Prop_bufg_I_O)         0.029    -1.689 r  clock_40mhz/inst/clkout1_buf/O
                         net (fo=6, routed)           0.832    -0.858    i2c_baud_rate_generator/clk_out1
    SLICE_X36Y46         FDRE                                         r  i2c_baud_rate_generator/counterTick_reg[3]/C
                         clock pessimism              0.239    -0.618    
    SLICE_X36Y46         FDRE (Hold_fdre_C_D)         0.105    -0.513    i2c_baud_rate_generator/counterTick_reg[3]
  -------------------------------------------------------------------
                         required time                          0.513    
                         arrival time                          -0.190    
  -------------------------------------------------------------------
                         slack                                  0.324    

Slack (MET) :             0.340ns  (arrival time - required time)
  Source:                 i2c_baud_rate_generator/counterTick_reg[4]/C
                            (rising edge-triggered cell FDRE clocked by clk_out1_sys_pll  {rise@0.000ns fall@12.500ns period=25.000ns})
  Destination:            i2c_baud_rate_generator/counterTick_reg[4]/D
                            (rising edge-triggered cell FDRE clocked by clk_out1_sys_pll  {rise@0.000ns fall@12.500ns period=25.000ns})
  Path Group:             clk_out1_sys_pll
  Path Type:              Hold (Min at Fast Process Corner)
  Requirement:            0.000ns  (clk_out1_sys_pll rise@0.000ns - clk_out1_sys_pll rise@0.000ns)
  Data Path Delay:        0.445ns  (logic 0.256ns (57.583%)  route 0.189ns (42.417%))
  Logic Levels:           1  (CARRY4=1)
  Clock Path Skew:        0.000ns (DCD - SCD - CPR)
    Destination Clock Delay (DCD):    -0.857ns
    Source Clock Delay      (SCD):    -0.617ns
    Clock Pessimism Removal (CPR):    -0.239ns

    Location             Delay type                Incr(ns)  Path(ns)    Netlist Resource(s)
  -------------------------------------------------------------------    -------------------
                         (clock clk_out1_sys_pll rise edge)
                                                      0.000     0.000 r  
    W5                                                0.000     0.000 r  sys_clk (IN)
                         net (fo=0)                   0.000     0.000    clock_40mhz/inst/clk_in1
    W5                   IBUF (Prop_ibuf_I_O)         0.226     0.226 r  clock_40mhz/inst/clkin1_ibufg/O
                         net (fo=1, routed)           0.440     0.667    clock_40mhz/inst/clk_in1_sys_pll
    MMCME2_ADV_X1Y0      MMCME2_ADV (Prop_mmcme2_adv_CLKIN1_CLKOUT0)
                                                     -2.360    -1.693 r  clock_40mhz/inst/mmcm_adv_inst/CLKOUT0
                         net (fo=1, routed)           0.486    -1.207    clock_40mhz/inst/clk_out1_sys_pll
    BUFGCTRL_X0Y1        BUFG (Prop_bufg_I_O)         0.026    -1.181 r  clock_40mhz/inst/clkout1_buf/O
                         net (fo=6, routed)           0.564    -0.617    i2c_baud_rate_generator/clk_out1
    SLICE_X36Y47         FDRE                                         r  i2c_baud_rate_generator/counterTick_reg[4]/C
  -------------------------------------------------------------------    -------------------
    SLICE_X36Y47         FDRE (Prop_fdre_C_Q)         0.141    -0.476 r  i2c_baud_rate_generator/counterTick_reg[4]/Q
                         net (fo=3, routed)           0.189    -0.288    i2c_baud_rate_generator/counterTick_reg[4]
    SLICE_X36Y47         CARRY4 (Prop_carry4_S[0]_O[0])
                                                      0.115    -0.173 r  i2c_baud_rate_generator/counterTick_reg[4]_i_1/O[0]
                         net (fo=1, routed)           0.000    -0.173    i2c_baud_rate_generator/counterTick_reg[4]_i_1_n_7
    SLICE_X36Y47         FDRE                                         r  i2c_baud_rate_generator/counterTick_reg[4]/D
  -------------------------------------------------------------------    -------------------

                         (clock clk_out1_sys_pll rise edge)
                                                      0.000     0.000 r  
    W5                                                0.000     0.000 r  sys_clk (IN)
                         net (fo=0)                   0.000     0.000    clock_40mhz/inst/clk_in1
    W5                   IBUF (Prop_ibuf_I_O)         0.414     0.414 r  clock_40mhz/inst/clkin1_ibufg/O
                         net (fo=1, routed)           0.480     0.894    clock_40mhz/inst/clk_in1_sys_pll
    MMCME2_ADV_X1Y0      MMCME2_ADV (Prop_mmcme2_adv_CLKIN1_CLKOUT0)
                                                     -3.142    -2.248 r  clock_40mhz/inst/mmcm_adv_inst/CLKOUT0
                         net (fo=1, routed)           0.530    -1.718    clock_40mhz/inst/clk_out1_sys_pll
    BUFGCTRL_X0Y1        BUFG (Prop_bufg_I_O)         0.029    -1.689 r  clock_40mhz/inst/clkout1_buf/O
                         net (fo=6, routed)           0.833    -0.857    i2c_baud_rate_generator/clk_out1
    SLICE_X36Y47         FDRE                                         r  i2c_baud_rate_generator/counterTick_reg[4]/C
                         clock pessimism              0.239    -0.617    
    SLICE_X36Y47         FDRE (Hold_fdre_C_D)         0.105    -0.512    i2c_baud_rate_generator/counterTick_reg[4]
  -------------------------------------------------------------------
                         required time                          0.512    
                         arrival time                          -0.173    
  -------------------------------------------------------------------
                         slack                                  0.340    

Slack (MET) :             0.347ns  (arrival time - required time)
  Source:                 i2c_baud_rate_generator/counterTick_reg[0]/C
                            (rising edge-triggered cell FDRE clocked by clk_out1_sys_pll  {rise@0.000ns fall@12.500ns period=25.000ns})
  Destination:            i2c_baud_rate_generator/counterTick_reg[0]/D
                            (rising edge-triggered cell FDRE clocked by clk_out1_sys_pll  {rise@0.000ns fall@12.500ns period=25.000ns})
  Path Group:             clk_out1_sys_pll
  Path Type:              Hold (Min at Fast Process Corner)
  Requirement:            0.000ns  (clk_out1_sys_pll rise@0.000ns - clk_out1_sys_pll rise@0.000ns)
  Data Path Delay:        0.452ns  (logic 0.256ns (56.658%)  route 0.196ns (43.342%))
  Logic Levels:           2  (CARRY4=1 LUT1=1)
  Clock Path Skew:        0.000ns (DCD - SCD - CPR)
    Destination Clock Delay (DCD):    -0.858ns
    Source Clock Delay      (SCD):    -0.618ns
    Clock Pessimism Removal (CPR):    -0.239ns

    Location             Delay type                Incr(ns)  Path(ns)    Netlist Resource(s)
  -------------------------------------------------------------------    -------------------
                         (clock clk_out1_sys_pll rise edge)
                                                      0.000     0.000 r  
    W5                                                0.000     0.000 r  sys_clk (IN)
                         net (fo=0)                   0.000     0.000    clock_40mhz/inst/clk_in1
    W5                   IBUF (Prop_ibuf_I_O)         0.226     0.226 r  clock_40mhz/inst/clkin1_ibufg/O
                         net (fo=1, routed)           0.440     0.667    clock_40mhz/inst/clk_in1_sys_pll
    MMCME2_ADV_X1Y0      MMCME2_ADV (Prop_mmcme2_adv_CLKIN1_CLKOUT0)
                                                     -2.360    -1.693 r  clock_40mhz/inst/mmcm_adv_inst/CLKOUT0
                         net (fo=1, routed)           0.486    -1.207    clock_40mhz/inst/clk_out1_sys_pll
    BUFGCTRL_X0Y1        BUFG (Prop_bufg_I_O)         0.026    -1.181 r  clock_40mhz/inst/clkout1_buf/O
                         net (fo=6, routed)           0.563    -0.618    i2c_baud_rate_generator/clk_out1
    SLICE_X36Y46         FDRE                                         r  i2c_baud_rate_generator/counterTick_reg[0]/C
  -------------------------------------------------------------------    -------------------
    SLICE_X36Y46         FDRE (Prop_fdre_C_Q)         0.141    -0.477 f  i2c_baud_rate_generator/counterTick_reg[0]/Q
                         net (fo=3, routed)           0.196    -0.282    i2c_baud_rate_generator/counterTick_reg[0]
    SLICE_X36Y46         LUT1 (Prop_lut1_I0_O)        0.045    -0.237 r  i2c_baud_rate_generator/counterTick[0]_i_3/O
                         net (fo=1, routed)           0.000    -0.237    i2c_baud_rate_generator/counterTick[0]_i_3_n_0
    SLICE_X36Y46         CARRY4 (Prop_carry4_S[0]_O[0])
                                                      0.070    -0.167 r  i2c_baud_rate_generator/counterTick_reg[0]_i_2/O[0]
                         net (fo=1, routed)           0.000    -0.167    i2c_baud_rate_generator/counterTick_reg[0]_i_2_n_7
    SLICE_X36Y46         FDRE                                         r  i2c_baud_rate_generator/counterTick_reg[0]/D
  -------------------------------------------------------------------    -------------------

                         (clock clk_out1_sys_pll rise edge)
                                                      0.000     0.000 r  
    W5                                                0.000     0.000 r  sys_clk (IN)
                         net (fo=0)                   0.000     0.000    clock_40mhz/inst/clk_in1
    W5                   IBUF (Prop_ibuf_I_O)         0.414     0.414 r  clock_40mhz/inst/clkin1_ibufg/O
                         net (fo=1, routed)           0.480     0.894    clock_40mhz/inst/clk_in1_sys_pll
    MMCME2_ADV_X1Y0      MMCME2_ADV (Prop_mmcme2_adv_CLKIN1_CLKOUT0)
                                                     -3.142    -2.248 r  clock_40mhz/inst/mmcm_adv_inst/CLKOUT0
                         net (fo=1, routed)           0.530    -1.718    clock_40mhz/inst/clk_out1_sys_pll
    BUFGCTRL_X0Y1        BUFG (Prop_bufg_I_O)         0.029    -1.689 r  clock_40mhz/inst/clkout1_buf/O
                         net (fo=6, routed)           0.832    -0.858    i2c_baud_rate_generator/clk_out1
    SLICE_X36Y46         FDRE                                         r  i2c_baud_rate_generator/counterTick_reg[0]/C
                         clock pessimism              0.239    -0.618    
    SLICE_X36Y46         FDRE (Hold_fdre_C_D)         0.105    -0.513    i2c_baud_rate_generator/counterTick_reg[0]
  -------------------------------------------------------------------
                         required time                          0.513    
                         arrival time                          -0.167    
  -------------------------------------------------------------------
                         slack                                  0.347    

Slack (MET) :             0.348ns  (arrival time - required time)
  Source:                 i2c_baud_rate_generator/counterTick_reg[1]/C
                            (rising edge-triggered cell FDRE clocked by clk_out1_sys_pll  {rise@0.000ns fall@12.500ns period=25.000ns})
  Destination:            i2c_baud_rate_generator/counterTick_reg[1]/D
                            (rising edge-triggered cell FDRE clocked by clk_out1_sys_pll  {rise@0.000ns fall@12.500ns period=25.000ns})
  Path Group:             clk_out1_sys_pll
  Path Type:              Hold (Min at Fast Process Corner)
  Requirement:            0.000ns  (clk_out1_sys_pll rise@0.000ns - clk_out1_sys_pll rise@0.000ns)
  Data Path Delay:        0.453ns  (logic 0.251ns (55.401%)  route 0.202ns (44.599%))
  Logic Levels:           1  (CARRY4=1)
  Clock Path Skew:        0.000ns (DCD - SCD - CPR)
    Destination Clock Delay (DCD):    -0.858ns
    Source Clock Delay      (SCD):    -0.618ns
    Clock Pessimism Removal (CPR):    -0.239ns

    Location             Delay type                Incr(ns)  Path(ns)    Netlist Resource(s)
  -------------------------------------------------------------------    -------------------
                         (clock clk_out1_sys_pll rise edge)
                                                      0.000     0.000 r  
    W5                                                0.000     0.000 r  sys_clk (IN)
                         net (fo=0)                   0.000     0.000    clock_40mhz/inst/clk_in1
    W5                   IBUF (Prop_ibuf_I_O)         0.226     0.226 r  clock_40mhz/inst/clkin1_ibufg/O
                         net (fo=1, routed)           0.440     0.667    clock_40mhz/inst/clk_in1_sys_pll
    MMCME2_ADV_X1Y0      MMCME2_ADV (Prop_mmcme2_adv_CLKIN1_CLKOUT0)
                                                     -2.360    -1.693 r  clock_40mhz/inst/mmcm_adv_inst/CLKOUT0
                         net (fo=1, routed)           0.486    -1.207    clock_40mhz/inst/clk_out1_sys_pll
    BUFGCTRL_X0Y1        BUFG (Prop_bufg_I_O)         0.026    -1.181 r  clock_40mhz/inst/clkout1_buf/O
                         net (fo=6, routed)           0.563    -0.618    i2c_baud_rate_generator/clk_out1
    SLICE_X36Y46         FDRE                                         r  i2c_baud_rate_generator/counterTick_reg[1]/C
  -------------------------------------------------------------------    -------------------
    SLICE_X36Y46         FDRE (Prop_fdre_C_Q)         0.141    -0.477 r  i2c_baud_rate_generator/counterTick_reg[1]/Q
                         net (fo=3, routed)           0.202    -0.275    i2c_baud_rate_generator/counterTick_reg[1]
    SLICE_X36Y46         CARRY4 (Prop_carry4_S[1]_O[1])
                                                      0.110    -0.165 r  i2c_baud_rate_generator/counterTick_reg[0]_i_2/O[1]
                         net (fo=1, routed)           0.000    -0.165    i2c_baud_rate_generator/counterTick_reg[0]_i_2_n_6
    SLICE_X36Y46         FDRE                                         r  i2c_baud_rate_generator/counterTick_reg[1]/D
  -------------------------------------------------------------------    -------------------

                         (clock clk_out1_sys_pll rise edge)
                                                      0.000     0.000 r  
    W5                                                0.000     0.000 r  sys_clk (IN)
                         net (fo=0)                   0.000     0.000    clock_40mhz/inst/clk_in1
    W5                   IBUF (Prop_ibuf_I_O)         0.414     0.414 r  clock_40mhz/inst/clkin1_ibufg/O
                         net (fo=1, routed)           0.480     0.894    clock_40mhz/inst/clk_in1_sys_pll
    MMCME2_ADV_X1Y0      MMCME2_ADV (Prop_mmcme2_adv_CLKIN1_CLKOUT0)
                                                     -3.142    -2.248 r  clock_40mhz/inst/mmcm_adv_inst/CLKOUT0
                         net (fo=1, routed)           0.530    -1.718    clock_40mhz/inst/clk_out1_sys_pll
    BUFGCTRL_X0Y1        BUFG (Prop_bufg_I_O)         0.029    -1.689 r  clock_40mhz/inst/clkout1_buf/O
                         net (fo=6, routed)           0.832    -0.858    i2c_baud_rate_generator/clk_out1
    SLICE_X36Y46         FDRE                                         r  i2c_baud_rate_generator/counterTick_reg[1]/C
                         clock pessimism              0.239    -0.618    
    SLICE_X36Y46         FDRE (Hold_fdre_C_D)         0.105    -0.513    i2c_baud_rate_generator/counterTick_reg[1]
  -------------------------------------------------------------------
                         required time                          0.513    
                         arrival time                          -0.165    
  -------------------------------------------------------------------
                         slack                                  0.348    

Slack (MET) :             0.414ns  (arrival time - required time)
  Source:                 i2c_baud_rate_generator/counterTick_reg[2]/C
                            (rising edge-triggered cell FDRE clocked by clk_out1_sys_pll  {rise@0.000ns fall@12.500ns period=25.000ns})
  Destination:            i2c_baud_rate_generator/counterTick_reg[4]/R
                            (rising edge-triggered cell FDRE clocked by clk_out1_sys_pll  {rise@0.000ns fall@12.500ns period=25.000ns})
  Path Group:             clk_out1_sys_pll
  Path Type:              Hold (Min at Fast Process Corner)
  Requirement:            0.000ns  (clk_out1_sys_pll rise@0.000ns - clk_out1_sys_pll rise@0.000ns)
  Data Path Delay:        0.413ns  (logic 0.186ns (45.059%)  route 0.227ns (54.941%))
  Logic Levels:           1  (LUT6=1)
  Clock Path Skew:        0.017ns (DCD - SCD - CPR)
    Destination Clock Delay (DCD):    -0.857ns
    Source Clock Delay      (SCD):    -0.618ns
    Clock Pessimism Removal (CPR):    -0.255ns

    Location             Delay type                Incr(ns)  Path(ns)    Netlist Resource(s)
  -------------------------------------------------------------------    -------------------
                         (clock clk_out1_sys_pll rise edge)
                                                      0.000     0.000 r  
    W5                                                0.000     0.000 r  sys_clk (IN)
                         net (fo=0)                   0.000     0.000    clock_40mhz/inst/clk_in1
    W5                   IBUF (Prop_ibuf_I_O)         0.226     0.226 r  clock_40mhz/inst/clkin1_ibufg/O
                         net (fo=1, routed)           0.440     0.667    clock_40mhz/inst/clk_in1_sys_pll
    MMCME2_ADV_X1Y0      MMCME2_ADV (Prop_mmcme2_adv_CLKIN1_CLKOUT0)
                                                     -2.360    -1.693 r  clock_40mhz/inst/mmcm_adv_inst/CLKOUT0
                         net (fo=1, routed)           0.486    -1.207    clock_40mhz/inst/clk_out1_sys_pll
    BUFGCTRL_X0Y1        BUFG (Prop_bufg_I_O)         0.026    -1.181 r  clock_40mhz/inst/clkout1_buf/O
                         net (fo=6, routed)           0.563    -0.618    i2c_baud_rate_generator/clk_out1
    SLICE_X36Y46         FDRE                                         r  i2c_baud_rate_generator/counterTick_reg[2]/C
  -------------------------------------------------------------------    -------------------
    SLICE_X36Y46         FDRE (Prop_fdre_C_Q)         0.141    -0.477 f  i2c_baud_rate_generator/counterTick_reg[2]/Q
                         net (fo=3, routed)           0.075    -0.402    i2c_baud_rate_generator/counterTick_reg[2]
    SLICE_X37Y46         LUT6 (Prop_lut6_I2_O)        0.045    -0.357 r  i2c_baud_rate_generator/counterTick[0]_i_1/O
                         net (fo=5, routed)           0.152    -0.206    i2c_baud_rate_generator/counterTick[0]_i_1_n_0
    SLICE_X36Y47         FDRE                                         r  i2c_baud_rate_generator/counterTick_reg[4]/R
  -------------------------------------------------------------------    -------------------

                         (clock clk_out1_sys_pll rise edge)
                                                      0.000     0.000 r  
    W5                                                0.000     0.000 r  sys_clk (IN)
                         net (fo=0)                   0.000     0.000    clock_40mhz/inst/clk_in1
    W5                   IBUF (Prop_ibuf_I_O)         0.414     0.414 r  clock_40mhz/inst/clkin1_ibufg/O
                         net (fo=1, routed)           0.480     0.894    clock_40mhz/inst/clk_in1_sys_pll
    MMCME2_ADV_X1Y0      MMCME2_ADV (Prop_mmcme2_adv_CLKIN1_CLKOUT0)
                                                     -3.142    -2.248 r  clock_40mhz/inst/mmcm_adv_inst/CLKOUT0
                         net (fo=1, routed)           0.530    -1.718    clock_40mhz/inst/clk_out1_sys_pll
    BUFGCTRL_X0Y1        BUFG (Prop_bufg_I_O)         0.029    -1.689 r  clock_40mhz/inst/clkout1_buf/O
                         net (fo=6, routed)           0.833    -0.857    i2c_baud_rate_generator/clk_out1
    SLICE_X36Y47         FDRE                                         r  i2c_baud_rate_generator/counterTick_reg[4]/C
                         clock pessimism              0.255    -0.601    
    SLICE_X36Y47         FDRE (Hold_fdre_C_R)        -0.018    -0.619    i2c_baud_rate_generator/counterTick_reg[4]
  -------------------------------------------------------------------
                         required time                          0.619    
                         arrival time                          -0.206    
  -------------------------------------------------------------------
                         slack                                  0.414    

Slack (MET) :             0.491ns  (arrival time - required time)
  Source:                 i2c_baud_rate_generator/counterTick_reg[2]/C
                            (rising edge-triggered cell FDRE clocked by clk_out1_sys_pll  {rise@0.000ns fall@12.500ns period=25.000ns})
  Destination:            i2c_baud_rate_generator/counterTick_reg[0]/R
                            (rising edge-triggered cell FDRE clocked by clk_out1_sys_pll  {rise@0.000ns fall@12.500ns period=25.000ns})
  Path Group:             clk_out1_sys_pll
  Path Type:              Hold (Min at Fast Process Corner)
  Requirement:            0.000ns  (clk_out1_sys_pll rise@0.000ns - clk_out1_sys_pll rise@0.000ns)
  Data Path Delay:        0.473ns  (logic 0.186ns (39.324%)  route 0.287ns (60.676%))
  Logic Levels:           1  (LUT6=1)
  Clock Path Skew:        0.000ns (DCD - SCD - CPR)
    Destination Clock Delay (DCD):    -0.858ns
    Source Clock Delay      (SCD):    -0.618ns
    Clock Pessimism Removal (CPR):    -0.239ns

    Location             Delay type                Incr(ns)  Path(ns)    Netlist Resource(s)
  -------------------------------------------------------------------    -------------------
                         (clock clk_out1_sys_pll rise edge)
                                                      0.000     0.000 r  
    W5                                                0.000     0.000 r  sys_clk (IN)
                         net (fo=0)                   0.000     0.000    clock_40mhz/inst/clk_in1
    W5                   IBUF (Prop_ibuf_I_O)         0.226     0.226 r  clock_40mhz/inst/clkin1_ibufg/O
                         net (fo=1, routed)           0.440     0.667    clock_40mhz/inst/clk_in1_sys_pll
    MMCME2_ADV_X1Y0      MMCME2_ADV (Prop_mmcme2_adv_CLKIN1_CLKOUT0)
                                                     -2.360    -1.693 r  clock_40mhz/inst/mmcm_adv_inst/CLKOUT0
                         net (fo=1, routed)           0.486    -1.207    clock_40mhz/inst/clk_out1_sys_pll
    BUFGCTRL_X0Y1        BUFG (Prop_bufg_I_O)         0.026    -1.181 r  clock_40mhz/inst/clkout1_buf/O
                         net (fo=6, routed)           0.563    -0.618    i2c_baud_rate_generator/clk_out1
    SLICE_X36Y46         FDRE                                         r  i2c_baud_rate_generator/counterTick_reg[2]/C
  -------------------------------------------------------------------    -------------------
    SLICE_X36Y46         FDRE (Prop_fdre_C_Q)         0.141    -0.477 f  i2c_baud_rate_generator/counterTick_reg[2]/Q
                         net (fo=3, routed)           0.075    -0.402    i2c_baud_rate_generator/counterTick_reg[2]
    SLICE_X37Y46         LUT6 (Prop_lut6_I2_O)        0.045    -0.357 r  i2c_baud_rate_generator/counterTick[0]_i_1/O
                         net (fo=5, routed)           0.212    -0.145    i2c_baud_rate_generator/counterTick[0]_i_1_n_0
    SLICE_X36Y46         FDRE                                         r  i2c_baud_rate_generator/counterTick_reg[0]/R
  -------------------------------------------------------------------    -------------------

                         (clock clk_out1_sys_pll rise edge)
                                                      0.000     0.000 r  
    W5                                                0.000     0.000 r  sys_clk (IN)
                         net (fo=0)                   0.000     0.000    clock_40mhz/inst/clk_in1
    W5                   IBUF (Prop_ibuf_I_O)         0.414     0.414 r  clock_40mhz/inst/clkin1_ibufg/O
                         net (fo=1, routed)           0.480     0.894    clock_40mhz/inst/clk_in1_sys_pll
    MMCME2_ADV_X1Y0      MMCME2_ADV (Prop_mmcme2_adv_CLKIN1_CLKOUT0)
                                                     -3.142    -2.248 r  clock_40mhz/inst/mmcm_adv_inst/CLKOUT0
                         net (fo=1, routed)           0.530    -1.718    clock_40mhz/inst/clk_out1_sys_pll
    BUFGCTRL_X0Y1        BUFG (Prop_bufg_I_O)         0.029    -1.689 r  clock_40mhz/inst/clkout1_buf/O
                         net (fo=6, routed)           0.832    -0.858    i2c_baud_rate_generator/clk_out1
    SLICE_X36Y46         FDRE                                         r  i2c_baud_rate_generator/counterTick_reg[0]/C
                         clock pessimism              0.239    -0.618    
    SLICE_X36Y46         FDRE (Hold_fdre_C_R)        -0.018    -0.636    i2c_baud_rate_generator/counterTick_reg[0]
  -------------------------------------------------------------------
                         required time                          0.636    
                         arrival time                          -0.145    
  -------------------------------------------------------------------
                         slack                                  0.491    

Slack (MET) :             0.491ns  (arrival time - required time)
  Source:                 i2c_baud_rate_generator/counterTick_reg[2]/C
                            (rising edge-triggered cell FDRE clocked by clk_out1_sys_pll  {rise@0.000ns fall@12.500ns period=25.000ns})
  Destination:            i2c_baud_rate_generator/counterTick_reg[1]/R
                            (rising edge-triggered cell FDRE clocked by clk_out1_sys_pll  {rise@0.000ns fall@12.500ns period=25.000ns})
  Path Group:             clk_out1_sys_pll
  Path Type:              Hold (Min at Fast Process Corner)
  Requirement:            0.000ns  (clk_out1_sys_pll rise@0.000ns - clk_out1_sys_pll rise@0.000ns)
  Data Path Delay:        0.473ns  (logic 0.186ns (39.324%)  route 0.287ns (60.676%))
  Logic Levels:           1  (LUT6=1)
  Clock Path Skew:        0.000ns (DCD - SCD - CPR)
    Destination Clock Delay (DCD):    -0.858ns
    Source Clock Delay      (SCD):    -0.618ns
    Clock Pessimism Removal (CPR):    -0.239ns

    Location             Delay type                Incr(ns)  Path(ns)    Netlist Resource(s)
  -------------------------------------------------------------------    -------------------
                         (clock clk_out1_sys_pll rise edge)
                                                      0.000     0.000 r  
    W5                                                0.000     0.000 r  sys_clk (IN)
                         net (fo=0)                   0.000     0.000    clock_40mhz/inst/clk_in1
    W5                   IBUF (Prop_ibuf_I_O)         0.226     0.226 r  clock_40mhz/inst/clkin1_ibufg/O
                         net (fo=1, routed)           0.440     0.667    clock_40mhz/inst/clk_in1_sys_pll
    MMCME2_ADV_X1Y0      MMCME2_ADV (Prop_mmcme2_adv_CLKIN1_CLKOUT0)
                                                     -2.360    -1.693 r  clock_40mhz/inst/mmcm_adv_inst/CLKOUT0
                         net (fo=1, routed)           0.486    -1.207    clock_40mhz/inst/clk_out1_sys_pll
    BUFGCTRL_X0Y1        BUFG (Prop_bufg_I_O)         0.026    -1.181 r  clock_40mhz/inst/clkout1_buf/O
                         net (fo=6, routed)           0.563    -0.618    i2c_baud_rate_generator/clk_out1
    SLICE_X36Y46         FDRE                                         r  i2c_baud_rate_generator/counterTick_reg[2]/C
  -------------------------------------------------------------------    -------------------
    SLICE_X36Y46         FDRE (Prop_fdre_C_Q)         0.141    -0.477 f  i2c_baud_rate_generator/counterTick_reg[2]/Q
                         net (fo=3, routed)           0.075    -0.402    i2c_baud_rate_generator/counterTick_reg[2]
    SLICE_X37Y46         LUT6 (Prop_lut6_I2_O)        0.045    -0.357 r  i2c_baud_rate_generator/counterTick[0]_i_1/O
                         net (fo=5, routed)           0.212    -0.145    i2c_baud_rate_generator/counterTick[0]_i_1_n_0
    SLICE_X36Y46         FDRE                                         r  i2c_baud_rate_generator/counterTick_reg[1]/R
  -------------------------------------------------------------------    -------------------

                         (clock clk_out1_sys_pll rise edge)
                                                      0.000     0.000 r  
    W5                                                0.000     0.000 r  sys_clk (IN)
                         net (fo=0)                   0.000     0.000    clock_40mhz/inst/clk_in1
    W5                   IBUF (Prop_ibuf_I_O)         0.414     0.414 r  clock_40mhz/inst/clkin1_ibufg/O
                         net (fo=1, routed)           0.480     0.894    clock_40mhz/inst/clk_in1_sys_pll
    MMCME2_ADV_X1Y0      MMCME2_ADV (Prop_mmcme2_adv_CLKIN1_CLKOUT0)
                                                     -3.142    -2.248 r  clock_40mhz/inst/mmcm_adv_inst/CLKOUT0
                         net (fo=1, routed)           0.530    -1.718    clock_40mhz/inst/clk_out1_sys_pll
    BUFGCTRL_X0Y1        BUFG (Prop_bufg_I_O)         0.029    -1.689 r  clock_40mhz/inst/clkout1_buf/O
                         net (fo=6, routed)           0.832    -0.858    i2c_baud_rate_generator/clk_out1
    SLICE_X36Y46         FDRE                                         r  i2c_baud_rate_generator/counterTick_reg[1]/C
                         clock pessimism              0.239    -0.618    
    SLICE_X36Y46         FDRE (Hold_fdre_C_R)        -0.018    -0.636    i2c_baud_rate_generator/counterTick_reg[1]
  -------------------------------------------------------------------
                         required time                          0.636    
                         arrival time                          -0.145    
  -------------------------------------------------------------------
                         slack                                  0.491    

Slack (MET) :             0.491ns  (arrival time - required time)
  Source:                 i2c_baud_rate_generator/counterTick_reg[2]/C
                            (rising edge-triggered cell FDRE clocked by clk_out1_sys_pll  {rise@0.000ns fall@12.500ns period=25.000ns})
  Destination:            i2c_baud_rate_generator/counterTick_reg[2]/R
                            (rising edge-triggered cell FDRE clocked by clk_out1_sys_pll  {rise@0.000ns fall@12.500ns period=25.000ns})
  Path Group:             clk_out1_sys_pll
  Path Type:              Hold (Min at Fast Process Corner)
  Requirement:            0.000ns  (clk_out1_sys_pll rise@0.000ns - clk_out1_sys_pll rise@0.000ns)
  Data Path Delay:        0.473ns  (logic 0.186ns (39.324%)  route 0.287ns (60.676%))
  Logic Levels:           1  (LUT6=1)
  Clock Path Skew:        0.000ns (DCD - SCD - CPR)
    Destination Clock Delay (DCD):    -0.858ns
    Source Clock Delay      (SCD):    -0.618ns
    Clock Pessimism Removal (CPR):    -0.239ns

    Location             Delay type                Incr(ns)  Path(ns)    Netlist Resource(s)
  -------------------------------------------------------------------    -------------------
                         (clock clk_out1_sys_pll rise edge)
                                                      0.000     0.000 r  
    W5                                                0.000     0.000 r  sys_clk (IN)
                         net (fo=0)                   0.000     0.000    clock_40mhz/inst/clk_in1
    W5                   IBUF (Prop_ibuf_I_O)         0.226     0.226 r  clock_40mhz/inst/clkin1_ibufg/O
                         net (fo=1, routed)           0.440     0.667    clock_40mhz/inst/clk_in1_sys_pll
    MMCME2_ADV_X1Y0      MMCME2_ADV (Prop_mmcme2_adv_CLKIN1_CLKOUT0)
                                                     -2.360    -1.693 r  clock_40mhz/inst/mmcm_adv_inst/CLKOUT0
                         net (fo=1, routed)           0.486    -1.207    clock_40mhz/inst/clk_out1_sys_pll
    BUFGCTRL_X0Y1        BUFG (Prop_bufg_I_O)         0.026    -1.181 r  clock_40mhz/inst/clkout1_buf/O
                         net (fo=6, routed)           0.563    -0.618    i2c_baud_rate_generator/clk_out1
    SLICE_X36Y46         FDRE                                         r  i2c_baud_rate_generator/counterTick_reg[2]/C
  -------------------------------------------------------------------    -------------------
    SLICE_X36Y46         FDRE (Prop_fdre_C_Q)         0.141    -0.477 f  i2c_baud_rate_generator/counterTick_reg[2]/Q
                         net (fo=3, routed)           0.075    -0.402    i2c_baud_rate_generator/counterTick_reg[2]
    SLICE_X37Y46         LUT6 (Prop_lut6_I2_O)        0.045    -0.357 r  i2c_baud_rate_generator/counterTick[0]_i_1/O
                         net (fo=5, routed)           0.212    -0.145    i2c_baud_rate_generator/counterTick[0]_i_1_n_0
    SLICE_X36Y46         FDRE                                         r  i2c_baud_rate_generator/counterTick_reg[2]/R
  -------------------------------------------------------------------    -------------------

                         (clock clk_out1_sys_pll rise edge)
                                                      0.000     0.000 r  
    W5                                                0.000     0.000 r  sys_clk (IN)
                         net (fo=0)                   0.000     0.000    clock_40mhz/inst/clk_in1
    W5                   IBUF (Prop_ibuf_I_O)         0.414     0.414 r  clock_40mhz/inst/clkin1_ibufg/O
                         net (fo=1, routed)           0.480     0.894    clock_40mhz/inst/clk_in1_sys_pll
    MMCME2_ADV_X1Y0      MMCME2_ADV (Prop_mmcme2_adv_CLKIN1_CLKOUT0)
                                                     -3.142    -2.248 r  clock_40mhz/inst/mmcm_adv_inst/CLKOUT0
                         net (fo=1, routed)           0.530    -1.718    clock_40mhz/inst/clk_out1_sys_pll
    BUFGCTRL_X0Y1        BUFG (Prop_bufg_I_O)         0.029    -1.689 r  clock_40mhz/inst/clkout1_buf/O
                         net (fo=6, routed)           0.832    -0.858    i2c_baud_rate_generator/clk_out1
    SLICE_X36Y46         FDRE                                         r  i2c_baud_rate_generator/counterTick_reg[2]/C
                         clock pessimism              0.239    -0.618    
    SLICE_X36Y46         FDRE (Hold_fdre_C_R)        -0.018    -0.636    i2c_baud_rate_generator/counterTick_reg[2]
  -------------------------------------------------------------------
                         required time                          0.636    
                         arrival time                          -0.145    
  -------------------------------------------------------------------
                         slack                                  0.491    





Pulse Width Checks
--------------------------------------------------------------------------------------
Clock Name:         clk_out1_sys_pll
Waveform(ns):       { 0.000 12.500 }
Period(ns):         25.000
Sources:            { clock_40mhz/inst/mmcm_adv_inst/CLKOUT0 }

Check Type        Corner  Lib Pin             Reference Pin  Required(ns)  Actual(ns)  Slack(ns)  Location         Pin
Min Period        n/a     BUFG/I              n/a            2.155         25.000      22.845     BUFGCTRL_X0Y1    clock_40mhz/inst/clkout1_buf/I
Min Period        n/a     MMCME2_ADV/CLKOUT0  n/a            1.249         25.000      23.751     MMCME2_ADV_X1Y0  clock_40mhz/inst/mmcm_adv_inst/CLKOUT0
Min Period        n/a     FDRE/C              n/a            1.000         25.000      24.000     SLICE_X36Y46     i2c_baud_rate_generator/counterTick_reg[0]/C
Min Period        n/a     FDRE/C              n/a            1.000         25.000      24.000     SLICE_X36Y46     i2c_baud_rate_generator/counterTick_reg[1]/C
Min Period        n/a     FDRE/C              n/a            1.000         25.000      24.000     SLICE_X36Y46     i2c_baud_rate_generator/counterTick_reg[2]/C
Min Period        n/a     FDRE/C              n/a            1.000         25.000      24.000     SLICE_X36Y46     i2c_baud_rate_generator/counterTick_reg[3]/C
Min Period        n/a     FDRE/C              n/a            1.000         25.000      24.000     SLICE_X36Y47     i2c_baud_rate_generator/counterTick_reg[4]/C
Min Period        n/a     FDRE/C              n/a            1.000         25.000      24.000     SLICE_X37Y46     i2c_baud_rate_generator/sys_tick_reg_reg/C
Max Period        n/a     MMCME2_ADV/CLKOUT0  n/a            213.360       25.000      188.360    MMCME2_ADV_X1Y0  clock_40mhz/inst/mmcm_adv_inst/CLKOUT0
Low Pulse Width   Slow    FDRE/C              n/a            0.500         12.500      12.000     SLICE_X36Y46     i2c_baud_rate_generator/counterTick_reg[0]/C
Low Pulse Width   Fast    FDRE/C              n/a            0.500         12.500      12.000     SLICE_X36Y46     i2c_baud_rate_generator/counterTick_reg[0]/C
Low Pulse Width   Slow    FDRE/C              n/a            0.500         12.500      12.000     SLICE_X36Y46     i2c_baud_rate_generator/counterTick_reg[1]/C
Low Pulse Width   Fast    FDRE/C              n/a            0.500         12.500      12.000     SLICE_X36Y46     i2c_baud_rate_generator/counterTick_reg[1]/C
Low Pulse Width   Slow    FDRE/C              n/a            0.500         12.500      12.000     SLICE_X36Y46     i2c_baud_rate_generator/counterTick_reg[2]/C
Low Pulse Width   Fast    FDRE/C              n/a            0.500         12.500      12.000     SLICE_X36Y46     i2c_baud_rate_generator/counterTick_reg[2]/C
Low Pulse Width   Slow    FDRE/C              n/a            0.500         12.500      12.000     SLICE_X36Y46     i2c_baud_rate_generator/counterTick_reg[3]/C
Low Pulse Width   Fast    FDRE/C              n/a            0.500         12.500      12.000     SLICE_X36Y46     i2c_baud_rate_generator/counterTick_reg[3]/C
Low Pulse Width   Slow    FDRE/C              n/a            0.500         12.500      12.000     SLICE_X36Y47     i2c_baud_rate_generator/counterTick_reg[4]/C
Low Pulse Width   Fast    FDRE/C              n/a            0.500         12.500      12.000     SLICE_X36Y47     i2c_baud_rate_generator/counterTick_reg[4]/C
High Pulse Width  Slow    FDRE/C              n/a            0.500         12.500      12.000     SLICE_X36Y46     i2c_baud_rate_generator/counterTick_reg[0]/C
High Pulse Width  Fast    FDRE/C              n/a            0.500         12.500      12.000     SLICE_X36Y46     i2c_baud_rate_generator/counterTick_reg[0]/C
High Pulse Width  Slow    FDRE/C              n/a            0.500         12.500      12.000     SLICE_X36Y46     i2c_baud_rate_generator/counterTick_reg[1]/C
High Pulse Width  Fast    FDRE/C              n/a            0.500         12.500      12.000     SLICE_X36Y46     i2c_baud_rate_generator/counterTick_reg[1]/C
High Pulse Width  Slow    FDRE/C              n/a            0.500         12.500      12.000     SLICE_X36Y46     i2c_baud_rate_generator/counterTick_reg[2]/C
High Pulse Width  Fast    FDRE/C              n/a            0.500         12.500      12.000     SLICE_X36Y46     i2c_baud_rate_generator/counterTick_reg[2]/C
High Pulse Width  Slow    FDRE/C              n/a            0.500         12.500      12.000     SLICE_X36Y46     i2c_baud_rate_generator/counterTick_reg[3]/C
High Pulse Width  Fast    FDRE/C              n/a            0.500         12.500      12.000     SLICE_X36Y46     i2c_baud_rate_generator/counterTick_reg[3]/C
High Pulse Width  Slow    FDRE/C              n/a            0.500         12.500      12.000     SLICE_X36Y47     i2c_baud_rate_generator/counterTick_reg[4]/C
High Pulse Width  Fast    FDRE/C              n/a            0.500         12.500      12.000     SLICE_X36Y47     i2c_baud_rate_generator/counterTick_reg[4]/C



---------------------------------------------------------------------------------------------------
From Clock:  clkfbout_sys_pll
  To Clock:  clkfbout_sys_pll

Setup :           NA  Failing Endpoints,  Worst Slack           NA  ,  Total Violation           NA
Hold  :           NA  Failing Endpoints,  Worst Slack           NA  ,  Total Violation           NA
PW    :            0  Failing Endpoints,  Worst Slack        7.845ns,  Total Violation        0.000ns
---------------------------------------------------------------------------------------------------


Pulse Width Checks
--------------------------------------------------------------------------------------
Clock Name:         clkfbout_sys_pll
Waveform(ns):       { 0.000 5.000 }
Period(ns):         10.000
Sources:            { clock_40mhz/inst/mmcm_adv_inst/CLKFBOUT }

Check Type  Corner  Lib Pin              Reference Pin  Required(ns)  Actual(ns)  Slack(ns)  Location         Pin
Min Period  n/a     BUFG/I               n/a            2.155         10.000      7.845      BUFGCTRL_X0Y2    clock_40mhz/inst/clkf_buf/I
Min Period  n/a     MMCME2_ADV/CLKFBOUT  n/a            1.249         10.000      8.751      MMCME2_ADV_X1Y0  clock_40mhz/inst/mmcm_adv_inst/CLKFBOUT
Min Period  n/a     MMCME2_ADV/CLKFBIN   n/a            1.249         10.000      8.751      MMCME2_ADV_X1Y0  clock_40mhz/inst/mmcm_adv_inst/CLKFBIN
Max Period  n/a     MMCME2_ADV/CLKFBIN   n/a            100.000       10.000      90.000     MMCME2_ADV_X1Y0  clock_40mhz/inst/mmcm_adv_inst/CLKFBIN
Max Period  n/a     MMCME2_ADV/CLKFBOUT  n/a            213.360       10.000      203.360    MMCME2_ADV_X1Y0  clock_40mhz/inst/mmcm_adv_inst/CLKFBOUT



---------------------------------------------------------------------------------------------------
From Clock:  sys_clk_pin
  To Clock:  sys_clk_pin

Setup :           NA  Failing Endpoints,  Worst Slack           NA  ,  Total Violation           NA
Hold  :           NA  Failing Endpoints,  Worst Slack           NA  ,  Total Violation           NA
PW    :            0  Failing Endpoints,  Worst Slack        3.000ns,  Total Violation        0.000ns
---------------------------------------------------------------------------------------------------


Pulse Width Checks
--------------------------------------------------------------------------------------
Clock Name:         sys_clk_pin
Waveform(ns):       { 0.000 5.000 }
Period(ns):         10.000
Sources:            { sys_clk }

Check Type        Corner  Lib Pin            Reference Pin  Required(ns)  Actual(ns)  Slack(ns)  Location         Pin
Min Period        n/a     MMCME2_ADV/CLKIN1  n/a            1.249         10.000      8.751      MMCME2_ADV_X1Y0  clock_40mhz/inst/mmcm_adv_inst/CLKIN1
Max Period        n/a     MMCME2_ADV/CLKIN1  n/a            100.000       10.000      90.000     MMCME2_ADV_X1Y0  clock_40mhz/inst/mmcm_adv_inst/CLKIN1
Low Pulse Width   Slow    MMCME2_ADV/CLKIN1  n/a            2.000         5.000       3.000      MMCME2_ADV_X1Y0  clock_40mhz/inst/mmcm_adv_inst/CLKIN1
Low Pulse Width   Fast    MMCME2_ADV/CLKIN1  n/a            2.000         5.000       3.000      MMCME2_ADV_X1Y0  clock_40mhz/inst/mmcm_adv_inst/CLKIN1
High Pulse Width  Slow    MMCME2_ADV/CLKIN1  n/a            2.000         5.000       3.000      MMCME2_ADV_X1Y0  clock_40mhz/inst/mmcm_adv_inst/CLKIN1
High Pulse Width  Fast    MMCME2_ADV/CLKIN1  n/a            2.000         5.000       3.000      MMCME2_ADV_X1Y0  clock_40mhz/inst/mmcm_adv_inst/CLKIN1



---------------------------------------------------------------------------------------------------
From Clock:  clk_out1_sys_pll_1
  To Clock:  clk_out1_sys_pll_1

Setup :            0  Failing Endpoints,  Worst Slack       22.444ns,  Total Violation        0.000ns
Hold  :            0  Failing Endpoints,  Worst Slack        0.251ns,  Total Violation        0.000ns
PW    :            0  Failing Endpoints,  Worst Slack       12.000ns,  Total Violation        0.000ns
---------------------------------------------------------------------------------------------------


Max Delay Paths
--------------------------------------------------------------------------------------
Slack (MET) :             22.444ns  (required time - arrival time)
  Source:                 i2c_baud_rate_generator/counterTick_reg[4]/C
                            (rising edge-triggered cell FDRE clocked by clk_out1_sys_pll_1  {rise@0.000ns fall@12.500ns period=25.000ns})
  Destination:            i2c_baud_rate_generator/counterTick_reg[0]/R
                            (rising edge-triggered cell FDRE clocked by clk_out1_sys_pll_1  {rise@0.000ns fall@12.500ns period=25.000ns})
  Path Group:             clk_out1_sys_pll_1
  Path Type:              Setup (Max at Slow Process Corner)
  Requirement:            25.000ns  (clk_out1_sys_pll_1 rise@25.000ns - clk_out1_sys_pll_1 rise@0.000ns)
  Data Path Delay:        2.017ns  (logic 0.580ns (28.756%)  route 1.437ns (71.244%))
  Logic Levels:           1  (LUT6=1)
  Clock Path Skew:        -0.026ns (DCD - SCD + CPR)
    Destination Clock Delay (DCD):    -1.550ns = ( 23.450 - 25.000 ) 
    Source Clock Delay      (SCD):    -0.946ns
    Clock Pessimism Removal (CPR):    0.579ns
  Clock Uncertainty:      0.085ns  ((TSJ^2 + DJ^2)^1/2) / 2 + PE
    Total System Jitter     (TSJ):    0.071ns
    Discrete Jitter          (DJ):    0.154ns
    Phase Error              (PE):    0.000ns

    Location             Delay type                Incr(ns)  Path(ns)    Netlist Resource(s)
  -------------------------------------------------------------------    -------------------
                         (clock clk_out1_sys_pll_1 rise edge)
                                                      0.000     0.000 r  
    W5                                                0.000     0.000 r  sys_clk (IN)
                         net (fo=0)                   0.000     0.000    clock_40mhz/inst/clk_in1
    W5                   IBUF (Prop_ibuf_I_O)         1.458     1.458 r  clock_40mhz/inst/clkin1_ibufg/O
                         net (fo=1, routed)           1.233     2.691    clock_40mhz/inst/clk_in1_sys_pll
    MMCME2_ADV_X1Y0      MMCME2_ADV (Prop_mmcme2_adv_CLKIN1_CLKOUT0)
                                                     -6.961    -4.269 r  clock_40mhz/inst/mmcm_adv_inst/CLKOUT0
                         net (fo=1, routed)           1.661    -2.608    clock_40mhz/inst/clk_out1_sys_pll
    BUFGCTRL_X0Y1        BUFG (Prop_bufg_I_O)         0.096    -2.512 r  clock_40mhz/inst/clkout1_buf/O
                         net (fo=6, routed)           1.566    -0.946    i2c_baud_rate_generator/clk_out1
    SLICE_X36Y47         FDRE                                         r  i2c_baud_rate_generator/counterTick_reg[4]/C
  -------------------------------------------------------------------    -------------------
    SLICE_X36Y47         FDRE (Prop_fdre_C_Q)         0.456    -0.490 r  i2c_baud_rate_generator/counterTick_reg[4]/Q
                         net (fo=3, routed)           0.822     0.332    i2c_baud_rate_generator/counterTick_reg[4]
    SLICE_X37Y46         LUT6 (Prop_lut6_I3_O)        0.124     0.456 r  i2c_baud_rate_generator/counterTick[0]_i_1/O
                         net (fo=5, routed)           0.615     1.071    i2c_baud_rate_generator/counterTick[0]_i_1_n_0
    SLICE_X36Y46         FDRE                                         r  i2c_baud_rate_generator/counterTick_reg[0]/R
  -------------------------------------------------------------------    -------------------

                         (clock clk_out1_sys_pll_1 rise edge)
                                                     25.000    25.000 r  
    W5                                                0.000    25.000 r  sys_clk (IN)
                         net (fo=0)                   0.000    25.000    clock_40mhz/inst/clk_in1
    W5                   IBUF (Prop_ibuf_I_O)         1.388    26.388 r  clock_40mhz/inst/clkin1_ibufg/O
                         net (fo=1, routed)           1.162    27.550    clock_40mhz/inst/clk_in1_sys_pll
    MMCME2_ADV_X1Y0      MMCME2_ADV (Prop_mmcme2_adv_CLKIN1_CLKOUT0)
                                                     -7.217    20.332 r  clock_40mhz/inst/mmcm_adv_inst/CLKOUT0
                         net (fo=1, routed)           1.581    21.914    clock_40mhz/inst/clk_out1_sys_pll
    BUFGCTRL_X0Y1        BUFG (Prop_bufg_I_O)         0.091    22.005 r  clock_40mhz/inst/clkout1_buf/O
                         net (fo=6, routed)           1.445    23.450    i2c_baud_rate_generator/clk_out1
    SLICE_X36Y46         FDRE                                         r  i2c_baud_rate_generator/counterTick_reg[0]/C
                         clock pessimism              0.579    24.028    
                         clock uncertainty           -0.085    23.944    
    SLICE_X36Y46         FDRE (Setup_fdre_C_R)       -0.429    23.515    i2c_baud_rate_generator/counterTick_reg[0]
  -------------------------------------------------------------------
                         required time                         23.515    
                         arrival time                          -1.071    
  -------------------------------------------------------------------
                         slack                                 22.444    

Slack (MET) :             22.444ns  (required time - arrival time)
  Source:                 i2c_baud_rate_generator/counterTick_reg[4]/C
                            (rising edge-triggered cell FDRE clocked by clk_out1_sys_pll_1  {rise@0.000ns fall@12.500ns period=25.000ns})
  Destination:            i2c_baud_rate_generator/counterTick_reg[1]/R
                            (rising edge-triggered cell FDRE clocked by clk_out1_sys_pll_1  {rise@0.000ns fall@12.500ns period=25.000ns})
  Path Group:             clk_out1_sys_pll_1
  Path Type:              Setup (Max at Slow Process Corner)
  Requirement:            25.000ns  (clk_out1_sys_pll_1 rise@25.000ns - clk_out1_sys_pll_1 rise@0.000ns)
  Data Path Delay:        2.017ns  (logic 0.580ns (28.756%)  route 1.437ns (71.244%))
  Logic Levels:           1  (LUT6=1)
  Clock Path Skew:        -0.026ns (DCD - SCD + CPR)
    Destination Clock Delay (DCD):    -1.550ns = ( 23.450 - 25.000 ) 
    Source Clock Delay      (SCD):    -0.946ns
    Clock Pessimism Removal (CPR):    0.579ns
  Clock Uncertainty:      0.085ns  ((TSJ^2 + DJ^2)^1/2) / 2 + PE
    Total System Jitter     (TSJ):    0.071ns
    Discrete Jitter          (DJ):    0.154ns
    Phase Error              (PE):    0.000ns

    Location             Delay type                Incr(ns)  Path(ns)    Netlist Resource(s)
  -------------------------------------------------------------------    -------------------
                         (clock clk_out1_sys_pll_1 rise edge)
                                                      0.000     0.000 r  
    W5                                                0.000     0.000 r  sys_clk (IN)
                         net (fo=0)                   0.000     0.000    clock_40mhz/inst/clk_in1
    W5                   IBUF (Prop_ibuf_I_O)         1.458     1.458 r  clock_40mhz/inst/clkin1_ibufg/O
                         net (fo=1, routed)           1.233     2.691    clock_40mhz/inst/clk_in1_sys_pll
    MMCME2_ADV_X1Y0      MMCME2_ADV (Prop_mmcme2_adv_CLKIN1_CLKOUT0)
                                                     -6.961    -4.269 r  clock_40mhz/inst/mmcm_adv_inst/CLKOUT0
                         net (fo=1, routed)           1.661    -2.608    clock_40mhz/inst/clk_out1_sys_pll
    BUFGCTRL_X0Y1        BUFG (Prop_bufg_I_O)         0.096    -2.512 r  clock_40mhz/inst/clkout1_buf/O
                         net (fo=6, routed)           1.566    -0.946    i2c_baud_rate_generator/clk_out1
    SLICE_X36Y47         FDRE                                         r  i2c_baud_rate_generator/counterTick_reg[4]/C
  -------------------------------------------------------------------    -------------------
    SLICE_X36Y47         FDRE (Prop_fdre_C_Q)         0.456    -0.490 r  i2c_baud_rate_generator/counterTick_reg[4]/Q
                         net (fo=3, routed)           0.822     0.332    i2c_baud_rate_generator/counterTick_reg[4]
    SLICE_X37Y46         LUT6 (Prop_lut6_I3_O)        0.124     0.456 r  i2c_baud_rate_generator/counterTick[0]_i_1/O
                         net (fo=5, routed)           0.615     1.071    i2c_baud_rate_generator/counterTick[0]_i_1_n_0
    SLICE_X36Y46         FDRE                                         r  i2c_baud_rate_generator/counterTick_reg[1]/R
  -------------------------------------------------------------------    -------------------

                         (clock clk_out1_sys_pll_1 rise edge)
                                                     25.000    25.000 r  
    W5                                                0.000    25.000 r  sys_clk (IN)
                         net (fo=0)                   0.000    25.000    clock_40mhz/inst/clk_in1
    W5                   IBUF (Prop_ibuf_I_O)         1.388    26.388 r  clock_40mhz/inst/clkin1_ibufg/O
                         net (fo=1, routed)           1.162    27.550    clock_40mhz/inst/clk_in1_sys_pll
    MMCME2_ADV_X1Y0      MMCME2_ADV (Prop_mmcme2_adv_CLKIN1_CLKOUT0)
                                                     -7.217    20.332 r  clock_40mhz/inst/mmcm_adv_inst/CLKOUT0
                         net (fo=1, routed)           1.581    21.914    clock_40mhz/inst/clk_out1_sys_pll
    BUFGCTRL_X0Y1        BUFG (Prop_bufg_I_O)         0.091    22.005 r  clock_40mhz/inst/clkout1_buf/O
                         net (fo=6, routed)           1.445    23.450    i2c_baud_rate_generator/clk_out1
    SLICE_X36Y46         FDRE                                         r  i2c_baud_rate_generator/counterTick_reg[1]/C
                         clock pessimism              0.579    24.028    
                         clock uncertainty           -0.085    23.944    
    SLICE_X36Y46         FDRE (Setup_fdre_C_R)       -0.429    23.515    i2c_baud_rate_generator/counterTick_reg[1]
  -------------------------------------------------------------------
                         required time                         23.515    
                         arrival time                          -1.071    
  -------------------------------------------------------------------
                         slack                                 22.444    

Slack (MET) :             22.444ns  (required time - arrival time)
  Source:                 i2c_baud_rate_generator/counterTick_reg[4]/C
                            (rising edge-triggered cell FDRE clocked by clk_out1_sys_pll_1  {rise@0.000ns fall@12.500ns period=25.000ns})
  Destination:            i2c_baud_rate_generator/counterTick_reg[2]/R
                            (rising edge-triggered cell FDRE clocked by clk_out1_sys_pll_1  {rise@0.000ns fall@12.500ns period=25.000ns})
  Path Group:             clk_out1_sys_pll_1
  Path Type:              Setup (Max at Slow Process Corner)
  Requirement:            25.000ns  (clk_out1_sys_pll_1 rise@25.000ns - clk_out1_sys_pll_1 rise@0.000ns)
  Data Path Delay:        2.017ns  (logic 0.580ns (28.756%)  route 1.437ns (71.244%))
  Logic Levels:           1  (LUT6=1)
  Clock Path Skew:        -0.026ns (DCD - SCD + CPR)
    Destination Clock Delay (DCD):    -1.550ns = ( 23.450 - 25.000 ) 
    Source Clock Delay      (SCD):    -0.946ns
    Clock Pessimism Removal (CPR):    0.579ns
  Clock Uncertainty:      0.085ns  ((TSJ^2 + DJ^2)^1/2) / 2 + PE
    Total System Jitter     (TSJ):    0.071ns
    Discrete Jitter          (DJ):    0.154ns
    Phase Error              (PE):    0.000ns

    Location             Delay type                Incr(ns)  Path(ns)    Netlist Resource(s)
  -------------------------------------------------------------------    -------------------
                         (clock clk_out1_sys_pll_1 rise edge)
                                                      0.000     0.000 r  
    W5                                                0.000     0.000 r  sys_clk (IN)
                         net (fo=0)                   0.000     0.000    clock_40mhz/inst/clk_in1
    W5                   IBUF (Prop_ibuf_I_O)         1.458     1.458 r  clock_40mhz/inst/clkin1_ibufg/O
                         net (fo=1, routed)           1.233     2.691    clock_40mhz/inst/clk_in1_sys_pll
    MMCME2_ADV_X1Y0      MMCME2_ADV (Prop_mmcme2_adv_CLKIN1_CLKOUT0)
                                                     -6.961    -4.269 r  clock_40mhz/inst/mmcm_adv_inst/CLKOUT0
                         net (fo=1, routed)           1.661    -2.608    clock_40mhz/inst/clk_out1_sys_pll
    BUFGCTRL_X0Y1        BUFG (Prop_bufg_I_O)         0.096    -2.512 r  clock_40mhz/inst/clkout1_buf/O
                         net (fo=6, routed)           1.566    -0.946    i2c_baud_rate_generator/clk_out1
    SLICE_X36Y47         FDRE                                         r  i2c_baud_rate_generator/counterTick_reg[4]/C
  -------------------------------------------------------------------    -------------------
    SLICE_X36Y47         FDRE (Prop_fdre_C_Q)         0.456    -0.490 r  i2c_baud_rate_generator/counterTick_reg[4]/Q
                         net (fo=3, routed)           0.822     0.332    i2c_baud_rate_generator/counterTick_reg[4]
    SLICE_X37Y46         LUT6 (Prop_lut6_I3_O)        0.124     0.456 r  i2c_baud_rate_generator/counterTick[0]_i_1/O
                         net (fo=5, routed)           0.615     1.071    i2c_baud_rate_generator/counterTick[0]_i_1_n_0
    SLICE_X36Y46         FDRE                                         r  i2c_baud_rate_generator/counterTick_reg[2]/R
  -------------------------------------------------------------------    -------------------

                         (clock clk_out1_sys_pll_1 rise edge)
                                                     25.000    25.000 r  
    W5                                                0.000    25.000 r  sys_clk (IN)
                         net (fo=0)                   0.000    25.000    clock_40mhz/inst/clk_in1
    W5                   IBUF (Prop_ibuf_I_O)         1.388    26.388 r  clock_40mhz/inst/clkin1_ibufg/O
                         net (fo=1, routed)           1.162    27.550    clock_40mhz/inst/clk_in1_sys_pll
    MMCME2_ADV_X1Y0      MMCME2_ADV (Prop_mmcme2_adv_CLKIN1_CLKOUT0)
                                                     -7.217    20.332 r  clock_40mhz/inst/mmcm_adv_inst/CLKOUT0
                         net (fo=1, routed)           1.581    21.914    clock_40mhz/inst/clk_out1_sys_pll
    BUFGCTRL_X0Y1        BUFG (Prop_bufg_I_O)         0.091    22.005 r  clock_40mhz/inst/clkout1_buf/O
                         net (fo=6, routed)           1.445    23.450    i2c_baud_rate_generator/clk_out1
    SLICE_X36Y46         FDRE                                         r  i2c_baud_rate_generator/counterTick_reg[2]/C
                         clock pessimism              0.579    24.028    
                         clock uncertainty           -0.085    23.944    
    SLICE_X36Y46         FDRE (Setup_fdre_C_R)       -0.429    23.515    i2c_baud_rate_generator/counterTick_reg[2]
  -------------------------------------------------------------------
                         required time                         23.515    
                         arrival time                          -1.071    
  -------------------------------------------------------------------
                         slack                                 22.444    

Slack (MET) :             22.444ns  (required time - arrival time)
  Source:                 i2c_baud_rate_generator/counterTick_reg[4]/C
                            (rising edge-triggered cell FDRE clocked by clk_out1_sys_pll_1  {rise@0.000ns fall@12.500ns period=25.000ns})
  Destination:            i2c_baud_rate_generator/counterTick_reg[3]/R
                            (rising edge-triggered cell FDRE clocked by clk_out1_sys_pll_1  {rise@0.000ns fall@12.500ns period=25.000ns})
  Path Group:             clk_out1_sys_pll_1
  Path Type:              Setup (Max at Slow Process Corner)
  Requirement:            25.000ns  (clk_out1_sys_pll_1 rise@25.000ns - clk_out1_sys_pll_1 rise@0.000ns)
  Data Path Delay:        2.017ns  (logic 0.580ns (28.756%)  route 1.437ns (71.244%))
  Logic Levels:           1  (LUT6=1)
  Clock Path Skew:        -0.026ns (DCD - SCD + CPR)
    Destination Clock Delay (DCD):    -1.550ns = ( 23.450 - 25.000 ) 
    Source Clock Delay      (SCD):    -0.946ns
    Clock Pessimism Removal (CPR):    0.579ns
  Clock Uncertainty:      0.085ns  ((TSJ^2 + DJ^2)^1/2) / 2 + PE
    Total System Jitter     (TSJ):    0.071ns
    Discrete Jitter          (DJ):    0.154ns
    Phase Error              (PE):    0.000ns

    Location             Delay type                Incr(ns)  Path(ns)    Netlist Resource(s)
  -------------------------------------------------------------------    -------------------
                         (clock clk_out1_sys_pll_1 rise edge)
                                                      0.000     0.000 r  
    W5                                                0.000     0.000 r  sys_clk (IN)
                         net (fo=0)                   0.000     0.000    clock_40mhz/inst/clk_in1
    W5                   IBUF (Prop_ibuf_I_O)         1.458     1.458 r  clock_40mhz/inst/clkin1_ibufg/O
                         net (fo=1, routed)           1.233     2.691    clock_40mhz/inst/clk_in1_sys_pll
    MMCME2_ADV_X1Y0      MMCME2_ADV (Prop_mmcme2_adv_CLKIN1_CLKOUT0)
                                                     -6.961    -4.269 r  clock_40mhz/inst/mmcm_adv_inst/CLKOUT0
                         net (fo=1, routed)           1.661    -2.608    clock_40mhz/inst/clk_out1_sys_pll
    BUFGCTRL_X0Y1        BUFG (Prop_bufg_I_O)         0.096    -2.512 r  clock_40mhz/inst/clkout1_buf/O
                         net (fo=6, routed)           1.566    -0.946    i2c_baud_rate_generator/clk_out1
    SLICE_X36Y47         FDRE                                         r  i2c_baud_rate_generator/counterTick_reg[4]/C
  -------------------------------------------------------------------    -------------------
    SLICE_X36Y47         FDRE (Prop_fdre_C_Q)         0.456    -0.490 r  i2c_baud_rate_generator/counterTick_reg[4]/Q
                         net (fo=3, routed)           0.822     0.332    i2c_baud_rate_generator/counterTick_reg[4]
    SLICE_X37Y46         LUT6 (Prop_lut6_I3_O)        0.124     0.456 r  i2c_baud_rate_generator/counterTick[0]_i_1/O
                         net (fo=5, routed)           0.615     1.071    i2c_baud_rate_generator/counterTick[0]_i_1_n_0
    SLICE_X36Y46         FDRE                                         r  i2c_baud_rate_generator/counterTick_reg[3]/R
  -------------------------------------------------------------------    -------------------

                         (clock clk_out1_sys_pll_1 rise edge)
                                                     25.000    25.000 r  
    W5                                                0.000    25.000 r  sys_clk (IN)
                         net (fo=0)                   0.000    25.000    clock_40mhz/inst/clk_in1
    W5                   IBUF (Prop_ibuf_I_O)         1.388    26.388 r  clock_40mhz/inst/clkin1_ibufg/O
                         net (fo=1, routed)           1.162    27.550    clock_40mhz/inst/clk_in1_sys_pll
    MMCME2_ADV_X1Y0      MMCME2_ADV (Prop_mmcme2_adv_CLKIN1_CLKOUT0)
                                                     -7.217    20.332 r  clock_40mhz/inst/mmcm_adv_inst/CLKOUT0
                         net (fo=1, routed)           1.581    21.914    clock_40mhz/inst/clk_out1_sys_pll
    BUFGCTRL_X0Y1        BUFG (Prop_bufg_I_O)         0.091    22.005 r  clock_40mhz/inst/clkout1_buf/O
                         net (fo=6, routed)           1.445    23.450    i2c_baud_rate_generator/clk_out1
    SLICE_X36Y46         FDRE                                         r  i2c_baud_rate_generator/counterTick_reg[3]/C
                         clock pessimism              0.579    24.028    
                         clock uncertainty           -0.085    23.944    
    SLICE_X36Y46         FDRE (Setup_fdre_C_R)       -0.429    23.515    i2c_baud_rate_generator/counterTick_reg[3]
  -------------------------------------------------------------------
                         required time                         23.515    
                         arrival time                          -1.071    
  -------------------------------------------------------------------
                         slack                                 22.444    

Slack (MET) :             22.605ns  (required time - arrival time)
  Source:                 i2c_baud_rate_generator/counterTick_reg[4]/C
                            (rising edge-triggered cell FDRE clocked by clk_out1_sys_pll_1  {rise@0.000ns fall@12.500ns period=25.000ns})
  Destination:            i2c_baud_rate_generator/counterTick_reg[4]/R
                            (rising edge-triggered cell FDRE clocked by clk_out1_sys_pll_1  {rise@0.000ns fall@12.500ns period=25.000ns})
  Path Group:             clk_out1_sys_pll_1
  Path Type:              Setup (Max at Slow Process Corner)
  Requirement:            25.000ns  (clk_out1_sys_pll_1 rise@25.000ns - clk_out1_sys_pll_1 rise@0.000ns)
  Data Path Delay:        1.882ns  (logic 0.580ns (30.822%)  route 1.302ns (69.178%))
  Logic Levels:           1  (LUT6=1)
  Clock Path Skew:        0.000ns (DCD - SCD + CPR)
    Destination Clock Delay (DCD):    -1.549ns = ( 23.451 - 25.000 ) 
    Source Clock Delay      (SCD):    -0.946ns
    Clock Pessimism Removal (CPR):    0.604ns
  Clock Uncertainty:      0.085ns  ((TSJ^2 + DJ^2)^1/2) / 2 + PE
    Total System Jitter     (TSJ):    0.071ns
    Discrete Jitter          (DJ):    0.154ns
    Phase Error              (PE):    0.000ns

    Location             Delay type                Incr(ns)  Path(ns)    Netlist Resource(s)
  -------------------------------------------------------------------    -------------------
                         (clock clk_out1_sys_pll_1 rise edge)
                                                      0.000     0.000 r  
    W5                                                0.000     0.000 r  sys_clk (IN)
                         net (fo=0)                   0.000     0.000    clock_40mhz/inst/clk_in1
    W5                   IBUF (Prop_ibuf_I_O)         1.458     1.458 r  clock_40mhz/inst/clkin1_ibufg/O
                         net (fo=1, routed)           1.233     2.691    clock_40mhz/inst/clk_in1_sys_pll
    MMCME2_ADV_X1Y0      MMCME2_ADV (Prop_mmcme2_adv_CLKIN1_CLKOUT0)
                                                     -6.961    -4.269 r  clock_40mhz/inst/mmcm_adv_inst/CLKOUT0
                         net (fo=1, routed)           1.661    -2.608    clock_40mhz/inst/clk_out1_sys_pll
    BUFGCTRL_X0Y1        BUFG (Prop_bufg_I_O)         0.096    -2.512 r  clock_40mhz/inst/clkout1_buf/O
                         net (fo=6, routed)           1.566    -0.946    i2c_baud_rate_generator/clk_out1
    SLICE_X36Y47         FDRE                                         r  i2c_baud_rate_generator/counterTick_reg[4]/C
  -------------------------------------------------------------------    -------------------
    SLICE_X36Y47         FDRE (Prop_fdre_C_Q)         0.456    -0.490 r  i2c_baud_rate_generator/counterTick_reg[4]/Q
                         net (fo=3, routed)           0.822     0.332    i2c_baud_rate_generator/counterTick_reg[4]
    SLICE_X37Y46         LUT6 (Prop_lut6_I3_O)        0.124     0.456 r  i2c_baud_rate_generator/counterTick[0]_i_1/O
                         net (fo=5, routed)           0.480     0.936    i2c_baud_rate_generator/counterTick[0]_i_1_n_0
    SLICE_X36Y47         FDRE                                         r  i2c_baud_rate_generator/counterTick_reg[4]/R
  -------------------------------------------------------------------    -------------------

                         (clock clk_out1_sys_pll_1 rise edge)
                                                     25.000    25.000 r  
    W5                                                0.000    25.000 r  sys_clk (IN)
                         net (fo=0)                   0.000    25.000    clock_40mhz/inst/clk_in1
    W5                   IBUF (Prop_ibuf_I_O)         1.388    26.388 r  clock_40mhz/inst/clkin1_ibufg/O
                         net (fo=1, routed)           1.162    27.550    clock_40mhz/inst/clk_in1_sys_pll
    MMCME2_ADV_X1Y0      MMCME2_ADV (Prop_mmcme2_adv_CLKIN1_CLKOUT0)
                                                     -7.217    20.332 r  clock_40mhz/inst/mmcm_adv_inst/CLKOUT0
                         net (fo=1, routed)           1.581    21.914    clock_40mhz/inst/clk_out1_sys_pll
    BUFGCTRL_X0Y1        BUFG (Prop_bufg_I_O)         0.091    22.005 r  clock_40mhz/inst/clkout1_buf/O
                         net (fo=6, routed)           1.446    23.451    i2c_baud_rate_generator/clk_out1
    SLICE_X36Y47         FDRE                                         r  i2c_baud_rate_generator/counterTick_reg[4]/C
                         clock pessimism              0.604    24.054    
                         clock uncertainty           -0.085    23.970    
    SLICE_X36Y47         FDRE (Setup_fdre_C_R)       -0.429    23.541    i2c_baud_rate_generator/counterTick_reg[4]
  -------------------------------------------------------------------
                         required time                         23.541    
                         arrival time                          -0.936    
  -------------------------------------------------------------------
                         slack                                 22.605    

Slack (MET) :             22.923ns  (required time - arrival time)
  Source:                 i2c_baud_rate_generator/counterTick_reg[3]/C
                            (rising edge-triggered cell FDRE clocked by clk_out1_sys_pll_1  {rise@0.000ns fall@12.500ns period=25.000ns})
  Destination:            i2c_baud_rate_generator/sys_tick_reg_reg/D
                            (rising edge-triggered cell FDRE clocked by clk_out1_sys_pll_1  {rise@0.000ns fall@12.500ns period=25.000ns})
  Path Group:             clk_out1_sys_pll_1
  Path Type:              Setup (Max at Slow Process Corner)
  Requirement:            25.000ns  (clk_out1_sys_pll_1 rise@25.000ns - clk_out1_sys_pll_1 rise@0.000ns)
  Data Path Delay:        2.000ns  (logic 0.704ns (35.205%)  route 1.296ns (64.795%))
  Logic Levels:           2  (LUT3=1 LUT6=1)
  Clock Path Skew:        -0.022ns (DCD - SCD + CPR)
    Destination Clock Delay (DCD):    -1.550ns = ( 23.450 - 25.000 ) 
    Source Clock Delay      (SCD):    -0.947ns
    Clock Pessimism Removal (CPR):    0.582ns
  Clock Uncertainty:      0.085ns  ((TSJ^2 + DJ^2)^1/2) / 2 + PE
    Total System Jitter     (TSJ):    0.071ns
    Discrete Jitter          (DJ):    0.154ns
    Phase Error              (PE):    0.000ns

    Location             Delay type                Incr(ns)  Path(ns)    Netlist Resource(s)
  -------------------------------------------------------------------    -------------------
                         (clock clk_out1_sys_pll_1 rise edge)
                                                      0.000     0.000 r  
    W5                                                0.000     0.000 r  sys_clk (IN)
                         net (fo=0)                   0.000     0.000    clock_40mhz/inst/clk_in1
    W5                   IBUF (Prop_ibuf_I_O)         1.458     1.458 r  clock_40mhz/inst/clkin1_ibufg/O
                         net (fo=1, routed)           1.233     2.691    clock_40mhz/inst/clk_in1_sys_pll
    MMCME2_ADV_X1Y0      MMCME2_ADV (Prop_mmcme2_adv_CLKIN1_CLKOUT0)
                                                     -6.961    -4.269 r  clock_40mhz/inst/mmcm_adv_inst/CLKOUT0
                         net (fo=1, routed)           1.661    -2.608    clock_40mhz/inst/clk_out1_sys_pll
    BUFGCTRL_X0Y1        BUFG (Prop_bufg_I_O)         0.096    -2.512 r  clock_40mhz/inst/clkout1_buf/O
                         net (fo=6, routed)           1.565    -0.947    i2c_baud_rate_generator/clk_out1
    SLICE_X36Y46         FDRE                                         r  i2c_baud_rate_generator/counterTick_reg[3]/C
  -------------------------------------------------------------------    -------------------
    SLICE_X36Y46         FDRE (Prop_fdre_C_Q)         0.456    -0.491 r  i2c_baud_rate_generator/counterTick_reg[3]/Q
                         net (fo=3, routed)           1.141     0.651    i2c_baud_rate_generator/counterTick_reg[3]
    SLICE_X37Y46         LUT6 (Prop_lut6_I2_O)        0.124     0.775 r  i2c_baud_rate_generator/sys_tick_reg_i_2/O
                         net (fo=1, routed)           0.154     0.929    i2c_baud_rate_generator/sys_tick_reg_i_2_n_0
    SLICE_X37Y46         LUT3 (Prop_lut3_I2_O)        0.124     1.053 r  i2c_baud_rate_generator/sys_tick_reg_i_1/O
                         net (fo=1, routed)           0.000     1.053    i2c_baud_rate_generator/sys_tick_reg_i_1_n_0
    SLICE_X37Y46         FDRE                                         r  i2c_baud_rate_generator/sys_tick_reg_reg/D
  -------------------------------------------------------------------    -------------------

                         (clock clk_out1_sys_pll_1 rise edge)
                                                     25.000    25.000 r  
    W5                                                0.000    25.000 r  sys_clk (IN)
                         net (fo=0)                   0.000    25.000    clock_40mhz/inst/clk_in1
    W5                   IBUF (Prop_ibuf_I_O)         1.388    26.388 r  clock_40mhz/inst/clkin1_ibufg/O
                         net (fo=1, routed)           1.162    27.550    clock_40mhz/inst/clk_in1_sys_pll
    MMCME2_ADV_X1Y0      MMCME2_ADV (Prop_mmcme2_adv_CLKIN1_CLKOUT0)
                                                     -7.217    20.332 r  clock_40mhz/inst/mmcm_adv_inst/CLKOUT0
                         net (fo=1, routed)           1.581    21.914    clock_40mhz/inst/clk_out1_sys_pll
    BUFGCTRL_X0Y1        BUFG (Prop_bufg_I_O)         0.091    22.005 r  clock_40mhz/inst/clkout1_buf/O
                         net (fo=6, routed)           1.445    23.450    i2c_baud_rate_generator/clk_out1
    SLICE_X37Y46         FDRE                                         r  i2c_baud_rate_generator/sys_tick_reg_reg/C
                         clock pessimism              0.582    24.031    
                         clock uncertainty           -0.085    23.947    
    SLICE_X37Y46         FDRE (Setup_fdre_C_D)        0.029    23.976    i2c_baud_rate_generator/sys_tick_reg_reg
  -------------------------------------------------------------------
                         required time                         23.976    
                         arrival time                          -1.053    
  -------------------------------------------------------------------
                         slack                                 22.923    

Slack (MET) :             23.039ns  (required time - arrival time)
  Source:                 i2c_baud_rate_generator/counterTick_reg[1]/C
                            (rising edge-triggered cell FDRE clocked by clk_out1_sys_pll_1  {rise@0.000ns fall@12.500ns period=25.000ns})
  Destination:            i2c_baud_rate_generator/counterTick_reg[4]/D
                            (rising edge-triggered cell FDRE clocked by clk_out1_sys_pll_1  {rise@0.000ns fall@12.500ns period=25.000ns})
  Path Group:             clk_out1_sys_pll_1
  Path Type:              Setup (Max at Slow Process Corner)
  Requirement:            25.000ns  (clk_out1_sys_pll_1 rise@25.000ns - clk_out1_sys_pll_1 rise@0.000ns)
  Data Path Delay:        1.914ns  (logic 1.353ns (70.687%)  route 0.561ns (29.313%))
  Logic Levels:           2  (CARRY4=2)
  Clock Path Skew:        -0.024ns (DCD - SCD + CPR)
    Destination Clock Delay (DCD):    -1.549ns = ( 23.451 - 25.000 ) 
    Source Clock Delay      (SCD):    -0.947ns
    Clock Pessimism Removal (CPR):    0.579ns
  Clock Uncertainty:      0.085ns  ((TSJ^2 + DJ^2)^1/2) / 2 + PE
    Total System Jitter     (TSJ):    0.071ns
    Discrete Jitter          (DJ):    0.154ns
    Phase Error              (PE):    0.000ns

    Location             Delay type                Incr(ns)  Path(ns)    Netlist Resource(s)
  -------------------------------------------------------------------    -------------------
                         (clock clk_out1_sys_pll_1 rise edge)
                                                      0.000     0.000 r  
    W5                                                0.000     0.000 r  sys_clk (IN)
                         net (fo=0)                   0.000     0.000    clock_40mhz/inst/clk_in1
    W5                   IBUF (Prop_ibuf_I_O)         1.458     1.458 r  clock_40mhz/inst/clkin1_ibufg/O
                         net (fo=1, routed)           1.233     2.691    clock_40mhz/inst/clk_in1_sys_pll
    MMCME2_ADV_X1Y0      MMCME2_ADV (Prop_mmcme2_adv_CLKIN1_CLKOUT0)
                                                     -6.961    -4.269 r  clock_40mhz/inst/mmcm_adv_inst/CLKOUT0
                         net (fo=1, routed)           1.661    -2.608    clock_40mhz/inst/clk_out1_sys_pll
    BUFGCTRL_X0Y1        BUFG (Prop_bufg_I_O)         0.096    -2.512 r  clock_40mhz/inst/clkout1_buf/O
                         net (fo=6, routed)           1.565    -0.947    i2c_baud_rate_generator/clk_out1
    SLICE_X36Y46         FDRE                                         r  i2c_baud_rate_generator/counterTick_reg[1]/C
  -------------------------------------------------------------------    -------------------
    SLICE_X36Y46         FDRE (Prop_fdre_C_Q)         0.456    -0.491 r  i2c_baud_rate_generator/counterTick_reg[1]/Q
                         net (fo=3, routed)           0.561     0.071    i2c_baud_rate_generator/counterTick_reg[1]
    SLICE_X36Y46         CARRY4 (Prop_carry4_S[1]_CO[3])
                                                      0.674     0.745 r  i2c_baud_rate_generator/counterTick_reg[0]_i_2/CO[3]
                         net (fo=1, routed)           0.000     0.745    i2c_baud_rate_generator/counterTick_reg[0]_i_2_n_0
    SLICE_X36Y47         CARRY4 (Prop_carry4_CI_O[0])
                                                      0.223     0.968 r  i2c_baud_rate_generator/counterTick_reg[4]_i_1/O[0]
                         net (fo=1, routed)           0.000     0.968    i2c_baud_rate_generator/counterTick_reg[4]_i_1_n_7
    SLICE_X36Y47         FDRE                                         r  i2c_baud_rate_generator/counterTick_reg[4]/D
  -------------------------------------------------------------------    -------------------

                         (clock clk_out1_sys_pll_1 rise edge)
                                                     25.000    25.000 r  
    W5                                                0.000    25.000 r  sys_clk (IN)
                         net (fo=0)                   0.000    25.000    clock_40mhz/inst/clk_in1
    W5                   IBUF (Prop_ibuf_I_O)         1.388    26.388 r  clock_40mhz/inst/clkin1_ibufg/O
                         net (fo=1, routed)           1.162    27.550    clock_40mhz/inst/clk_in1_sys_pll
    MMCME2_ADV_X1Y0      MMCME2_ADV (Prop_mmcme2_adv_CLKIN1_CLKOUT0)
                                                     -7.217    20.332 r  clock_40mhz/inst/mmcm_adv_inst/CLKOUT0
                         net (fo=1, routed)           1.581    21.914    clock_40mhz/inst/clk_out1_sys_pll
    BUFGCTRL_X0Y1        BUFG (Prop_bufg_I_O)         0.091    22.005 r  clock_40mhz/inst/clkout1_buf/O
                         net (fo=6, routed)           1.446    23.451    i2c_baud_rate_generator/clk_out1
    SLICE_X36Y47         FDRE                                         r  i2c_baud_rate_generator/counterTick_reg[4]/C
                         clock pessimism              0.579    24.029    
                         clock uncertainty           -0.085    23.945    
    SLICE_X36Y47         FDRE (Setup_fdre_C_D)        0.062    24.007    i2c_baud_rate_generator/counterTick_reg[4]
  -------------------------------------------------------------------
                         required time                         24.007    
                         arrival time                          -0.968    
  -------------------------------------------------------------------
                         slack                                 23.039    

Slack (MET) :             23.196ns  (required time - arrival time)
  Source:                 i2c_baud_rate_generator/counterTick_reg[1]/C
                            (rising edge-triggered cell FDRE clocked by clk_out1_sys_pll_1  {rise@0.000ns fall@12.500ns period=25.000ns})
  Destination:            i2c_baud_rate_generator/counterTick_reg[3]/D
                            (rising edge-triggered cell FDRE clocked by clk_out1_sys_pll_1  {rise@0.000ns fall@12.500ns period=25.000ns})
  Path Group:             clk_out1_sys_pll_1
  Path Type:              Setup (Max at Slow Process Corner)
  Requirement:            25.000ns  (clk_out1_sys_pll_1 rise@25.000ns - clk_out1_sys_pll_1 rise@0.000ns)
  Data Path Delay:        1.781ns  (logic 1.220ns (68.498%)  route 0.561ns (31.502%))
  Logic Levels:           1  (CARRY4=1)
  Clock Path Skew:        0.000ns (DCD - SCD + CPR)
    Destination Clock Delay (DCD):    -1.550ns = ( 23.450 - 25.000 ) 
    Source Clock Delay      (SCD):    -0.947ns
    Clock Pessimism Removal (CPR):    0.604ns
  Clock Uncertainty:      0.085ns  ((TSJ^2 + DJ^2)^1/2) / 2 + PE
    Total System Jitter     (TSJ):    0.071ns
    Discrete Jitter          (DJ):    0.154ns
    Phase Error              (PE):    0.000ns

    Location             Delay type                Incr(ns)  Path(ns)    Netlist Resource(s)
  -------------------------------------------------------------------    -------------------
                         (clock clk_out1_sys_pll_1 rise edge)
                                                      0.000     0.000 r  
    W5                                                0.000     0.000 r  sys_clk (IN)
                         net (fo=0)                   0.000     0.000    clock_40mhz/inst/clk_in1
    W5                   IBUF (Prop_ibuf_I_O)         1.458     1.458 r  clock_40mhz/inst/clkin1_ibufg/O
                         net (fo=1, routed)           1.233     2.691    clock_40mhz/inst/clk_in1_sys_pll
    MMCME2_ADV_X1Y0      MMCME2_ADV (Prop_mmcme2_adv_CLKIN1_CLKOUT0)
                                                     -6.961    -4.269 r  clock_40mhz/inst/mmcm_adv_inst/CLKOUT0
                         net (fo=1, routed)           1.661    -2.608    clock_40mhz/inst/clk_out1_sys_pll
    BUFGCTRL_X0Y1        BUFG (Prop_bufg_I_O)         0.096    -2.512 r  clock_40mhz/inst/clkout1_buf/O
                         net (fo=6, routed)           1.565    -0.947    i2c_baud_rate_generator/clk_out1
    SLICE_X36Y46         FDRE                                         r  i2c_baud_rate_generator/counterTick_reg[1]/C
  -------------------------------------------------------------------    -------------------
    SLICE_X36Y46         FDRE (Prop_fdre_C_Q)         0.456    -0.491 r  i2c_baud_rate_generator/counterTick_reg[1]/Q
                         net (fo=3, routed)           0.561     0.071    i2c_baud_rate_generator/counterTick_reg[1]
    SLICE_X36Y46         CARRY4 (Prop_carry4_S[1]_O[3])
                                                      0.764     0.835 r  i2c_baud_rate_generator/counterTick_reg[0]_i_2/O[3]
                         net (fo=1, routed)           0.000     0.835    i2c_baud_rate_generator/counterTick_reg[0]_i_2_n_4
    SLICE_X36Y46         FDRE                                         r  i2c_baud_rate_generator/counterTick_reg[3]/D
  -------------------------------------------------------------------    -------------------

                         (clock clk_out1_sys_pll_1 rise edge)
                                                     25.000    25.000 r  
    W5                                                0.000    25.000 r  sys_clk (IN)
                         net (fo=0)                   0.000    25.000    clock_40mhz/inst/clk_in1
    W5                   IBUF (Prop_ibuf_I_O)         1.388    26.388 r  clock_40mhz/inst/clkin1_ibufg/O
                         net (fo=1, routed)           1.162    27.550    clock_40mhz/inst/clk_in1_sys_pll
    MMCME2_ADV_X1Y0      MMCME2_ADV (Prop_mmcme2_adv_CLKIN1_CLKOUT0)
                                                     -7.217    20.332 r  clock_40mhz/inst/mmcm_adv_inst/CLKOUT0
                         net (fo=1, routed)           1.581    21.914    clock_40mhz/inst/clk_out1_sys_pll
    BUFGCTRL_X0Y1        BUFG (Prop_bufg_I_O)         0.091    22.005 r  clock_40mhz/inst/clkout1_buf/O
                         net (fo=6, routed)           1.445    23.450    i2c_baud_rate_generator/clk_out1
    SLICE_X36Y46         FDRE                                         r  i2c_baud_rate_generator/counterTick_reg[3]/C
                         clock pessimism              0.604    24.053    
                         clock uncertainty           -0.085    23.969    
    SLICE_X36Y46         FDRE (Setup_fdre_C_D)        0.062    24.031    i2c_baud_rate_generator/counterTick_reg[3]
  -------------------------------------------------------------------
                         required time                         24.031    
                         arrival time                          -0.835    
  -------------------------------------------------------------------
                         slack                                 23.196    

Slack (MET) :             23.256ns  (required time - arrival time)
  Source:                 i2c_baud_rate_generator/counterTick_reg[1]/C
                            (rising edge-triggered cell FDRE clocked by clk_out1_sys_pll_1  {rise@0.000ns fall@12.500ns period=25.000ns})
  Destination:            i2c_baud_rate_generator/counterTick_reg[2]/D
                            (rising edge-triggered cell FDRE clocked by clk_out1_sys_pll_1  {rise@0.000ns fall@12.500ns period=25.000ns})
  Path Group:             clk_out1_sys_pll_1
  Path Type:              Setup (Max at Slow Process Corner)
  Requirement:            25.000ns  (clk_out1_sys_pll_1 rise@25.000ns - clk_out1_sys_pll_1 rise@0.000ns)
  Data Path Delay:        1.721ns  (logic 1.160ns (67.400%)  route 0.561ns (32.600%))
  Logic Levels:           1  (CARRY4=1)
  Clock Path Skew:        0.000ns (DCD - SCD + CPR)
    Destination Clock Delay (DCD):    -1.550ns = ( 23.450 - 25.000 ) 
    Source Clock Delay      (SCD):    -0.947ns
    Clock Pessimism Removal (CPR):    0.604ns
  Clock Uncertainty:      0.085ns  ((TSJ^2 + DJ^2)^1/2) / 2 + PE
    Total System Jitter     (TSJ):    0.071ns
    Discrete Jitter          (DJ):    0.154ns
    Phase Error              (PE):    0.000ns

    Location             Delay type                Incr(ns)  Path(ns)    Netlist Resource(s)
  -------------------------------------------------------------------    -------------------
                         (clock clk_out1_sys_pll_1 rise edge)
                                                      0.000     0.000 r  
    W5                                                0.000     0.000 r  sys_clk (IN)
                         net (fo=0)                   0.000     0.000    clock_40mhz/inst/clk_in1
    W5                   IBUF (Prop_ibuf_I_O)         1.458     1.458 r  clock_40mhz/inst/clkin1_ibufg/O
                         net (fo=1, routed)           1.233     2.691    clock_40mhz/inst/clk_in1_sys_pll
    MMCME2_ADV_X1Y0      MMCME2_ADV (Prop_mmcme2_adv_CLKIN1_CLKOUT0)
                                                     -6.961    -4.269 r  clock_40mhz/inst/mmcm_adv_inst/CLKOUT0
                         net (fo=1, routed)           1.661    -2.608    clock_40mhz/inst/clk_out1_sys_pll
    BUFGCTRL_X0Y1        BUFG (Prop_bufg_I_O)         0.096    -2.512 r  clock_40mhz/inst/clkout1_buf/O
                         net (fo=6, routed)           1.565    -0.947    i2c_baud_rate_generator/clk_out1
    SLICE_X36Y46         FDRE                                         r  i2c_baud_rate_generator/counterTick_reg[1]/C
  -------------------------------------------------------------------    -------------------
    SLICE_X36Y46         FDRE (Prop_fdre_C_Q)         0.456    -0.491 r  i2c_baud_rate_generator/counterTick_reg[1]/Q
                         net (fo=3, routed)           0.561     0.071    i2c_baud_rate_generator/counterTick_reg[1]
    SLICE_X36Y46         CARRY4 (Prop_carry4_S[1]_O[2])
                                                      0.704     0.775 r  i2c_baud_rate_generator/counterTick_reg[0]_i_2/O[2]
                         net (fo=1, routed)           0.000     0.775    i2c_baud_rate_generator/counterTick_reg[0]_i_2_n_5
    SLICE_X36Y46         FDRE                                         r  i2c_baud_rate_generator/counterTick_reg[2]/D
  -------------------------------------------------------------------    -------------------

                         (clock clk_out1_sys_pll_1 rise edge)
                                                     25.000    25.000 r  
    W5                                                0.000    25.000 r  sys_clk (IN)
                         net (fo=0)                   0.000    25.000    clock_40mhz/inst/clk_in1
    W5                   IBUF (Prop_ibuf_I_O)         1.388    26.388 r  clock_40mhz/inst/clkin1_ibufg/O
                         net (fo=1, routed)           1.162    27.550    clock_40mhz/inst/clk_in1_sys_pll
    MMCME2_ADV_X1Y0      MMCME2_ADV (Prop_mmcme2_adv_CLKIN1_CLKOUT0)
                                                     -7.217    20.332 r  clock_40mhz/inst/mmcm_adv_inst/CLKOUT0
                         net (fo=1, routed)           1.581    21.914    clock_40mhz/inst/clk_out1_sys_pll
    BUFGCTRL_X0Y1        BUFG (Prop_bufg_I_O)         0.091    22.005 r  clock_40mhz/inst/clkout1_buf/O
                         net (fo=6, routed)           1.445    23.450    i2c_baud_rate_generator/clk_out1
    SLICE_X36Y46         FDRE                                         r  i2c_baud_rate_generator/counterTick_reg[2]/C
                         clock pessimism              0.604    24.053    
                         clock uncertainty           -0.085    23.969    
    SLICE_X36Y46         FDRE (Setup_fdre_C_D)        0.062    24.031    i2c_baud_rate_generator/counterTick_reg[2]
  -------------------------------------------------------------------
                         required time                         24.031    
                         arrival time                          -0.775    
  -------------------------------------------------------------------
                         slack                                 23.256    

Slack (MET) :             23.441ns  (required time - arrival time)
  Source:                 i2c_baud_rate_generator/counterTick_reg[0]/C
                            (rising edge-triggered cell FDRE clocked by clk_out1_sys_pll_1  {rise@0.000ns fall@12.500ns period=25.000ns})
  Destination:            i2c_baud_rate_generator/counterTick_reg[1]/D
                            (rising edge-triggered cell FDRE clocked by clk_out1_sys_pll_1  {rise@0.000ns fall@12.500ns period=25.000ns})
  Path Group:             clk_out1_sys_pll_1
  Path Type:              Setup (Max at Slow Process Corner)
  Requirement:            25.000ns  (clk_out1_sys_pll_1 rise@25.000ns - clk_out1_sys_pll_1 rise@0.000ns)
  Data Path Delay:        1.537ns  (logic 1.004ns (65.329%)  route 0.533ns (34.671%))
  Logic Levels:           2  (CARRY4=1 LUT1=1)
  Clock Path Skew:        0.000ns (DCD - SCD + CPR)
    Destination Clock Delay (DCD):    -1.550ns = ( 23.450 - 25.000 ) 
    Source Clock Delay      (SCD):    -0.947ns
    Clock Pessimism Removal (CPR):    0.604ns
  Clock Uncertainty:      0.085ns  ((TSJ^2 + DJ^2)^1/2) / 2 + PE
    Total System Jitter     (TSJ):    0.071ns
    Discrete Jitter          (DJ):    0.154ns
    Phase Error              (PE):    0.000ns

    Location             Delay type                Incr(ns)  Path(ns)    Netlist Resource(s)
  -------------------------------------------------------------------    -------------------
                         (clock clk_out1_sys_pll_1 rise edge)
                                                      0.000     0.000 r  
    W5                                                0.000     0.000 r  sys_clk (IN)
                         net (fo=0)                   0.000     0.000    clock_40mhz/inst/clk_in1
    W5                   IBUF (Prop_ibuf_I_O)         1.458     1.458 r  clock_40mhz/inst/clkin1_ibufg/O
                         net (fo=1, routed)           1.233     2.691    clock_40mhz/inst/clk_in1_sys_pll
    MMCME2_ADV_X1Y0      MMCME2_ADV (Prop_mmcme2_adv_CLKIN1_CLKOUT0)
                                                     -6.961    -4.269 r  clock_40mhz/inst/mmcm_adv_inst/CLKOUT0
                         net (fo=1, routed)           1.661    -2.608    clock_40mhz/inst/clk_out1_sys_pll
    BUFGCTRL_X0Y1        BUFG (Prop_bufg_I_O)         0.096    -2.512 r  clock_40mhz/inst/clkout1_buf/O
                         net (fo=6, routed)           1.565    -0.947    i2c_baud_rate_generator/clk_out1
    SLICE_X36Y46         FDRE                                         r  i2c_baud_rate_generator/counterTick_reg[0]/C
  -------------------------------------------------------------------    -------------------
    SLICE_X36Y46         FDRE (Prop_fdre_C_Q)         0.456    -0.491 f  i2c_baud_rate_generator/counterTick_reg[0]/Q
                         net (fo=3, routed)           0.533     0.042    i2c_baud_rate_generator/counterTick_reg[0]
    SLICE_X36Y46         LUT1 (Prop_lut1_I0_O)        0.124     0.166 r  i2c_baud_rate_generator/counterTick[0]_i_3/O
                         net (fo=1, routed)           0.000     0.166    i2c_baud_rate_generator/counterTick[0]_i_3_n_0
    SLICE_X36Y46         CARRY4 (Prop_carry4_S[0]_O[1])
                                                      0.424     0.590 r  i2c_baud_rate_generator/counterTick_reg[0]_i_2/O[1]
                         net (fo=1, routed)           0.000     0.590    i2c_baud_rate_generator/counterTick_reg[0]_i_2_n_6
    SLICE_X36Y46         FDRE                                         r  i2c_baud_rate_generator/counterTick_reg[1]/D
  -------------------------------------------------------------------    -------------------

                         (clock clk_out1_sys_pll_1 rise edge)
                                                     25.000    25.000 r  
    W5                                                0.000    25.000 r  sys_clk (IN)
                         net (fo=0)                   0.000    25.000    clock_40mhz/inst/clk_in1
    W5                   IBUF (Prop_ibuf_I_O)         1.388    26.388 r  clock_40mhz/inst/clkin1_ibufg/O
                         net (fo=1, routed)           1.162    27.550    clock_40mhz/inst/clk_in1_sys_pll
    MMCME2_ADV_X1Y0      MMCME2_ADV (Prop_mmcme2_adv_CLKIN1_CLKOUT0)
                                                     -7.217    20.332 r  clock_40mhz/inst/mmcm_adv_inst/CLKOUT0
                         net (fo=1, routed)           1.581    21.914    clock_40mhz/inst/clk_out1_sys_pll
    BUFGCTRL_X0Y1        BUFG (Prop_bufg_I_O)         0.091    22.005 r  clock_40mhz/inst/clkout1_buf/O
                         net (fo=6, routed)           1.445    23.450    i2c_baud_rate_generator/clk_out1
    SLICE_X36Y46         FDRE                                         r  i2c_baud_rate_generator/counterTick_reg[1]/C
                         clock pessimism              0.604    24.053    
                         clock uncertainty           -0.085    23.969    
    SLICE_X36Y46         FDRE (Setup_fdre_C_D)        0.062    24.031    i2c_baud_rate_generator/counterTick_reg[1]
  -------------------------------------------------------------------
                         required time                         24.031    
                         arrival time                          -0.590    
  -------------------------------------------------------------------
                         slack                                 23.441    





Min Delay Paths
--------------------------------------------------------------------------------------
Slack (MET) :             0.251ns  (arrival time - required time)
  Source:                 i2c_baud_rate_generator/counterTick_reg[1]/C
                            (rising edge-triggered cell FDRE clocked by clk_out1_sys_pll_1  {rise@0.000ns fall@12.500ns period=25.000ns})
  Destination:            i2c_baud_rate_generator/sys_tick_reg_reg/D
                            (rising edge-triggered cell FDRE clocked by clk_out1_sys_pll_1  {rise@0.000ns fall@12.500ns period=25.000ns})
  Path Group:             clk_out1_sys_pll_1
  Path Type:              Hold (Min at Fast Process Corner)
  Requirement:            0.000ns  (clk_out1_sys_pll_1 rise@0.000ns - clk_out1_sys_pll_1 rise@0.000ns)
  Data Path Delay:        0.355ns  (logic 0.231ns (65.028%)  route 0.124ns (34.972%))
  Logic Levels:           2  (LUT3=1 LUT6=1)
  Clock Path Skew:        0.013ns (DCD - SCD - CPR)
    Destination Clock Delay (DCD):    -0.858ns
    Source Clock Delay      (SCD):    -0.618ns
    Clock Pessimism Removal (CPR):    -0.252ns

    Location             Delay type                Incr(ns)  Path(ns)    Netlist Resource(s)
  -------------------------------------------------------------------    -------------------
                         (clock clk_out1_sys_pll_1 rise edge)
                                                      0.000     0.000 r  
    W5                                                0.000     0.000 r  sys_clk (IN)
                         net (fo=0)                   0.000     0.000    clock_40mhz/inst/clk_in1
    W5                   IBUF (Prop_ibuf_I_O)         0.226     0.226 r  clock_40mhz/inst/clkin1_ibufg/O
                         net (fo=1, routed)           0.440     0.667    clock_40mhz/inst/clk_in1_sys_pll
    MMCME2_ADV_X1Y0      MMCME2_ADV (Prop_mmcme2_adv_CLKIN1_CLKOUT0)
                                                     -2.360    -1.693 r  clock_40mhz/inst/mmcm_adv_inst/CLKOUT0
                         net (fo=1, routed)           0.486    -1.207    clock_40mhz/inst/clk_out1_sys_pll
    BUFGCTRL_X0Y1        BUFG (Prop_bufg_I_O)         0.026    -1.181 r  clock_40mhz/inst/clkout1_buf/O
                         net (fo=6, routed)           0.563    -0.618    i2c_baud_rate_generator/clk_out1
    SLICE_X36Y46         FDRE                                         r  i2c_baud_rate_generator/counterTick_reg[1]/C
  -------------------------------------------------------------------    -------------------
    SLICE_X36Y46         FDRE (Prop_fdre_C_Q)         0.141    -0.477 f  i2c_baud_rate_generator/counterTick_reg[1]/Q
                         net (fo=3, routed)           0.073    -0.404    i2c_baud_rate_generator/counterTick_reg[1]
    SLICE_X37Y46         LUT6 (Prop_lut6_I4_O)        0.045    -0.359 r  i2c_baud_rate_generator/sys_tick_reg_i_2/O
                         net (fo=1, routed)           0.051    -0.308    i2c_baud_rate_generator/sys_tick_reg_i_2_n_0
    SLICE_X37Y46         LUT3 (Prop_lut3_I2_O)        0.045    -0.263 r  i2c_baud_rate_generator/sys_tick_reg_i_1/O
                         net (fo=1, routed)           0.000    -0.263    i2c_baud_rate_generator/sys_tick_reg_i_1_n_0
    SLICE_X37Y46         FDRE                                         r  i2c_baud_rate_generator/sys_tick_reg_reg/D
  -------------------------------------------------------------------    -------------------

                         (clock clk_out1_sys_pll_1 rise edge)
                                                      0.000     0.000 r  
    W5                                                0.000     0.000 r  sys_clk (IN)
                         net (fo=0)                   0.000     0.000    clock_40mhz/inst/clk_in1
    W5                   IBUF (Prop_ibuf_I_O)         0.414     0.414 r  clock_40mhz/inst/clkin1_ibufg/O
                         net (fo=1, routed)           0.480     0.894    clock_40mhz/inst/clk_in1_sys_pll
    MMCME2_ADV_X1Y0      MMCME2_ADV (Prop_mmcme2_adv_CLKIN1_CLKOUT0)
                                                     -3.142    -2.248 r  clock_40mhz/inst/mmcm_adv_inst/CLKOUT0
                         net (fo=1, routed)           0.530    -1.718    clock_40mhz/inst/clk_out1_sys_pll
    BUFGCTRL_X0Y1        BUFG (Prop_bufg_I_O)         0.029    -1.689 r  clock_40mhz/inst/clkout1_buf/O
                         net (fo=6, routed)           0.832    -0.858    i2c_baud_rate_generator/clk_out1
    SLICE_X37Y46         FDRE                                         r  i2c_baud_rate_generator/sys_tick_reg_reg/C
                         clock pessimism              0.252    -0.605    
    SLICE_X37Y46         FDRE (Hold_fdre_C_D)         0.091    -0.514    i2c_baud_rate_generator/sys_tick_reg_reg
  -------------------------------------------------------------------
                         required time                          0.514    
                         arrival time                          -0.263    
  -------------------------------------------------------------------
                         slack                                  0.251    

Slack (MET) :             0.291ns  (arrival time - required time)
  Source:                 i2c_baud_rate_generator/counterTick_reg[2]/C
                            (rising edge-triggered cell FDRE clocked by clk_out1_sys_pll_1  {rise@0.000ns fall@12.500ns period=25.000ns})
  Destination:            i2c_baud_rate_generator/counterTick_reg[2]/D
                            (rising edge-triggered cell FDRE clocked by clk_out1_sys_pll_1  {rise@0.000ns fall@12.500ns period=25.000ns})
  Path Group:             clk_out1_sys_pll_1
  Path Type:              Hold (Min at Fast Process Corner)
  Requirement:            0.000ns  (clk_out1_sys_pll_1 rise@0.000ns - clk_out1_sys_pll_1 rise@0.000ns)
  Data Path Delay:        0.396ns  (logic 0.252ns (63.690%)  route 0.144ns (36.310%))
  Logic Levels:           1  (CARRY4=1)
  Clock Path Skew:        0.000ns (DCD - SCD - CPR)
    Destination Clock Delay (DCD):    -0.858ns
    Source Clock Delay      (SCD):    -0.618ns
    Clock Pessimism Removal (CPR):    -0.239ns

    Location             Delay type                Incr(ns)  Path(ns)    Netlist Resource(s)
  -------------------------------------------------------------------    -------------------
                         (clock clk_out1_sys_pll_1 rise edge)
                                                      0.000     0.000 r  
    W5                                                0.000     0.000 r  sys_clk (IN)
                         net (fo=0)                   0.000     0.000    clock_40mhz/inst/clk_in1
    W5                   IBUF (Prop_ibuf_I_O)         0.226     0.226 r  clock_40mhz/inst/clkin1_ibufg/O
                         net (fo=1, routed)           0.440     0.667    clock_40mhz/inst/clk_in1_sys_pll
    MMCME2_ADV_X1Y0      MMCME2_ADV (Prop_mmcme2_adv_CLKIN1_CLKOUT0)
                                                     -2.360    -1.693 r  clock_40mhz/inst/mmcm_adv_inst/CLKOUT0
                         net (fo=1, routed)           0.486    -1.207    clock_40mhz/inst/clk_out1_sys_pll
    BUFGCTRL_X0Y1        BUFG (Prop_bufg_I_O)         0.026    -1.181 r  clock_40mhz/inst/clkout1_buf/O
                         net (fo=6, routed)           0.563    -0.618    i2c_baud_rate_generator/clk_out1
    SLICE_X36Y46         FDRE                                         r  i2c_baud_rate_generator/counterTick_reg[2]/C
  -------------------------------------------------------------------    -------------------
    SLICE_X36Y46         FDRE (Prop_fdre_C_Q)         0.141    -0.477 r  i2c_baud_rate_generator/counterTick_reg[2]/Q
                         net (fo=3, routed)           0.144    -0.334    i2c_baud_rate_generator/counterTick_reg[2]
    SLICE_X36Y46         CARRY4 (Prop_carry4_S[2]_O[2])
                                                      0.111    -0.223 r  i2c_baud_rate_generator/counterTick_reg[0]_i_2/O[2]
                         net (fo=1, routed)           0.000    -0.223    i2c_baud_rate_generator/counterTick_reg[0]_i_2_n_5
    SLICE_X36Y46         FDRE                                         r  i2c_baud_rate_generator/counterTick_reg[2]/D
  -------------------------------------------------------------------    -------------------

                         (clock clk_out1_sys_pll_1 rise edge)
                                                      0.000     0.000 r  
    W5                                                0.000     0.000 r  sys_clk (IN)
                         net (fo=0)                   0.000     0.000    clock_40mhz/inst/clk_in1
    W5                   IBUF (Prop_ibuf_I_O)         0.414     0.414 r  clock_40mhz/inst/clkin1_ibufg/O
                         net (fo=1, routed)           0.480     0.894    clock_40mhz/inst/clk_in1_sys_pll
    MMCME2_ADV_X1Y0      MMCME2_ADV (Prop_mmcme2_adv_CLKIN1_CLKOUT0)
                                                     -3.142    -2.248 r  clock_40mhz/inst/mmcm_adv_inst/CLKOUT0
                         net (fo=1, routed)           0.530    -1.718    clock_40mhz/inst/clk_out1_sys_pll
    BUFGCTRL_X0Y1        BUFG (Prop_bufg_I_O)         0.029    -1.689 r  clock_40mhz/inst/clkout1_buf/O
                         net (fo=6, routed)           0.832    -0.858    i2c_baud_rate_generator/clk_out1
    SLICE_X36Y46         FDRE                                         r  i2c_baud_rate_generator/counterTick_reg[2]/C
                         clock pessimism              0.239    -0.618    
    SLICE_X36Y46         FDRE (Hold_fdre_C_D)         0.105    -0.513    i2c_baud_rate_generator/counterTick_reg[2]
  -------------------------------------------------------------------
                         required time                          0.513    
                         arrival time                          -0.223    
  -------------------------------------------------------------------
                         slack                                  0.291    

Slack (MET) :             0.324ns  (arrival time - required time)
  Source:                 i2c_baud_rate_generator/counterTick_reg[2]/C
                            (rising edge-triggered cell FDRE clocked by clk_out1_sys_pll_1  {rise@0.000ns fall@12.500ns period=25.000ns})
  Destination:            i2c_baud_rate_generator/counterTick_reg[3]/D
                            (rising edge-triggered cell FDRE clocked by clk_out1_sys_pll_1  {rise@0.000ns fall@12.500ns period=25.000ns})
  Path Group:             clk_out1_sys_pll_1
  Path Type:              Hold (Min at Fast Process Corner)
  Requirement:            0.000ns  (clk_out1_sys_pll_1 rise@0.000ns - clk_out1_sys_pll_1 rise@0.000ns)
  Data Path Delay:        0.429ns  (logic 0.285ns (66.485%)  route 0.144ns (33.515%))
  Logic Levels:           1  (CARRY4=1)
  Clock Path Skew:        0.000ns (DCD - SCD - CPR)
    Destination Clock Delay (DCD):    -0.858ns
    Source Clock Delay      (SCD):    -0.618ns
    Clock Pessimism Removal (CPR):    -0.239ns

    Location             Delay type                Incr(ns)  Path(ns)    Netlist Resource(s)
  -------------------------------------------------------------------    -------------------
                         (clock clk_out1_sys_pll_1 rise edge)
                                                      0.000     0.000 r  
    W5                                                0.000     0.000 r  sys_clk (IN)
                         net (fo=0)                   0.000     0.000    clock_40mhz/inst/clk_in1
    W5                   IBUF (Prop_ibuf_I_O)         0.226     0.226 r  clock_40mhz/inst/clkin1_ibufg/O
                         net (fo=1, routed)           0.440     0.667    clock_40mhz/inst/clk_in1_sys_pll
    MMCME2_ADV_X1Y0      MMCME2_ADV (Prop_mmcme2_adv_CLKIN1_CLKOUT0)
                                                     -2.360    -1.693 r  clock_40mhz/inst/mmcm_adv_inst/CLKOUT0
                         net (fo=1, routed)           0.486    -1.207    clock_40mhz/inst/clk_out1_sys_pll
    BUFGCTRL_X0Y1        BUFG (Prop_bufg_I_O)         0.026    -1.181 r  clock_40mhz/inst/clkout1_buf/O
                         net (fo=6, routed)           0.563    -0.618    i2c_baud_rate_generator/clk_out1
    SLICE_X36Y46         FDRE                                         r  i2c_baud_rate_generator/counterTick_reg[2]/C
  -------------------------------------------------------------------    -------------------
    SLICE_X36Y46         FDRE (Prop_fdre_C_Q)         0.141    -0.477 r  i2c_baud_rate_generator/counterTick_reg[2]/Q
                         net (fo=3, routed)           0.144    -0.334    i2c_baud_rate_generator/counterTick_reg[2]
    SLICE_X36Y46         CARRY4 (Prop_carry4_S[2]_O[3])
                                                      0.144    -0.190 r  i2c_baud_rate_generator/counterTick_reg[0]_i_2/O[3]
                         net (fo=1, routed)           0.000    -0.190    i2c_baud_rate_generator/counterTick_reg[0]_i_2_n_4
    SLICE_X36Y46         FDRE                                         r  i2c_baud_rate_generator/counterTick_reg[3]/D
  -------------------------------------------------------------------    -------------------

                         (clock clk_out1_sys_pll_1 rise edge)
                                                      0.000     0.000 r  
    W5                                                0.000     0.000 r  sys_clk (IN)
                         net (fo=0)                   0.000     0.000    clock_40mhz/inst/clk_in1
    W5                   IBUF (Prop_ibuf_I_O)         0.414     0.414 r  clock_40mhz/inst/clkin1_ibufg/O
                         net (fo=1, routed)           0.480     0.894    clock_40mhz/inst/clk_in1_sys_pll
    MMCME2_ADV_X1Y0      MMCME2_ADV (Prop_mmcme2_adv_CLKIN1_CLKOUT0)
                                                     -3.142    -2.248 r  clock_40mhz/inst/mmcm_adv_inst/CLKOUT0
                         net (fo=1, routed)           0.530    -1.718    clock_40mhz/inst/clk_out1_sys_pll
    BUFGCTRL_X0Y1        BUFG (Prop_bufg_I_O)         0.029    -1.689 r  clock_40mhz/inst/clkout1_buf/O
                         net (fo=6, routed)           0.832    -0.858    i2c_baud_rate_generator/clk_out1
    SLICE_X36Y46         FDRE                                         r  i2c_baud_rate_generator/counterTick_reg[3]/C
                         clock pessimism              0.239    -0.618    
    SLICE_X36Y46         FDRE (Hold_fdre_C_D)         0.105    -0.513    i2c_baud_rate_generator/counterTick_reg[3]
  -------------------------------------------------------------------
                         required time                          0.513    
                         arrival time                          -0.190    
  -------------------------------------------------------------------
                         slack                                  0.324    

Slack (MET) :             0.340ns  (arrival time - required time)
  Source:                 i2c_baud_rate_generator/counterTick_reg[4]/C
                            (rising edge-triggered cell FDRE clocked by clk_out1_sys_pll_1  {rise@0.000ns fall@12.500ns period=25.000ns})
  Destination:            i2c_baud_rate_generator/counterTick_reg[4]/D
                            (rising edge-triggered cell FDRE clocked by clk_out1_sys_pll_1  {rise@0.000ns fall@12.500ns period=25.000ns})
  Path Group:             clk_out1_sys_pll_1
  Path Type:              Hold (Min at Fast Process Corner)
  Requirement:            0.000ns  (clk_out1_sys_pll_1 rise@0.000ns - clk_out1_sys_pll_1 rise@0.000ns)
  Data Path Delay:        0.445ns  (logic 0.256ns (57.583%)  route 0.189ns (42.417%))
  Logic Levels:           1  (CARRY4=1)
  Clock Path Skew:        0.000ns (DCD - SCD - CPR)
    Destination Clock Delay (DCD):    -0.857ns
    Source Clock Delay      (SCD):    -0.617ns
    Clock Pessimism Removal (CPR):    -0.239ns

    Location             Delay type                Incr(ns)  Path(ns)    Netlist Resource(s)
  -------------------------------------------------------------------    -------------------
                         (clock clk_out1_sys_pll_1 rise edge)
                                                      0.000     0.000 r  
    W5                                                0.000     0.000 r  sys_clk (IN)
                         net (fo=0)                   0.000     0.000    clock_40mhz/inst/clk_in1
    W5                   IBUF (Prop_ibuf_I_O)         0.226     0.226 r  clock_40mhz/inst/clkin1_ibufg/O
                         net (fo=1, routed)           0.440     0.667    clock_40mhz/inst/clk_in1_sys_pll
    MMCME2_ADV_X1Y0      MMCME2_ADV (Prop_mmcme2_adv_CLKIN1_CLKOUT0)
                                                     -2.360    -1.693 r  clock_40mhz/inst/mmcm_adv_inst/CLKOUT0
                         net (fo=1, routed)           0.486    -1.207    clock_40mhz/inst/clk_out1_sys_pll
    BUFGCTRL_X0Y1        BUFG (Prop_bufg_I_O)         0.026    -1.181 r  clock_40mhz/inst/clkout1_buf/O
                         net (fo=6, routed)           0.564    -0.617    i2c_baud_rate_generator/clk_out1
    SLICE_X36Y47         FDRE                                         r  i2c_baud_rate_generator/counterTick_reg[4]/C
  -------------------------------------------------------------------    -------------------
    SLICE_X36Y47         FDRE (Prop_fdre_C_Q)         0.141    -0.476 r  i2c_baud_rate_generator/counterTick_reg[4]/Q
                         net (fo=3, routed)           0.189    -0.288    i2c_baud_rate_generator/counterTick_reg[4]
    SLICE_X36Y47         CARRY4 (Prop_carry4_S[0]_O[0])
                                                      0.115    -0.173 r  i2c_baud_rate_generator/counterTick_reg[4]_i_1/O[0]
                         net (fo=1, routed)           0.000    -0.173    i2c_baud_rate_generator/counterTick_reg[4]_i_1_n_7
    SLICE_X36Y47         FDRE                                         r  i2c_baud_rate_generator/counterTick_reg[4]/D
  -------------------------------------------------------------------    -------------------

                         (clock clk_out1_sys_pll_1 rise edge)
                                                      0.000     0.000 r  
    W5                                                0.000     0.000 r  sys_clk (IN)
                         net (fo=0)                   0.000     0.000    clock_40mhz/inst/clk_in1
    W5                   IBUF (Prop_ibuf_I_O)         0.414     0.414 r  clock_40mhz/inst/clkin1_ibufg/O
                         net (fo=1, routed)           0.480     0.894    clock_40mhz/inst/clk_in1_sys_pll
    MMCME2_ADV_X1Y0      MMCME2_ADV (Prop_mmcme2_adv_CLKIN1_CLKOUT0)
                                                     -3.142    -2.248 r  clock_40mhz/inst/mmcm_adv_inst/CLKOUT0
                         net (fo=1, routed)           0.530    -1.718    clock_40mhz/inst/clk_out1_sys_pll
    BUFGCTRL_X0Y1        BUFG (Prop_bufg_I_O)         0.029    -1.689 r  clock_40mhz/inst/clkout1_buf/O
                         net (fo=6, routed)           0.833    -0.857    i2c_baud_rate_generator/clk_out1
    SLICE_X36Y47         FDRE                                         r  i2c_baud_rate_generator/counterTick_reg[4]/C
                         clock pessimism              0.239    -0.617    
    SLICE_X36Y47         FDRE (Hold_fdre_C_D)         0.105    -0.512    i2c_baud_rate_generator/counterTick_reg[4]
  -------------------------------------------------------------------
                         required time                          0.512    
                         arrival time                          -0.173    
  -------------------------------------------------------------------
                         slack                                  0.340    

Slack (MET) :             0.347ns  (arrival time - required time)
  Source:                 i2c_baud_rate_generator/counterTick_reg[0]/C
                            (rising edge-triggered cell FDRE clocked by clk_out1_sys_pll_1  {rise@0.000ns fall@12.500ns period=25.000ns})
  Destination:            i2c_baud_rate_generator/counterTick_reg[0]/D
                            (rising edge-triggered cell FDRE clocked by clk_out1_sys_pll_1  {rise@0.000ns fall@12.500ns period=25.000ns})
  Path Group:             clk_out1_sys_pll_1
  Path Type:              Hold (Min at Fast Process Corner)
  Requirement:            0.000ns  (clk_out1_sys_pll_1 rise@0.000ns - clk_out1_sys_pll_1 rise@0.000ns)
  Data Path Delay:        0.452ns  (logic 0.256ns (56.658%)  route 0.196ns (43.342%))
  Logic Levels:           2  (CARRY4=1 LUT1=1)
  Clock Path Skew:        0.000ns (DCD - SCD - CPR)
    Destination Clock Delay (DCD):    -0.858ns
    Source Clock Delay      (SCD):    -0.618ns
    Clock Pessimism Removal (CPR):    -0.239ns

    Location             Delay type                Incr(ns)  Path(ns)    Netlist Resource(s)
  -------------------------------------------------------------------    -------------------
                         (clock clk_out1_sys_pll_1 rise edge)
                                                      0.000     0.000 r  
    W5                                                0.000     0.000 r  sys_clk (IN)
                         net (fo=0)                   0.000     0.000    clock_40mhz/inst/clk_in1
    W5                   IBUF (Prop_ibuf_I_O)         0.226     0.226 r  clock_40mhz/inst/clkin1_ibufg/O
                         net (fo=1, routed)           0.440     0.667    clock_40mhz/inst/clk_in1_sys_pll
    MMCME2_ADV_X1Y0      MMCME2_ADV (Prop_mmcme2_adv_CLKIN1_CLKOUT0)
                                                     -2.360    -1.693 r  clock_40mhz/inst/mmcm_adv_inst/CLKOUT0
                         net (fo=1, routed)           0.486    -1.207    clock_40mhz/inst/clk_out1_sys_pll
    BUFGCTRL_X0Y1        BUFG (Prop_bufg_I_O)         0.026    -1.181 r  clock_40mhz/inst/clkout1_buf/O
                         net (fo=6, routed)           0.563    -0.618    i2c_baud_rate_generator/clk_out1
    SLICE_X36Y46         FDRE                                         r  i2c_baud_rate_generator/counterTick_reg[0]/C
  -------------------------------------------------------------------    -------------------
    SLICE_X36Y46         FDRE (Prop_fdre_C_Q)         0.141    -0.477 f  i2c_baud_rate_generator/counterTick_reg[0]/Q
                         net (fo=3, routed)           0.196    -0.282    i2c_baud_rate_generator/counterTick_reg[0]
    SLICE_X36Y46         LUT1 (Prop_lut1_I0_O)        0.045    -0.237 r  i2c_baud_rate_generator/counterTick[0]_i_3/O
                         net (fo=1, routed)           0.000    -0.237    i2c_baud_rate_generator/counterTick[0]_i_3_n_0
    SLICE_X36Y46         CARRY4 (Prop_carry4_S[0]_O[0])
                                                      0.070    -0.167 r  i2c_baud_rate_generator/counterTick_reg[0]_i_2/O[0]
                         net (fo=1, routed)           0.000    -0.167    i2c_baud_rate_generator/counterTick_reg[0]_i_2_n_7
    SLICE_X36Y46         FDRE                                         r  i2c_baud_rate_generator/counterTick_reg[0]/D
  -------------------------------------------------------------------    -------------------

                         (clock clk_out1_sys_pll_1 rise edge)
                                                      0.000     0.000 r  
    W5                                                0.000     0.000 r  sys_clk (IN)
                         net (fo=0)                   0.000     0.000    clock_40mhz/inst/clk_in1
    W5                   IBUF (Prop_ibuf_I_O)         0.414     0.414 r  clock_40mhz/inst/clkin1_ibufg/O
                         net (fo=1, routed)           0.480     0.894    clock_40mhz/inst/clk_in1_sys_pll
    MMCME2_ADV_X1Y0      MMCME2_ADV (Prop_mmcme2_adv_CLKIN1_CLKOUT0)
                                                     -3.142    -2.248 r  clock_40mhz/inst/mmcm_adv_inst/CLKOUT0
                         net (fo=1, routed)           0.530    -1.718    clock_40mhz/inst/clk_out1_sys_pll
    BUFGCTRL_X0Y1        BUFG (Prop_bufg_I_O)         0.029    -1.689 r  clock_40mhz/inst/clkout1_buf/O
                         net (fo=6, routed)           0.832    -0.858    i2c_baud_rate_generator/clk_out1
    SLICE_X36Y46         FDRE                                         r  i2c_baud_rate_generator/counterTick_reg[0]/C
                         clock pessimism              0.239    -0.618    
    SLICE_X36Y46         FDRE (Hold_fdre_C_D)         0.105    -0.513    i2c_baud_rate_generator/counterTick_reg[0]
  -------------------------------------------------------------------
                         required time                          0.513    
                         arrival time                          -0.167    
  -------------------------------------------------------------------
                         slack                                  0.347    

Slack (MET) :             0.348ns  (arrival time - required time)
  Source:                 i2c_baud_rate_generator/counterTick_reg[1]/C
                            (rising edge-triggered cell FDRE clocked by clk_out1_sys_pll_1  {rise@0.000ns fall@12.500ns period=25.000ns})
  Destination:            i2c_baud_rate_generator/counterTick_reg[1]/D
                            (rising edge-triggered cell FDRE clocked by clk_out1_sys_pll_1  {rise@0.000ns fall@12.500ns period=25.000ns})
  Path Group:             clk_out1_sys_pll_1
  Path Type:              Hold (Min at Fast Process Corner)
  Requirement:            0.000ns  (clk_out1_sys_pll_1 rise@0.000ns - clk_out1_sys_pll_1 rise@0.000ns)
  Data Path Delay:        0.453ns  (logic 0.251ns (55.401%)  route 0.202ns (44.599%))
  Logic Levels:           1  (CARRY4=1)
  Clock Path Skew:        0.000ns (DCD - SCD - CPR)
    Destination Clock Delay (DCD):    -0.858ns
    Source Clock Delay      (SCD):    -0.618ns
    Clock Pessimism Removal (CPR):    -0.239ns

    Location             Delay type                Incr(ns)  Path(ns)    Netlist Resource(s)
  -------------------------------------------------------------------    -------------------
                         (clock clk_out1_sys_pll_1 rise edge)
                                                      0.000     0.000 r  
    W5                                                0.000     0.000 r  sys_clk (IN)
                         net (fo=0)                   0.000     0.000    clock_40mhz/inst/clk_in1
    W5                   IBUF (Prop_ibuf_I_O)         0.226     0.226 r  clock_40mhz/inst/clkin1_ibufg/O
                         net (fo=1, routed)           0.440     0.667    clock_40mhz/inst/clk_in1_sys_pll
    MMCME2_ADV_X1Y0      MMCME2_ADV (Prop_mmcme2_adv_CLKIN1_CLKOUT0)
                                                     -2.360    -1.693 r  clock_40mhz/inst/mmcm_adv_inst/CLKOUT0
                         net (fo=1, routed)           0.486    -1.207    clock_40mhz/inst/clk_out1_sys_pll
    BUFGCTRL_X0Y1        BUFG (Prop_bufg_I_O)         0.026    -1.181 r  clock_40mhz/inst/clkout1_buf/O
                         net (fo=6, routed)           0.563    -0.618    i2c_baud_rate_generator/clk_out1
    SLICE_X36Y46         FDRE                                         r  i2c_baud_rate_generator/counterTick_reg[1]/C
  -------------------------------------------------------------------    -------------------
    SLICE_X36Y46         FDRE (Prop_fdre_C_Q)         0.141    -0.477 r  i2c_baud_rate_generator/counterTick_reg[1]/Q
                         net (fo=3, routed)           0.202    -0.275    i2c_baud_rate_generator/counterTick_reg[1]
    SLICE_X36Y46         CARRY4 (Prop_carry4_S[1]_O[1])
                                                      0.110    -0.165 r  i2c_baud_rate_generator/counterTick_reg[0]_i_2/O[1]
                         net (fo=1, routed)           0.000    -0.165    i2c_baud_rate_generator/counterTick_reg[0]_i_2_n_6
    SLICE_X36Y46         FDRE                                         r  i2c_baud_rate_generator/counterTick_reg[1]/D
  -------------------------------------------------------------------    -------------------

                         (clock clk_out1_sys_pll_1 rise edge)
                                                      0.000     0.000 r  
    W5                                                0.000     0.000 r  sys_clk (IN)
                         net (fo=0)                   0.000     0.000    clock_40mhz/inst/clk_in1
    W5                   IBUF (Prop_ibuf_I_O)         0.414     0.414 r  clock_40mhz/inst/clkin1_ibufg/O
                         net (fo=1, routed)           0.480     0.894    clock_40mhz/inst/clk_in1_sys_pll
    MMCME2_ADV_X1Y0      MMCME2_ADV (Prop_mmcme2_adv_CLKIN1_CLKOUT0)
                                                     -3.142    -2.248 r  clock_40mhz/inst/mmcm_adv_inst/CLKOUT0
                         net (fo=1, routed)           0.530    -1.718    clock_40mhz/inst/clk_out1_sys_pll
    BUFGCTRL_X0Y1        BUFG (Prop_bufg_I_O)         0.029    -1.689 r  clock_40mhz/inst/clkout1_buf/O
                         net (fo=6, routed)           0.832    -0.858    i2c_baud_rate_generator/clk_out1
    SLICE_X36Y46         FDRE                                         r  i2c_baud_rate_generator/counterTick_reg[1]/C
                         clock pessimism              0.239    -0.618    
    SLICE_X36Y46         FDRE (Hold_fdre_C_D)         0.105    -0.513    i2c_baud_rate_generator/counterTick_reg[1]
  -------------------------------------------------------------------
                         required time                          0.513    
                         arrival time                          -0.165    
  -------------------------------------------------------------------
                         slack                                  0.348    

Slack (MET) :             0.414ns  (arrival time - required time)
  Source:                 i2c_baud_rate_generator/counterTick_reg[2]/C
                            (rising edge-triggered cell FDRE clocked by clk_out1_sys_pll_1  {rise@0.000ns fall@12.500ns period=25.000ns})
  Destination:            i2c_baud_rate_generator/counterTick_reg[4]/R
                            (rising edge-triggered cell FDRE clocked by clk_out1_sys_pll_1  {rise@0.000ns fall@12.500ns period=25.000ns})
  Path Group:             clk_out1_sys_pll_1
  Path Type:              Hold (Min at Fast Process Corner)
  Requirement:            0.000ns  (clk_out1_sys_pll_1 rise@0.000ns - clk_out1_sys_pll_1 rise@0.000ns)
  Data Path Delay:        0.413ns  (logic 0.186ns (45.059%)  route 0.227ns (54.941%))
  Logic Levels:           1  (LUT6=1)
  Clock Path Skew:        0.017ns (DCD - SCD - CPR)
    Destination Clock Delay (DCD):    -0.857ns
    Source Clock Delay      (SCD):    -0.618ns
    Clock Pessimism Removal (CPR):    -0.255ns

    Location             Delay type                Incr(ns)  Path(ns)    Netlist Resource(s)
  -------------------------------------------------------------------    -------------------
                         (clock clk_out1_sys_pll_1 rise edge)
                                                      0.000     0.000 r  
    W5                                                0.000     0.000 r  sys_clk (IN)
                         net (fo=0)                   0.000     0.000    clock_40mhz/inst/clk_in1
    W5                   IBUF (Prop_ibuf_I_O)         0.226     0.226 r  clock_40mhz/inst/clkin1_ibufg/O
                         net (fo=1, routed)           0.440     0.667    clock_40mhz/inst/clk_in1_sys_pll
    MMCME2_ADV_X1Y0      MMCME2_ADV (Prop_mmcme2_adv_CLKIN1_CLKOUT0)
                                                     -2.360    -1.693 r  clock_40mhz/inst/mmcm_adv_inst/CLKOUT0
                         net (fo=1, routed)           0.486    -1.207    clock_40mhz/inst/clk_out1_sys_pll
    BUFGCTRL_X0Y1        BUFG (Prop_bufg_I_O)         0.026    -1.181 r  clock_40mhz/inst/clkout1_buf/O
                         net (fo=6, routed)           0.563    -0.618    i2c_baud_rate_generator/clk_out1
    SLICE_X36Y46         FDRE                                         r  i2c_baud_rate_generator/counterTick_reg[2]/C
  -------------------------------------------------------------------    -------------------
    SLICE_X36Y46         FDRE (Prop_fdre_C_Q)         0.141    -0.477 f  i2c_baud_rate_generator/counterTick_reg[2]/Q
                         net (fo=3, routed)           0.075    -0.402    i2c_baud_rate_generator/counterTick_reg[2]
    SLICE_X37Y46         LUT6 (Prop_lut6_I2_O)        0.045    -0.357 r  i2c_baud_rate_generator/counterTick[0]_i_1/O
                         net (fo=5, routed)           0.152    -0.206    i2c_baud_rate_generator/counterTick[0]_i_1_n_0
    SLICE_X36Y47         FDRE                                         r  i2c_baud_rate_generator/counterTick_reg[4]/R
  -------------------------------------------------------------------    -------------------

                         (clock clk_out1_sys_pll_1 rise edge)
                                                      0.000     0.000 r  
    W5                                                0.000     0.000 r  sys_clk (IN)
                         net (fo=0)                   0.000     0.000    clock_40mhz/inst/clk_in1
    W5                   IBUF (Prop_ibuf_I_O)         0.414     0.414 r  clock_40mhz/inst/clkin1_ibufg/O
                         net (fo=1, routed)           0.480     0.894    clock_40mhz/inst/clk_in1_sys_pll
    MMCME2_ADV_X1Y0      MMCME2_ADV (Prop_mmcme2_adv_CLKIN1_CLKOUT0)
                                                     -3.142    -2.248 r  clock_40mhz/inst/mmcm_adv_inst/CLKOUT0
                         net (fo=1, routed)           0.530    -1.718    clock_40mhz/inst/clk_out1_sys_pll
    BUFGCTRL_X0Y1        BUFG (Prop_bufg_I_O)         0.029    -1.689 r  clock_40mhz/inst/clkout1_buf/O
                         net (fo=6, routed)           0.833    -0.857    i2c_baud_rate_generator/clk_out1
    SLICE_X36Y47         FDRE                                         r  i2c_baud_rate_generator/counterTick_reg[4]/C
                         clock pessimism              0.255    -0.601    
    SLICE_X36Y47         FDRE (Hold_fdre_C_R)        -0.018    -0.619    i2c_baud_rate_generator/counterTick_reg[4]
  -------------------------------------------------------------------
                         required time                          0.619    
                         arrival time                          -0.206    
  -------------------------------------------------------------------
                         slack                                  0.414    

Slack (MET) :             0.491ns  (arrival time - required time)
  Source:                 i2c_baud_rate_generator/counterTick_reg[2]/C
                            (rising edge-triggered cell FDRE clocked by clk_out1_sys_pll_1  {rise@0.000ns fall@12.500ns period=25.000ns})
  Destination:            i2c_baud_rate_generator/counterTick_reg[0]/R
                            (rising edge-triggered cell FDRE clocked by clk_out1_sys_pll_1  {rise@0.000ns fall@12.500ns period=25.000ns})
  Path Group:             clk_out1_sys_pll_1
  Path Type:              Hold (Min at Fast Process Corner)
  Requirement:            0.000ns  (clk_out1_sys_pll_1 rise@0.000ns - clk_out1_sys_pll_1 rise@0.000ns)
  Data Path Delay:        0.473ns  (logic 0.186ns (39.324%)  route 0.287ns (60.676%))
  Logic Levels:           1  (LUT6=1)
  Clock Path Skew:        0.000ns (DCD - SCD - CPR)
    Destination Clock Delay (DCD):    -0.858ns
    Source Clock Delay      (SCD):    -0.618ns
    Clock Pessimism Removal (CPR):    -0.239ns

    Location             Delay type                Incr(ns)  Path(ns)    Netlist Resource(s)
  -------------------------------------------------------------------    -------------------
                         (clock clk_out1_sys_pll_1 rise edge)
                                                      0.000     0.000 r  
    W5                                                0.000     0.000 r  sys_clk (IN)
                         net (fo=0)                   0.000     0.000    clock_40mhz/inst/clk_in1
    W5                   IBUF (Prop_ibuf_I_O)         0.226     0.226 r  clock_40mhz/inst/clkin1_ibufg/O
                         net (fo=1, routed)           0.440     0.667    clock_40mhz/inst/clk_in1_sys_pll
    MMCME2_ADV_X1Y0      MMCME2_ADV (Prop_mmcme2_adv_CLKIN1_CLKOUT0)
                                                     -2.360    -1.693 r  clock_40mhz/inst/mmcm_adv_inst/CLKOUT0
                         net (fo=1, routed)           0.486    -1.207    clock_40mhz/inst/clk_out1_sys_pll
    BUFGCTRL_X0Y1        BUFG (Prop_bufg_I_O)         0.026    -1.181 r  clock_40mhz/inst/clkout1_buf/O
                         net (fo=6, routed)           0.563    -0.618    i2c_baud_rate_generator/clk_out1
    SLICE_X36Y46         FDRE                                         r  i2c_baud_rate_generator/counterTick_reg[2]/C
  -------------------------------------------------------------------    -------------------
    SLICE_X36Y46         FDRE (Prop_fdre_C_Q)         0.141    -0.477 f  i2c_baud_rate_generator/counterTick_reg[2]/Q
                         net (fo=3, routed)           0.075    -0.402    i2c_baud_rate_generator/counterTick_reg[2]
    SLICE_X37Y46         LUT6 (Prop_lut6_I2_O)        0.045    -0.357 r  i2c_baud_rate_generator/counterTick[0]_i_1/O
                         net (fo=5, routed)           0.212    -0.145    i2c_baud_rate_generator/counterTick[0]_i_1_n_0
    SLICE_X36Y46         FDRE                                         r  i2c_baud_rate_generator/counterTick_reg[0]/R
  -------------------------------------------------------------------    -------------------

                         (clock clk_out1_sys_pll_1 rise edge)
                                                      0.000     0.000 r  
    W5                                                0.000     0.000 r  sys_clk (IN)
                         net (fo=0)                   0.000     0.000    clock_40mhz/inst/clk_in1
    W5                   IBUF (Prop_ibuf_I_O)         0.414     0.414 r  clock_40mhz/inst/clkin1_ibufg/O
                         net (fo=1, routed)           0.480     0.894    clock_40mhz/inst/clk_in1_sys_pll
    MMCME2_ADV_X1Y0      MMCME2_ADV (Prop_mmcme2_adv_CLKIN1_CLKOUT0)
                                                     -3.142    -2.248 r  clock_40mhz/inst/mmcm_adv_inst/CLKOUT0
                         net (fo=1, routed)           0.530    -1.718    clock_40mhz/inst/clk_out1_sys_pll
    BUFGCTRL_X0Y1        BUFG (Prop_bufg_I_O)         0.029    -1.689 r  clock_40mhz/inst/clkout1_buf/O
                         net (fo=6, routed)           0.832    -0.858    i2c_baud_rate_generator/clk_out1
    SLICE_X36Y46         FDRE                                         r  i2c_baud_rate_generator/counterTick_reg[0]/C
                         clock pessimism              0.239    -0.618    
    SLICE_X36Y46         FDRE (Hold_fdre_C_R)        -0.018    -0.636    i2c_baud_rate_generator/counterTick_reg[0]
  -------------------------------------------------------------------
                         required time                          0.636    
                         arrival time                          -0.145    
  -------------------------------------------------------------------
                         slack                                  0.491    

Slack (MET) :             0.491ns  (arrival time - required time)
  Source:                 i2c_baud_rate_generator/counterTick_reg[2]/C
                            (rising edge-triggered cell FDRE clocked by clk_out1_sys_pll_1  {rise@0.000ns fall@12.500ns period=25.000ns})
  Destination:            i2c_baud_rate_generator/counterTick_reg[1]/R
                            (rising edge-triggered cell FDRE clocked by clk_out1_sys_pll_1  {rise@0.000ns fall@12.500ns period=25.000ns})
  Path Group:             clk_out1_sys_pll_1
  Path Type:              Hold (Min at Fast Process Corner)
  Requirement:            0.000ns  (clk_out1_sys_pll_1 rise@0.000ns - clk_out1_sys_pll_1 rise@0.000ns)
  Data Path Delay:        0.473ns  (logic 0.186ns (39.324%)  route 0.287ns (60.676%))
  Logic Levels:           1  (LUT6=1)
  Clock Path Skew:        0.000ns (DCD - SCD - CPR)
    Destination Clock Delay (DCD):    -0.858ns
    Source Clock Delay      (SCD):    -0.618ns
    Clock Pessimism Removal (CPR):    -0.239ns

    Location             Delay type                Incr(ns)  Path(ns)    Netlist Resource(s)
  -------------------------------------------------------------------    -------------------
                         (clock clk_out1_sys_pll_1 rise edge)
                                                      0.000     0.000 r  
    W5                                                0.000     0.000 r  sys_clk (IN)
                         net (fo=0)                   0.000     0.000    clock_40mhz/inst/clk_in1
    W5                   IBUF (Prop_ibuf_I_O)         0.226     0.226 r  clock_40mhz/inst/clkin1_ibufg/O
                         net (fo=1, routed)           0.440     0.667    clock_40mhz/inst/clk_in1_sys_pll
    MMCME2_ADV_X1Y0      MMCME2_ADV (Prop_mmcme2_adv_CLKIN1_CLKOUT0)
                                                     -2.360    -1.693 r  clock_40mhz/inst/mmcm_adv_inst/CLKOUT0
                         net (fo=1, routed)           0.486    -1.207    clock_40mhz/inst/clk_out1_sys_pll
    BUFGCTRL_X0Y1        BUFG (Prop_bufg_I_O)         0.026    -1.181 r  clock_40mhz/inst/clkout1_buf/O
                         net (fo=6, routed)           0.563    -0.618    i2c_baud_rate_generator/clk_out1
    SLICE_X36Y46         FDRE                                         r  i2c_baud_rate_generator/counterTick_reg[2]/C
  -------------------------------------------------------------------    -------------------
    SLICE_X36Y46         FDRE (Prop_fdre_C_Q)         0.141    -0.477 f  i2c_baud_rate_generator/counterTick_reg[2]/Q
                         net (fo=3, routed)           0.075    -0.402    i2c_baud_rate_generator/counterTick_reg[2]
    SLICE_X37Y46         LUT6 (Prop_lut6_I2_O)        0.045    -0.357 r  i2c_baud_rate_generator/counterTick[0]_i_1/O
                         net (fo=5, routed)           0.212    -0.145    i2c_baud_rate_generator/counterTick[0]_i_1_n_0
    SLICE_X36Y46         FDRE                                         r  i2c_baud_rate_generator/counterTick_reg[1]/R
  -------------------------------------------------------------------    -------------------

                         (clock clk_out1_sys_pll_1 rise edge)
                                                      0.000     0.000 r  
    W5                                                0.000     0.000 r  sys_clk (IN)
                         net (fo=0)                   0.000     0.000    clock_40mhz/inst/clk_in1
    W5                   IBUF (Prop_ibuf_I_O)         0.414     0.414 r  clock_40mhz/inst/clkin1_ibufg/O
                         net (fo=1, routed)           0.480     0.894    clock_40mhz/inst/clk_in1_sys_pll
    MMCME2_ADV_X1Y0      MMCME2_ADV (Prop_mmcme2_adv_CLKIN1_CLKOUT0)
                                                     -3.142    -2.248 r  clock_40mhz/inst/mmcm_adv_inst/CLKOUT0
                         net (fo=1, routed)           0.530    -1.718    clock_40mhz/inst/clk_out1_sys_pll
    BUFGCTRL_X0Y1        BUFG (Prop_bufg_I_O)         0.029    -1.689 r  clock_40mhz/inst/clkout1_buf/O
                         net (fo=6, routed)           0.832    -0.858    i2c_baud_rate_generator/clk_out1
    SLICE_X36Y46         FDRE                                         r  i2c_baud_rate_generator/counterTick_reg[1]/C
                         clock pessimism              0.239    -0.618    
    SLICE_X36Y46         FDRE (Hold_fdre_C_R)        -0.018    -0.636    i2c_baud_rate_generator/counterTick_reg[1]
  -------------------------------------------------------------------
                         required time                          0.636    
                         arrival time                          -0.145    
  -------------------------------------------------------------------
                         slack                                  0.491    

Slack (MET) :             0.491ns  (arrival time - required time)
  Source:                 i2c_baud_rate_generator/counterTick_reg[2]/C
                            (rising edge-triggered cell FDRE clocked by clk_out1_sys_pll_1  {rise@0.000ns fall@12.500ns period=25.000ns})
  Destination:            i2c_baud_rate_generator/counterTick_reg[2]/R
                            (rising edge-triggered cell FDRE clocked by clk_out1_sys_pll_1  {rise@0.000ns fall@12.500ns period=25.000ns})
  Path Group:             clk_out1_sys_pll_1
  Path Type:              Hold (Min at Fast Process Corner)
  Requirement:            0.000ns  (clk_out1_sys_pll_1 rise@0.000ns - clk_out1_sys_pll_1 rise@0.000ns)
  Data Path Delay:        0.473ns  (logic 0.186ns (39.324%)  route 0.287ns (60.676%))
  Logic Levels:           1  (LUT6=1)
  Clock Path Skew:        0.000ns (DCD - SCD - CPR)
    Destination Clock Delay (DCD):    -0.858ns
    Source Clock Delay      (SCD):    -0.618ns
    Clock Pessimism Removal (CPR):    -0.239ns

    Location             Delay type                Incr(ns)  Path(ns)    Netlist Resource(s)
  -------------------------------------------------------------------    -------------------
                         (clock clk_out1_sys_pll_1 rise edge)
                                                      0.000     0.000 r  
    W5                                                0.000     0.000 r  sys_clk (IN)
                         net (fo=0)                   0.000     0.000    clock_40mhz/inst/clk_in1
    W5                   IBUF (Prop_ibuf_I_O)         0.226     0.226 r  clock_40mhz/inst/clkin1_ibufg/O
                         net (fo=1, routed)           0.440     0.667    clock_40mhz/inst/clk_in1_sys_pll
    MMCME2_ADV_X1Y0      MMCME2_ADV (Prop_mmcme2_adv_CLKIN1_CLKOUT0)
                                                     -2.360    -1.693 r  clock_40mhz/inst/mmcm_adv_inst/CLKOUT0
                         net (fo=1, routed)           0.486    -1.207    clock_40mhz/inst/clk_out1_sys_pll
    BUFGCTRL_X0Y1        BUFG (Prop_bufg_I_O)         0.026    -1.181 r  clock_40mhz/inst/clkout1_buf/O
                         net (fo=6, routed)           0.563    -0.618    i2c_baud_rate_generator/clk_out1
    SLICE_X36Y46         FDRE                                         r  i2c_baud_rate_generator/counterTick_reg[2]/C
  -------------------------------------------------------------------    -------------------
    SLICE_X36Y46         FDRE (Prop_fdre_C_Q)         0.141    -0.477 f  i2c_baud_rate_generator/counterTick_reg[2]/Q
                         net (fo=3, routed)           0.075    -0.402    i2c_baud_rate_generator/counterTick_reg[2]
    SLICE_X37Y46         LUT6 (Prop_lut6_I2_O)        0.045    -0.357 r  i2c_baud_rate_generator/counterTick[0]_i_1/O
                         net (fo=5, routed)           0.212    -0.145    i2c_baud_rate_generator/counterTick[0]_i_1_n_0
    SLICE_X36Y46         FDRE                                         r  i2c_baud_rate_generator/counterTick_reg[2]/R
  -------------------------------------------------------------------    -------------------

                         (clock clk_out1_sys_pll_1 rise edge)
                                                      0.000     0.000 r  
    W5                                                0.000     0.000 r  sys_clk (IN)
                         net (fo=0)                   0.000     0.000    clock_40mhz/inst/clk_in1
    W5                   IBUF (Prop_ibuf_I_O)         0.414     0.414 r  clock_40mhz/inst/clkin1_ibufg/O
                         net (fo=1, routed)           0.480     0.894    clock_40mhz/inst/clk_in1_sys_pll
    MMCME2_ADV_X1Y0      MMCME2_ADV (Prop_mmcme2_adv_CLKIN1_CLKOUT0)
                                                     -3.142    -2.248 r  clock_40mhz/inst/mmcm_adv_inst/CLKOUT0
                         net (fo=1, routed)           0.530    -1.718    clock_40mhz/inst/clk_out1_sys_pll
    BUFGCTRL_X0Y1        BUFG (Prop_bufg_I_O)         0.029    -1.689 r  clock_40mhz/inst/clkout1_buf/O
                         net (fo=6, routed)           0.832    -0.858    i2c_baud_rate_generator/clk_out1
    SLICE_X36Y46         FDRE                                         r  i2c_baud_rate_generator/counterTick_reg[2]/C
                         clock pessimism              0.239    -0.618    
    SLICE_X36Y46         FDRE (Hold_fdre_C_R)        -0.018    -0.636    i2c_baud_rate_generator/counterTick_reg[2]
  -------------------------------------------------------------------
                         required time                          0.636    
                         arrival time                          -0.145    
  -------------------------------------------------------------------
                         slack                                  0.491    





Pulse Width Checks
--------------------------------------------------------------------------------------
Clock Name:         clk_out1_sys_pll_1
Waveform(ns):       { 0.000 12.500 }
Period(ns):         25.000
Sources:            { clock_40mhz/inst/mmcm_adv_inst/CLKOUT0 }

Check Type        Corner  Lib Pin             Reference Pin  Required(ns)  Actual(ns)  Slack(ns)  Location         Pin
Min Period        n/a     BUFG/I              n/a            2.155         25.000      22.845     BUFGCTRL_X0Y1    clock_40mhz/inst/clkout1_buf/I
Min Period        n/a     MMCME2_ADV/CLKOUT0  n/a            1.249         25.000      23.751     MMCME2_ADV_X1Y0  clock_40mhz/inst/mmcm_adv_inst/CLKOUT0
Min Period        n/a     FDRE/C              n/a            1.000         25.000      24.000     SLICE_X36Y46     i2c_baud_rate_generator/counterTick_reg[0]/C
Min Period        n/a     FDRE/C              n/a            1.000         25.000      24.000     SLICE_X36Y46     i2c_baud_rate_generator/counterTick_reg[1]/C
Min Period        n/a     FDRE/C              n/a            1.000         25.000      24.000     SLICE_X36Y46     i2c_baud_rate_generator/counterTick_reg[2]/C
Min Period        n/a     FDRE/C              n/a            1.000         25.000      24.000     SLICE_X36Y46     i2c_baud_rate_generator/counterTick_reg[3]/C
Min Period        n/a     FDRE/C              n/a            1.000         25.000      24.000     SLICE_X36Y47     i2c_baud_rate_generator/counterTick_reg[4]/C
Min Period        n/a     FDRE/C              n/a            1.000         25.000      24.000     SLICE_X37Y46     i2c_baud_rate_generator/sys_tick_reg_reg/C
Max Period        n/a     MMCME2_ADV/CLKOUT0  n/a            213.360       25.000      188.360    MMCME2_ADV_X1Y0  clock_40mhz/inst/mmcm_adv_inst/CLKOUT0
Low Pulse Width   Slow    FDRE/C              n/a            0.500         12.500      12.000     SLICE_X36Y46     i2c_baud_rate_generator/counterTick_reg[0]/C
Low Pulse Width   Fast    FDRE/C              n/a            0.500         12.500      12.000     SLICE_X36Y46     i2c_baud_rate_generator/counterTick_reg[0]/C
Low Pulse Width   Slow    FDRE/C              n/a            0.500         12.500      12.000     SLICE_X36Y46     i2c_baud_rate_generator/counterTick_reg[1]/C
Low Pulse Width   Fast    FDRE/C              n/a            0.500         12.500      12.000     SLICE_X36Y46     i2c_baud_rate_generator/counterTick_reg[1]/C
Low Pulse Width   Slow    FDRE/C              n/a            0.500         12.500      12.000     SLICE_X36Y46     i2c_baud_rate_generator/counterTick_reg[2]/C
Low Pulse Width   Fast    FDRE/C              n/a            0.500         12.500      12.000     SLICE_X36Y46     i2c_baud_rate_generator/counterTick_reg[2]/C
Low Pulse Width   Slow    FDRE/C              n/a            0.500         12.500      12.000     SLICE_X36Y46     i2c_baud_rate_generator/counterTick_reg[3]/C
Low Pulse Width   Fast    FDRE/C              n/a            0.500         12.500      12.000     SLICE_X36Y46     i2c_baud_rate_generator/counterTick_reg[3]/C
Low Pulse Width   Slow    FDRE/C              n/a            0.500         12.500      12.000     SLICE_X36Y47     i2c_baud_rate_generator/counterTick_reg[4]/C
Low Pulse Width   Fast    FDRE/C              n/a            0.500         12.500      12.000     SLICE_X36Y47     i2c_baud_rate_generator/counterTick_reg[4]/C
High Pulse Width  Slow    FDRE/C              n/a            0.500         12.500      12.000     SLICE_X36Y46     i2c_baud_rate_generator/counterTick_reg[0]/C
High Pulse Width  Fast    FDRE/C              n/a            0.500         12.500      12.000     SLICE_X36Y46     i2c_baud_rate_generator/counterTick_reg[0]/C
High Pulse Width  Slow    FDRE/C              n/a            0.500         12.500      12.000     SLICE_X36Y46     i2c_baud_rate_generator/counterTick_reg[1]/C
High Pulse Width  Fast    FDRE/C              n/a            0.500         12.500      12.000     SLICE_X36Y46     i2c_baud_rate_generator/counterTick_reg[1]/C
High Pulse Width  Slow    FDRE/C              n/a            0.500         12.500      12.000     SLICE_X36Y46     i2c_baud_rate_generator/counterTick_reg[2]/C
High Pulse Width  Fast    FDRE/C              n/a            0.500         12.500      12.000     SLICE_X36Y46     i2c_baud_rate_generator/counterTick_reg[2]/C
High Pulse Width  Slow    FDRE/C              n/a            0.500         12.500      12.000     SLICE_X36Y46     i2c_baud_rate_generator/counterTick_reg[3]/C
High Pulse Width  Fast    FDRE/C              n/a            0.500         12.500      12.000     SLICE_X36Y46     i2c_baud_rate_generator/counterTick_reg[3]/C
High Pulse Width  Slow    FDRE/C              n/a            0.500         12.500      12.000     SLICE_X36Y47     i2c_baud_rate_generator/counterTick_reg[4]/C
High Pulse Width  Fast    FDRE/C              n/a            0.500         12.500      12.000     SLICE_X36Y47     i2c_baud_rate_generator/counterTick_reg[4]/C



---------------------------------------------------------------------------------------------------
From Clock:  clkfbout_sys_pll_1
  To Clock:  clkfbout_sys_pll_1

Setup :           NA  Failing Endpoints,  Worst Slack           NA  ,  Total Violation           NA
Hold  :           NA  Failing Endpoints,  Worst Slack           NA  ,  Total Violation           NA
PW    :            0  Failing Endpoints,  Worst Slack        7.845ns,  Total Violation        0.000ns
---------------------------------------------------------------------------------------------------


Pulse Width Checks
--------------------------------------------------------------------------------------
Clock Name:         clkfbout_sys_pll_1
Waveform(ns):       { 0.000 5.000 }
Period(ns):         10.000
Sources:            { clock_40mhz/inst/mmcm_adv_inst/CLKFBOUT }

Check Type  Corner  Lib Pin              Reference Pin  Required(ns)  Actual(ns)  Slack(ns)  Location         Pin
Min Period  n/a     BUFG/I               n/a            2.155         10.000      7.845      BUFGCTRL_X0Y2    clock_40mhz/inst/clkf_buf/I
Min Period  n/a     MMCME2_ADV/CLKFBOUT  n/a            1.249         10.000      8.751      MMCME2_ADV_X1Y0  clock_40mhz/inst/mmcm_adv_inst/CLKFBOUT
Min Period  n/a     MMCME2_ADV/CLKFBIN   n/a            1.249         10.000      8.751      MMCME2_ADV_X1Y0  clock_40mhz/inst/mmcm_adv_inst/CLKFBIN
Max Period  n/a     MMCME2_ADV/CLKFBIN   n/a            100.000       10.000      90.000     MMCME2_ADV_X1Y0  clock_40mhz/inst/mmcm_adv_inst/CLKFBIN
Max Period  n/a     MMCME2_ADV/CLKFBOUT  n/a            213.360       10.000      203.360    MMCME2_ADV_X1Y0  clock_40mhz/inst/mmcm_adv_inst/CLKFBOUT



---------------------------------------------------------------------------------------------------
From Clock:  clk_out1_sys_pll_1
  To Clock:  clk_out1_sys_pll

Setup :            0  Failing Endpoints,  Worst Slack       22.441ns,  Total Violation        0.000ns
Hold  :            0  Failing Endpoints,  Worst Slack        0.164ns,  Total Violation        0.000ns
---------------------------------------------------------------------------------------------------


Max Delay Paths
--------------------------------------------------------------------------------------
Slack (MET) :             22.441ns  (required time - arrival time)
  Source:                 i2c_baud_rate_generator/counterTick_reg[4]/C
                            (rising edge-triggered cell FDRE clocked by clk_out1_sys_pll_1  {rise@0.000ns fall@12.500ns period=25.000ns})
  Destination:            i2c_baud_rate_generator/counterTick_reg[0]/R
                            (rising edge-triggered cell FDRE clocked by clk_out1_sys_pll  {rise@0.000ns fall@12.500ns period=25.000ns})
  Path Group:             clk_out1_sys_pll
  Path Type:              Setup (Max at Slow Process Corner)
  Requirement:            25.000ns  (clk_out1_sys_pll rise@25.000ns - clk_out1_sys_pll_1 rise@0.000ns)
  Data Path Delay:        2.017ns  (logic 0.580ns (28.756%)  route 1.437ns (71.244%))
  Logic Levels:           1  (LUT6=1)
  Clock Path Skew:        -0.026ns (DCD - SCD + CPR)
    Destination Clock Delay (DCD):    -1.550ns = ( 23.450 - 25.000 ) 
    Source Clock Delay      (SCD):    -0.946ns
    Clock Pessimism Removal (CPR):    0.579ns
  Clock Uncertainty:      0.087ns  ((TSJ^2 + DJ^2)^1/2) / 2 + PE
    Total System Jitter     (TSJ):    0.071ns
    Discrete Jitter          (DJ):    0.159ns
    Phase Error              (PE):    0.000ns
  Clock Domain Crossing:  Inter clock paths are considered valid unless explicitly excluded by timing constraints such as set_clock_groups or set_false_path.

    Location             Delay type                Incr(ns)  Path(ns)    Netlist Resource(s)
  -------------------------------------------------------------------    -------------------
                         (clock clk_out1_sys_pll_1 rise edge)
                                                      0.000     0.000 r  
    W5                                                0.000     0.000 r  sys_clk (IN)
                         net (fo=0)                   0.000     0.000    clock_40mhz/inst/clk_in1
    W5                   IBUF (Prop_ibuf_I_O)         1.458     1.458 r  clock_40mhz/inst/clkin1_ibufg/O
                         net (fo=1, routed)           1.233     2.691    clock_40mhz/inst/clk_in1_sys_pll
    MMCME2_ADV_X1Y0      MMCME2_ADV (Prop_mmcme2_adv_CLKIN1_CLKOUT0)
                                                     -6.961    -4.269 r  clock_40mhz/inst/mmcm_adv_inst/CLKOUT0
                         net (fo=1, routed)           1.661    -2.608    clock_40mhz/inst/clk_out1_sys_pll
    BUFGCTRL_X0Y1        BUFG (Prop_bufg_I_O)         0.096    -2.512 r  clock_40mhz/inst/clkout1_buf/O
                         net (fo=6, routed)           1.566    -0.946    i2c_baud_rate_generator/clk_out1
    SLICE_X36Y47         FDRE                                         r  i2c_baud_rate_generator/counterTick_reg[4]/C
  -------------------------------------------------------------------    -------------------
    SLICE_X36Y47         FDRE (Prop_fdre_C_Q)         0.456    -0.490 r  i2c_baud_rate_generator/counterTick_reg[4]/Q
                         net (fo=3, routed)           0.822     0.332    i2c_baud_rate_generator/counterTick_reg[4]
    SLICE_X37Y46         LUT6 (Prop_lut6_I3_O)        0.124     0.456 r  i2c_baud_rate_generator/counterTick[0]_i_1/O
                         net (fo=5, routed)           0.615     1.071    i2c_baud_rate_generator/counterTick[0]_i_1_n_0
    SLICE_X36Y46         FDRE                                         r  i2c_baud_rate_generator/counterTick_reg[0]/R
  -------------------------------------------------------------------    -------------------

                         (clock clk_out1_sys_pll rise edge)
                                                     25.000    25.000 r  
    W5                                                0.000    25.000 r  sys_clk (IN)
                         net (fo=0)                   0.000    25.000    clock_40mhz/inst/clk_in1
    W5                   IBUF (Prop_ibuf_I_O)         1.388    26.388 r  clock_40mhz/inst/clkin1_ibufg/O
                         net (fo=1, routed)           1.162    27.550    clock_40mhz/inst/clk_in1_sys_pll
    MMCME2_ADV_X1Y0      MMCME2_ADV (Prop_mmcme2_adv_CLKIN1_CLKOUT0)
                                                     -7.217    20.332 r  clock_40mhz/inst/mmcm_adv_inst/CLKOUT0
                         net (fo=1, routed)           1.581    21.914    clock_40mhz/inst/clk_out1_sys_pll
    BUFGCTRL_X0Y1        BUFG (Prop_bufg_I_O)         0.091    22.005 r  clock_40mhz/inst/clkout1_buf/O
                         net (fo=6, routed)           1.445    23.450    i2c_baud_rate_generator/clk_out1
    SLICE_X36Y46         FDRE                                         r  i2c_baud_rate_generator/counterTick_reg[0]/C
                         clock pessimism              0.579    24.028    
                         clock uncertainty           -0.087    23.941    
    SLICE_X36Y46         FDRE (Setup_fdre_C_R)       -0.429    23.512    i2c_baud_rate_generator/counterTick_reg[0]
  -------------------------------------------------------------------
                         required time                         23.512    
                         arrival time                          -1.071    
  -------------------------------------------------------------------
                         slack                                 22.441    

Slack (MET) :             22.441ns  (required time - arrival time)
  Source:                 i2c_baud_rate_generator/counterTick_reg[4]/C
                            (rising edge-triggered cell FDRE clocked by clk_out1_sys_pll_1  {rise@0.000ns fall@12.500ns period=25.000ns})
  Destination:            i2c_baud_rate_generator/counterTick_reg[1]/R
                            (rising edge-triggered cell FDRE clocked by clk_out1_sys_pll  {rise@0.000ns fall@12.500ns period=25.000ns})
  Path Group:             clk_out1_sys_pll
  Path Type:              Setup (Max at Slow Process Corner)
  Requirement:            25.000ns  (clk_out1_sys_pll rise@25.000ns - clk_out1_sys_pll_1 rise@0.000ns)
  Data Path Delay:        2.017ns  (logic 0.580ns (28.756%)  route 1.437ns (71.244%))
  Logic Levels:           1  (LUT6=1)
  Clock Path Skew:        -0.026ns (DCD - SCD + CPR)
    Destination Clock Delay (DCD):    -1.550ns = ( 23.450 - 25.000 ) 
    Source Clock Delay      (SCD):    -0.946ns
    Clock Pessimism Removal (CPR):    0.579ns
  Clock Uncertainty:      0.087ns  ((TSJ^2 + DJ^2)^1/2) / 2 + PE
    Total System Jitter     (TSJ):    0.071ns
    Discrete Jitter          (DJ):    0.159ns
    Phase Error              (PE):    0.000ns
  Clock Domain Crossing:  Inter clock paths are considered valid unless explicitly excluded by timing constraints such as set_clock_groups or set_false_path.

    Location             Delay type                Incr(ns)  Path(ns)    Netlist Resource(s)
  -------------------------------------------------------------------    -------------------
                         (clock clk_out1_sys_pll_1 rise edge)
                                                      0.000     0.000 r  
    W5                                                0.000     0.000 r  sys_clk (IN)
                         net (fo=0)                   0.000     0.000    clock_40mhz/inst/clk_in1
    W5                   IBUF (Prop_ibuf_I_O)         1.458     1.458 r  clock_40mhz/inst/clkin1_ibufg/O
                         net (fo=1, routed)           1.233     2.691    clock_40mhz/inst/clk_in1_sys_pll
    MMCME2_ADV_X1Y0      MMCME2_ADV (Prop_mmcme2_adv_CLKIN1_CLKOUT0)
                                                     -6.961    -4.269 r  clock_40mhz/inst/mmcm_adv_inst/CLKOUT0
                         net (fo=1, routed)           1.661    -2.608    clock_40mhz/inst/clk_out1_sys_pll
    BUFGCTRL_X0Y1        BUFG (Prop_bufg_I_O)         0.096    -2.512 r  clock_40mhz/inst/clkout1_buf/O
                         net (fo=6, routed)           1.566    -0.946    i2c_baud_rate_generator/clk_out1
    SLICE_X36Y47         FDRE                                         r  i2c_baud_rate_generator/counterTick_reg[4]/C
  -------------------------------------------------------------------    -------------------
    SLICE_X36Y47         FDRE (Prop_fdre_C_Q)         0.456    -0.490 r  i2c_baud_rate_generator/counterTick_reg[4]/Q
                         net (fo=3, routed)           0.822     0.332    i2c_baud_rate_generator/counterTick_reg[4]
    SLICE_X37Y46         LUT6 (Prop_lut6_I3_O)        0.124     0.456 r  i2c_baud_rate_generator/counterTick[0]_i_1/O
                         net (fo=5, routed)           0.615     1.071    i2c_baud_rate_generator/counterTick[0]_i_1_n_0
    SLICE_X36Y46         FDRE                                         r  i2c_baud_rate_generator/counterTick_reg[1]/R
  -------------------------------------------------------------------    -------------------

                         (clock clk_out1_sys_pll rise edge)
                                                     25.000    25.000 r  
    W5                                                0.000    25.000 r  sys_clk (IN)
                         net (fo=0)                   0.000    25.000    clock_40mhz/inst/clk_in1
    W5                   IBUF (Prop_ibuf_I_O)         1.388    26.388 r  clock_40mhz/inst/clkin1_ibufg/O
                         net (fo=1, routed)           1.162    27.550    clock_40mhz/inst/clk_in1_sys_pll
    MMCME2_ADV_X1Y0      MMCME2_ADV (Prop_mmcme2_adv_CLKIN1_CLKOUT0)
                                                     -7.217    20.332 r  clock_40mhz/inst/mmcm_adv_inst/CLKOUT0
                         net (fo=1, routed)           1.581    21.914    clock_40mhz/inst/clk_out1_sys_pll
    BUFGCTRL_X0Y1        BUFG (Prop_bufg_I_O)         0.091    22.005 r  clock_40mhz/inst/clkout1_buf/O
                         net (fo=6, routed)           1.445    23.450    i2c_baud_rate_generator/clk_out1
    SLICE_X36Y46         FDRE                                         r  i2c_baud_rate_generator/counterTick_reg[1]/C
                         clock pessimism              0.579    24.028    
                         clock uncertainty           -0.087    23.941    
    SLICE_X36Y46         FDRE (Setup_fdre_C_R)       -0.429    23.512    i2c_baud_rate_generator/counterTick_reg[1]
  -------------------------------------------------------------------
                         required time                         23.512    
                         arrival time                          -1.071    
  -------------------------------------------------------------------
                         slack                                 22.441    

Slack (MET) :             22.441ns  (required time - arrival time)
  Source:                 i2c_baud_rate_generator/counterTick_reg[4]/C
                            (rising edge-triggered cell FDRE clocked by clk_out1_sys_pll_1  {rise@0.000ns fall@12.500ns period=25.000ns})
  Destination:            i2c_baud_rate_generator/counterTick_reg[2]/R
                            (rising edge-triggered cell FDRE clocked by clk_out1_sys_pll  {rise@0.000ns fall@12.500ns period=25.000ns})
  Path Group:             clk_out1_sys_pll
  Path Type:              Setup (Max at Slow Process Corner)
  Requirement:            25.000ns  (clk_out1_sys_pll rise@25.000ns - clk_out1_sys_pll_1 rise@0.000ns)
  Data Path Delay:        2.017ns  (logic 0.580ns (28.756%)  route 1.437ns (71.244%))
  Logic Levels:           1  (LUT6=1)
  Clock Path Skew:        -0.026ns (DCD - SCD + CPR)
    Destination Clock Delay (DCD):    -1.550ns = ( 23.450 - 25.000 ) 
    Source Clock Delay      (SCD):    -0.946ns
    Clock Pessimism Removal (CPR):    0.579ns
  Clock Uncertainty:      0.087ns  ((TSJ^2 + DJ^2)^1/2) / 2 + PE
    Total System Jitter     (TSJ):    0.071ns
    Discrete Jitter          (DJ):    0.159ns
    Phase Error              (PE):    0.000ns
  Clock Domain Crossing:  Inter clock paths are considered valid unless explicitly excluded by timing constraints such as set_clock_groups or set_false_path.

    Location             Delay type                Incr(ns)  Path(ns)    Netlist Resource(s)
  -------------------------------------------------------------------    -------------------
                         (clock clk_out1_sys_pll_1 rise edge)
                                                      0.000     0.000 r  
    W5                                                0.000     0.000 r  sys_clk (IN)
                         net (fo=0)                   0.000     0.000    clock_40mhz/inst/clk_in1
    W5                   IBUF (Prop_ibuf_I_O)         1.458     1.458 r  clock_40mhz/inst/clkin1_ibufg/O
                         net (fo=1, routed)           1.233     2.691    clock_40mhz/inst/clk_in1_sys_pll
    MMCME2_ADV_X1Y0      MMCME2_ADV (Prop_mmcme2_adv_CLKIN1_CLKOUT0)
                                                     -6.961    -4.269 r  clock_40mhz/inst/mmcm_adv_inst/CLKOUT0
                         net (fo=1, routed)           1.661    -2.608    clock_40mhz/inst/clk_out1_sys_pll
    BUFGCTRL_X0Y1        BUFG (Prop_bufg_I_O)         0.096    -2.512 r  clock_40mhz/inst/clkout1_buf/O
                         net (fo=6, routed)           1.566    -0.946    i2c_baud_rate_generator/clk_out1
    SLICE_X36Y47         FDRE                                         r  i2c_baud_rate_generator/counterTick_reg[4]/C
  -------------------------------------------------------------------    -------------------
    SLICE_X36Y47         FDRE (Prop_fdre_C_Q)         0.456    -0.490 r  i2c_baud_rate_generator/counterTick_reg[4]/Q
                         net (fo=3, routed)           0.822     0.332    i2c_baud_rate_generator/counterTick_reg[4]
    SLICE_X37Y46         LUT6 (Prop_lut6_I3_O)        0.124     0.456 r  i2c_baud_rate_generator/counterTick[0]_i_1/O
                         net (fo=5, routed)           0.615     1.071    i2c_baud_rate_generator/counterTick[0]_i_1_n_0
    SLICE_X36Y46         FDRE                                         r  i2c_baud_rate_generator/counterTick_reg[2]/R
  -------------------------------------------------------------------    -------------------

                         (clock clk_out1_sys_pll rise edge)
                                                     25.000    25.000 r  
    W5                                                0.000    25.000 r  sys_clk (IN)
                         net (fo=0)                   0.000    25.000    clock_40mhz/inst/clk_in1
    W5                   IBUF (Prop_ibuf_I_O)         1.388    26.388 r  clock_40mhz/inst/clkin1_ibufg/O
                         net (fo=1, routed)           1.162    27.550    clock_40mhz/inst/clk_in1_sys_pll
    MMCME2_ADV_X1Y0      MMCME2_ADV (Prop_mmcme2_adv_CLKIN1_CLKOUT0)
                                                     -7.217    20.332 r  clock_40mhz/inst/mmcm_adv_inst/CLKOUT0
                         net (fo=1, routed)           1.581    21.914    clock_40mhz/inst/clk_out1_sys_pll
    BUFGCTRL_X0Y1        BUFG (Prop_bufg_I_O)         0.091    22.005 r  clock_40mhz/inst/clkout1_buf/O
                         net (fo=6, routed)           1.445    23.450    i2c_baud_rate_generator/clk_out1
    SLICE_X36Y46         FDRE                                         r  i2c_baud_rate_generator/counterTick_reg[2]/C
                         clock pessimism              0.579    24.028    
                         clock uncertainty           -0.087    23.941    
    SLICE_X36Y46         FDRE (Setup_fdre_C_R)       -0.429    23.512    i2c_baud_rate_generator/counterTick_reg[2]
  -------------------------------------------------------------------
                         required time                         23.512    
                         arrival time                          -1.071    
  -------------------------------------------------------------------
                         slack                                 22.441    

Slack (MET) :             22.441ns  (required time - arrival time)
  Source:                 i2c_baud_rate_generator/counterTick_reg[4]/C
                            (rising edge-triggered cell FDRE clocked by clk_out1_sys_pll_1  {rise@0.000ns fall@12.500ns period=25.000ns})
  Destination:            i2c_baud_rate_generator/counterTick_reg[3]/R
                            (rising edge-triggered cell FDRE clocked by clk_out1_sys_pll  {rise@0.000ns fall@12.500ns period=25.000ns})
  Path Group:             clk_out1_sys_pll
  Path Type:              Setup (Max at Slow Process Corner)
  Requirement:            25.000ns  (clk_out1_sys_pll rise@25.000ns - clk_out1_sys_pll_1 rise@0.000ns)
  Data Path Delay:        2.017ns  (logic 0.580ns (28.756%)  route 1.437ns (71.244%))
  Logic Levels:           1  (LUT6=1)
  Clock Path Skew:        -0.026ns (DCD - SCD + CPR)
    Destination Clock Delay (DCD):    -1.550ns = ( 23.450 - 25.000 ) 
    Source Clock Delay      (SCD):    -0.946ns
    Clock Pessimism Removal (CPR):    0.579ns
  Clock Uncertainty:      0.087ns  ((TSJ^2 + DJ^2)^1/2) / 2 + PE
    Total System Jitter     (TSJ):    0.071ns
    Discrete Jitter          (DJ):    0.159ns
    Phase Error              (PE):    0.000ns
  Clock Domain Crossing:  Inter clock paths are considered valid unless explicitly excluded by timing constraints such as set_clock_groups or set_false_path.

    Location             Delay type                Incr(ns)  Path(ns)    Netlist Resource(s)
  -------------------------------------------------------------------    -------------------
                         (clock clk_out1_sys_pll_1 rise edge)
                                                      0.000     0.000 r  
    W5                                                0.000     0.000 r  sys_clk (IN)
                         net (fo=0)                   0.000     0.000    clock_40mhz/inst/clk_in1
    W5                   IBUF (Prop_ibuf_I_O)         1.458     1.458 r  clock_40mhz/inst/clkin1_ibufg/O
                         net (fo=1, routed)           1.233     2.691    clock_40mhz/inst/clk_in1_sys_pll
    MMCME2_ADV_X1Y0      MMCME2_ADV (Prop_mmcme2_adv_CLKIN1_CLKOUT0)
                                                     -6.961    -4.269 r  clock_40mhz/inst/mmcm_adv_inst/CLKOUT0
                         net (fo=1, routed)           1.661    -2.608    clock_40mhz/inst/clk_out1_sys_pll
    BUFGCTRL_X0Y1        BUFG (Prop_bufg_I_O)         0.096    -2.512 r  clock_40mhz/inst/clkout1_buf/O
                         net (fo=6, routed)           1.566    -0.946    i2c_baud_rate_generator/clk_out1
    SLICE_X36Y47         FDRE                                         r  i2c_baud_rate_generator/counterTick_reg[4]/C
  -------------------------------------------------------------------    -------------------
    SLICE_X36Y47         FDRE (Prop_fdre_C_Q)         0.456    -0.490 r  i2c_baud_rate_generator/counterTick_reg[4]/Q
                         net (fo=3, routed)           0.822     0.332    i2c_baud_rate_generator/counterTick_reg[4]
    SLICE_X37Y46         LUT6 (Prop_lut6_I3_O)        0.124     0.456 r  i2c_baud_rate_generator/counterTick[0]_i_1/O
                         net (fo=5, routed)           0.615     1.071    i2c_baud_rate_generator/counterTick[0]_i_1_n_0
    SLICE_X36Y46         FDRE                                         r  i2c_baud_rate_generator/counterTick_reg[3]/R
  -------------------------------------------------------------------    -------------------

                         (clock clk_out1_sys_pll rise edge)
                                                     25.000    25.000 r  
    W5                                                0.000    25.000 r  sys_clk (IN)
                         net (fo=0)                   0.000    25.000    clock_40mhz/inst/clk_in1
    W5                   IBUF (Prop_ibuf_I_O)         1.388    26.388 r  clock_40mhz/inst/clkin1_ibufg/O
                         net (fo=1, routed)           1.162    27.550    clock_40mhz/inst/clk_in1_sys_pll
    MMCME2_ADV_X1Y0      MMCME2_ADV (Prop_mmcme2_adv_CLKIN1_CLKOUT0)
                                                     -7.217    20.332 r  clock_40mhz/inst/mmcm_adv_inst/CLKOUT0
                         net (fo=1, routed)           1.581    21.914    clock_40mhz/inst/clk_out1_sys_pll
    BUFGCTRL_X0Y1        BUFG (Prop_bufg_I_O)         0.091    22.005 r  clock_40mhz/inst/clkout1_buf/O
                         net (fo=6, routed)           1.445    23.450    i2c_baud_rate_generator/clk_out1
    SLICE_X36Y46         FDRE                                         r  i2c_baud_rate_generator/counterTick_reg[3]/C
                         clock pessimism              0.579    24.028    
                         clock uncertainty           -0.087    23.941    
    SLICE_X36Y46         FDRE (Setup_fdre_C_R)       -0.429    23.512    i2c_baud_rate_generator/counterTick_reg[3]
  -------------------------------------------------------------------
                         required time                         23.512    
                         arrival time                          -1.071    
  -------------------------------------------------------------------
                         slack                                 22.441    

Slack (MET) :             22.602ns  (required time - arrival time)
  Source:                 i2c_baud_rate_generator/counterTick_reg[4]/C
                            (rising edge-triggered cell FDRE clocked by clk_out1_sys_pll_1  {rise@0.000ns fall@12.500ns period=25.000ns})
  Destination:            i2c_baud_rate_generator/counterTick_reg[4]/R
                            (rising edge-triggered cell FDRE clocked by clk_out1_sys_pll  {rise@0.000ns fall@12.500ns period=25.000ns})
  Path Group:             clk_out1_sys_pll
  Path Type:              Setup (Max at Slow Process Corner)
  Requirement:            25.000ns  (clk_out1_sys_pll rise@25.000ns - clk_out1_sys_pll_1 rise@0.000ns)
  Data Path Delay:        1.882ns  (logic 0.580ns (30.822%)  route 1.302ns (69.178%))
  Logic Levels:           1  (LUT6=1)
  Clock Path Skew:        0.000ns (DCD - SCD + CPR)
    Destination Clock Delay (DCD):    -1.549ns = ( 23.451 - 25.000 ) 
    Source Clock Delay      (SCD):    -0.946ns
    Clock Pessimism Removal (CPR):    0.604ns
  Clock Uncertainty:      0.087ns  ((TSJ^2 + DJ^2)^1/2) / 2 + PE
    Total System Jitter     (TSJ):    0.071ns
    Discrete Jitter          (DJ):    0.159ns
    Phase Error              (PE):    0.000ns
  Clock Domain Crossing:  Inter clock paths are considered valid unless explicitly excluded by timing constraints such as set_clock_groups or set_false_path.

    Location             Delay type                Incr(ns)  Path(ns)    Netlist Resource(s)
  -------------------------------------------------------------------    -------------------
                         (clock clk_out1_sys_pll_1 rise edge)
                                                      0.000     0.000 r  
    W5                                                0.000     0.000 r  sys_clk (IN)
                         net (fo=0)                   0.000     0.000    clock_40mhz/inst/clk_in1
    W5                   IBUF (Prop_ibuf_I_O)         1.458     1.458 r  clock_40mhz/inst/clkin1_ibufg/O
                         net (fo=1, routed)           1.233     2.691    clock_40mhz/inst/clk_in1_sys_pll
    MMCME2_ADV_X1Y0      MMCME2_ADV (Prop_mmcme2_adv_CLKIN1_CLKOUT0)
                                                     -6.961    -4.269 r  clock_40mhz/inst/mmcm_adv_inst/CLKOUT0
                         net (fo=1, routed)           1.661    -2.608    clock_40mhz/inst/clk_out1_sys_pll
    BUFGCTRL_X0Y1        BUFG (Prop_bufg_I_O)         0.096    -2.512 r  clock_40mhz/inst/clkout1_buf/O
                         net (fo=6, routed)           1.566    -0.946    i2c_baud_rate_generator/clk_out1
    SLICE_X36Y47         FDRE                                         r  i2c_baud_rate_generator/counterTick_reg[4]/C
  -------------------------------------------------------------------    -------------------
    SLICE_X36Y47         FDRE (Prop_fdre_C_Q)         0.456    -0.490 r  i2c_baud_rate_generator/counterTick_reg[4]/Q
                         net (fo=3, routed)           0.822     0.332    i2c_baud_rate_generator/counterTick_reg[4]
    SLICE_X37Y46         LUT6 (Prop_lut6_I3_O)        0.124     0.456 r  i2c_baud_rate_generator/counterTick[0]_i_1/O
                         net (fo=5, routed)           0.480     0.936    i2c_baud_rate_generator/counterTick[0]_i_1_n_0
    SLICE_X36Y47         FDRE                                         r  i2c_baud_rate_generator/counterTick_reg[4]/R
  -------------------------------------------------------------------    -------------------

                         (clock clk_out1_sys_pll rise edge)
                                                     25.000    25.000 r  
    W5                                                0.000    25.000 r  sys_clk (IN)
                         net (fo=0)                   0.000    25.000    clock_40mhz/inst/clk_in1
    W5                   IBUF (Prop_ibuf_I_O)         1.388    26.388 r  clock_40mhz/inst/clkin1_ibufg/O
                         net (fo=1, routed)           1.162    27.550    clock_40mhz/inst/clk_in1_sys_pll
    MMCME2_ADV_X1Y0      MMCME2_ADV (Prop_mmcme2_adv_CLKIN1_CLKOUT0)
                                                     -7.217    20.332 r  clock_40mhz/inst/mmcm_adv_inst/CLKOUT0
                         net (fo=1, routed)           1.581    21.914    clock_40mhz/inst/clk_out1_sys_pll
    BUFGCTRL_X0Y1        BUFG (Prop_bufg_I_O)         0.091    22.005 r  clock_40mhz/inst/clkout1_buf/O
                         net (fo=6, routed)           1.446    23.451    i2c_baud_rate_generator/clk_out1
    SLICE_X36Y47         FDRE                                         r  i2c_baud_rate_generator/counterTick_reg[4]/C
                         clock pessimism              0.604    24.054    
                         clock uncertainty           -0.087    23.967    
    SLICE_X36Y47         FDRE (Setup_fdre_C_R)       -0.429    23.538    i2c_baud_rate_generator/counterTick_reg[4]
  -------------------------------------------------------------------
                         required time                         23.538    
                         arrival time                          -0.936    
  -------------------------------------------------------------------
                         slack                                 22.602    

Slack (MET) :             22.920ns  (required time - arrival time)
  Source:                 i2c_baud_rate_generator/counterTick_reg[3]/C
                            (rising edge-triggered cell FDRE clocked by clk_out1_sys_pll_1  {rise@0.000ns fall@12.500ns period=25.000ns})
  Destination:            i2c_baud_rate_generator/sys_tick_reg_reg/D
                            (rising edge-triggered cell FDRE clocked by clk_out1_sys_pll  {rise@0.000ns fall@12.500ns period=25.000ns})
  Path Group:             clk_out1_sys_pll
  Path Type:              Setup (Max at Slow Process Corner)
  Requirement:            25.000ns  (clk_out1_sys_pll rise@25.000ns - clk_out1_sys_pll_1 rise@0.000ns)
  Data Path Delay:        2.000ns  (logic 0.704ns (35.205%)  route 1.296ns (64.795%))
  Logic Levels:           2  (LUT3=1 LUT6=1)
  Clock Path Skew:        -0.022ns (DCD - SCD + CPR)
    Destination Clock Delay (DCD):    -1.550ns = ( 23.450 - 25.000 ) 
    Source Clock Delay      (SCD):    -0.947ns
    Clock Pessimism Removal (CPR):    0.582ns
  Clock Uncertainty:      0.087ns  ((TSJ^2 + DJ^2)^1/2) / 2 + PE
    Total System Jitter     (TSJ):    0.071ns
    Discrete Jitter          (DJ):    0.159ns
    Phase Error              (PE):    0.000ns
  Clock Domain Crossing:  Inter clock paths are considered valid unless explicitly excluded by timing constraints such as set_clock_groups or set_false_path.

    Location             Delay type                Incr(ns)  Path(ns)    Netlist Resource(s)
  -------------------------------------------------------------------    -------------------
                         (clock clk_out1_sys_pll_1 rise edge)
                                                      0.000     0.000 r  
    W5                                                0.000     0.000 r  sys_clk (IN)
                         net (fo=0)                   0.000     0.000    clock_40mhz/inst/clk_in1
    W5                   IBUF (Prop_ibuf_I_O)         1.458     1.458 r  clock_40mhz/inst/clkin1_ibufg/O
                         net (fo=1, routed)           1.233     2.691    clock_40mhz/inst/clk_in1_sys_pll
    MMCME2_ADV_X1Y0      MMCME2_ADV (Prop_mmcme2_adv_CLKIN1_CLKOUT0)
                                                     -6.961    -4.269 r  clock_40mhz/inst/mmcm_adv_inst/CLKOUT0
                         net (fo=1, routed)           1.661    -2.608    clock_40mhz/inst/clk_out1_sys_pll
    BUFGCTRL_X0Y1        BUFG (Prop_bufg_I_O)         0.096    -2.512 r  clock_40mhz/inst/clkout1_buf/O
                         net (fo=6, routed)           1.565    -0.947    i2c_baud_rate_generator/clk_out1
    SLICE_X36Y46         FDRE                                         r  i2c_baud_rate_generator/counterTick_reg[3]/C
  -------------------------------------------------------------------    -------------------
    SLICE_X36Y46         FDRE (Prop_fdre_C_Q)         0.456    -0.491 r  i2c_baud_rate_generator/counterTick_reg[3]/Q
                         net (fo=3, routed)           1.141     0.651    i2c_baud_rate_generator/counterTick_reg[3]
    SLICE_X37Y46         LUT6 (Prop_lut6_I2_O)        0.124     0.775 r  i2c_baud_rate_generator/sys_tick_reg_i_2/O
                         net (fo=1, routed)           0.154     0.929    i2c_baud_rate_generator/sys_tick_reg_i_2_n_0
    SLICE_X37Y46         LUT3 (Prop_lut3_I2_O)        0.124     1.053 r  i2c_baud_rate_generator/sys_tick_reg_i_1/O
                         net (fo=1, routed)           0.000     1.053    i2c_baud_rate_generator/sys_tick_reg_i_1_n_0
    SLICE_X37Y46         FDRE                                         r  i2c_baud_rate_generator/sys_tick_reg_reg/D
  -------------------------------------------------------------------    -------------------

                         (clock clk_out1_sys_pll rise edge)
                                                     25.000    25.000 r  
    W5                                                0.000    25.000 r  sys_clk (IN)
                         net (fo=0)                   0.000    25.000    clock_40mhz/inst/clk_in1
    W5                   IBUF (Prop_ibuf_I_O)         1.388    26.388 r  clock_40mhz/inst/clkin1_ibufg/O
                         net (fo=1, routed)           1.162    27.550    clock_40mhz/inst/clk_in1_sys_pll
    MMCME2_ADV_X1Y0      MMCME2_ADV (Prop_mmcme2_adv_CLKIN1_CLKOUT0)
                                                     -7.217    20.332 r  clock_40mhz/inst/mmcm_adv_inst/CLKOUT0
                         net (fo=1, routed)           1.581    21.914    clock_40mhz/inst/clk_out1_sys_pll
    BUFGCTRL_X0Y1        BUFG (Prop_bufg_I_O)         0.091    22.005 r  clock_40mhz/inst/clkout1_buf/O
                         net (fo=6, routed)           1.445    23.450    i2c_baud_rate_generator/clk_out1
    SLICE_X37Y46         FDRE                                         r  i2c_baud_rate_generator/sys_tick_reg_reg/C
                         clock pessimism              0.582    24.031    
                         clock uncertainty           -0.087    23.944    
    SLICE_X37Y46         FDRE (Setup_fdre_C_D)        0.029    23.973    i2c_baud_rate_generator/sys_tick_reg_reg
  -------------------------------------------------------------------
                         required time                         23.973    
                         arrival time                          -1.053    
  -------------------------------------------------------------------
                         slack                                 22.920    

Slack (MET) :             23.037ns  (required time - arrival time)
  Source:                 i2c_baud_rate_generator/counterTick_reg[1]/C
                            (rising edge-triggered cell FDRE clocked by clk_out1_sys_pll_1  {rise@0.000ns fall@12.500ns period=25.000ns})
  Destination:            i2c_baud_rate_generator/counterTick_reg[4]/D
                            (rising edge-triggered cell FDRE clocked by clk_out1_sys_pll  {rise@0.000ns fall@12.500ns period=25.000ns})
  Path Group:             clk_out1_sys_pll
  Path Type:              Setup (Max at Slow Process Corner)
  Requirement:            25.000ns  (clk_out1_sys_pll rise@25.000ns - clk_out1_sys_pll_1 rise@0.000ns)
  Data Path Delay:        1.914ns  (logic 1.353ns (70.687%)  route 0.561ns (29.313%))
  Logic Levels:           2  (CARRY4=2)
  Clock Path Skew:        -0.024ns (DCD - SCD + CPR)
    Destination Clock Delay (DCD):    -1.549ns = ( 23.451 - 25.000 ) 
    Source Clock Delay      (SCD):    -0.947ns
    Clock Pessimism Removal (CPR):    0.579ns
  Clock Uncertainty:      0.087ns  ((TSJ^2 + DJ^2)^1/2) / 2 + PE
    Total System Jitter     (TSJ):    0.071ns
    Discrete Jitter          (DJ):    0.159ns
    Phase Error              (PE):    0.000ns
  Clock Domain Crossing:  Inter clock paths are considered valid unless explicitly excluded by timing constraints such as set_clock_groups or set_false_path.

    Location             Delay type                Incr(ns)  Path(ns)    Netlist Resource(s)
  -------------------------------------------------------------------    -------------------
                         (clock clk_out1_sys_pll_1 rise edge)
                                                      0.000     0.000 r  
    W5                                                0.000     0.000 r  sys_clk (IN)
                         net (fo=0)                   0.000     0.000    clock_40mhz/inst/clk_in1
    W5                   IBUF (Prop_ibuf_I_O)         1.458     1.458 r  clock_40mhz/inst/clkin1_ibufg/O
                         net (fo=1, routed)           1.233     2.691    clock_40mhz/inst/clk_in1_sys_pll
    MMCME2_ADV_X1Y0      MMCME2_ADV (Prop_mmcme2_adv_CLKIN1_CLKOUT0)
                                                     -6.961    -4.269 r  clock_40mhz/inst/mmcm_adv_inst/CLKOUT0
                         net (fo=1, routed)           1.661    -2.608    clock_40mhz/inst/clk_out1_sys_pll
    BUFGCTRL_X0Y1        BUFG (Prop_bufg_I_O)         0.096    -2.512 r  clock_40mhz/inst/clkout1_buf/O
                         net (fo=6, routed)           1.565    -0.947    i2c_baud_rate_generator/clk_out1
    SLICE_X36Y46         FDRE                                         r  i2c_baud_rate_generator/counterTick_reg[1]/C
  -------------------------------------------------------------------    -------------------
    SLICE_X36Y46         FDRE (Prop_fdre_C_Q)         0.456    -0.491 r  i2c_baud_rate_generator/counterTick_reg[1]/Q
                         net (fo=3, routed)           0.561     0.071    i2c_baud_rate_generator/counterTick_reg[1]
    SLICE_X36Y46         CARRY4 (Prop_carry4_S[1]_CO[3])
                                                      0.674     0.745 r  i2c_baud_rate_generator/counterTick_reg[0]_i_2/CO[3]
                         net (fo=1, routed)           0.000     0.745    i2c_baud_rate_generator/counterTick_reg[0]_i_2_n_0
    SLICE_X36Y47         CARRY4 (Prop_carry4_CI_O[0])
                                                      0.223     0.968 r  i2c_baud_rate_generator/counterTick_reg[4]_i_1/O[0]
                         net (fo=1, routed)           0.000     0.968    i2c_baud_rate_generator/counterTick_reg[4]_i_1_n_7
    SLICE_X36Y47         FDRE                                         r  i2c_baud_rate_generator/counterTick_reg[4]/D
  -------------------------------------------------------------------    -------------------

                         (clock clk_out1_sys_pll rise edge)
                                                     25.000    25.000 r  
    W5                                                0.000    25.000 r  sys_clk (IN)
                         net (fo=0)                   0.000    25.000    clock_40mhz/inst/clk_in1
    W5                   IBUF (Prop_ibuf_I_O)         1.388    26.388 r  clock_40mhz/inst/clkin1_ibufg/O
                         net (fo=1, routed)           1.162    27.550    clock_40mhz/inst/clk_in1_sys_pll
    MMCME2_ADV_X1Y0      MMCME2_ADV (Prop_mmcme2_adv_CLKIN1_CLKOUT0)
                                                     -7.217    20.332 r  clock_40mhz/inst/mmcm_adv_inst/CLKOUT0
                         net (fo=1, routed)           1.581    21.914    clock_40mhz/inst/clk_out1_sys_pll
    BUFGCTRL_X0Y1        BUFG (Prop_bufg_I_O)         0.091    22.005 r  clock_40mhz/inst/clkout1_buf/O
                         net (fo=6, routed)           1.446    23.451    i2c_baud_rate_generator/clk_out1
    SLICE_X36Y47         FDRE                                         r  i2c_baud_rate_generator/counterTick_reg[4]/C
                         clock pessimism              0.579    24.029    
                         clock uncertainty           -0.087    23.942    
    SLICE_X36Y47         FDRE (Setup_fdre_C_D)        0.062    24.004    i2c_baud_rate_generator/counterTick_reg[4]
  -------------------------------------------------------------------
                         required time                         24.004    
                         arrival time                          -0.968    
  -------------------------------------------------------------------
                         slack                                 23.037    

Slack (MET) :             23.194ns  (required time - arrival time)
  Source:                 i2c_baud_rate_generator/counterTick_reg[1]/C
                            (rising edge-triggered cell FDRE clocked by clk_out1_sys_pll_1  {rise@0.000ns fall@12.500ns period=25.000ns})
  Destination:            i2c_baud_rate_generator/counterTick_reg[3]/D
                            (rising edge-triggered cell FDRE clocked by clk_out1_sys_pll  {rise@0.000ns fall@12.500ns period=25.000ns})
  Path Group:             clk_out1_sys_pll
  Path Type:              Setup (Max at Slow Process Corner)
  Requirement:            25.000ns  (clk_out1_sys_pll rise@25.000ns - clk_out1_sys_pll_1 rise@0.000ns)
  Data Path Delay:        1.781ns  (logic 1.220ns (68.498%)  route 0.561ns (31.502%))
  Logic Levels:           1  (CARRY4=1)
  Clock Path Skew:        0.000ns (DCD - SCD + CPR)
    Destination Clock Delay (DCD):    -1.550ns = ( 23.450 - 25.000 ) 
    Source Clock Delay      (SCD):    -0.947ns
    Clock Pessimism Removal (CPR):    0.604ns
  Clock Uncertainty:      0.087ns  ((TSJ^2 + DJ^2)^1/2) / 2 + PE
    Total System Jitter     (TSJ):    0.071ns
    Discrete Jitter          (DJ):    0.159ns
    Phase Error              (PE):    0.000ns
  Clock Domain Crossing:  Inter clock paths are considered valid unless explicitly excluded by timing constraints such as set_clock_groups or set_false_path.

    Location             Delay type                Incr(ns)  Path(ns)    Netlist Resource(s)
  -------------------------------------------------------------------    -------------------
                         (clock clk_out1_sys_pll_1 rise edge)
                                                      0.000     0.000 r  
    W5                                                0.000     0.000 r  sys_clk (IN)
                         net (fo=0)                   0.000     0.000    clock_40mhz/inst/clk_in1
    W5                   IBUF (Prop_ibuf_I_O)         1.458     1.458 r  clock_40mhz/inst/clkin1_ibufg/O
                         net (fo=1, routed)           1.233     2.691    clock_40mhz/inst/clk_in1_sys_pll
    MMCME2_ADV_X1Y0      MMCME2_ADV (Prop_mmcme2_adv_CLKIN1_CLKOUT0)
                                                     -6.961    -4.269 r  clock_40mhz/inst/mmcm_adv_inst/CLKOUT0
                         net (fo=1, routed)           1.661    -2.608    clock_40mhz/inst/clk_out1_sys_pll
    BUFGCTRL_X0Y1        BUFG (Prop_bufg_I_O)         0.096    -2.512 r  clock_40mhz/inst/clkout1_buf/O
                         net (fo=6, routed)           1.565    -0.947    i2c_baud_rate_generator/clk_out1
    SLICE_X36Y46         FDRE                                         r  i2c_baud_rate_generator/counterTick_reg[1]/C
  -------------------------------------------------------------------    -------------------
    SLICE_X36Y46         FDRE (Prop_fdre_C_Q)         0.456    -0.491 r  i2c_baud_rate_generator/counterTick_reg[1]/Q
                         net (fo=3, routed)           0.561     0.071    i2c_baud_rate_generator/counterTick_reg[1]
    SLICE_X36Y46         CARRY4 (Prop_carry4_S[1]_O[3])
                                                      0.764     0.835 r  i2c_baud_rate_generator/counterTick_reg[0]_i_2/O[3]
                         net (fo=1, routed)           0.000     0.835    i2c_baud_rate_generator/counterTick_reg[0]_i_2_n_4
    SLICE_X36Y46         FDRE                                         r  i2c_baud_rate_generator/counterTick_reg[3]/D
  -------------------------------------------------------------------    -------------------

                         (clock clk_out1_sys_pll rise edge)
                                                     25.000    25.000 r  
    W5                                                0.000    25.000 r  sys_clk (IN)
                         net (fo=0)                   0.000    25.000    clock_40mhz/inst/clk_in1
    W5                   IBUF (Prop_ibuf_I_O)         1.388    26.388 r  clock_40mhz/inst/clkin1_ibufg/O
                         net (fo=1, routed)           1.162    27.550    clock_40mhz/inst/clk_in1_sys_pll
    MMCME2_ADV_X1Y0      MMCME2_ADV (Prop_mmcme2_adv_CLKIN1_CLKOUT0)
                                                     -7.217    20.332 r  clock_40mhz/inst/mmcm_adv_inst/CLKOUT0
                         net (fo=1, routed)           1.581    21.914    clock_40mhz/inst/clk_out1_sys_pll
    BUFGCTRL_X0Y1        BUFG (Prop_bufg_I_O)         0.091    22.005 r  clock_40mhz/inst/clkout1_buf/O
                         net (fo=6, routed)           1.445    23.450    i2c_baud_rate_generator/clk_out1
    SLICE_X36Y46         FDRE                                         r  i2c_baud_rate_generator/counterTick_reg[3]/C
                         clock pessimism              0.604    24.053    
                         clock uncertainty           -0.087    23.966    
    SLICE_X36Y46         FDRE (Setup_fdre_C_D)        0.062    24.028    i2c_baud_rate_generator/counterTick_reg[3]
  -------------------------------------------------------------------
                         required time                         24.028    
                         arrival time                          -0.835    
  -------------------------------------------------------------------
                         slack                                 23.194    

Slack (MET) :             23.254ns  (required time - arrival time)
  Source:                 i2c_baud_rate_generator/counterTick_reg[1]/C
                            (rising edge-triggered cell FDRE clocked by clk_out1_sys_pll_1  {rise@0.000ns fall@12.500ns period=25.000ns})
  Destination:            i2c_baud_rate_generator/counterTick_reg[2]/D
                            (rising edge-triggered cell FDRE clocked by clk_out1_sys_pll  {rise@0.000ns fall@12.500ns period=25.000ns})
  Path Group:             clk_out1_sys_pll
  Path Type:              Setup (Max at Slow Process Corner)
  Requirement:            25.000ns  (clk_out1_sys_pll rise@25.000ns - clk_out1_sys_pll_1 rise@0.000ns)
  Data Path Delay:        1.721ns  (logic 1.160ns (67.400%)  route 0.561ns (32.600%))
  Logic Levels:           1  (CARRY4=1)
  Clock Path Skew:        0.000ns (DCD - SCD + CPR)
    Destination Clock Delay (DCD):    -1.550ns = ( 23.450 - 25.000 ) 
    Source Clock Delay      (SCD):    -0.947ns
    Clock Pessimism Removal (CPR):    0.604ns
  Clock Uncertainty:      0.087ns  ((TSJ^2 + DJ^2)^1/2) / 2 + PE
    Total System Jitter     (TSJ):    0.071ns
    Discrete Jitter          (DJ):    0.159ns
    Phase Error              (PE):    0.000ns
  Clock Domain Crossing:  Inter clock paths are considered valid unless explicitly excluded by timing constraints such as set_clock_groups or set_false_path.

    Location             Delay type                Incr(ns)  Path(ns)    Netlist Resource(s)
  -------------------------------------------------------------------    -------------------
                         (clock clk_out1_sys_pll_1 rise edge)
                                                      0.000     0.000 r  
    W5                                                0.000     0.000 r  sys_clk (IN)
                         net (fo=0)                   0.000     0.000    clock_40mhz/inst/clk_in1
    W5                   IBUF (Prop_ibuf_I_O)         1.458     1.458 r  clock_40mhz/inst/clkin1_ibufg/O
                         net (fo=1, routed)           1.233     2.691    clock_40mhz/inst/clk_in1_sys_pll
    MMCME2_ADV_X1Y0      MMCME2_ADV (Prop_mmcme2_adv_CLKIN1_CLKOUT0)
                                                     -6.961    -4.269 r  clock_40mhz/inst/mmcm_adv_inst/CLKOUT0
                         net (fo=1, routed)           1.661    -2.608    clock_40mhz/inst/clk_out1_sys_pll
    BUFGCTRL_X0Y1        BUFG (Prop_bufg_I_O)         0.096    -2.512 r  clock_40mhz/inst/clkout1_buf/O
                         net (fo=6, routed)           1.565    -0.947    i2c_baud_rate_generator/clk_out1
    SLICE_X36Y46         FDRE                                         r  i2c_baud_rate_generator/counterTick_reg[1]/C
  -------------------------------------------------------------------    -------------------
    SLICE_X36Y46         FDRE (Prop_fdre_C_Q)         0.456    -0.491 r  i2c_baud_rate_generator/counterTick_reg[1]/Q
                         net (fo=3, routed)           0.561     0.071    i2c_baud_rate_generator/counterTick_reg[1]
    SLICE_X36Y46         CARRY4 (Prop_carry4_S[1]_O[2])
                                                      0.704     0.775 r  i2c_baud_rate_generator/counterTick_reg[0]_i_2/O[2]
                         net (fo=1, routed)           0.000     0.775    i2c_baud_rate_generator/counterTick_reg[0]_i_2_n_5
    SLICE_X36Y46         FDRE                                         r  i2c_baud_rate_generator/counterTick_reg[2]/D
  -------------------------------------------------------------------    -------------------

                         (clock clk_out1_sys_pll rise edge)
                                                     25.000    25.000 r  
    W5                                                0.000    25.000 r  sys_clk (IN)
                         net (fo=0)                   0.000    25.000    clock_40mhz/inst/clk_in1
    W5                   IBUF (Prop_ibuf_I_O)         1.388    26.388 r  clock_40mhz/inst/clkin1_ibufg/O
                         net (fo=1, routed)           1.162    27.550    clock_40mhz/inst/clk_in1_sys_pll
    MMCME2_ADV_X1Y0      MMCME2_ADV (Prop_mmcme2_adv_CLKIN1_CLKOUT0)
                                                     -7.217    20.332 r  clock_40mhz/inst/mmcm_adv_inst/CLKOUT0
                         net (fo=1, routed)           1.581    21.914    clock_40mhz/inst/clk_out1_sys_pll
    BUFGCTRL_X0Y1        BUFG (Prop_bufg_I_O)         0.091    22.005 r  clock_40mhz/inst/clkout1_buf/O
                         net (fo=6, routed)           1.445    23.450    i2c_baud_rate_generator/clk_out1
    SLICE_X36Y46         FDRE                                         r  i2c_baud_rate_generator/counterTick_reg[2]/C
                         clock pessimism              0.604    24.053    
                         clock uncertainty           -0.087    23.966    
    SLICE_X36Y46         FDRE (Setup_fdre_C_D)        0.062    24.028    i2c_baud_rate_generator/counterTick_reg[2]
  -------------------------------------------------------------------
                         required time                         24.028    
                         arrival time                          -0.775    
  -------------------------------------------------------------------
                         slack                                 23.254    

Slack (MET) :             23.438ns  (required time - arrival time)
  Source:                 i2c_baud_rate_generator/counterTick_reg[0]/C
                            (rising edge-triggered cell FDRE clocked by clk_out1_sys_pll_1  {rise@0.000ns fall@12.500ns period=25.000ns})
  Destination:            i2c_baud_rate_generator/counterTick_reg[1]/D
                            (rising edge-triggered cell FDRE clocked by clk_out1_sys_pll  {rise@0.000ns fall@12.500ns period=25.000ns})
  Path Group:             clk_out1_sys_pll
  Path Type:              Setup (Max at Slow Process Corner)
  Requirement:            25.000ns  (clk_out1_sys_pll rise@25.000ns - clk_out1_sys_pll_1 rise@0.000ns)
  Data Path Delay:        1.537ns  (logic 1.004ns (65.329%)  route 0.533ns (34.671%))
  Logic Levels:           2  (CARRY4=1 LUT1=1)
  Clock Path Skew:        0.000ns (DCD - SCD + CPR)
    Destination Clock Delay (DCD):    -1.550ns = ( 23.450 - 25.000 ) 
    Source Clock Delay      (SCD):    -0.947ns
    Clock Pessimism Removal (CPR):    0.604ns
  Clock Uncertainty:      0.087ns  ((TSJ^2 + DJ^2)^1/2) / 2 + PE
    Total System Jitter     (TSJ):    0.071ns
    Discrete Jitter          (DJ):    0.159ns
    Phase Error              (PE):    0.000ns
  Clock Domain Crossing:  Inter clock paths are considered valid unless explicitly excluded by timing constraints such as set_clock_groups or set_false_path.

    Location             Delay type                Incr(ns)  Path(ns)    Netlist Resource(s)
  -------------------------------------------------------------------    -------------------
                         (clock clk_out1_sys_pll_1 rise edge)
                                                      0.000     0.000 r  
    W5                                                0.000     0.000 r  sys_clk (IN)
                         net (fo=0)                   0.000     0.000    clock_40mhz/inst/clk_in1
    W5                   IBUF (Prop_ibuf_I_O)         1.458     1.458 r  clock_40mhz/inst/clkin1_ibufg/O
                         net (fo=1, routed)           1.233     2.691    clock_40mhz/inst/clk_in1_sys_pll
    MMCME2_ADV_X1Y0      MMCME2_ADV (Prop_mmcme2_adv_CLKIN1_CLKOUT0)
                                                     -6.961    -4.269 r  clock_40mhz/inst/mmcm_adv_inst/CLKOUT0
                         net (fo=1, routed)           1.661    -2.608    clock_40mhz/inst/clk_out1_sys_pll
    BUFGCTRL_X0Y1        BUFG (Prop_bufg_I_O)         0.096    -2.512 r  clock_40mhz/inst/clkout1_buf/O
                         net (fo=6, routed)           1.565    -0.947    i2c_baud_rate_generator/clk_out1
    SLICE_X36Y46         FDRE                                         r  i2c_baud_rate_generator/counterTick_reg[0]/C
  -------------------------------------------------------------------    -------------------
    SLICE_X36Y46         FDRE (Prop_fdre_C_Q)         0.456    -0.491 f  i2c_baud_rate_generator/counterTick_reg[0]/Q
                         net (fo=3, routed)           0.533     0.042    i2c_baud_rate_generator/counterTick_reg[0]
    SLICE_X36Y46         LUT1 (Prop_lut1_I0_O)        0.124     0.166 r  i2c_baud_rate_generator/counterTick[0]_i_3/O
                         net (fo=1, routed)           0.000     0.166    i2c_baud_rate_generator/counterTick[0]_i_3_n_0
    SLICE_X36Y46         CARRY4 (Prop_carry4_S[0]_O[1])
                                                      0.424     0.590 r  i2c_baud_rate_generator/counterTick_reg[0]_i_2/O[1]
                         net (fo=1, routed)           0.000     0.590    i2c_baud_rate_generator/counterTick_reg[0]_i_2_n_6
    SLICE_X36Y46         FDRE                                         r  i2c_baud_rate_generator/counterTick_reg[1]/D
  -------------------------------------------------------------------    -------------------

                         (clock clk_out1_sys_pll rise edge)
                                                     25.000    25.000 r  
    W5                                                0.000    25.000 r  sys_clk (IN)
                         net (fo=0)                   0.000    25.000    clock_40mhz/inst/clk_in1
    W5                   IBUF (Prop_ibuf_I_O)         1.388    26.388 r  clock_40mhz/inst/clkin1_ibufg/O
                         net (fo=1, routed)           1.162    27.550    clock_40mhz/inst/clk_in1_sys_pll
    MMCME2_ADV_X1Y0      MMCME2_ADV (Prop_mmcme2_adv_CLKIN1_CLKOUT0)
                                                     -7.217    20.332 r  clock_40mhz/inst/mmcm_adv_inst/CLKOUT0
                         net (fo=1, routed)           1.581    21.914    clock_40mhz/inst/clk_out1_sys_pll
    BUFGCTRL_X0Y1        BUFG (Prop_bufg_I_O)         0.091    22.005 r  clock_40mhz/inst/clkout1_buf/O
                         net (fo=6, routed)           1.445    23.450    i2c_baud_rate_generator/clk_out1
    SLICE_X36Y46         FDRE                                         r  i2c_baud_rate_generator/counterTick_reg[1]/C
                         clock pessimism              0.604    24.053    
                         clock uncertainty           -0.087    23.966    
    SLICE_X36Y46         FDRE (Setup_fdre_C_D)        0.062    24.028    i2c_baud_rate_generator/counterTick_reg[1]
  -------------------------------------------------------------------
                         required time                         24.028    
                         arrival time                          -0.590    
  -------------------------------------------------------------------
                         slack                                 23.438    





Min Delay Paths
--------------------------------------------------------------------------------------
Slack (MET) :             0.164ns  (arrival time - required time)
  Source:                 i2c_baud_rate_generator/counterTick_reg[1]/C
                            (rising edge-triggered cell FDRE clocked by clk_out1_sys_pll_1  {rise@0.000ns fall@12.500ns period=25.000ns})
  Destination:            i2c_baud_rate_generator/sys_tick_reg_reg/D
                            (rising edge-triggered cell FDRE clocked by clk_out1_sys_pll  {rise@0.000ns fall@12.500ns period=25.000ns})
  Path Group:             clk_out1_sys_pll
  Path Type:              Hold (Min at Fast Process Corner)
  Requirement:            0.000ns  (clk_out1_sys_pll rise@0.000ns - clk_out1_sys_pll_1 rise@0.000ns)
  Data Path Delay:        0.355ns  (logic 0.231ns (65.028%)  route 0.124ns (34.972%))
  Logic Levels:           2  (LUT3=1 LUT6=1)
  Clock Path Skew:        0.013ns (DCD - SCD - CPR)
    Destination Clock Delay (DCD):    -0.858ns
    Source Clock Delay      (SCD):    -0.618ns
    Clock Pessimism Removal (CPR):    -0.252ns
  Clock Uncertainty:      0.087ns  ((TSJ^2 + DJ^2)^1/2) / 2 + PE
    Total System Jitter     (TSJ):    0.071ns
    Discrete Jitter          (DJ):    0.159ns
    Phase Error              (PE):    0.000ns
  Clock Domain Crossing:  Inter clock paths are considered valid unless explicitly excluded by timing constraints such as set_clock_groups or set_false_path.

    Location             Delay type                Incr(ns)  Path(ns)    Netlist Resource(s)
  -------------------------------------------------------------------    -------------------
                         (clock clk_out1_sys_pll_1 rise edge)
                                                      0.000     0.000 r  
    W5                                                0.000     0.000 r  sys_clk (IN)
                         net (fo=0)                   0.000     0.000    clock_40mhz/inst/clk_in1
    W5                   IBUF (Prop_ibuf_I_O)         0.226     0.226 r  clock_40mhz/inst/clkin1_ibufg/O
                         net (fo=1, routed)           0.440     0.667    clock_40mhz/inst/clk_in1_sys_pll
    MMCME2_ADV_X1Y0      MMCME2_ADV (Prop_mmcme2_adv_CLKIN1_CLKOUT0)
                                                     -2.360    -1.693 r  clock_40mhz/inst/mmcm_adv_inst/CLKOUT0
                         net (fo=1, routed)           0.486    -1.207    clock_40mhz/inst/clk_out1_sys_pll
    BUFGCTRL_X0Y1        BUFG (Prop_bufg_I_O)         0.026    -1.181 r  clock_40mhz/inst/clkout1_buf/O
                         net (fo=6, routed)           0.563    -0.618    i2c_baud_rate_generator/clk_out1
    SLICE_X36Y46         FDRE                                         r  i2c_baud_rate_generator/counterTick_reg[1]/C
  -------------------------------------------------------------------    -------------------
    SLICE_X36Y46         FDRE (Prop_fdre_C_Q)         0.141    -0.477 f  i2c_baud_rate_generator/counterTick_reg[1]/Q
                         net (fo=3, routed)           0.073    -0.404    i2c_baud_rate_generator/counterTick_reg[1]
    SLICE_X37Y46         LUT6 (Prop_lut6_I4_O)        0.045    -0.359 r  i2c_baud_rate_generator/sys_tick_reg_i_2/O
                         net (fo=1, routed)           0.051    -0.308    i2c_baud_rate_generator/sys_tick_reg_i_2_n_0
    SLICE_X37Y46         LUT3 (Prop_lut3_I2_O)        0.045    -0.263 r  i2c_baud_rate_generator/sys_tick_reg_i_1/O
                         net (fo=1, routed)           0.000    -0.263    i2c_baud_rate_generator/sys_tick_reg_i_1_n_0
    SLICE_X37Y46         FDRE                                         r  i2c_baud_rate_generator/sys_tick_reg_reg/D
  -------------------------------------------------------------------    -------------------

                         (clock clk_out1_sys_pll rise edge)
                                                      0.000     0.000 r  
    W5                                                0.000     0.000 r  sys_clk (IN)
                         net (fo=0)                   0.000     0.000    clock_40mhz/inst/clk_in1
    W5                   IBUF (Prop_ibuf_I_O)         0.414     0.414 r  clock_40mhz/inst/clkin1_ibufg/O
                         net (fo=1, routed)           0.480     0.894    clock_40mhz/inst/clk_in1_sys_pll
    MMCME2_ADV_X1Y0      MMCME2_ADV (Prop_mmcme2_adv_CLKIN1_CLKOUT0)
                                                     -3.142    -2.248 r  clock_40mhz/inst/mmcm_adv_inst/CLKOUT0
                         net (fo=1, routed)           0.530    -1.718    clock_40mhz/inst/clk_out1_sys_pll
    BUFGCTRL_X0Y1        BUFG (Prop_bufg_I_O)         0.029    -1.689 r  clock_40mhz/inst/clkout1_buf/O
                         net (fo=6, routed)           0.832    -0.858    i2c_baud_rate_generator/clk_out1
    SLICE_X37Y46         FDRE                                         r  i2c_baud_rate_generator/sys_tick_reg_reg/C
                         clock pessimism              0.252    -0.605    
                         clock uncertainty            0.087    -0.518    
    SLICE_X37Y46         FDRE (Hold_fdre_C_D)         0.091    -0.427    i2c_baud_rate_generator/sys_tick_reg_reg
  -------------------------------------------------------------------
                         required time                          0.427    
                         arrival time                          -0.263    
  -------------------------------------------------------------------
                         slack                                  0.164    

Slack (MET) :             0.203ns  (arrival time - required time)
  Source:                 i2c_baud_rate_generator/counterTick_reg[2]/C
                            (rising edge-triggered cell FDRE clocked by clk_out1_sys_pll_1  {rise@0.000ns fall@12.500ns period=25.000ns})
  Destination:            i2c_baud_rate_generator/counterTick_reg[2]/D
                            (rising edge-triggered cell FDRE clocked by clk_out1_sys_pll  {rise@0.000ns fall@12.500ns period=25.000ns})
  Path Group:             clk_out1_sys_pll
  Path Type:              Hold (Min at Fast Process Corner)
  Requirement:            0.000ns  (clk_out1_sys_pll rise@0.000ns - clk_out1_sys_pll_1 rise@0.000ns)
  Data Path Delay:        0.396ns  (logic 0.252ns (63.690%)  route 0.144ns (36.310%))
  Logic Levels:           1  (CARRY4=1)
  Clock Path Skew:        0.000ns (DCD - SCD - CPR)
    Destination Clock Delay (DCD):    -0.858ns
    Source Clock Delay      (SCD):    -0.618ns
    Clock Pessimism Removal (CPR):    -0.239ns
  Clock Uncertainty:      0.087ns  ((TSJ^2 + DJ^2)^1/2) / 2 + PE
    Total System Jitter     (TSJ):    0.071ns
    Discrete Jitter          (DJ):    0.159ns
    Phase Error              (PE):    0.000ns
  Clock Domain Crossing:  Inter clock paths are considered valid unless explicitly excluded by timing constraints such as set_clock_groups or set_false_path.

    Location             Delay type                Incr(ns)  Path(ns)    Netlist Resource(s)
  -------------------------------------------------------------------    -------------------
                         (clock clk_out1_sys_pll_1 rise edge)
                                                      0.000     0.000 r  
    W5                                                0.000     0.000 r  sys_clk (IN)
                         net (fo=0)                   0.000     0.000    clock_40mhz/inst/clk_in1
    W5                   IBUF (Prop_ibuf_I_O)         0.226     0.226 r  clock_40mhz/inst/clkin1_ibufg/O
                         net (fo=1, routed)           0.440     0.667    clock_40mhz/inst/clk_in1_sys_pll
    MMCME2_ADV_X1Y0      MMCME2_ADV (Prop_mmcme2_adv_CLKIN1_CLKOUT0)
                                                     -2.360    -1.693 r  clock_40mhz/inst/mmcm_adv_inst/CLKOUT0
                         net (fo=1, routed)           0.486    -1.207    clock_40mhz/inst/clk_out1_sys_pll
    BUFGCTRL_X0Y1        BUFG (Prop_bufg_I_O)         0.026    -1.181 r  clock_40mhz/inst/clkout1_buf/O
                         net (fo=6, routed)           0.563    -0.618    i2c_baud_rate_generator/clk_out1
    SLICE_X36Y46         FDRE                                         r  i2c_baud_rate_generator/counterTick_reg[2]/C
  -------------------------------------------------------------------    -------------------
    SLICE_X36Y46         FDRE (Prop_fdre_C_Q)         0.141    -0.477 r  i2c_baud_rate_generator/counterTick_reg[2]/Q
                         net (fo=3, routed)           0.144    -0.334    i2c_baud_rate_generator/counterTick_reg[2]
    SLICE_X36Y46         CARRY4 (Prop_carry4_S[2]_O[2])
                                                      0.111    -0.223 r  i2c_baud_rate_generator/counterTick_reg[0]_i_2/O[2]
                         net (fo=1, routed)           0.000    -0.223    i2c_baud_rate_generator/counterTick_reg[0]_i_2_n_5
    SLICE_X36Y46         FDRE                                         r  i2c_baud_rate_generator/counterTick_reg[2]/D
  -------------------------------------------------------------------    -------------------

                         (clock clk_out1_sys_pll rise edge)
                                                      0.000     0.000 r  
    W5                                                0.000     0.000 r  sys_clk (IN)
                         net (fo=0)                   0.000     0.000    clock_40mhz/inst/clk_in1
    W5                   IBUF (Prop_ibuf_I_O)         0.414     0.414 r  clock_40mhz/inst/clkin1_ibufg/O
                         net (fo=1, routed)           0.480     0.894    clock_40mhz/inst/clk_in1_sys_pll
    MMCME2_ADV_X1Y0      MMCME2_ADV (Prop_mmcme2_adv_CLKIN1_CLKOUT0)
                                                     -3.142    -2.248 r  clock_40mhz/inst/mmcm_adv_inst/CLKOUT0
                         net (fo=1, routed)           0.530    -1.718    clock_40mhz/inst/clk_out1_sys_pll
    BUFGCTRL_X0Y1        BUFG (Prop_bufg_I_O)         0.029    -1.689 r  clock_40mhz/inst/clkout1_buf/O
                         net (fo=6, routed)           0.832    -0.858    i2c_baud_rate_generator/clk_out1
    SLICE_X36Y46         FDRE                                         r  i2c_baud_rate_generator/counterTick_reg[2]/C
                         clock pessimism              0.239    -0.618    
                         clock uncertainty            0.087    -0.531    
    SLICE_X36Y46         FDRE (Hold_fdre_C_D)         0.105    -0.426    i2c_baud_rate_generator/counterTick_reg[2]
  -------------------------------------------------------------------
                         required time                          0.426    
                         arrival time                          -0.223    
  -------------------------------------------------------------------
                         slack                                  0.203    

Slack (MET) :             0.236ns  (arrival time - required time)
  Source:                 i2c_baud_rate_generator/counterTick_reg[2]/C
                            (rising edge-triggered cell FDRE clocked by clk_out1_sys_pll_1  {rise@0.000ns fall@12.500ns period=25.000ns})
  Destination:            i2c_baud_rate_generator/counterTick_reg[3]/D
                            (rising edge-triggered cell FDRE clocked by clk_out1_sys_pll  {rise@0.000ns fall@12.500ns period=25.000ns})
  Path Group:             clk_out1_sys_pll
  Path Type:              Hold (Min at Fast Process Corner)
  Requirement:            0.000ns  (clk_out1_sys_pll rise@0.000ns - clk_out1_sys_pll_1 rise@0.000ns)
  Data Path Delay:        0.429ns  (logic 0.285ns (66.485%)  route 0.144ns (33.515%))
  Logic Levels:           1  (CARRY4=1)
  Clock Path Skew:        0.000ns (DCD - SCD - CPR)
    Destination Clock Delay (DCD):    -0.858ns
    Source Clock Delay      (SCD):    -0.618ns
    Clock Pessimism Removal (CPR):    -0.239ns
  Clock Uncertainty:      0.087ns  ((TSJ^2 + DJ^2)^1/2) / 2 + PE
    Total System Jitter     (TSJ):    0.071ns
    Discrete Jitter          (DJ):    0.159ns
    Phase Error              (PE):    0.000ns
  Clock Domain Crossing:  Inter clock paths are considered valid unless explicitly excluded by timing constraints such as set_clock_groups or set_false_path.

    Location             Delay type                Incr(ns)  Path(ns)    Netlist Resource(s)
  -------------------------------------------------------------------    -------------------
                         (clock clk_out1_sys_pll_1 rise edge)
                                                      0.000     0.000 r  
    W5                                                0.000     0.000 r  sys_clk (IN)
                         net (fo=0)                   0.000     0.000    clock_40mhz/inst/clk_in1
    W5                   IBUF (Prop_ibuf_I_O)         0.226     0.226 r  clock_40mhz/inst/clkin1_ibufg/O
                         net (fo=1, routed)           0.440     0.667    clock_40mhz/inst/clk_in1_sys_pll
    MMCME2_ADV_X1Y0      MMCME2_ADV (Prop_mmcme2_adv_CLKIN1_CLKOUT0)
                                                     -2.360    -1.693 r  clock_40mhz/inst/mmcm_adv_inst/CLKOUT0
                         net (fo=1, routed)           0.486    -1.207    clock_40mhz/inst/clk_out1_sys_pll
    BUFGCTRL_X0Y1        BUFG (Prop_bufg_I_O)         0.026    -1.181 r  clock_40mhz/inst/clkout1_buf/O
                         net (fo=6, routed)           0.563    -0.618    i2c_baud_rate_generator/clk_out1
    SLICE_X36Y46         FDRE                                         r  i2c_baud_rate_generator/counterTick_reg[2]/C
  -------------------------------------------------------------------    -------------------
    SLICE_X36Y46         FDRE (Prop_fdre_C_Q)         0.141    -0.477 r  i2c_baud_rate_generator/counterTick_reg[2]/Q
                         net (fo=3, routed)           0.144    -0.334    i2c_baud_rate_generator/counterTick_reg[2]
    SLICE_X36Y46         CARRY4 (Prop_carry4_S[2]_O[3])
                                                      0.144    -0.190 r  i2c_baud_rate_generator/counterTick_reg[0]_i_2/O[3]
                         net (fo=1, routed)           0.000    -0.190    i2c_baud_rate_generator/counterTick_reg[0]_i_2_n_4
    SLICE_X36Y46         FDRE                                         r  i2c_baud_rate_generator/counterTick_reg[3]/D
  -------------------------------------------------------------------    -------------------

                         (clock clk_out1_sys_pll rise edge)
                                                      0.000     0.000 r  
    W5                                                0.000     0.000 r  sys_clk (IN)
                         net (fo=0)                   0.000     0.000    clock_40mhz/inst/clk_in1
    W5                   IBUF (Prop_ibuf_I_O)         0.414     0.414 r  clock_40mhz/inst/clkin1_ibufg/O
                         net (fo=1, routed)           0.480     0.894    clock_40mhz/inst/clk_in1_sys_pll
    MMCME2_ADV_X1Y0      MMCME2_ADV (Prop_mmcme2_adv_CLKIN1_CLKOUT0)
                                                     -3.142    -2.248 r  clock_40mhz/inst/mmcm_adv_inst/CLKOUT0
                         net (fo=1, routed)           0.530    -1.718    clock_40mhz/inst/clk_out1_sys_pll
    BUFGCTRL_X0Y1        BUFG (Prop_bufg_I_O)         0.029    -1.689 r  clock_40mhz/inst/clkout1_buf/O
                         net (fo=6, routed)           0.832    -0.858    i2c_baud_rate_generator/clk_out1
    SLICE_X36Y46         FDRE                                         r  i2c_baud_rate_generator/counterTick_reg[3]/C
                         clock pessimism              0.239    -0.618    
                         clock uncertainty            0.087    -0.531    
    SLICE_X36Y46         FDRE (Hold_fdre_C_D)         0.105    -0.426    i2c_baud_rate_generator/counterTick_reg[3]
  -------------------------------------------------------------------
                         required time                          0.426    
                         arrival time                          -0.190    
  -------------------------------------------------------------------
                         slack                                  0.236    

Slack (MET) :             0.252ns  (arrival time - required time)
  Source:                 i2c_baud_rate_generator/counterTick_reg[4]/C
                            (rising edge-triggered cell FDRE clocked by clk_out1_sys_pll_1  {rise@0.000ns fall@12.500ns period=25.000ns})
  Destination:            i2c_baud_rate_generator/counterTick_reg[4]/D
                            (rising edge-triggered cell FDRE clocked by clk_out1_sys_pll  {rise@0.000ns fall@12.500ns period=25.000ns})
  Path Group:             clk_out1_sys_pll
  Path Type:              Hold (Min at Fast Process Corner)
  Requirement:            0.000ns  (clk_out1_sys_pll rise@0.000ns - clk_out1_sys_pll_1 rise@0.000ns)
  Data Path Delay:        0.445ns  (logic 0.256ns (57.583%)  route 0.189ns (42.417%))
  Logic Levels:           1  (CARRY4=1)
  Clock Path Skew:        0.000ns (DCD - SCD - CPR)
    Destination Clock Delay (DCD):    -0.857ns
    Source Clock Delay      (SCD):    -0.617ns
    Clock Pessimism Removal (CPR):    -0.239ns
  Clock Uncertainty:      0.087ns  ((TSJ^2 + DJ^2)^1/2) / 2 + PE
    Total System Jitter     (TSJ):    0.071ns
    Discrete Jitter          (DJ):    0.159ns
    Phase Error              (PE):    0.000ns
  Clock Domain Crossing:  Inter clock paths are considered valid unless explicitly excluded by timing constraints such as set_clock_groups or set_false_path.

    Location             Delay type                Incr(ns)  Path(ns)    Netlist Resource(s)
  -------------------------------------------------------------------    -------------------
                         (clock clk_out1_sys_pll_1 rise edge)
                                                      0.000     0.000 r  
    W5                                                0.000     0.000 r  sys_clk (IN)
                         net (fo=0)                   0.000     0.000    clock_40mhz/inst/clk_in1
    W5                   IBUF (Prop_ibuf_I_O)         0.226     0.226 r  clock_40mhz/inst/clkin1_ibufg/O
                         net (fo=1, routed)           0.440     0.667    clock_40mhz/inst/clk_in1_sys_pll
    MMCME2_ADV_X1Y0      MMCME2_ADV (Prop_mmcme2_adv_CLKIN1_CLKOUT0)
                                                     -2.360    -1.693 r  clock_40mhz/inst/mmcm_adv_inst/CLKOUT0
                         net (fo=1, routed)           0.486    -1.207    clock_40mhz/inst/clk_out1_sys_pll
    BUFGCTRL_X0Y1        BUFG (Prop_bufg_I_O)         0.026    -1.181 r  clock_40mhz/inst/clkout1_buf/O
                         net (fo=6, routed)           0.564    -0.617    i2c_baud_rate_generator/clk_out1
    SLICE_X36Y47         FDRE                                         r  i2c_baud_rate_generator/counterTick_reg[4]/C
  -------------------------------------------------------------------    -------------------
    SLICE_X36Y47         FDRE (Prop_fdre_C_Q)         0.141    -0.476 r  i2c_baud_rate_generator/counterTick_reg[4]/Q
                         net (fo=3, routed)           0.189    -0.288    i2c_baud_rate_generator/counterTick_reg[4]
    SLICE_X36Y47         CARRY4 (Prop_carry4_S[0]_O[0])
                                                      0.115    -0.173 r  i2c_baud_rate_generator/counterTick_reg[4]_i_1/O[0]
                         net (fo=1, routed)           0.000    -0.173    i2c_baud_rate_generator/counterTick_reg[4]_i_1_n_7
    SLICE_X36Y47         FDRE                                         r  i2c_baud_rate_generator/counterTick_reg[4]/D
  -------------------------------------------------------------------    -------------------

                         (clock clk_out1_sys_pll rise edge)
                                                      0.000     0.000 r  
    W5                                                0.000     0.000 r  sys_clk (IN)
                         net (fo=0)                   0.000     0.000    clock_40mhz/inst/clk_in1
    W5                   IBUF (Prop_ibuf_I_O)         0.414     0.414 r  clock_40mhz/inst/clkin1_ibufg/O
                         net (fo=1, routed)           0.480     0.894    clock_40mhz/inst/clk_in1_sys_pll
    MMCME2_ADV_X1Y0      MMCME2_ADV (Prop_mmcme2_adv_CLKIN1_CLKOUT0)
                                                     -3.142    -2.248 r  clock_40mhz/inst/mmcm_adv_inst/CLKOUT0
                         net (fo=1, routed)           0.530    -1.718    clock_40mhz/inst/clk_out1_sys_pll
    BUFGCTRL_X0Y1        BUFG (Prop_bufg_I_O)         0.029    -1.689 r  clock_40mhz/inst/clkout1_buf/O
                         net (fo=6, routed)           0.833    -0.857    i2c_baud_rate_generator/clk_out1
    SLICE_X36Y47         FDRE                                         r  i2c_baud_rate_generator/counterTick_reg[4]/C
                         clock pessimism              0.239    -0.617    
                         clock uncertainty            0.087    -0.530    
    SLICE_X36Y47         FDRE (Hold_fdre_C_D)         0.105    -0.425    i2c_baud_rate_generator/counterTick_reg[4]
  -------------------------------------------------------------------
                         required time                          0.425    
                         arrival time                          -0.173    
  -------------------------------------------------------------------
                         slack                                  0.252    

Slack (MET) :             0.260ns  (arrival time - required time)
  Source:                 i2c_baud_rate_generator/counterTick_reg[0]/C
                            (rising edge-triggered cell FDRE clocked by clk_out1_sys_pll_1  {rise@0.000ns fall@12.500ns period=25.000ns})
  Destination:            i2c_baud_rate_generator/counterTick_reg[0]/D
                            (rising edge-triggered cell FDRE clocked by clk_out1_sys_pll  {rise@0.000ns fall@12.500ns period=25.000ns})
  Path Group:             clk_out1_sys_pll
  Path Type:              Hold (Min at Fast Process Corner)
  Requirement:            0.000ns  (clk_out1_sys_pll rise@0.000ns - clk_out1_sys_pll_1 rise@0.000ns)
  Data Path Delay:        0.452ns  (logic 0.256ns (56.658%)  route 0.196ns (43.342%))
  Logic Levels:           2  (CARRY4=1 LUT1=1)
  Clock Path Skew:        0.000ns (DCD - SCD - CPR)
    Destination Clock Delay (DCD):    -0.858ns
    Source Clock Delay      (SCD):    -0.618ns
    Clock Pessimism Removal (CPR):    -0.239ns
  Clock Uncertainty:      0.087ns  ((TSJ^2 + DJ^2)^1/2) / 2 + PE
    Total System Jitter     (TSJ):    0.071ns
    Discrete Jitter          (DJ):    0.159ns
    Phase Error              (PE):    0.000ns
  Clock Domain Crossing:  Inter clock paths are considered valid unless explicitly excluded by timing constraints such as set_clock_groups or set_false_path.

    Location             Delay type                Incr(ns)  Path(ns)    Netlist Resource(s)
  -------------------------------------------------------------------    -------------------
                         (clock clk_out1_sys_pll_1 rise edge)
                                                      0.000     0.000 r  
    W5                                                0.000     0.000 r  sys_clk (IN)
                         net (fo=0)                   0.000     0.000    clock_40mhz/inst/clk_in1
    W5                   IBUF (Prop_ibuf_I_O)         0.226     0.226 r  clock_40mhz/inst/clkin1_ibufg/O
                         net (fo=1, routed)           0.440     0.667    clock_40mhz/inst/clk_in1_sys_pll
    MMCME2_ADV_X1Y0      MMCME2_ADV (Prop_mmcme2_adv_CLKIN1_CLKOUT0)
                                                     -2.360    -1.693 r  clock_40mhz/inst/mmcm_adv_inst/CLKOUT0
                         net (fo=1, routed)           0.486    -1.207    clock_40mhz/inst/clk_out1_sys_pll
    BUFGCTRL_X0Y1        BUFG (Prop_bufg_I_O)         0.026    -1.181 r  clock_40mhz/inst/clkout1_buf/O
                         net (fo=6, routed)           0.563    -0.618    i2c_baud_rate_generator/clk_out1
    SLICE_X36Y46         FDRE                                         r  i2c_baud_rate_generator/counterTick_reg[0]/C
  -------------------------------------------------------------------    -------------------
    SLICE_X36Y46         FDRE (Prop_fdre_C_Q)         0.141    -0.477 f  i2c_baud_rate_generator/counterTick_reg[0]/Q
                         net (fo=3, routed)           0.196    -0.282    i2c_baud_rate_generator/counterTick_reg[0]
    SLICE_X36Y46         LUT1 (Prop_lut1_I0_O)        0.045    -0.237 r  i2c_baud_rate_generator/counterTick[0]_i_3/O
                         net (fo=1, routed)           0.000    -0.237    i2c_baud_rate_generator/counterTick[0]_i_3_n_0
    SLICE_X36Y46         CARRY4 (Prop_carry4_S[0]_O[0])
                                                      0.070    -0.167 r  i2c_baud_rate_generator/counterTick_reg[0]_i_2/O[0]
                         net (fo=1, routed)           0.000    -0.167    i2c_baud_rate_generator/counterTick_reg[0]_i_2_n_7
    SLICE_X36Y46         FDRE                                         r  i2c_baud_rate_generator/counterTick_reg[0]/D
  -------------------------------------------------------------------    -------------------

                         (clock clk_out1_sys_pll rise edge)
                                                      0.000     0.000 r  
    W5                                                0.000     0.000 r  sys_clk (IN)
                         net (fo=0)                   0.000     0.000    clock_40mhz/inst/clk_in1
    W5                   IBUF (Prop_ibuf_I_O)         0.414     0.414 r  clock_40mhz/inst/clkin1_ibufg/O
                         net (fo=1, routed)           0.480     0.894    clock_40mhz/inst/clk_in1_sys_pll
    MMCME2_ADV_X1Y0      MMCME2_ADV (Prop_mmcme2_adv_CLKIN1_CLKOUT0)
                                                     -3.142    -2.248 r  clock_40mhz/inst/mmcm_adv_inst/CLKOUT0
                         net (fo=1, routed)           0.530    -1.718    clock_40mhz/inst/clk_out1_sys_pll
    BUFGCTRL_X0Y1        BUFG (Prop_bufg_I_O)         0.029    -1.689 r  clock_40mhz/inst/clkout1_buf/O
                         net (fo=6, routed)           0.832    -0.858    i2c_baud_rate_generator/clk_out1
    SLICE_X36Y46         FDRE                                         r  i2c_baud_rate_generator/counterTick_reg[0]/C
                         clock pessimism              0.239    -0.618    
                         clock uncertainty            0.087    -0.531    
    SLICE_X36Y46         FDRE (Hold_fdre_C_D)         0.105    -0.426    i2c_baud_rate_generator/counterTick_reg[0]
  -------------------------------------------------------------------
                         required time                          0.426    
                         arrival time                          -0.167    
  -------------------------------------------------------------------
                         slack                                  0.260    

Slack (MET) :             0.261ns  (arrival time - required time)
  Source:                 i2c_baud_rate_generator/counterTick_reg[1]/C
                            (rising edge-triggered cell FDRE clocked by clk_out1_sys_pll_1  {rise@0.000ns fall@12.500ns period=25.000ns})
  Destination:            i2c_baud_rate_generator/counterTick_reg[1]/D
                            (rising edge-triggered cell FDRE clocked by clk_out1_sys_pll  {rise@0.000ns fall@12.500ns period=25.000ns})
  Path Group:             clk_out1_sys_pll
  Path Type:              Hold (Min at Fast Process Corner)
  Requirement:            0.000ns  (clk_out1_sys_pll rise@0.000ns - clk_out1_sys_pll_1 rise@0.000ns)
  Data Path Delay:        0.453ns  (logic 0.251ns (55.401%)  route 0.202ns (44.599%))
  Logic Levels:           1  (CARRY4=1)
  Clock Path Skew:        0.000ns (DCD - SCD - CPR)
    Destination Clock Delay (DCD):    -0.858ns
    Source Clock Delay      (SCD):    -0.618ns
    Clock Pessimism Removal (CPR):    -0.239ns
  Clock Uncertainty:      0.087ns  ((TSJ^2 + DJ^2)^1/2) / 2 + PE
    Total System Jitter     (TSJ):    0.071ns
    Discrete Jitter          (DJ):    0.159ns
    Phase Error              (PE):    0.000ns
  Clock Domain Crossing:  Inter clock paths are considered valid unless explicitly excluded by timing constraints such as set_clock_groups or set_false_path.

    Location             Delay type                Incr(ns)  Path(ns)    Netlist Resource(s)
  -------------------------------------------------------------------    -------------------
                         (clock clk_out1_sys_pll_1 rise edge)
                                                      0.000     0.000 r  
    W5                                                0.000     0.000 r  sys_clk (IN)
                         net (fo=0)                   0.000     0.000    clock_40mhz/inst/clk_in1
    W5                   IBUF (Prop_ibuf_I_O)         0.226     0.226 r  clock_40mhz/inst/clkin1_ibufg/O
                         net (fo=1, routed)           0.440     0.667    clock_40mhz/inst/clk_in1_sys_pll
    MMCME2_ADV_X1Y0      MMCME2_ADV (Prop_mmcme2_adv_CLKIN1_CLKOUT0)
                                                     -2.360    -1.693 r  clock_40mhz/inst/mmcm_adv_inst/CLKOUT0
                         net (fo=1, routed)           0.486    -1.207    clock_40mhz/inst/clk_out1_sys_pll
    BUFGCTRL_X0Y1        BUFG (Prop_bufg_I_O)         0.026    -1.181 r  clock_40mhz/inst/clkout1_buf/O
                         net (fo=6, routed)           0.563    -0.618    i2c_baud_rate_generator/clk_out1
    SLICE_X36Y46         FDRE                                         r  i2c_baud_rate_generator/counterTick_reg[1]/C
  -------------------------------------------------------------------    -------------------
    SLICE_X36Y46         FDRE (Prop_fdre_C_Q)         0.141    -0.477 r  i2c_baud_rate_generator/counterTick_reg[1]/Q
                         net (fo=3, routed)           0.202    -0.275    i2c_baud_rate_generator/counterTick_reg[1]
    SLICE_X36Y46         CARRY4 (Prop_carry4_S[1]_O[1])
                                                      0.110    -0.165 r  i2c_baud_rate_generator/counterTick_reg[0]_i_2/O[1]
                         net (fo=1, routed)           0.000    -0.165    i2c_baud_rate_generator/counterTick_reg[0]_i_2_n_6
    SLICE_X36Y46         FDRE                                         r  i2c_baud_rate_generator/counterTick_reg[1]/D
  -------------------------------------------------------------------    -------------------

                         (clock clk_out1_sys_pll rise edge)
                                                      0.000     0.000 r  
    W5                                                0.000     0.000 r  sys_clk (IN)
                         net (fo=0)                   0.000     0.000    clock_40mhz/inst/clk_in1
    W5                   IBUF (Prop_ibuf_I_O)         0.414     0.414 r  clock_40mhz/inst/clkin1_ibufg/O
                         net (fo=1, routed)           0.480     0.894    clock_40mhz/inst/clk_in1_sys_pll
    MMCME2_ADV_X1Y0      MMCME2_ADV (Prop_mmcme2_adv_CLKIN1_CLKOUT0)
                                                     -3.142    -2.248 r  clock_40mhz/inst/mmcm_adv_inst/CLKOUT0
                         net (fo=1, routed)           0.530    -1.718    clock_40mhz/inst/clk_out1_sys_pll
    BUFGCTRL_X0Y1        BUFG (Prop_bufg_I_O)         0.029    -1.689 r  clock_40mhz/inst/clkout1_buf/O
                         net (fo=6, routed)           0.832    -0.858    i2c_baud_rate_generator/clk_out1
    SLICE_X36Y46         FDRE                                         r  i2c_baud_rate_generator/counterTick_reg[1]/C
                         clock pessimism              0.239    -0.618    
                         clock uncertainty            0.087    -0.531    
    SLICE_X36Y46         FDRE (Hold_fdre_C_D)         0.105    -0.426    i2c_baud_rate_generator/counterTick_reg[1]
  -------------------------------------------------------------------
                         required time                          0.426    
                         arrival time                          -0.165    
  -------------------------------------------------------------------
                         slack                                  0.261    

Slack (MET) :             0.327ns  (arrival time - required time)
  Source:                 i2c_baud_rate_generator/counterTick_reg[2]/C
                            (rising edge-triggered cell FDRE clocked by clk_out1_sys_pll_1  {rise@0.000ns fall@12.500ns period=25.000ns})
  Destination:            i2c_baud_rate_generator/counterTick_reg[4]/R
                            (rising edge-triggered cell FDRE clocked by clk_out1_sys_pll  {rise@0.000ns fall@12.500ns period=25.000ns})
  Path Group:             clk_out1_sys_pll
  Path Type:              Hold (Min at Fast Process Corner)
  Requirement:            0.000ns  (clk_out1_sys_pll rise@0.000ns - clk_out1_sys_pll_1 rise@0.000ns)
  Data Path Delay:        0.413ns  (logic 0.186ns (45.059%)  route 0.227ns (54.941%))
  Logic Levels:           1  (LUT6=1)
  Clock Path Skew:        0.017ns (DCD - SCD - CPR)
    Destination Clock Delay (DCD):    -0.857ns
    Source Clock Delay      (SCD):    -0.618ns
    Clock Pessimism Removal (CPR):    -0.255ns
  Clock Uncertainty:      0.087ns  ((TSJ^2 + DJ^2)^1/2) / 2 + PE
    Total System Jitter     (TSJ):    0.071ns
    Discrete Jitter          (DJ):    0.159ns
    Phase Error              (PE):    0.000ns
  Clock Domain Crossing:  Inter clock paths are considered valid unless explicitly excluded by timing constraints such as set_clock_groups or set_false_path.

    Location             Delay type                Incr(ns)  Path(ns)    Netlist Resource(s)
  -------------------------------------------------------------------    -------------------
                         (clock clk_out1_sys_pll_1 rise edge)
                                                      0.000     0.000 r  
    W5                                                0.000     0.000 r  sys_clk (IN)
                         net (fo=0)                   0.000     0.000    clock_40mhz/inst/clk_in1
    W5                   IBUF (Prop_ibuf_I_O)         0.226     0.226 r  clock_40mhz/inst/clkin1_ibufg/O
                         net (fo=1, routed)           0.440     0.667    clock_40mhz/inst/clk_in1_sys_pll
    MMCME2_ADV_X1Y0      MMCME2_ADV (Prop_mmcme2_adv_CLKIN1_CLKOUT0)
                                                     -2.360    -1.693 r  clock_40mhz/inst/mmcm_adv_inst/CLKOUT0
                         net (fo=1, routed)           0.486    -1.207    clock_40mhz/inst/clk_out1_sys_pll
    BUFGCTRL_X0Y1        BUFG (Prop_bufg_I_O)         0.026    -1.181 r  clock_40mhz/inst/clkout1_buf/O
                         net (fo=6, routed)           0.563    -0.618    i2c_baud_rate_generator/clk_out1
    SLICE_X36Y46         FDRE                                         r  i2c_baud_rate_generator/counterTick_reg[2]/C
  -------------------------------------------------------------------    -------------------
    SLICE_X36Y46         FDRE (Prop_fdre_C_Q)         0.141    -0.477 f  i2c_baud_rate_generator/counterTick_reg[2]/Q
                         net (fo=3, routed)           0.075    -0.402    i2c_baud_rate_generator/counterTick_reg[2]
    SLICE_X37Y46         LUT6 (Prop_lut6_I2_O)        0.045    -0.357 r  i2c_baud_rate_generator/counterTick[0]_i_1/O
                         net (fo=5, routed)           0.152    -0.206    i2c_baud_rate_generator/counterTick[0]_i_1_n_0
    SLICE_X36Y47         FDRE                                         r  i2c_baud_rate_generator/counterTick_reg[4]/R
  -------------------------------------------------------------------    -------------------

                         (clock clk_out1_sys_pll rise edge)
                                                      0.000     0.000 r  
    W5                                                0.000     0.000 r  sys_clk (IN)
                         net (fo=0)                   0.000     0.000    clock_40mhz/inst/clk_in1
    W5                   IBUF (Prop_ibuf_I_O)         0.414     0.414 r  clock_40mhz/inst/clkin1_ibufg/O
                         net (fo=1, routed)           0.480     0.894    clock_40mhz/inst/clk_in1_sys_pll
    MMCME2_ADV_X1Y0      MMCME2_ADV (Prop_mmcme2_adv_CLKIN1_CLKOUT0)
                                                     -3.142    -2.248 r  clock_40mhz/inst/mmcm_adv_inst/CLKOUT0
                         net (fo=1, routed)           0.530    -1.718    clock_40mhz/inst/clk_out1_sys_pll
    BUFGCTRL_X0Y1        BUFG (Prop_bufg_I_O)         0.029    -1.689 r  clock_40mhz/inst/clkout1_buf/O
                         net (fo=6, routed)           0.833    -0.857    i2c_baud_rate_generator/clk_out1
    SLICE_X36Y47         FDRE                                         r  i2c_baud_rate_generator/counterTick_reg[4]/C
                         clock pessimism              0.255    -0.601    
                         clock uncertainty            0.087    -0.514    
    SLICE_X36Y47         FDRE (Hold_fdre_C_R)        -0.018    -0.532    i2c_baud_rate_generator/counterTick_reg[4]
  -------------------------------------------------------------------
                         required time                          0.532    
                         arrival time                          -0.206    
  -------------------------------------------------------------------
                         slack                                  0.327    

Slack (MET) :             0.404ns  (arrival time - required time)
  Source:                 i2c_baud_rate_generator/counterTick_reg[2]/C
                            (rising edge-triggered cell FDRE clocked by clk_out1_sys_pll_1  {rise@0.000ns fall@12.500ns period=25.000ns})
  Destination:            i2c_baud_rate_generator/counterTick_reg[0]/R
                            (rising edge-triggered cell FDRE clocked by clk_out1_sys_pll  {rise@0.000ns fall@12.500ns period=25.000ns})
  Path Group:             clk_out1_sys_pll
  Path Type:              Hold (Min at Fast Process Corner)
  Requirement:            0.000ns  (clk_out1_sys_pll rise@0.000ns - clk_out1_sys_pll_1 rise@0.000ns)
  Data Path Delay:        0.473ns  (logic 0.186ns (39.324%)  route 0.287ns (60.676%))
  Logic Levels:           1  (LUT6=1)
  Clock Path Skew:        0.000ns (DCD - SCD - CPR)
    Destination Clock Delay (DCD):    -0.858ns
    Source Clock Delay      (SCD):    -0.618ns
    Clock Pessimism Removal (CPR):    -0.239ns
  Clock Uncertainty:      0.087ns  ((TSJ^2 + DJ^2)^1/2) / 2 + PE
    Total System Jitter     (TSJ):    0.071ns
    Discrete Jitter          (DJ):    0.159ns
    Phase Error              (PE):    0.000ns
  Clock Domain Crossing:  Inter clock paths are considered valid unless explicitly excluded by timing constraints such as set_clock_groups or set_false_path.

    Location             Delay type                Incr(ns)  Path(ns)    Netlist Resource(s)
  -------------------------------------------------------------------    -------------------
                         (clock clk_out1_sys_pll_1 rise edge)
                                                      0.000     0.000 r  
    W5                                                0.000     0.000 r  sys_clk (IN)
                         net (fo=0)                   0.000     0.000    clock_40mhz/inst/clk_in1
    W5                   IBUF (Prop_ibuf_I_O)         0.226     0.226 r  clock_40mhz/inst/clkin1_ibufg/O
                         net (fo=1, routed)           0.440     0.667    clock_40mhz/inst/clk_in1_sys_pll
    MMCME2_ADV_X1Y0      MMCME2_ADV (Prop_mmcme2_adv_CLKIN1_CLKOUT0)
                                                     -2.360    -1.693 r  clock_40mhz/inst/mmcm_adv_inst/CLKOUT0
                         net (fo=1, routed)           0.486    -1.207    clock_40mhz/inst/clk_out1_sys_pll
    BUFGCTRL_X0Y1        BUFG (Prop_bufg_I_O)         0.026    -1.181 r  clock_40mhz/inst/clkout1_buf/O
                         net (fo=6, routed)           0.563    -0.618    i2c_baud_rate_generator/clk_out1
    SLICE_X36Y46         FDRE                                         r  i2c_baud_rate_generator/counterTick_reg[2]/C
  -------------------------------------------------------------------    -------------------
    SLICE_X36Y46         FDRE (Prop_fdre_C_Q)         0.141    -0.477 f  i2c_baud_rate_generator/counterTick_reg[2]/Q
                         net (fo=3, routed)           0.075    -0.402    i2c_baud_rate_generator/counterTick_reg[2]
    SLICE_X37Y46         LUT6 (Prop_lut6_I2_O)        0.045    -0.357 r  i2c_baud_rate_generator/counterTick[0]_i_1/O
                         net (fo=5, routed)           0.212    -0.145    i2c_baud_rate_generator/counterTick[0]_i_1_n_0
    SLICE_X36Y46         FDRE                                         r  i2c_baud_rate_generator/counterTick_reg[0]/R
  -------------------------------------------------------------------    -------------------

                         (clock clk_out1_sys_pll rise edge)
                                                      0.000     0.000 r  
    W5                                                0.000     0.000 r  sys_clk (IN)
                         net (fo=0)                   0.000     0.000    clock_40mhz/inst/clk_in1
    W5                   IBUF (Prop_ibuf_I_O)         0.414     0.414 r  clock_40mhz/inst/clkin1_ibufg/O
                         net (fo=1, routed)           0.480     0.894    clock_40mhz/inst/clk_in1_sys_pll
    MMCME2_ADV_X1Y0      MMCME2_ADV (Prop_mmcme2_adv_CLKIN1_CLKOUT0)
                                                     -3.142    -2.248 r  clock_40mhz/inst/mmcm_adv_inst/CLKOUT0
                         net (fo=1, routed)           0.530    -1.718    clock_40mhz/inst/clk_out1_sys_pll
    BUFGCTRL_X0Y1        BUFG (Prop_bufg_I_O)         0.029    -1.689 r  clock_40mhz/inst/clkout1_buf/O
                         net (fo=6, routed)           0.832    -0.858    i2c_baud_rate_generator/clk_out1
    SLICE_X36Y46         FDRE                                         r  i2c_baud_rate_generator/counterTick_reg[0]/C
                         clock pessimism              0.239    -0.618    
                         clock uncertainty            0.087    -0.531    
    SLICE_X36Y46         FDRE (Hold_fdre_C_R)        -0.018    -0.549    i2c_baud_rate_generator/counterTick_reg[0]
  -------------------------------------------------------------------
                         required time                          0.549    
                         arrival time                          -0.145    
  -------------------------------------------------------------------
                         slack                                  0.404    

Slack (MET) :             0.404ns  (arrival time - required time)
  Source:                 i2c_baud_rate_generator/counterTick_reg[2]/C
                            (rising edge-triggered cell FDRE clocked by clk_out1_sys_pll_1  {rise@0.000ns fall@12.500ns period=25.000ns})
  Destination:            i2c_baud_rate_generator/counterTick_reg[1]/R
                            (rising edge-triggered cell FDRE clocked by clk_out1_sys_pll  {rise@0.000ns fall@12.500ns period=25.000ns})
  Path Group:             clk_out1_sys_pll
  Path Type:              Hold (Min at Fast Process Corner)
  Requirement:            0.000ns  (clk_out1_sys_pll rise@0.000ns - clk_out1_sys_pll_1 rise@0.000ns)
  Data Path Delay:        0.473ns  (logic 0.186ns (39.324%)  route 0.287ns (60.676%))
  Logic Levels:           1  (LUT6=1)
  Clock Path Skew:        0.000ns (DCD - SCD - CPR)
    Destination Clock Delay (DCD):    -0.858ns
    Source Clock Delay      (SCD):    -0.618ns
    Clock Pessimism Removal (CPR):    -0.239ns
  Clock Uncertainty:      0.087ns  ((TSJ^2 + DJ^2)^1/2) / 2 + PE
    Total System Jitter     (TSJ):    0.071ns
    Discrete Jitter          (DJ):    0.159ns
    Phase Error              (PE):    0.000ns
  Clock Domain Crossing:  Inter clock paths are considered valid unless explicitly excluded by timing constraints such as set_clock_groups or set_false_path.

    Location             Delay type                Incr(ns)  Path(ns)    Netlist Resource(s)
  -------------------------------------------------------------------    -------------------
                         (clock clk_out1_sys_pll_1 rise edge)
                                                      0.000     0.000 r  
    W5                                                0.000     0.000 r  sys_clk (IN)
                         net (fo=0)                   0.000     0.000    clock_40mhz/inst/clk_in1
    W5                   IBUF (Prop_ibuf_I_O)         0.226     0.226 r  clock_40mhz/inst/clkin1_ibufg/O
                         net (fo=1, routed)           0.440     0.667    clock_40mhz/inst/clk_in1_sys_pll
    MMCME2_ADV_X1Y0      MMCME2_ADV (Prop_mmcme2_adv_CLKIN1_CLKOUT0)
                                                     -2.360    -1.693 r  clock_40mhz/inst/mmcm_adv_inst/CLKOUT0
                         net (fo=1, routed)           0.486    -1.207    clock_40mhz/inst/clk_out1_sys_pll
    BUFGCTRL_X0Y1        BUFG (Prop_bufg_I_O)         0.026    -1.181 r  clock_40mhz/inst/clkout1_buf/O
                         net (fo=6, routed)           0.563    -0.618    i2c_baud_rate_generator/clk_out1
    SLICE_X36Y46         FDRE                                         r  i2c_baud_rate_generator/counterTick_reg[2]/C
  -------------------------------------------------------------------    -------------------
    SLICE_X36Y46         FDRE (Prop_fdre_C_Q)         0.141    -0.477 f  i2c_baud_rate_generator/counterTick_reg[2]/Q
                         net (fo=3, routed)           0.075    -0.402    i2c_baud_rate_generator/counterTick_reg[2]
    SLICE_X37Y46         LUT6 (Prop_lut6_I2_O)        0.045    -0.357 r  i2c_baud_rate_generator/counterTick[0]_i_1/O
                         net (fo=5, routed)           0.212    -0.145    i2c_baud_rate_generator/counterTick[0]_i_1_n_0
    SLICE_X36Y46         FDRE                                         r  i2c_baud_rate_generator/counterTick_reg[1]/R
  -------------------------------------------------------------------    -------------------

                         (clock clk_out1_sys_pll rise edge)
                                                      0.000     0.000 r  
    W5                                                0.000     0.000 r  sys_clk (IN)
                         net (fo=0)                   0.000     0.000    clock_40mhz/inst/clk_in1
    W5                   IBUF (Prop_ibuf_I_O)         0.414     0.414 r  clock_40mhz/inst/clkin1_ibufg/O
                         net (fo=1, routed)           0.480     0.894    clock_40mhz/inst/clk_in1_sys_pll
    MMCME2_ADV_X1Y0      MMCME2_ADV (Prop_mmcme2_adv_CLKIN1_CLKOUT0)
                                                     -3.142    -2.248 r  clock_40mhz/inst/mmcm_adv_inst/CLKOUT0
                         net (fo=1, routed)           0.530    -1.718    clock_40mhz/inst/clk_out1_sys_pll
    BUFGCTRL_X0Y1        BUFG (Prop_bufg_I_O)         0.029    -1.689 r  clock_40mhz/inst/clkout1_buf/O
                         net (fo=6, routed)           0.832    -0.858    i2c_baud_rate_generator/clk_out1
    SLICE_X36Y46         FDRE                                         r  i2c_baud_rate_generator/counterTick_reg[1]/C
                         clock pessimism              0.239    -0.618    
                         clock uncertainty            0.087    -0.531    
    SLICE_X36Y46         FDRE (Hold_fdre_C_R)        -0.018    -0.549    i2c_baud_rate_generator/counterTick_reg[1]
  -------------------------------------------------------------------
                         required time                          0.549    
                         arrival time                          -0.145    
  -------------------------------------------------------------------
                         slack                                  0.404    

Slack (MET) :             0.404ns  (arrival time - required time)
  Source:                 i2c_baud_rate_generator/counterTick_reg[2]/C
                            (rising edge-triggered cell FDRE clocked by clk_out1_sys_pll_1  {rise@0.000ns fall@12.500ns period=25.000ns})
  Destination:            i2c_baud_rate_generator/counterTick_reg[2]/R
                            (rising edge-triggered cell FDRE clocked by clk_out1_sys_pll  {rise@0.000ns fall@12.500ns period=25.000ns})
  Path Group:             clk_out1_sys_pll
  Path Type:              Hold (Min at Fast Process Corner)
  Requirement:            0.000ns  (clk_out1_sys_pll rise@0.000ns - clk_out1_sys_pll_1 rise@0.000ns)
  Data Path Delay:        0.473ns  (logic 0.186ns (39.324%)  route 0.287ns (60.676%))
  Logic Levels:           1  (LUT6=1)
  Clock Path Skew:        0.000ns (DCD - SCD - CPR)
    Destination Clock Delay (DCD):    -0.858ns
    Source Clock Delay      (SCD):    -0.618ns
    Clock Pessimism Removal (CPR):    -0.239ns
  Clock Uncertainty:      0.087ns  ((TSJ^2 + DJ^2)^1/2) / 2 + PE
    Total System Jitter     (TSJ):    0.071ns
    Discrete Jitter          (DJ):    0.159ns
    Phase Error              (PE):    0.000ns
  Clock Domain Crossing:  Inter clock paths are considered valid unless explicitly excluded by timing constraints such as set_clock_groups or set_false_path.

    Location             Delay type                Incr(ns)  Path(ns)    Netlist Resource(s)
  -------------------------------------------------------------------    -------------------
                         (clock clk_out1_sys_pll_1 rise edge)
                                                      0.000     0.000 r  
    W5                                                0.000     0.000 r  sys_clk (IN)
                         net (fo=0)                   0.000     0.000    clock_40mhz/inst/clk_in1
    W5                   IBUF (Prop_ibuf_I_O)         0.226     0.226 r  clock_40mhz/inst/clkin1_ibufg/O
                         net (fo=1, routed)           0.440     0.667    clock_40mhz/inst/clk_in1_sys_pll
    MMCME2_ADV_X1Y0      MMCME2_ADV (Prop_mmcme2_adv_CLKIN1_CLKOUT0)
                                                     -2.360    -1.693 r  clock_40mhz/inst/mmcm_adv_inst/CLKOUT0
                         net (fo=1, routed)           0.486    -1.207    clock_40mhz/inst/clk_out1_sys_pll
    BUFGCTRL_X0Y1        BUFG (Prop_bufg_I_O)         0.026    -1.181 r  clock_40mhz/inst/clkout1_buf/O
                         net (fo=6, routed)           0.563    -0.618    i2c_baud_rate_generator/clk_out1
    SLICE_X36Y46         FDRE                                         r  i2c_baud_rate_generator/counterTick_reg[2]/C
  -------------------------------------------------------------------    -------------------
    SLICE_X36Y46         FDRE (Prop_fdre_C_Q)         0.141    -0.477 f  i2c_baud_rate_generator/counterTick_reg[2]/Q
                         net (fo=3, routed)           0.075    -0.402    i2c_baud_rate_generator/counterTick_reg[2]
    SLICE_X37Y46         LUT6 (Prop_lut6_I2_O)        0.045    -0.357 r  i2c_baud_rate_generator/counterTick[0]_i_1/O
                         net (fo=5, routed)           0.212    -0.145    i2c_baud_rate_generator/counterTick[0]_i_1_n_0
    SLICE_X36Y46         FDRE                                         r  i2c_baud_rate_generator/counterTick_reg[2]/R
  -------------------------------------------------------------------    -------------------

                         (clock clk_out1_sys_pll rise edge)
                                                      0.000     0.000 r  
    W5                                                0.000     0.000 r  sys_clk (IN)
                         net (fo=0)                   0.000     0.000    clock_40mhz/inst/clk_in1
    W5                   IBUF (Prop_ibuf_I_O)         0.414     0.414 r  clock_40mhz/inst/clkin1_ibufg/O
                         net (fo=1, routed)           0.480     0.894    clock_40mhz/inst/clk_in1_sys_pll
    MMCME2_ADV_X1Y0      MMCME2_ADV (Prop_mmcme2_adv_CLKIN1_CLKOUT0)
                                                     -3.142    -2.248 r  clock_40mhz/inst/mmcm_adv_inst/CLKOUT0
                         net (fo=1, routed)           0.530    -1.718    clock_40mhz/inst/clk_out1_sys_pll
    BUFGCTRL_X0Y1        BUFG (Prop_bufg_I_O)         0.029    -1.689 r  clock_40mhz/inst/clkout1_buf/O
                         net (fo=6, routed)           0.832    -0.858    i2c_baud_rate_generator/clk_out1
    SLICE_X36Y46         FDRE                                         r  i2c_baud_rate_generator/counterTick_reg[2]/C
                         clock pessimism              0.239    -0.618    
                         clock uncertainty            0.087    -0.531    
    SLICE_X36Y46         FDRE (Hold_fdre_C_R)        -0.018    -0.549    i2c_baud_rate_generator/counterTick_reg[2]
  -------------------------------------------------------------------
                         required time                          0.549    
                         arrival time                          -0.145    
  -------------------------------------------------------------------
                         slack                                  0.404    





---------------------------------------------------------------------------------------------------
From Clock:  clk_out1_sys_pll
  To Clock:  clk_out1_sys_pll_1

Setup :            0  Failing Endpoints,  Worst Slack       22.441ns,  Total Violation        0.000ns
Hold  :            0  Failing Endpoints,  Worst Slack        0.164ns,  Total Violation        0.000ns
---------------------------------------------------------------------------------------------------


Max Delay Paths
--------------------------------------------------------------------------------------
Slack (MET) :             22.441ns  (required time - arrival time)
  Source:                 i2c_baud_rate_generator/counterTick_reg[4]/C
                            (rising edge-triggered cell FDRE clocked by clk_out1_sys_pll  {rise@0.000ns fall@12.500ns period=25.000ns})
  Destination:            i2c_baud_rate_generator/counterTick_reg[0]/R
                            (rising edge-triggered cell FDRE clocked by clk_out1_sys_pll_1  {rise@0.000ns fall@12.500ns period=25.000ns})
  Path Group:             clk_out1_sys_pll_1
  Path Type:              Setup (Max at Slow Process Corner)
  Requirement:            25.000ns  (clk_out1_sys_pll_1 rise@25.000ns - clk_out1_sys_pll rise@0.000ns)
  Data Path Delay:        2.017ns  (logic 0.580ns (28.756%)  route 1.437ns (71.244%))
  Logic Levels:           1  (LUT6=1)
  Clock Path Skew:        -0.026ns (DCD - SCD + CPR)
    Destination Clock Delay (DCD):    -1.550ns = ( 23.450 - 25.000 ) 
    Source Clock Delay      (SCD):    -0.946ns
    Clock Pessimism Removal (CPR):    0.579ns
  Clock Uncertainty:      0.087ns  ((TSJ^2 + DJ^2)^1/2) / 2 + PE
    Total System Jitter     (TSJ):    0.071ns
    Discrete Jitter          (DJ):    0.159ns
    Phase Error              (PE):    0.000ns
  Clock Domain Crossing:  Inter clock paths are considered valid unless explicitly excluded by timing constraints such as set_clock_groups or set_false_path.

    Location             Delay type                Incr(ns)  Path(ns)    Netlist Resource(s)
  -------------------------------------------------------------------    -------------------
                         (clock clk_out1_sys_pll rise edge)
                                                      0.000     0.000 r  
    W5                                                0.000     0.000 r  sys_clk (IN)
                         net (fo=0)                   0.000     0.000    clock_40mhz/inst/clk_in1
    W5                   IBUF (Prop_ibuf_I_O)         1.458     1.458 r  clock_40mhz/inst/clkin1_ibufg/O
                         net (fo=1, routed)           1.233     2.691    clock_40mhz/inst/clk_in1_sys_pll
    MMCME2_ADV_X1Y0      MMCME2_ADV (Prop_mmcme2_adv_CLKIN1_CLKOUT0)
                                                     -6.961    -4.269 r  clock_40mhz/inst/mmcm_adv_inst/CLKOUT0
                         net (fo=1, routed)           1.661    -2.608    clock_40mhz/inst/clk_out1_sys_pll
    BUFGCTRL_X0Y1        BUFG (Prop_bufg_I_O)         0.096    -2.512 r  clock_40mhz/inst/clkout1_buf/O
                         net (fo=6, routed)           1.566    -0.946    i2c_baud_rate_generator/clk_out1
    SLICE_X36Y47         FDRE                                         r  i2c_baud_rate_generator/counterTick_reg[4]/C
  -------------------------------------------------------------------    -------------------
    SLICE_X36Y47         FDRE (Prop_fdre_C_Q)         0.456    -0.490 r  i2c_baud_rate_generator/counterTick_reg[4]/Q
                         net (fo=3, routed)           0.822     0.332    i2c_baud_rate_generator/counterTick_reg[4]
    SLICE_X37Y46         LUT6 (Prop_lut6_I3_O)        0.124     0.456 r  i2c_baud_rate_generator/counterTick[0]_i_1/O
                         net (fo=5, routed)           0.615     1.071    i2c_baud_rate_generator/counterTick[0]_i_1_n_0
    SLICE_X36Y46         FDRE                                         r  i2c_baud_rate_generator/counterTick_reg[0]/R
  -------------------------------------------------------------------    -------------------

                         (clock clk_out1_sys_pll_1 rise edge)
                                                     25.000    25.000 r  
    W5                                                0.000    25.000 r  sys_clk (IN)
                         net (fo=0)                   0.000    25.000    clock_40mhz/inst/clk_in1
    W5                   IBUF (Prop_ibuf_I_O)         1.388    26.388 r  clock_40mhz/inst/clkin1_ibufg/O
                         net (fo=1, routed)           1.162    27.550    clock_40mhz/inst/clk_in1_sys_pll
    MMCME2_ADV_X1Y0      MMCME2_ADV (Prop_mmcme2_adv_CLKIN1_CLKOUT0)
                                                     -7.217    20.332 r  clock_40mhz/inst/mmcm_adv_inst/CLKOUT0
                         net (fo=1, routed)           1.581    21.914    clock_40mhz/inst/clk_out1_sys_pll
    BUFGCTRL_X0Y1        BUFG (Prop_bufg_I_O)         0.091    22.005 r  clock_40mhz/inst/clkout1_buf/O
                         net (fo=6, routed)           1.445    23.450    i2c_baud_rate_generator/clk_out1
    SLICE_X36Y46         FDRE                                         r  i2c_baud_rate_generator/counterTick_reg[0]/C
                         clock pessimism              0.579    24.028    
                         clock uncertainty           -0.087    23.941    
    SLICE_X36Y46         FDRE (Setup_fdre_C_R)       -0.429    23.512    i2c_baud_rate_generator/counterTick_reg[0]
  -------------------------------------------------------------------
                         required time                         23.512    
                         arrival time                          -1.071    
  -------------------------------------------------------------------
                         slack                                 22.441    

Slack (MET) :             22.441ns  (required time - arrival time)
  Source:                 i2c_baud_rate_generator/counterTick_reg[4]/C
                            (rising edge-triggered cell FDRE clocked by clk_out1_sys_pll  {rise@0.000ns fall@12.500ns period=25.000ns})
  Destination:            i2c_baud_rate_generator/counterTick_reg[1]/R
                            (rising edge-triggered cell FDRE clocked by clk_out1_sys_pll_1  {rise@0.000ns fall@12.500ns period=25.000ns})
  Path Group:             clk_out1_sys_pll_1
  Path Type:              Setup (Max at Slow Process Corner)
  Requirement:            25.000ns  (clk_out1_sys_pll_1 rise@25.000ns - clk_out1_sys_pll rise@0.000ns)
  Data Path Delay:        2.017ns  (logic 0.580ns (28.756%)  route 1.437ns (71.244%))
  Logic Levels:           1  (LUT6=1)
  Clock Path Skew:        -0.026ns (DCD - SCD + CPR)
    Destination Clock Delay (DCD):    -1.550ns = ( 23.450 - 25.000 ) 
    Source Clock Delay      (SCD):    -0.946ns
    Clock Pessimism Removal (CPR):    0.579ns
  Clock Uncertainty:      0.087ns  ((TSJ^2 + DJ^2)^1/2) / 2 + PE
    Total System Jitter     (TSJ):    0.071ns
    Discrete Jitter          (DJ):    0.159ns
    Phase Error              (PE):    0.000ns
  Clock Domain Crossing:  Inter clock paths are considered valid unless explicitly excluded by timing constraints such as set_clock_groups or set_false_path.

    Location             Delay type                Incr(ns)  Path(ns)    Netlist Resource(s)
  -------------------------------------------------------------------    -------------------
                         (clock clk_out1_sys_pll rise edge)
                                                      0.000     0.000 r  
    W5                                                0.000     0.000 r  sys_clk (IN)
                         net (fo=0)                   0.000     0.000    clock_40mhz/inst/clk_in1
    W5                   IBUF (Prop_ibuf_I_O)         1.458     1.458 r  clock_40mhz/inst/clkin1_ibufg/O
                         net (fo=1, routed)           1.233     2.691    clock_40mhz/inst/clk_in1_sys_pll
    MMCME2_ADV_X1Y0      MMCME2_ADV (Prop_mmcme2_adv_CLKIN1_CLKOUT0)
                                                     -6.961    -4.269 r  clock_40mhz/inst/mmcm_adv_inst/CLKOUT0
                         net (fo=1, routed)           1.661    -2.608    clock_40mhz/inst/clk_out1_sys_pll
    BUFGCTRL_X0Y1        BUFG (Prop_bufg_I_O)         0.096    -2.512 r  clock_40mhz/inst/clkout1_buf/O
                         net (fo=6, routed)           1.566    -0.946    i2c_baud_rate_generator/clk_out1
    SLICE_X36Y47         FDRE                                         r  i2c_baud_rate_generator/counterTick_reg[4]/C
  -------------------------------------------------------------------    -------------------
    SLICE_X36Y47         FDRE (Prop_fdre_C_Q)         0.456    -0.490 r  i2c_baud_rate_generator/counterTick_reg[4]/Q
                         net (fo=3, routed)           0.822     0.332    i2c_baud_rate_generator/counterTick_reg[4]
    SLICE_X37Y46         LUT6 (Prop_lut6_I3_O)        0.124     0.456 r  i2c_baud_rate_generator/counterTick[0]_i_1/O
                         net (fo=5, routed)           0.615     1.071    i2c_baud_rate_generator/counterTick[0]_i_1_n_0
    SLICE_X36Y46         FDRE                                         r  i2c_baud_rate_generator/counterTick_reg[1]/R
  -------------------------------------------------------------------    -------------------

                         (clock clk_out1_sys_pll_1 rise edge)
                                                     25.000    25.000 r  
    W5                                                0.000    25.000 r  sys_clk (IN)
                         net (fo=0)                   0.000    25.000    clock_40mhz/inst/clk_in1
    W5                   IBUF (Prop_ibuf_I_O)         1.388    26.388 r  clock_40mhz/inst/clkin1_ibufg/O
                         net (fo=1, routed)           1.162    27.550    clock_40mhz/inst/clk_in1_sys_pll
    MMCME2_ADV_X1Y0      MMCME2_ADV (Prop_mmcme2_adv_CLKIN1_CLKOUT0)
                                                     -7.217    20.332 r  clock_40mhz/inst/mmcm_adv_inst/CLKOUT0
                         net (fo=1, routed)           1.581    21.914    clock_40mhz/inst/clk_out1_sys_pll
    BUFGCTRL_X0Y1        BUFG (Prop_bufg_I_O)         0.091    22.005 r  clock_40mhz/inst/clkout1_buf/O
                         net (fo=6, routed)           1.445    23.450    i2c_baud_rate_generator/clk_out1
    SLICE_X36Y46         FDRE                                         r  i2c_baud_rate_generator/counterTick_reg[1]/C
                         clock pessimism              0.579    24.028    
                         clock uncertainty           -0.087    23.941    
    SLICE_X36Y46         FDRE (Setup_fdre_C_R)       -0.429    23.512    i2c_baud_rate_generator/counterTick_reg[1]
  -------------------------------------------------------------------
                         required time                         23.512    
                         arrival time                          -1.071    
  -------------------------------------------------------------------
                         slack                                 22.441    

Slack (MET) :             22.441ns  (required time - arrival time)
  Source:                 i2c_baud_rate_generator/counterTick_reg[4]/C
                            (rising edge-triggered cell FDRE clocked by clk_out1_sys_pll  {rise@0.000ns fall@12.500ns period=25.000ns})
  Destination:            i2c_baud_rate_generator/counterTick_reg[2]/R
                            (rising edge-triggered cell FDRE clocked by clk_out1_sys_pll_1  {rise@0.000ns fall@12.500ns period=25.000ns})
  Path Group:             clk_out1_sys_pll_1
  Path Type:              Setup (Max at Slow Process Corner)
  Requirement:            25.000ns  (clk_out1_sys_pll_1 rise@25.000ns - clk_out1_sys_pll rise@0.000ns)
  Data Path Delay:        2.017ns  (logic 0.580ns (28.756%)  route 1.437ns (71.244%))
  Logic Levels:           1  (LUT6=1)
  Clock Path Skew:        -0.026ns (DCD - SCD + CPR)
    Destination Clock Delay (DCD):    -1.550ns = ( 23.450 - 25.000 ) 
    Source Clock Delay      (SCD):    -0.946ns
    Clock Pessimism Removal (CPR):    0.579ns
  Clock Uncertainty:      0.087ns  ((TSJ^2 + DJ^2)^1/2) / 2 + PE
    Total System Jitter     (TSJ):    0.071ns
    Discrete Jitter          (DJ):    0.159ns
    Phase Error              (PE):    0.000ns
  Clock Domain Crossing:  Inter clock paths are considered valid unless explicitly excluded by timing constraints such as set_clock_groups or set_false_path.

    Location             Delay type                Incr(ns)  Path(ns)    Netlist Resource(s)
  -------------------------------------------------------------------    -------------------
                         (clock clk_out1_sys_pll rise edge)
                                                      0.000     0.000 r  
    W5                                                0.000     0.000 r  sys_clk (IN)
                         net (fo=0)                   0.000     0.000    clock_40mhz/inst/clk_in1
    W5                   IBUF (Prop_ibuf_I_O)         1.458     1.458 r  clock_40mhz/inst/clkin1_ibufg/O
                         net (fo=1, routed)           1.233     2.691    clock_40mhz/inst/clk_in1_sys_pll
    MMCME2_ADV_X1Y0      MMCME2_ADV (Prop_mmcme2_adv_CLKIN1_CLKOUT0)
                                                     -6.961    -4.269 r  clock_40mhz/inst/mmcm_adv_inst/CLKOUT0
                         net (fo=1, routed)           1.661    -2.608    clock_40mhz/inst/clk_out1_sys_pll
    BUFGCTRL_X0Y1        BUFG (Prop_bufg_I_O)         0.096    -2.512 r  clock_40mhz/inst/clkout1_buf/O
                         net (fo=6, routed)           1.566    -0.946    i2c_baud_rate_generator/clk_out1
    SLICE_X36Y47         FDRE                                         r  i2c_baud_rate_generator/counterTick_reg[4]/C
  -------------------------------------------------------------------    -------------------
    SLICE_X36Y47         FDRE (Prop_fdre_C_Q)         0.456    -0.490 r  i2c_baud_rate_generator/counterTick_reg[4]/Q
                         net (fo=3, routed)           0.822     0.332    i2c_baud_rate_generator/counterTick_reg[4]
    SLICE_X37Y46         LUT6 (Prop_lut6_I3_O)        0.124     0.456 r  i2c_baud_rate_generator/counterTick[0]_i_1/O
                         net (fo=5, routed)           0.615     1.071    i2c_baud_rate_generator/counterTick[0]_i_1_n_0
    SLICE_X36Y46         FDRE                                         r  i2c_baud_rate_generator/counterTick_reg[2]/R
  -------------------------------------------------------------------    -------------------

                         (clock clk_out1_sys_pll_1 rise edge)
                                                     25.000    25.000 r  
    W5                                                0.000    25.000 r  sys_clk (IN)
                         net (fo=0)                   0.000    25.000    clock_40mhz/inst/clk_in1
    W5                   IBUF (Prop_ibuf_I_O)         1.388    26.388 r  clock_40mhz/inst/clkin1_ibufg/O
                         net (fo=1, routed)           1.162    27.550    clock_40mhz/inst/clk_in1_sys_pll
    MMCME2_ADV_X1Y0      MMCME2_ADV (Prop_mmcme2_adv_CLKIN1_CLKOUT0)
                                                     -7.217    20.332 r  clock_40mhz/inst/mmcm_adv_inst/CLKOUT0
                         net (fo=1, routed)           1.581    21.914    clock_40mhz/inst/clk_out1_sys_pll
    BUFGCTRL_X0Y1        BUFG (Prop_bufg_I_O)         0.091    22.005 r  clock_40mhz/inst/clkout1_buf/O
                         net (fo=6, routed)           1.445    23.450    i2c_baud_rate_generator/clk_out1
    SLICE_X36Y46         FDRE                                         r  i2c_baud_rate_generator/counterTick_reg[2]/C
                         clock pessimism              0.579    24.028    
                         clock uncertainty           -0.087    23.941    
    SLICE_X36Y46         FDRE (Setup_fdre_C_R)       -0.429    23.512    i2c_baud_rate_generator/counterTick_reg[2]
  -------------------------------------------------------------------
                         required time                         23.512    
                         arrival time                          -1.071    
  -------------------------------------------------------------------
                         slack                                 22.441    

Slack (MET) :             22.441ns  (required time - arrival time)
  Source:                 i2c_baud_rate_generator/counterTick_reg[4]/C
                            (rising edge-triggered cell FDRE clocked by clk_out1_sys_pll  {rise@0.000ns fall@12.500ns period=25.000ns})
  Destination:            i2c_baud_rate_generator/counterTick_reg[3]/R
                            (rising edge-triggered cell FDRE clocked by clk_out1_sys_pll_1  {rise@0.000ns fall@12.500ns period=25.000ns})
  Path Group:             clk_out1_sys_pll_1
  Path Type:              Setup (Max at Slow Process Corner)
  Requirement:            25.000ns  (clk_out1_sys_pll_1 rise@25.000ns - clk_out1_sys_pll rise@0.000ns)
  Data Path Delay:        2.017ns  (logic 0.580ns (28.756%)  route 1.437ns (71.244%))
  Logic Levels:           1  (LUT6=1)
  Clock Path Skew:        -0.026ns (DCD - SCD + CPR)
    Destination Clock Delay (DCD):    -1.550ns = ( 23.450 - 25.000 ) 
    Source Clock Delay      (SCD):    -0.946ns
    Clock Pessimism Removal (CPR):    0.579ns
  Clock Uncertainty:      0.087ns  ((TSJ^2 + DJ^2)^1/2) / 2 + PE
    Total System Jitter     (TSJ):    0.071ns
    Discrete Jitter          (DJ):    0.159ns
    Phase Error              (PE):    0.000ns
  Clock Domain Crossing:  Inter clock paths are considered valid unless explicitly excluded by timing constraints such as set_clock_groups or set_false_path.

    Location             Delay type                Incr(ns)  Path(ns)    Netlist Resource(s)
  -------------------------------------------------------------------    -------------------
                         (clock clk_out1_sys_pll rise edge)
                                                      0.000     0.000 r  
    W5                                                0.000     0.000 r  sys_clk (IN)
                         net (fo=0)                   0.000     0.000    clock_40mhz/inst/clk_in1
    W5                   IBUF (Prop_ibuf_I_O)         1.458     1.458 r  clock_40mhz/inst/clkin1_ibufg/O
                         net (fo=1, routed)           1.233     2.691    clock_40mhz/inst/clk_in1_sys_pll
    MMCME2_ADV_X1Y0      MMCME2_ADV (Prop_mmcme2_adv_CLKIN1_CLKOUT0)
                                                     -6.961    -4.269 r  clock_40mhz/inst/mmcm_adv_inst/CLKOUT0
                         net (fo=1, routed)           1.661    -2.608    clock_40mhz/inst/clk_out1_sys_pll
    BUFGCTRL_X0Y1        BUFG (Prop_bufg_I_O)         0.096    -2.512 r  clock_40mhz/inst/clkout1_buf/O
                         net (fo=6, routed)           1.566    -0.946    i2c_baud_rate_generator/clk_out1
    SLICE_X36Y47         FDRE                                         r  i2c_baud_rate_generator/counterTick_reg[4]/C
  -------------------------------------------------------------------    -------------------
    SLICE_X36Y47         FDRE (Prop_fdre_C_Q)         0.456    -0.490 r  i2c_baud_rate_generator/counterTick_reg[4]/Q
                         net (fo=3, routed)           0.822     0.332    i2c_baud_rate_generator/counterTick_reg[4]
    SLICE_X37Y46         LUT6 (Prop_lut6_I3_O)        0.124     0.456 r  i2c_baud_rate_generator/counterTick[0]_i_1/O
                         net (fo=5, routed)           0.615     1.071    i2c_baud_rate_generator/counterTick[0]_i_1_n_0
    SLICE_X36Y46         FDRE                                         r  i2c_baud_rate_generator/counterTick_reg[3]/R
  -------------------------------------------------------------------    -------------------

                         (clock clk_out1_sys_pll_1 rise edge)
                                                     25.000    25.000 r  
    W5                                                0.000    25.000 r  sys_clk (IN)
                         net (fo=0)                   0.000    25.000    clock_40mhz/inst/clk_in1
    W5                   IBUF (Prop_ibuf_I_O)         1.388    26.388 r  clock_40mhz/inst/clkin1_ibufg/O
                         net (fo=1, routed)           1.162    27.550    clock_40mhz/inst/clk_in1_sys_pll
    MMCME2_ADV_X1Y0      MMCME2_ADV (Prop_mmcme2_adv_CLKIN1_CLKOUT0)
                                                     -7.217    20.332 r  clock_40mhz/inst/mmcm_adv_inst/CLKOUT0
                         net (fo=1, routed)           1.581    21.914    clock_40mhz/inst/clk_out1_sys_pll
    BUFGCTRL_X0Y1        BUFG (Prop_bufg_I_O)         0.091    22.005 r  clock_40mhz/inst/clkout1_buf/O
                         net (fo=6, routed)           1.445    23.450    i2c_baud_rate_generator/clk_out1
    SLICE_X36Y46         FDRE                                         r  i2c_baud_rate_generator/counterTick_reg[3]/C
                         clock pessimism              0.579    24.028    
                         clock uncertainty           -0.087    23.941    
    SLICE_X36Y46         FDRE (Setup_fdre_C_R)       -0.429    23.512    i2c_baud_rate_generator/counterTick_reg[3]
  -------------------------------------------------------------------
                         required time                         23.512    
                         arrival time                          -1.071    
  -------------------------------------------------------------------
                         slack                                 22.441    

Slack (MET) :             22.602ns  (required time - arrival time)
  Source:                 i2c_baud_rate_generator/counterTick_reg[4]/C
                            (rising edge-triggered cell FDRE clocked by clk_out1_sys_pll  {rise@0.000ns fall@12.500ns period=25.000ns})
  Destination:            i2c_baud_rate_generator/counterTick_reg[4]/R
                            (rising edge-triggered cell FDRE clocked by clk_out1_sys_pll_1  {rise@0.000ns fall@12.500ns period=25.000ns})
  Path Group:             clk_out1_sys_pll_1
  Path Type:              Setup (Max at Slow Process Corner)
  Requirement:            25.000ns  (clk_out1_sys_pll_1 rise@25.000ns - clk_out1_sys_pll rise@0.000ns)
  Data Path Delay:        1.882ns  (logic 0.580ns (30.822%)  route 1.302ns (69.178%))
  Logic Levels:           1  (LUT6=1)
  Clock Path Skew:        0.000ns (DCD - SCD + CPR)
    Destination Clock Delay (DCD):    -1.549ns = ( 23.451 - 25.000 ) 
    Source Clock Delay      (SCD):    -0.946ns
    Clock Pessimism Removal (CPR):    0.604ns
  Clock Uncertainty:      0.087ns  ((TSJ^2 + DJ^2)^1/2) / 2 + PE
    Total System Jitter     (TSJ):    0.071ns
    Discrete Jitter          (DJ):    0.159ns
    Phase Error              (PE):    0.000ns
  Clock Domain Crossing:  Inter clock paths are considered valid unless explicitly excluded by timing constraints such as set_clock_groups or set_false_path.

    Location             Delay type                Incr(ns)  Path(ns)    Netlist Resource(s)
  -------------------------------------------------------------------    -------------------
                         (clock clk_out1_sys_pll rise edge)
                                                      0.000     0.000 r  
    W5                                                0.000     0.000 r  sys_clk (IN)
                         net (fo=0)                   0.000     0.000    clock_40mhz/inst/clk_in1
    W5                   IBUF (Prop_ibuf_I_O)         1.458     1.458 r  clock_40mhz/inst/clkin1_ibufg/O
                         net (fo=1, routed)           1.233     2.691    clock_40mhz/inst/clk_in1_sys_pll
    MMCME2_ADV_X1Y0      MMCME2_ADV (Prop_mmcme2_adv_CLKIN1_CLKOUT0)
                                                     -6.961    -4.269 r  clock_40mhz/inst/mmcm_adv_inst/CLKOUT0
                         net (fo=1, routed)           1.661    -2.608    clock_40mhz/inst/clk_out1_sys_pll
    BUFGCTRL_X0Y1        BUFG (Prop_bufg_I_O)         0.096    -2.512 r  clock_40mhz/inst/clkout1_buf/O
                         net (fo=6, routed)           1.566    -0.946    i2c_baud_rate_generator/clk_out1
    SLICE_X36Y47         FDRE                                         r  i2c_baud_rate_generator/counterTick_reg[4]/C
  -------------------------------------------------------------------    -------------------
    SLICE_X36Y47         FDRE (Prop_fdre_C_Q)         0.456    -0.490 r  i2c_baud_rate_generator/counterTick_reg[4]/Q
                         net (fo=3, routed)           0.822     0.332    i2c_baud_rate_generator/counterTick_reg[4]
    SLICE_X37Y46         LUT6 (Prop_lut6_I3_O)        0.124     0.456 r  i2c_baud_rate_generator/counterTick[0]_i_1/O
                         net (fo=5, routed)           0.480     0.936    i2c_baud_rate_generator/counterTick[0]_i_1_n_0
    SLICE_X36Y47         FDRE                                         r  i2c_baud_rate_generator/counterTick_reg[4]/R
  -------------------------------------------------------------------    -------------------

                         (clock clk_out1_sys_pll_1 rise edge)
                                                     25.000    25.000 r  
    W5                                                0.000    25.000 r  sys_clk (IN)
                         net (fo=0)                   0.000    25.000    clock_40mhz/inst/clk_in1
    W5                   IBUF (Prop_ibuf_I_O)         1.388    26.388 r  clock_40mhz/inst/clkin1_ibufg/O
                         net (fo=1, routed)           1.162    27.550    clock_40mhz/inst/clk_in1_sys_pll
    MMCME2_ADV_X1Y0      MMCME2_ADV (Prop_mmcme2_adv_CLKIN1_CLKOUT0)
                                                     -7.217    20.332 r  clock_40mhz/inst/mmcm_adv_inst/CLKOUT0
                         net (fo=1, routed)           1.581    21.914    clock_40mhz/inst/clk_out1_sys_pll
    BUFGCTRL_X0Y1        BUFG (Prop_bufg_I_O)         0.091    22.005 r  clock_40mhz/inst/clkout1_buf/O
                         net (fo=6, routed)           1.446    23.451    i2c_baud_rate_generator/clk_out1
    SLICE_X36Y47         FDRE                                         r  i2c_baud_rate_generator/counterTick_reg[4]/C
                         clock pessimism              0.604    24.054    
                         clock uncertainty           -0.087    23.967    
    SLICE_X36Y47         FDRE (Setup_fdre_C_R)       -0.429    23.538    i2c_baud_rate_generator/counterTick_reg[4]
  -------------------------------------------------------------------
                         required time                         23.538    
                         arrival time                          -0.936    
  -------------------------------------------------------------------
                         slack                                 22.602    

Slack (MET) :             22.920ns  (required time - arrival time)
  Source:                 i2c_baud_rate_generator/counterTick_reg[3]/C
                            (rising edge-triggered cell FDRE clocked by clk_out1_sys_pll  {rise@0.000ns fall@12.500ns period=25.000ns})
  Destination:            i2c_baud_rate_generator/sys_tick_reg_reg/D
                            (rising edge-triggered cell FDRE clocked by clk_out1_sys_pll_1  {rise@0.000ns fall@12.500ns period=25.000ns})
  Path Group:             clk_out1_sys_pll_1
  Path Type:              Setup (Max at Slow Process Corner)
  Requirement:            25.000ns  (clk_out1_sys_pll_1 rise@25.000ns - clk_out1_sys_pll rise@0.000ns)
  Data Path Delay:        2.000ns  (logic 0.704ns (35.205%)  route 1.296ns (64.795%))
  Logic Levels:           2  (LUT3=1 LUT6=1)
  Clock Path Skew:        -0.022ns (DCD - SCD + CPR)
    Destination Clock Delay (DCD):    -1.550ns = ( 23.450 - 25.000 ) 
    Source Clock Delay      (SCD):    -0.947ns
    Clock Pessimism Removal (CPR):    0.582ns
  Clock Uncertainty:      0.087ns  ((TSJ^2 + DJ^2)^1/2) / 2 + PE
    Total System Jitter     (TSJ):    0.071ns
    Discrete Jitter          (DJ):    0.159ns
    Phase Error              (PE):    0.000ns
  Clock Domain Crossing:  Inter clock paths are considered valid unless explicitly excluded by timing constraints such as set_clock_groups or set_false_path.

    Location             Delay type                Incr(ns)  Path(ns)    Netlist Resource(s)
  -------------------------------------------------------------------    -------------------
                         (clock clk_out1_sys_pll rise edge)
                                                      0.000     0.000 r  
    W5                                                0.000     0.000 r  sys_clk (IN)
                         net (fo=0)                   0.000     0.000    clock_40mhz/inst/clk_in1
    W5                   IBUF (Prop_ibuf_I_O)         1.458     1.458 r  clock_40mhz/inst/clkin1_ibufg/O
                         net (fo=1, routed)           1.233     2.691    clock_40mhz/inst/clk_in1_sys_pll
    MMCME2_ADV_X1Y0      MMCME2_ADV (Prop_mmcme2_adv_CLKIN1_CLKOUT0)
                                                     -6.961    -4.269 r  clock_40mhz/inst/mmcm_adv_inst/CLKOUT0
                         net (fo=1, routed)           1.661    -2.608    clock_40mhz/inst/clk_out1_sys_pll
    BUFGCTRL_X0Y1        BUFG (Prop_bufg_I_O)         0.096    -2.512 r  clock_40mhz/inst/clkout1_buf/O
                         net (fo=6, routed)           1.565    -0.947    i2c_baud_rate_generator/clk_out1
    SLICE_X36Y46         FDRE                                         r  i2c_baud_rate_generator/counterTick_reg[3]/C
  -------------------------------------------------------------------    -------------------
    SLICE_X36Y46         FDRE (Prop_fdre_C_Q)         0.456    -0.491 r  i2c_baud_rate_generator/counterTick_reg[3]/Q
                         net (fo=3, routed)           1.141     0.651    i2c_baud_rate_generator/counterTick_reg[3]
    SLICE_X37Y46         LUT6 (Prop_lut6_I2_O)        0.124     0.775 r  i2c_baud_rate_generator/sys_tick_reg_i_2/O
                         net (fo=1, routed)           0.154     0.929    i2c_baud_rate_generator/sys_tick_reg_i_2_n_0
    SLICE_X37Y46         LUT3 (Prop_lut3_I2_O)        0.124     1.053 r  i2c_baud_rate_generator/sys_tick_reg_i_1/O
                         net (fo=1, routed)           0.000     1.053    i2c_baud_rate_generator/sys_tick_reg_i_1_n_0
    SLICE_X37Y46         FDRE                                         r  i2c_baud_rate_generator/sys_tick_reg_reg/D
  -------------------------------------------------------------------    -------------------

                         (clock clk_out1_sys_pll_1 rise edge)
                                                     25.000    25.000 r  
    W5                                                0.000    25.000 r  sys_clk (IN)
                         net (fo=0)                   0.000    25.000    clock_40mhz/inst/clk_in1
    W5                   IBUF (Prop_ibuf_I_O)         1.388    26.388 r  clock_40mhz/inst/clkin1_ibufg/O
                         net (fo=1, routed)           1.162    27.550    clock_40mhz/inst/clk_in1_sys_pll
    MMCME2_ADV_X1Y0      MMCME2_ADV (Prop_mmcme2_adv_CLKIN1_CLKOUT0)
                                                     -7.217    20.332 r  clock_40mhz/inst/mmcm_adv_inst/CLKOUT0
                         net (fo=1, routed)           1.581    21.914    clock_40mhz/inst/clk_out1_sys_pll
    BUFGCTRL_X0Y1        BUFG (Prop_bufg_I_O)         0.091    22.005 r  clock_40mhz/inst/clkout1_buf/O
                         net (fo=6, routed)           1.445    23.450    i2c_baud_rate_generator/clk_out1
    SLICE_X37Y46         FDRE                                         r  i2c_baud_rate_generator/sys_tick_reg_reg/C
                         clock pessimism              0.582    24.031    
                         clock uncertainty           -0.087    23.944    
    SLICE_X37Y46         FDRE (Setup_fdre_C_D)        0.029    23.973    i2c_baud_rate_generator/sys_tick_reg_reg
  -------------------------------------------------------------------
                         required time                         23.973    
                         arrival time                          -1.053    
  -------------------------------------------------------------------
                         slack                                 22.920    

Slack (MET) :             23.037ns  (required time - arrival time)
  Source:                 i2c_baud_rate_generator/counterTick_reg[1]/C
                            (rising edge-triggered cell FDRE clocked by clk_out1_sys_pll  {rise@0.000ns fall@12.500ns period=25.000ns})
  Destination:            i2c_baud_rate_generator/counterTick_reg[4]/D
                            (rising edge-triggered cell FDRE clocked by clk_out1_sys_pll_1  {rise@0.000ns fall@12.500ns period=25.000ns})
  Path Group:             clk_out1_sys_pll_1
  Path Type:              Setup (Max at Slow Process Corner)
  Requirement:            25.000ns  (clk_out1_sys_pll_1 rise@25.000ns - clk_out1_sys_pll rise@0.000ns)
  Data Path Delay:        1.914ns  (logic 1.353ns (70.687%)  route 0.561ns (29.313%))
  Logic Levels:           2  (CARRY4=2)
  Clock Path Skew:        -0.024ns (DCD - SCD + CPR)
    Destination Clock Delay (DCD):    -1.549ns = ( 23.451 - 25.000 ) 
    Source Clock Delay      (SCD):    -0.947ns
    Clock Pessimism Removal (CPR):    0.579ns
  Clock Uncertainty:      0.087ns  ((TSJ^2 + DJ^2)^1/2) / 2 + PE
    Total System Jitter     (TSJ):    0.071ns
    Discrete Jitter          (DJ):    0.159ns
    Phase Error              (PE):    0.000ns
  Clock Domain Crossing:  Inter clock paths are considered valid unless explicitly excluded by timing constraints such as set_clock_groups or set_false_path.

    Location             Delay type                Incr(ns)  Path(ns)    Netlist Resource(s)
  -------------------------------------------------------------------    -------------------
                         (clock clk_out1_sys_pll rise edge)
                                                      0.000     0.000 r  
    W5                                                0.000     0.000 r  sys_clk (IN)
                         net (fo=0)                   0.000     0.000    clock_40mhz/inst/clk_in1
    W5                   IBUF (Prop_ibuf_I_O)         1.458     1.458 r  clock_40mhz/inst/clkin1_ibufg/O
                         net (fo=1, routed)           1.233     2.691    clock_40mhz/inst/clk_in1_sys_pll
    MMCME2_ADV_X1Y0      MMCME2_ADV (Prop_mmcme2_adv_CLKIN1_CLKOUT0)
                                                     -6.961    -4.269 r  clock_40mhz/inst/mmcm_adv_inst/CLKOUT0
                         net (fo=1, routed)           1.661    -2.608    clock_40mhz/inst/clk_out1_sys_pll
    BUFGCTRL_X0Y1        BUFG (Prop_bufg_I_O)         0.096    -2.512 r  clock_40mhz/inst/clkout1_buf/O
                         net (fo=6, routed)           1.565    -0.947    i2c_baud_rate_generator/clk_out1
    SLICE_X36Y46         FDRE                                         r  i2c_baud_rate_generator/counterTick_reg[1]/C
  -------------------------------------------------------------------    -------------------
    SLICE_X36Y46         FDRE (Prop_fdre_C_Q)         0.456    -0.491 r  i2c_baud_rate_generator/counterTick_reg[1]/Q
                         net (fo=3, routed)           0.561     0.071    i2c_baud_rate_generator/counterTick_reg[1]
    SLICE_X36Y46         CARRY4 (Prop_carry4_S[1]_CO[3])
                                                      0.674     0.745 r  i2c_baud_rate_generator/counterTick_reg[0]_i_2/CO[3]
                         net (fo=1, routed)           0.000     0.745    i2c_baud_rate_generator/counterTick_reg[0]_i_2_n_0
    SLICE_X36Y47         CARRY4 (Prop_carry4_CI_O[0])
                                                      0.223     0.968 r  i2c_baud_rate_generator/counterTick_reg[4]_i_1/O[0]
                         net (fo=1, routed)           0.000     0.968    i2c_baud_rate_generator/counterTick_reg[4]_i_1_n_7
    SLICE_X36Y47         FDRE                                         r  i2c_baud_rate_generator/counterTick_reg[4]/D
  -------------------------------------------------------------------    -------------------

                         (clock clk_out1_sys_pll_1 rise edge)
                                                     25.000    25.000 r  
    W5                                                0.000    25.000 r  sys_clk (IN)
                         net (fo=0)                   0.000    25.000    clock_40mhz/inst/clk_in1
    W5                   IBUF (Prop_ibuf_I_O)         1.388    26.388 r  clock_40mhz/inst/clkin1_ibufg/O
                         net (fo=1, routed)           1.162    27.550    clock_40mhz/inst/clk_in1_sys_pll
    MMCME2_ADV_X1Y0      MMCME2_ADV (Prop_mmcme2_adv_CLKIN1_CLKOUT0)
                                                     -7.217    20.332 r  clock_40mhz/inst/mmcm_adv_inst/CLKOUT0
                         net (fo=1, routed)           1.581    21.914    clock_40mhz/inst/clk_out1_sys_pll
    BUFGCTRL_X0Y1        BUFG (Prop_bufg_I_O)         0.091    22.005 r  clock_40mhz/inst/clkout1_buf/O
                         net (fo=6, routed)           1.446    23.451    i2c_baud_rate_generator/clk_out1
    SLICE_X36Y47         FDRE                                         r  i2c_baud_rate_generator/counterTick_reg[4]/C
                         clock pessimism              0.579    24.029    
                         clock uncertainty           -0.087    23.942    
    SLICE_X36Y47         FDRE (Setup_fdre_C_D)        0.062    24.004    i2c_baud_rate_generator/counterTick_reg[4]
  -------------------------------------------------------------------
                         required time                         24.004    
                         arrival time                          -0.968    
  -------------------------------------------------------------------
                         slack                                 23.037    

Slack (MET) :             23.194ns  (required time - arrival time)
  Source:                 i2c_baud_rate_generator/counterTick_reg[1]/C
                            (rising edge-triggered cell FDRE clocked by clk_out1_sys_pll  {rise@0.000ns fall@12.500ns period=25.000ns})
  Destination:            i2c_baud_rate_generator/counterTick_reg[3]/D
                            (rising edge-triggered cell FDRE clocked by clk_out1_sys_pll_1  {rise@0.000ns fall@12.500ns period=25.000ns})
  Path Group:             clk_out1_sys_pll_1
  Path Type:              Setup (Max at Slow Process Corner)
  Requirement:            25.000ns  (clk_out1_sys_pll_1 rise@25.000ns - clk_out1_sys_pll rise@0.000ns)
  Data Path Delay:        1.781ns  (logic 1.220ns (68.498%)  route 0.561ns (31.502%))
  Logic Levels:           1  (CARRY4=1)
  Clock Path Skew:        0.000ns (DCD - SCD + CPR)
    Destination Clock Delay (DCD):    -1.550ns = ( 23.450 - 25.000 ) 
    Source Clock Delay      (SCD):    -0.947ns
    Clock Pessimism Removal (CPR):    0.604ns
  Clock Uncertainty:      0.087ns  ((TSJ^2 + DJ^2)^1/2) / 2 + PE
    Total System Jitter     (TSJ):    0.071ns
    Discrete Jitter          (DJ):    0.159ns
    Phase Error              (PE):    0.000ns
  Clock Domain Crossing:  Inter clock paths are considered valid unless explicitly excluded by timing constraints such as set_clock_groups or set_false_path.

    Location             Delay type                Incr(ns)  Path(ns)    Netlist Resource(s)
  -------------------------------------------------------------------    -------------------
                         (clock clk_out1_sys_pll rise edge)
                                                      0.000     0.000 r  
    W5                                                0.000     0.000 r  sys_clk (IN)
                         net (fo=0)                   0.000     0.000    clock_40mhz/inst/clk_in1
    W5                   IBUF (Prop_ibuf_I_O)         1.458     1.458 r  clock_40mhz/inst/clkin1_ibufg/O
                         net (fo=1, routed)           1.233     2.691    clock_40mhz/inst/clk_in1_sys_pll
    MMCME2_ADV_X1Y0      MMCME2_ADV (Prop_mmcme2_adv_CLKIN1_CLKOUT0)
                                                     -6.961    -4.269 r  clock_40mhz/inst/mmcm_adv_inst/CLKOUT0
                         net (fo=1, routed)           1.661    -2.608    clock_40mhz/inst/clk_out1_sys_pll
    BUFGCTRL_X0Y1        BUFG (Prop_bufg_I_O)         0.096    -2.512 r  clock_40mhz/inst/clkout1_buf/O
                         net (fo=6, routed)           1.565    -0.947    i2c_baud_rate_generator/clk_out1
    SLICE_X36Y46         FDRE                                         r  i2c_baud_rate_generator/counterTick_reg[1]/C
  -------------------------------------------------------------------    -------------------
    SLICE_X36Y46         FDRE (Prop_fdre_C_Q)         0.456    -0.491 r  i2c_baud_rate_generator/counterTick_reg[1]/Q
                         net (fo=3, routed)           0.561     0.071    i2c_baud_rate_generator/counterTick_reg[1]
    SLICE_X36Y46         CARRY4 (Prop_carry4_S[1]_O[3])
                                                      0.764     0.835 r  i2c_baud_rate_generator/counterTick_reg[0]_i_2/O[3]
                         net (fo=1, routed)           0.000     0.835    i2c_baud_rate_generator/counterTick_reg[0]_i_2_n_4
    SLICE_X36Y46         FDRE                                         r  i2c_baud_rate_generator/counterTick_reg[3]/D
  -------------------------------------------------------------------    -------------------

                         (clock clk_out1_sys_pll_1 rise edge)
                                                     25.000    25.000 r  
    W5                                                0.000    25.000 r  sys_clk (IN)
                         net (fo=0)                   0.000    25.000    clock_40mhz/inst/clk_in1
    W5                   IBUF (Prop_ibuf_I_O)         1.388    26.388 r  clock_40mhz/inst/clkin1_ibufg/O
                         net (fo=1, routed)           1.162    27.550    clock_40mhz/inst/clk_in1_sys_pll
    MMCME2_ADV_X1Y0      MMCME2_ADV (Prop_mmcme2_adv_CLKIN1_CLKOUT0)
                                                     -7.217    20.332 r  clock_40mhz/inst/mmcm_adv_inst/CLKOUT0
                         net (fo=1, routed)           1.581    21.914    clock_40mhz/inst/clk_out1_sys_pll
    BUFGCTRL_X0Y1        BUFG (Prop_bufg_I_O)         0.091    22.005 r  clock_40mhz/inst/clkout1_buf/O
                         net (fo=6, routed)           1.445    23.450    i2c_baud_rate_generator/clk_out1
    SLICE_X36Y46         FDRE                                         r  i2c_baud_rate_generator/counterTick_reg[3]/C
                         clock pessimism              0.604    24.053    
                         clock uncertainty           -0.087    23.966    
    SLICE_X36Y46         FDRE (Setup_fdre_C_D)        0.062    24.028    i2c_baud_rate_generator/counterTick_reg[3]
  -------------------------------------------------------------------
                         required time                         24.028    
                         arrival time                          -0.835    
  -------------------------------------------------------------------
                         slack                                 23.194    

Slack (MET) :             23.254ns  (required time - arrival time)
  Source:                 i2c_baud_rate_generator/counterTick_reg[1]/C
                            (rising edge-triggered cell FDRE clocked by clk_out1_sys_pll  {rise@0.000ns fall@12.500ns period=25.000ns})
  Destination:            i2c_baud_rate_generator/counterTick_reg[2]/D
                            (rising edge-triggered cell FDRE clocked by clk_out1_sys_pll_1  {rise@0.000ns fall@12.500ns period=25.000ns})
  Path Group:             clk_out1_sys_pll_1
  Path Type:              Setup (Max at Slow Process Corner)
  Requirement:            25.000ns  (clk_out1_sys_pll_1 rise@25.000ns - clk_out1_sys_pll rise@0.000ns)
  Data Path Delay:        1.721ns  (logic 1.160ns (67.400%)  route 0.561ns (32.600%))
  Logic Levels:           1  (CARRY4=1)
  Clock Path Skew:        0.000ns (DCD - SCD + CPR)
    Destination Clock Delay (DCD):    -1.550ns = ( 23.450 - 25.000 ) 
    Source Clock Delay      (SCD):    -0.947ns
    Clock Pessimism Removal (CPR):    0.604ns
  Clock Uncertainty:      0.087ns  ((TSJ^2 + DJ^2)^1/2) / 2 + PE
    Total System Jitter     (TSJ):    0.071ns
    Discrete Jitter          (DJ):    0.159ns
    Phase Error              (PE):    0.000ns
  Clock Domain Crossing:  Inter clock paths are considered valid unless explicitly excluded by timing constraints such as set_clock_groups or set_false_path.

    Location             Delay type                Incr(ns)  Path(ns)    Netlist Resource(s)
  -------------------------------------------------------------------    -------------------
                         (clock clk_out1_sys_pll rise edge)
                                                      0.000     0.000 r  
    W5                                                0.000     0.000 r  sys_clk (IN)
                         net (fo=0)                   0.000     0.000    clock_40mhz/inst/clk_in1
    W5                   IBUF (Prop_ibuf_I_O)         1.458     1.458 r  clock_40mhz/inst/clkin1_ibufg/O
                         net (fo=1, routed)           1.233     2.691    clock_40mhz/inst/clk_in1_sys_pll
    MMCME2_ADV_X1Y0      MMCME2_ADV (Prop_mmcme2_adv_CLKIN1_CLKOUT0)
                                                     -6.961    -4.269 r  clock_40mhz/inst/mmcm_adv_inst/CLKOUT0
                         net (fo=1, routed)           1.661    -2.608    clock_40mhz/inst/clk_out1_sys_pll
    BUFGCTRL_X0Y1        BUFG (Prop_bufg_I_O)         0.096    -2.512 r  clock_40mhz/inst/clkout1_buf/O
                         net (fo=6, routed)           1.565    -0.947    i2c_baud_rate_generator/clk_out1
    SLICE_X36Y46         FDRE                                         r  i2c_baud_rate_generator/counterTick_reg[1]/C
  -------------------------------------------------------------------    -------------------
    SLICE_X36Y46         FDRE (Prop_fdre_C_Q)         0.456    -0.491 r  i2c_baud_rate_generator/counterTick_reg[1]/Q
                         net (fo=3, routed)           0.561     0.071    i2c_baud_rate_generator/counterTick_reg[1]
    SLICE_X36Y46         CARRY4 (Prop_carry4_S[1]_O[2])
                                                      0.704     0.775 r  i2c_baud_rate_generator/counterTick_reg[0]_i_2/O[2]
                         net (fo=1, routed)           0.000     0.775    i2c_baud_rate_generator/counterTick_reg[0]_i_2_n_5
    SLICE_X36Y46         FDRE                                         r  i2c_baud_rate_generator/counterTick_reg[2]/D
  -------------------------------------------------------------------    -------------------

                         (clock clk_out1_sys_pll_1 rise edge)
                                                     25.000    25.000 r  
    W5                                                0.000    25.000 r  sys_clk (IN)
                         net (fo=0)                   0.000    25.000    clock_40mhz/inst/clk_in1
    W5                   IBUF (Prop_ibuf_I_O)         1.388    26.388 r  clock_40mhz/inst/clkin1_ibufg/O
                         net (fo=1, routed)           1.162    27.550    clock_40mhz/inst/clk_in1_sys_pll
    MMCME2_ADV_X1Y0      MMCME2_ADV (Prop_mmcme2_adv_CLKIN1_CLKOUT0)
                                                     -7.217    20.332 r  clock_40mhz/inst/mmcm_adv_inst/CLKOUT0
                         net (fo=1, routed)           1.581    21.914    clock_40mhz/inst/clk_out1_sys_pll
    BUFGCTRL_X0Y1        BUFG (Prop_bufg_I_O)         0.091    22.005 r  clock_40mhz/inst/clkout1_buf/O
                         net (fo=6, routed)           1.445    23.450    i2c_baud_rate_generator/clk_out1
    SLICE_X36Y46         FDRE                                         r  i2c_baud_rate_generator/counterTick_reg[2]/C
                         clock pessimism              0.604    24.053    
                         clock uncertainty           -0.087    23.966    
    SLICE_X36Y46         FDRE (Setup_fdre_C_D)        0.062    24.028    i2c_baud_rate_generator/counterTick_reg[2]
  -------------------------------------------------------------------
                         required time                         24.028    
                         arrival time                          -0.775    
  -------------------------------------------------------------------
                         slack                                 23.254    

Slack (MET) :             23.438ns  (required time - arrival time)
  Source:                 i2c_baud_rate_generator/counterTick_reg[0]/C
                            (rising edge-triggered cell FDRE clocked by clk_out1_sys_pll  {rise@0.000ns fall@12.500ns period=25.000ns})
  Destination:            i2c_baud_rate_generator/counterTick_reg[1]/D
                            (rising edge-triggered cell FDRE clocked by clk_out1_sys_pll_1  {rise@0.000ns fall@12.500ns period=25.000ns})
  Path Group:             clk_out1_sys_pll_1
  Path Type:              Setup (Max at Slow Process Corner)
  Requirement:            25.000ns  (clk_out1_sys_pll_1 rise@25.000ns - clk_out1_sys_pll rise@0.000ns)
  Data Path Delay:        1.537ns  (logic 1.004ns (65.329%)  route 0.533ns (34.671%))
  Logic Levels:           2  (CARRY4=1 LUT1=1)
  Clock Path Skew:        0.000ns (DCD - SCD + CPR)
    Destination Clock Delay (DCD):    -1.550ns = ( 23.450 - 25.000 ) 
    Source Clock Delay      (SCD):    -0.947ns
    Clock Pessimism Removal (CPR):    0.604ns
  Clock Uncertainty:      0.087ns  ((TSJ^2 + DJ^2)^1/2) / 2 + PE
    Total System Jitter     (TSJ):    0.071ns
    Discrete Jitter          (DJ):    0.159ns
    Phase Error              (PE):    0.000ns
  Clock Domain Crossing:  Inter clock paths are considered valid unless explicitly excluded by timing constraints such as set_clock_groups or set_false_path.

    Location             Delay type                Incr(ns)  Path(ns)    Netlist Resource(s)
  -------------------------------------------------------------------    -------------------
                         (clock clk_out1_sys_pll rise edge)
                                                      0.000     0.000 r  
    W5                                                0.000     0.000 r  sys_clk (IN)
                         net (fo=0)                   0.000     0.000    clock_40mhz/inst/clk_in1
    W5                   IBUF (Prop_ibuf_I_O)         1.458     1.458 r  clock_40mhz/inst/clkin1_ibufg/O
                         net (fo=1, routed)           1.233     2.691    clock_40mhz/inst/clk_in1_sys_pll
    MMCME2_ADV_X1Y0      MMCME2_ADV (Prop_mmcme2_adv_CLKIN1_CLKOUT0)
                                                     -6.961    -4.269 r  clock_40mhz/inst/mmcm_adv_inst/CLKOUT0
                         net (fo=1, routed)           1.661    -2.608    clock_40mhz/inst/clk_out1_sys_pll
    BUFGCTRL_X0Y1        BUFG (Prop_bufg_I_O)         0.096    -2.512 r  clock_40mhz/inst/clkout1_buf/O
                         net (fo=6, routed)           1.565    -0.947    i2c_baud_rate_generator/clk_out1
    SLICE_X36Y46         FDRE                                         r  i2c_baud_rate_generator/counterTick_reg[0]/C
  -------------------------------------------------------------------    -------------------
    SLICE_X36Y46         FDRE (Prop_fdre_C_Q)         0.456    -0.491 f  i2c_baud_rate_generator/counterTick_reg[0]/Q
                         net (fo=3, routed)           0.533     0.042    i2c_baud_rate_generator/counterTick_reg[0]
    SLICE_X36Y46         LUT1 (Prop_lut1_I0_O)        0.124     0.166 r  i2c_baud_rate_generator/counterTick[0]_i_3/O
                         net (fo=1, routed)           0.000     0.166    i2c_baud_rate_generator/counterTick[0]_i_3_n_0
    SLICE_X36Y46         CARRY4 (Prop_carry4_S[0]_O[1])
                                                      0.424     0.590 r  i2c_baud_rate_generator/counterTick_reg[0]_i_2/O[1]
                         net (fo=1, routed)           0.000     0.590    i2c_baud_rate_generator/counterTick_reg[0]_i_2_n_6
    SLICE_X36Y46         FDRE                                         r  i2c_baud_rate_generator/counterTick_reg[1]/D
  -------------------------------------------------------------------    -------------------

                         (clock clk_out1_sys_pll_1 rise edge)
                                                     25.000    25.000 r  
    W5                                                0.000    25.000 r  sys_clk (IN)
                         net (fo=0)                   0.000    25.000    clock_40mhz/inst/clk_in1
    W5                   IBUF (Prop_ibuf_I_O)         1.388    26.388 r  clock_40mhz/inst/clkin1_ibufg/O
                         net (fo=1, routed)           1.162    27.550    clock_40mhz/inst/clk_in1_sys_pll
    MMCME2_ADV_X1Y0      MMCME2_ADV (Prop_mmcme2_adv_CLKIN1_CLKOUT0)
                                                     -7.217    20.332 r  clock_40mhz/inst/mmcm_adv_inst/CLKOUT0
                         net (fo=1, routed)           1.581    21.914    clock_40mhz/inst/clk_out1_sys_pll
    BUFGCTRL_X0Y1        BUFG (Prop_bufg_I_O)         0.091    22.005 r  clock_40mhz/inst/clkout1_buf/O
                         net (fo=6, routed)           1.445    23.450    i2c_baud_rate_generator/clk_out1
    SLICE_X36Y46         FDRE                                         r  i2c_baud_rate_generator/counterTick_reg[1]/C
                         clock pessimism              0.604    24.053    
                         clock uncertainty           -0.087    23.966    
    SLICE_X36Y46         FDRE (Setup_fdre_C_D)        0.062    24.028    i2c_baud_rate_generator/counterTick_reg[1]
  -------------------------------------------------------------------
                         required time                         24.028    
                         arrival time                          -0.590    
  -------------------------------------------------------------------
                         slack                                 23.438    





Min Delay Paths
--------------------------------------------------------------------------------------
Slack (MET) :             0.164ns  (arrival time - required time)
  Source:                 i2c_baud_rate_generator/counterTick_reg[1]/C
                            (rising edge-triggered cell FDRE clocked by clk_out1_sys_pll  {rise@0.000ns fall@12.500ns period=25.000ns})
  Destination:            i2c_baud_rate_generator/sys_tick_reg_reg/D
                            (rising edge-triggered cell FDRE clocked by clk_out1_sys_pll_1  {rise@0.000ns fall@12.500ns period=25.000ns})
  Path Group:             clk_out1_sys_pll_1
  Path Type:              Hold (Min at Fast Process Corner)
  Requirement:            0.000ns  (clk_out1_sys_pll_1 rise@0.000ns - clk_out1_sys_pll rise@0.000ns)
  Data Path Delay:        0.355ns  (logic 0.231ns (65.028%)  route 0.124ns (34.972%))
  Logic Levels:           2  (LUT3=1 LUT6=1)
  Clock Path Skew:        0.013ns (DCD - SCD - CPR)
    Destination Clock Delay (DCD):    -0.858ns
    Source Clock Delay      (SCD):    -0.618ns
    Clock Pessimism Removal (CPR):    -0.252ns
  Clock Uncertainty:      0.087ns  ((TSJ^2 + DJ^2)^1/2) / 2 + PE
    Total System Jitter     (TSJ):    0.071ns
    Discrete Jitter          (DJ):    0.159ns
    Phase Error              (PE):    0.000ns
  Clock Domain Crossing:  Inter clock paths are considered valid unless explicitly excluded by timing constraints such as set_clock_groups or set_false_path.

    Location             Delay type                Incr(ns)  Path(ns)    Netlist Resource(s)
  -------------------------------------------------------------------    -------------------
                         (clock clk_out1_sys_pll rise edge)
                                                      0.000     0.000 r  
    W5                                                0.000     0.000 r  sys_clk (IN)
                         net (fo=0)                   0.000     0.000    clock_40mhz/inst/clk_in1
    W5                   IBUF (Prop_ibuf_I_O)         0.226     0.226 r  clock_40mhz/inst/clkin1_ibufg/O
                         net (fo=1, routed)           0.440     0.667    clock_40mhz/inst/clk_in1_sys_pll
    MMCME2_ADV_X1Y0      MMCME2_ADV (Prop_mmcme2_adv_CLKIN1_CLKOUT0)
                                                     -2.360    -1.693 r  clock_40mhz/inst/mmcm_adv_inst/CLKOUT0
                         net (fo=1, routed)           0.486    -1.207    clock_40mhz/inst/clk_out1_sys_pll
    BUFGCTRL_X0Y1        BUFG (Prop_bufg_I_O)         0.026    -1.181 r  clock_40mhz/inst/clkout1_buf/O
                         net (fo=6, routed)           0.563    -0.618    i2c_baud_rate_generator/clk_out1
    SLICE_X36Y46         FDRE                                         r  i2c_baud_rate_generator/counterTick_reg[1]/C
  -------------------------------------------------------------------    -------------------
    SLICE_X36Y46         FDRE (Prop_fdre_C_Q)         0.141    -0.477 f  i2c_baud_rate_generator/counterTick_reg[1]/Q
                         net (fo=3, routed)           0.073    -0.404    i2c_baud_rate_generator/counterTick_reg[1]
    SLICE_X37Y46         LUT6 (Prop_lut6_I4_O)        0.045    -0.359 r  i2c_baud_rate_generator/sys_tick_reg_i_2/O
                         net (fo=1, routed)           0.051    -0.308    i2c_baud_rate_generator/sys_tick_reg_i_2_n_0
    SLICE_X37Y46         LUT3 (Prop_lut3_I2_O)        0.045    -0.263 r  i2c_baud_rate_generator/sys_tick_reg_i_1/O
                         net (fo=1, routed)           0.000    -0.263    i2c_baud_rate_generator/sys_tick_reg_i_1_n_0
    SLICE_X37Y46         FDRE                                         r  i2c_baud_rate_generator/sys_tick_reg_reg/D
  -------------------------------------------------------------------    -------------------

                         (clock clk_out1_sys_pll_1 rise edge)
                                                      0.000     0.000 r  
    W5                                                0.000     0.000 r  sys_clk (IN)
                         net (fo=0)                   0.000     0.000    clock_40mhz/inst/clk_in1
    W5                   IBUF (Prop_ibuf_I_O)         0.414     0.414 r  clock_40mhz/inst/clkin1_ibufg/O
                         net (fo=1, routed)           0.480     0.894    clock_40mhz/inst/clk_in1_sys_pll
    MMCME2_ADV_X1Y0      MMCME2_ADV (Prop_mmcme2_adv_CLKIN1_CLKOUT0)
                                                     -3.142    -2.248 r  clock_40mhz/inst/mmcm_adv_inst/CLKOUT0
                         net (fo=1, routed)           0.530    -1.718    clock_40mhz/inst/clk_out1_sys_pll
    BUFGCTRL_X0Y1        BUFG (Prop_bufg_I_O)         0.029    -1.689 r  clock_40mhz/inst/clkout1_buf/O
                         net (fo=6, routed)           0.832    -0.858    i2c_baud_rate_generator/clk_out1
    SLICE_X37Y46         FDRE                                         r  i2c_baud_rate_generator/sys_tick_reg_reg/C
                         clock pessimism              0.252    -0.605    
                         clock uncertainty            0.087    -0.518    
    SLICE_X37Y46         FDRE (Hold_fdre_C_D)         0.091    -0.427    i2c_baud_rate_generator/sys_tick_reg_reg
  -------------------------------------------------------------------
                         required time                          0.427    
                         arrival time                          -0.263    
  -------------------------------------------------------------------
                         slack                                  0.164    

Slack (MET) :             0.203ns  (arrival time - required time)
  Source:                 i2c_baud_rate_generator/counterTick_reg[2]/C
                            (rising edge-triggered cell FDRE clocked by clk_out1_sys_pll  {rise@0.000ns fall@12.500ns period=25.000ns})
  Destination:            i2c_baud_rate_generator/counterTick_reg[2]/D
                            (rising edge-triggered cell FDRE clocked by clk_out1_sys_pll_1  {rise@0.000ns fall@12.500ns period=25.000ns})
  Path Group:             clk_out1_sys_pll_1
  Path Type:              Hold (Min at Fast Process Corner)
  Requirement:            0.000ns  (clk_out1_sys_pll_1 rise@0.000ns - clk_out1_sys_pll rise@0.000ns)
  Data Path Delay:        0.396ns  (logic 0.252ns (63.690%)  route 0.144ns (36.310%))
  Logic Levels:           1  (CARRY4=1)
  Clock Path Skew:        0.000ns (DCD - SCD - CPR)
    Destination Clock Delay (DCD):    -0.858ns
    Source Clock Delay      (SCD):    -0.618ns
    Clock Pessimism Removal (CPR):    -0.239ns
  Clock Uncertainty:      0.087ns  ((TSJ^2 + DJ^2)^1/2) / 2 + PE
    Total System Jitter     (TSJ):    0.071ns
    Discrete Jitter          (DJ):    0.159ns
    Phase Error              (PE):    0.000ns
  Clock Domain Crossing:  Inter clock paths are considered valid unless explicitly excluded by timing constraints such as set_clock_groups or set_false_path.

    Location             Delay type                Incr(ns)  Path(ns)    Netlist Resource(s)
  -------------------------------------------------------------------    -------------------
                         (clock clk_out1_sys_pll rise edge)
                                                      0.000     0.000 r  
    W5                                                0.000     0.000 r  sys_clk (IN)
                         net (fo=0)                   0.000     0.000    clock_40mhz/inst/clk_in1
    W5                   IBUF (Prop_ibuf_I_O)         0.226     0.226 r  clock_40mhz/inst/clkin1_ibufg/O
                         net (fo=1, routed)           0.440     0.667    clock_40mhz/inst/clk_in1_sys_pll
    MMCME2_ADV_X1Y0      MMCME2_ADV (Prop_mmcme2_adv_CLKIN1_CLKOUT0)
                                                     -2.360    -1.693 r  clock_40mhz/inst/mmcm_adv_inst/CLKOUT0
                         net (fo=1, routed)           0.486    -1.207    clock_40mhz/inst/clk_out1_sys_pll
    BUFGCTRL_X0Y1        BUFG (Prop_bufg_I_O)         0.026    -1.181 r  clock_40mhz/inst/clkout1_buf/O
                         net (fo=6, routed)           0.563    -0.618    i2c_baud_rate_generator/clk_out1
    SLICE_X36Y46         FDRE                                         r  i2c_baud_rate_generator/counterTick_reg[2]/C
  -------------------------------------------------------------------    -------------------
    SLICE_X36Y46         FDRE (Prop_fdre_C_Q)         0.141    -0.477 r  i2c_baud_rate_generator/counterTick_reg[2]/Q
                         net (fo=3, routed)           0.144    -0.334    i2c_baud_rate_generator/counterTick_reg[2]
    SLICE_X36Y46         CARRY4 (Prop_carry4_S[2]_O[2])
                                                      0.111    -0.223 r  i2c_baud_rate_generator/counterTick_reg[0]_i_2/O[2]
                         net (fo=1, routed)           0.000    -0.223    i2c_baud_rate_generator/counterTick_reg[0]_i_2_n_5
    SLICE_X36Y46         FDRE                                         r  i2c_baud_rate_generator/counterTick_reg[2]/D
  -------------------------------------------------------------------    -------------------

                         (clock clk_out1_sys_pll_1 rise edge)
                                                      0.000     0.000 r  
    W5                                                0.000     0.000 r  sys_clk (IN)
                         net (fo=0)                   0.000     0.000    clock_40mhz/inst/clk_in1
    W5                   IBUF (Prop_ibuf_I_O)         0.414     0.414 r  clock_40mhz/inst/clkin1_ibufg/O
                         net (fo=1, routed)           0.480     0.894    clock_40mhz/inst/clk_in1_sys_pll
    MMCME2_ADV_X1Y0      MMCME2_ADV (Prop_mmcme2_adv_CLKIN1_CLKOUT0)
                                                     -3.142    -2.248 r  clock_40mhz/inst/mmcm_adv_inst/CLKOUT0
                         net (fo=1, routed)           0.530    -1.718    clock_40mhz/inst/clk_out1_sys_pll
    BUFGCTRL_X0Y1        BUFG (Prop_bufg_I_O)         0.029    -1.689 r  clock_40mhz/inst/clkout1_buf/O
                         net (fo=6, routed)           0.832    -0.858    i2c_baud_rate_generator/clk_out1
    SLICE_X36Y46         FDRE                                         r  i2c_baud_rate_generator/counterTick_reg[2]/C
                         clock pessimism              0.239    -0.618    
                         clock uncertainty            0.087    -0.531    
    SLICE_X36Y46         FDRE (Hold_fdre_C_D)         0.105    -0.426    i2c_baud_rate_generator/counterTick_reg[2]
  -------------------------------------------------------------------
                         required time                          0.426    
                         arrival time                          -0.223    
  -------------------------------------------------------------------
                         slack                                  0.203    

Slack (MET) :             0.236ns  (arrival time - required time)
  Source:                 i2c_baud_rate_generator/counterTick_reg[2]/C
                            (rising edge-triggered cell FDRE clocked by clk_out1_sys_pll  {rise@0.000ns fall@12.500ns period=25.000ns})
  Destination:            i2c_baud_rate_generator/counterTick_reg[3]/D
                            (rising edge-triggered cell FDRE clocked by clk_out1_sys_pll_1  {rise@0.000ns fall@12.500ns period=25.000ns})
  Path Group:             clk_out1_sys_pll_1
  Path Type:              Hold (Min at Fast Process Corner)
  Requirement:            0.000ns  (clk_out1_sys_pll_1 rise@0.000ns - clk_out1_sys_pll rise@0.000ns)
  Data Path Delay:        0.429ns  (logic 0.285ns (66.485%)  route 0.144ns (33.515%))
  Logic Levels:           1  (CARRY4=1)
  Clock Path Skew:        0.000ns (DCD - SCD - CPR)
    Destination Clock Delay (DCD):    -0.858ns
    Source Clock Delay      (SCD):    -0.618ns
    Clock Pessimism Removal (CPR):    -0.239ns
  Clock Uncertainty:      0.087ns  ((TSJ^2 + DJ^2)^1/2) / 2 + PE
    Total System Jitter     (TSJ):    0.071ns
    Discrete Jitter          (DJ):    0.159ns
    Phase Error              (PE):    0.000ns
  Clock Domain Crossing:  Inter clock paths are considered valid unless explicitly excluded by timing constraints such as set_clock_groups or set_false_path.

    Location             Delay type                Incr(ns)  Path(ns)    Netlist Resource(s)
  -------------------------------------------------------------------    -------------------
                         (clock clk_out1_sys_pll rise edge)
                                                      0.000     0.000 r  
    W5                                                0.000     0.000 r  sys_clk (IN)
                         net (fo=0)                   0.000     0.000    clock_40mhz/inst/clk_in1
    W5                   IBUF (Prop_ibuf_I_O)         0.226     0.226 r  clock_40mhz/inst/clkin1_ibufg/O
                         net (fo=1, routed)           0.440     0.667    clock_40mhz/inst/clk_in1_sys_pll
    MMCME2_ADV_X1Y0      MMCME2_ADV (Prop_mmcme2_adv_CLKIN1_CLKOUT0)
                                                     -2.360    -1.693 r  clock_40mhz/inst/mmcm_adv_inst/CLKOUT0
                         net (fo=1, routed)           0.486    -1.207    clock_40mhz/inst/clk_out1_sys_pll
    BUFGCTRL_X0Y1        BUFG (Prop_bufg_I_O)         0.026    -1.181 r  clock_40mhz/inst/clkout1_buf/O
                         net (fo=6, routed)           0.563    -0.618    i2c_baud_rate_generator/clk_out1
    SLICE_X36Y46         FDRE                                         r  i2c_baud_rate_generator/counterTick_reg[2]/C
  -------------------------------------------------------------------    -------------------
    SLICE_X36Y46         FDRE (Prop_fdre_C_Q)         0.141    -0.477 r  i2c_baud_rate_generator/counterTick_reg[2]/Q
                         net (fo=3, routed)           0.144    -0.334    i2c_baud_rate_generator/counterTick_reg[2]
    SLICE_X36Y46         CARRY4 (Prop_carry4_S[2]_O[3])
                                                      0.144    -0.190 r  i2c_baud_rate_generator/counterTick_reg[0]_i_2/O[3]
                         net (fo=1, routed)           0.000    -0.190    i2c_baud_rate_generator/counterTick_reg[0]_i_2_n_4
    SLICE_X36Y46         FDRE                                         r  i2c_baud_rate_generator/counterTick_reg[3]/D
  -------------------------------------------------------------------    -------------------

                         (clock clk_out1_sys_pll_1 rise edge)
                                                      0.000     0.000 r  
    W5                                                0.000     0.000 r  sys_clk (IN)
                         net (fo=0)                   0.000     0.000    clock_40mhz/inst/clk_in1
    W5                   IBUF (Prop_ibuf_I_O)         0.414     0.414 r  clock_40mhz/inst/clkin1_ibufg/O
                         net (fo=1, routed)           0.480     0.894    clock_40mhz/inst/clk_in1_sys_pll
    MMCME2_ADV_X1Y0      MMCME2_ADV (Prop_mmcme2_adv_CLKIN1_CLKOUT0)
                                                     -3.142    -2.248 r  clock_40mhz/inst/mmcm_adv_inst/CLKOUT0
                         net (fo=1, routed)           0.530    -1.718    clock_40mhz/inst/clk_out1_sys_pll
    BUFGCTRL_X0Y1        BUFG (Prop_bufg_I_O)         0.029    -1.689 r  clock_40mhz/inst/clkout1_buf/O
                         net (fo=6, routed)           0.832    -0.858    i2c_baud_rate_generator/clk_out1
    SLICE_X36Y46         FDRE                                         r  i2c_baud_rate_generator/counterTick_reg[3]/C
                         clock pessimism              0.239    -0.618    
                         clock uncertainty            0.087    -0.531    
    SLICE_X36Y46         FDRE (Hold_fdre_C_D)         0.105    -0.426    i2c_baud_rate_generator/counterTick_reg[3]
  -------------------------------------------------------------------
                         required time                          0.426    
                         arrival time                          -0.190    
  -------------------------------------------------------------------
                         slack                                  0.236    

Slack (MET) :             0.252ns  (arrival time - required time)
  Source:                 i2c_baud_rate_generator/counterTick_reg[4]/C
                            (rising edge-triggered cell FDRE clocked by clk_out1_sys_pll  {rise@0.000ns fall@12.500ns period=25.000ns})
  Destination:            i2c_baud_rate_generator/counterTick_reg[4]/D
                            (rising edge-triggered cell FDRE clocked by clk_out1_sys_pll_1  {rise@0.000ns fall@12.500ns period=25.000ns})
  Path Group:             clk_out1_sys_pll_1
  Path Type:              Hold (Min at Fast Process Corner)
  Requirement:            0.000ns  (clk_out1_sys_pll_1 rise@0.000ns - clk_out1_sys_pll rise@0.000ns)
  Data Path Delay:        0.445ns  (logic 0.256ns (57.583%)  route 0.189ns (42.417%))
  Logic Levels:           1  (CARRY4=1)
  Clock Path Skew:        0.000ns (DCD - SCD - CPR)
    Destination Clock Delay (DCD):    -0.857ns
    Source Clock Delay      (SCD):    -0.617ns
    Clock Pessimism Removal (CPR):    -0.239ns
  Clock Uncertainty:      0.087ns  ((TSJ^2 + DJ^2)^1/2) / 2 + PE
    Total System Jitter     (TSJ):    0.071ns
    Discrete Jitter          (DJ):    0.159ns
    Phase Error              (PE):    0.000ns
  Clock Domain Crossing:  Inter clock paths are considered valid unless explicitly excluded by timing constraints such as set_clock_groups or set_false_path.

    Location             Delay type                Incr(ns)  Path(ns)    Netlist Resource(s)
  -------------------------------------------------------------------    -------------------
                         (clock clk_out1_sys_pll rise edge)
                                                      0.000     0.000 r  
    W5                                                0.000     0.000 r  sys_clk (IN)
                         net (fo=0)                   0.000     0.000    clock_40mhz/inst/clk_in1
    W5                   IBUF (Prop_ibuf_I_O)         0.226     0.226 r  clock_40mhz/inst/clkin1_ibufg/O
                         net (fo=1, routed)           0.440     0.667    clock_40mhz/inst/clk_in1_sys_pll
    MMCME2_ADV_X1Y0      MMCME2_ADV (Prop_mmcme2_adv_CLKIN1_CLKOUT0)
                                                     -2.360    -1.693 r  clock_40mhz/inst/mmcm_adv_inst/CLKOUT0
                         net (fo=1, routed)           0.486    -1.207    clock_40mhz/inst/clk_out1_sys_pll
    BUFGCTRL_X0Y1        BUFG (Prop_bufg_I_O)         0.026    -1.181 r  clock_40mhz/inst/clkout1_buf/O
                         net (fo=6, routed)           0.564    -0.617    i2c_baud_rate_generator/clk_out1
    SLICE_X36Y47         FDRE                                         r  i2c_baud_rate_generator/counterTick_reg[4]/C
  -------------------------------------------------------------------    -------------------
    SLICE_X36Y47         FDRE (Prop_fdre_C_Q)         0.141    -0.476 r  i2c_baud_rate_generator/counterTick_reg[4]/Q
                         net (fo=3, routed)           0.189    -0.288    i2c_baud_rate_generator/counterTick_reg[4]
    SLICE_X36Y47         CARRY4 (Prop_carry4_S[0]_O[0])
                                                      0.115    -0.173 r  i2c_baud_rate_generator/counterTick_reg[4]_i_1/O[0]
                         net (fo=1, routed)           0.000    -0.173    i2c_baud_rate_generator/counterTick_reg[4]_i_1_n_7
    SLICE_X36Y47         FDRE                                         r  i2c_baud_rate_generator/counterTick_reg[4]/D
  -------------------------------------------------------------------    -------------------

                         (clock clk_out1_sys_pll_1 rise edge)
                                                      0.000     0.000 r  
    W5                                                0.000     0.000 r  sys_clk (IN)
                         net (fo=0)                   0.000     0.000    clock_40mhz/inst/clk_in1
    W5                   IBUF (Prop_ibuf_I_O)         0.414     0.414 r  clock_40mhz/inst/clkin1_ibufg/O
                         net (fo=1, routed)           0.480     0.894    clock_40mhz/inst/clk_in1_sys_pll
    MMCME2_ADV_X1Y0      MMCME2_ADV (Prop_mmcme2_adv_CLKIN1_CLKOUT0)
                                                     -3.142    -2.248 r  clock_40mhz/inst/mmcm_adv_inst/CLKOUT0
                         net (fo=1, routed)           0.530    -1.718    clock_40mhz/inst/clk_out1_sys_pll
    BUFGCTRL_X0Y1        BUFG (Prop_bufg_I_O)         0.029    -1.689 r  clock_40mhz/inst/clkout1_buf/O
                         net (fo=6, routed)           0.833    -0.857    i2c_baud_rate_generator/clk_out1
    SLICE_X36Y47         FDRE                                         r  i2c_baud_rate_generator/counterTick_reg[4]/C
                         clock pessimism              0.239    -0.617    
                         clock uncertainty            0.087    -0.530    
    SLICE_X36Y47         FDRE (Hold_fdre_C_D)         0.105    -0.425    i2c_baud_rate_generator/counterTick_reg[4]
  -------------------------------------------------------------------
                         required time                          0.425    
                         arrival time                          -0.173    
  -------------------------------------------------------------------
                         slack                                  0.252    

Slack (MET) :             0.260ns  (arrival time - required time)
  Source:                 i2c_baud_rate_generator/counterTick_reg[0]/C
                            (rising edge-triggered cell FDRE clocked by clk_out1_sys_pll  {rise@0.000ns fall@12.500ns period=25.000ns})
  Destination:            i2c_baud_rate_generator/counterTick_reg[0]/D
                            (rising edge-triggered cell FDRE clocked by clk_out1_sys_pll_1  {rise@0.000ns fall@12.500ns period=25.000ns})
  Path Group:             clk_out1_sys_pll_1
  Path Type:              Hold (Min at Fast Process Corner)
  Requirement:            0.000ns  (clk_out1_sys_pll_1 rise@0.000ns - clk_out1_sys_pll rise@0.000ns)
  Data Path Delay:        0.452ns  (logic 0.256ns (56.658%)  route 0.196ns (43.342%))
  Logic Levels:           2  (CARRY4=1 LUT1=1)
  Clock Path Skew:        0.000ns (DCD - SCD - CPR)
    Destination Clock Delay (DCD):    -0.858ns
    Source Clock Delay      (SCD):    -0.618ns
    Clock Pessimism Removal (CPR):    -0.239ns
  Clock Uncertainty:      0.087ns  ((TSJ^2 + DJ^2)^1/2) / 2 + PE
    Total System Jitter     (TSJ):    0.071ns
    Discrete Jitter          (DJ):    0.159ns
    Phase Error              (PE):    0.000ns
  Clock Domain Crossing:  Inter clock paths are considered valid unless explicitly excluded by timing constraints such as set_clock_groups or set_false_path.

    Location             Delay type                Incr(ns)  Path(ns)    Netlist Resource(s)
  -------------------------------------------------------------------    -------------------
                         (clock clk_out1_sys_pll rise edge)
                                                      0.000     0.000 r  
    W5                                                0.000     0.000 r  sys_clk (IN)
                         net (fo=0)                   0.000     0.000    clock_40mhz/inst/clk_in1
    W5                   IBUF (Prop_ibuf_I_O)         0.226     0.226 r  clock_40mhz/inst/clkin1_ibufg/O
                         net (fo=1, routed)           0.440     0.667    clock_40mhz/inst/clk_in1_sys_pll
    MMCME2_ADV_X1Y0      MMCME2_ADV (Prop_mmcme2_adv_CLKIN1_CLKOUT0)
                                                     -2.360    -1.693 r  clock_40mhz/inst/mmcm_adv_inst/CLKOUT0
                         net (fo=1, routed)           0.486    -1.207    clock_40mhz/inst/clk_out1_sys_pll
    BUFGCTRL_X0Y1        BUFG (Prop_bufg_I_O)         0.026    -1.181 r  clock_40mhz/inst/clkout1_buf/O
                         net (fo=6, routed)           0.563    -0.618    i2c_baud_rate_generator/clk_out1
    SLICE_X36Y46         FDRE                                         r  i2c_baud_rate_generator/counterTick_reg[0]/C
  -------------------------------------------------------------------    -------------------
    SLICE_X36Y46         FDRE (Prop_fdre_C_Q)         0.141    -0.477 f  i2c_baud_rate_generator/counterTick_reg[0]/Q
                         net (fo=3, routed)           0.196    -0.282    i2c_baud_rate_generator/counterTick_reg[0]
    SLICE_X36Y46         LUT1 (Prop_lut1_I0_O)        0.045    -0.237 r  i2c_baud_rate_generator/counterTick[0]_i_3/O
                         net (fo=1, routed)           0.000    -0.237    i2c_baud_rate_generator/counterTick[0]_i_3_n_0
    SLICE_X36Y46         CARRY4 (Prop_carry4_S[0]_O[0])
                                                      0.070    -0.167 r  i2c_baud_rate_generator/counterTick_reg[0]_i_2/O[0]
                         net (fo=1, routed)           0.000    -0.167    i2c_baud_rate_generator/counterTick_reg[0]_i_2_n_7
    SLICE_X36Y46         FDRE                                         r  i2c_baud_rate_generator/counterTick_reg[0]/D
  -------------------------------------------------------------------    -------------------

                         (clock clk_out1_sys_pll_1 rise edge)
                                                      0.000     0.000 r  
    W5                                                0.000     0.000 r  sys_clk (IN)
                         net (fo=0)                   0.000     0.000    clock_40mhz/inst/clk_in1
    W5                   IBUF (Prop_ibuf_I_O)         0.414     0.414 r  clock_40mhz/inst/clkin1_ibufg/O
                         net (fo=1, routed)           0.480     0.894    clock_40mhz/inst/clk_in1_sys_pll
    MMCME2_ADV_X1Y0      MMCME2_ADV (Prop_mmcme2_adv_CLKIN1_CLKOUT0)
                                                     -3.142    -2.248 r  clock_40mhz/inst/mmcm_adv_inst/CLKOUT0
                         net (fo=1, routed)           0.530    -1.718    clock_40mhz/inst/clk_out1_sys_pll
    BUFGCTRL_X0Y1        BUFG (Prop_bufg_I_O)         0.029    -1.689 r  clock_40mhz/inst/clkout1_buf/O
                         net (fo=6, routed)           0.832    -0.858    i2c_baud_rate_generator/clk_out1
    SLICE_X36Y46         FDRE                                         r  i2c_baud_rate_generator/counterTick_reg[0]/C
                         clock pessimism              0.239    -0.618    
                         clock uncertainty            0.087    -0.531    
    SLICE_X36Y46         FDRE (Hold_fdre_C_D)         0.105    -0.426    i2c_baud_rate_generator/counterTick_reg[0]
  -------------------------------------------------------------------
                         required time                          0.426    
                         arrival time                          -0.167    
  -------------------------------------------------------------------
                         slack                                  0.260    

Slack (MET) :             0.261ns  (arrival time - required time)
  Source:                 i2c_baud_rate_generator/counterTick_reg[1]/C
                            (rising edge-triggered cell FDRE clocked by clk_out1_sys_pll  {rise@0.000ns fall@12.500ns period=25.000ns})
  Destination:            i2c_baud_rate_generator/counterTick_reg[1]/D
                            (rising edge-triggered cell FDRE clocked by clk_out1_sys_pll_1  {rise@0.000ns fall@12.500ns period=25.000ns})
  Path Group:             clk_out1_sys_pll_1
  Path Type:              Hold (Min at Fast Process Corner)
  Requirement:            0.000ns  (clk_out1_sys_pll_1 rise@0.000ns - clk_out1_sys_pll rise@0.000ns)
  Data Path Delay:        0.453ns  (logic 0.251ns (55.401%)  route 0.202ns (44.599%))
  Logic Levels:           1  (CARRY4=1)
  Clock Path Skew:        0.000ns (DCD - SCD - CPR)
    Destination Clock Delay (DCD):    -0.858ns
    Source Clock Delay      (SCD):    -0.618ns
    Clock Pessimism Removal (CPR):    -0.239ns
  Clock Uncertainty:      0.087ns  ((TSJ^2 + DJ^2)^1/2) / 2 + PE
    Total System Jitter     (TSJ):    0.071ns
    Discrete Jitter          (DJ):    0.159ns
    Phase Error              (PE):    0.000ns
  Clock Domain Crossing:  Inter clock paths are considered valid unless explicitly excluded by timing constraints such as set_clock_groups or set_false_path.

    Location             Delay type                Incr(ns)  Path(ns)    Netlist Resource(s)
  -------------------------------------------------------------------    -------------------
                         (clock clk_out1_sys_pll rise edge)
                                                      0.000     0.000 r  
    W5                                                0.000     0.000 r  sys_clk (IN)
                         net (fo=0)                   0.000     0.000    clock_40mhz/inst/clk_in1
    W5                   IBUF (Prop_ibuf_I_O)         0.226     0.226 r  clock_40mhz/inst/clkin1_ibufg/O
                         net (fo=1, routed)           0.440     0.667    clock_40mhz/inst/clk_in1_sys_pll
    MMCME2_ADV_X1Y0      MMCME2_ADV (Prop_mmcme2_adv_CLKIN1_CLKOUT0)
                                                     -2.360    -1.693 r  clock_40mhz/inst/mmcm_adv_inst/CLKOUT0
                         net (fo=1, routed)           0.486    -1.207    clock_40mhz/inst/clk_out1_sys_pll
    BUFGCTRL_X0Y1        BUFG (Prop_bufg_I_O)         0.026    -1.181 r  clock_40mhz/inst/clkout1_buf/O
                         net (fo=6, routed)           0.563    -0.618    i2c_baud_rate_generator/clk_out1
    SLICE_X36Y46         FDRE                                         r  i2c_baud_rate_generator/counterTick_reg[1]/C
  -------------------------------------------------------------------    -------------------
    SLICE_X36Y46         FDRE (Prop_fdre_C_Q)         0.141    -0.477 r  i2c_baud_rate_generator/counterTick_reg[1]/Q
                         net (fo=3, routed)           0.202    -0.275    i2c_baud_rate_generator/counterTick_reg[1]
    SLICE_X36Y46         CARRY4 (Prop_carry4_S[1]_O[1])
                                                      0.110    -0.165 r  i2c_baud_rate_generator/counterTick_reg[0]_i_2/O[1]
                         net (fo=1, routed)           0.000    -0.165    i2c_baud_rate_generator/counterTick_reg[0]_i_2_n_6
    SLICE_X36Y46         FDRE                                         r  i2c_baud_rate_generator/counterTick_reg[1]/D
  -------------------------------------------------------------------    -------------------

                         (clock clk_out1_sys_pll_1 rise edge)
                                                      0.000     0.000 r  
    W5                                                0.000     0.000 r  sys_clk (IN)
                         net (fo=0)                   0.000     0.000    clock_40mhz/inst/clk_in1
    W5                   IBUF (Prop_ibuf_I_O)         0.414     0.414 r  clock_40mhz/inst/clkin1_ibufg/O
                         net (fo=1, routed)           0.480     0.894    clock_40mhz/inst/clk_in1_sys_pll
    MMCME2_ADV_X1Y0      MMCME2_ADV (Prop_mmcme2_adv_CLKIN1_CLKOUT0)
                                                     -3.142    -2.248 r  clock_40mhz/inst/mmcm_adv_inst/CLKOUT0
                         net (fo=1, routed)           0.530    -1.718    clock_40mhz/inst/clk_out1_sys_pll
    BUFGCTRL_X0Y1        BUFG (Prop_bufg_I_O)         0.029    -1.689 r  clock_40mhz/inst/clkout1_buf/O
                         net (fo=6, routed)           0.832    -0.858    i2c_baud_rate_generator/clk_out1
    SLICE_X36Y46         FDRE                                         r  i2c_baud_rate_generator/counterTick_reg[1]/C
                         clock pessimism              0.239    -0.618    
                         clock uncertainty            0.087    -0.531    
    SLICE_X36Y46         FDRE (Hold_fdre_C_D)         0.105    -0.426    i2c_baud_rate_generator/counterTick_reg[1]
  -------------------------------------------------------------------
                         required time                          0.426    
                         arrival time                          -0.165    
  -------------------------------------------------------------------
                         slack                                  0.261    

Slack (MET) :             0.327ns  (arrival time - required time)
  Source:                 i2c_baud_rate_generator/counterTick_reg[2]/C
                            (rising edge-triggered cell FDRE clocked by clk_out1_sys_pll  {rise@0.000ns fall@12.500ns period=25.000ns})
  Destination:            i2c_baud_rate_generator/counterTick_reg[4]/R
                            (rising edge-triggered cell FDRE clocked by clk_out1_sys_pll_1  {rise@0.000ns fall@12.500ns period=25.000ns})
  Path Group:             clk_out1_sys_pll_1
  Path Type:              Hold (Min at Fast Process Corner)
  Requirement:            0.000ns  (clk_out1_sys_pll_1 rise@0.000ns - clk_out1_sys_pll rise@0.000ns)
  Data Path Delay:        0.413ns  (logic 0.186ns (45.059%)  route 0.227ns (54.941%))
  Logic Levels:           1  (LUT6=1)
  Clock Path Skew:        0.017ns (DCD - SCD - CPR)
    Destination Clock Delay (DCD):    -0.857ns
    Source Clock Delay      (SCD):    -0.618ns
    Clock Pessimism Removal (CPR):    -0.255ns
  Clock Uncertainty:      0.087ns  ((TSJ^2 + DJ^2)^1/2) / 2 + PE
    Total System Jitter     (TSJ):    0.071ns
    Discrete Jitter          (DJ):    0.159ns
    Phase Error              (PE):    0.000ns
  Clock Domain Crossing:  Inter clock paths are considered valid unless explicitly excluded by timing constraints such as set_clock_groups or set_false_path.

    Location             Delay type                Incr(ns)  Path(ns)    Netlist Resource(s)
  -------------------------------------------------------------------    -------------------
                         (clock clk_out1_sys_pll rise edge)
                                                      0.000     0.000 r  
    W5                                                0.000     0.000 r  sys_clk (IN)
                         net (fo=0)                   0.000     0.000    clock_40mhz/inst/clk_in1
    W5                   IBUF (Prop_ibuf_I_O)         0.226     0.226 r  clock_40mhz/inst/clkin1_ibufg/O
                         net (fo=1, routed)           0.440     0.667    clock_40mhz/inst/clk_in1_sys_pll
    MMCME2_ADV_X1Y0      MMCME2_ADV (Prop_mmcme2_adv_CLKIN1_CLKOUT0)
                                                     -2.360    -1.693 r  clock_40mhz/inst/mmcm_adv_inst/CLKOUT0
                         net (fo=1, routed)           0.486    -1.207    clock_40mhz/inst/clk_out1_sys_pll
    BUFGCTRL_X0Y1        BUFG (Prop_bufg_I_O)         0.026    -1.181 r  clock_40mhz/inst/clkout1_buf/O
                         net (fo=6, routed)           0.563    -0.618    i2c_baud_rate_generator/clk_out1
    SLICE_X36Y46         FDRE                                         r  i2c_baud_rate_generator/counterTick_reg[2]/C
  -------------------------------------------------------------------    -------------------
    SLICE_X36Y46         FDRE (Prop_fdre_C_Q)         0.141    -0.477 f  i2c_baud_rate_generator/counterTick_reg[2]/Q
                         net (fo=3, routed)           0.075    -0.402    i2c_baud_rate_generator/counterTick_reg[2]
    SLICE_X37Y46         LUT6 (Prop_lut6_I2_O)        0.045    -0.357 r  i2c_baud_rate_generator/counterTick[0]_i_1/O
                         net (fo=5, routed)           0.152    -0.206    i2c_baud_rate_generator/counterTick[0]_i_1_n_0
    SLICE_X36Y47         FDRE                                         r  i2c_baud_rate_generator/counterTick_reg[4]/R
  -------------------------------------------------------------------    -------------------

                         (clock clk_out1_sys_pll_1 rise edge)
                                                      0.000     0.000 r  
    W5                                                0.000     0.000 r  sys_clk (IN)
                         net (fo=0)                   0.000     0.000    clock_40mhz/inst/clk_in1
    W5                   IBUF (Prop_ibuf_I_O)         0.414     0.414 r  clock_40mhz/inst/clkin1_ibufg/O
                         net (fo=1, routed)           0.480     0.894    clock_40mhz/inst/clk_in1_sys_pll
    MMCME2_ADV_X1Y0      MMCME2_ADV (Prop_mmcme2_adv_CLKIN1_CLKOUT0)
                                                     -3.142    -2.248 r  clock_40mhz/inst/mmcm_adv_inst/CLKOUT0
                         net (fo=1, routed)           0.530    -1.718    clock_40mhz/inst/clk_out1_sys_pll
    BUFGCTRL_X0Y1        BUFG (Prop_bufg_I_O)         0.029    -1.689 r  clock_40mhz/inst/clkout1_buf/O
                         net (fo=6, routed)           0.833    -0.857    i2c_baud_rate_generator/clk_out1
    SLICE_X36Y47         FDRE                                         r  i2c_baud_rate_generator/counterTick_reg[4]/C
                         clock pessimism              0.255    -0.601    
                         clock uncertainty            0.087    -0.514    
    SLICE_X36Y47         FDRE (Hold_fdre_C_R)        -0.018    -0.532    i2c_baud_rate_generator/counterTick_reg[4]
  -------------------------------------------------------------------
                         required time                          0.532    
                         arrival time                          -0.206    
  -------------------------------------------------------------------
                         slack                                  0.327    

Slack (MET) :             0.404ns  (arrival time - required time)
  Source:                 i2c_baud_rate_generator/counterTick_reg[2]/C
                            (rising edge-triggered cell FDRE clocked by clk_out1_sys_pll  {rise@0.000ns fall@12.500ns period=25.000ns})
  Destination:            i2c_baud_rate_generator/counterTick_reg[0]/R
                            (rising edge-triggered cell FDRE clocked by clk_out1_sys_pll_1  {rise@0.000ns fall@12.500ns period=25.000ns})
  Path Group:             clk_out1_sys_pll_1
  Path Type:              Hold (Min at Fast Process Corner)
  Requirement:            0.000ns  (clk_out1_sys_pll_1 rise@0.000ns - clk_out1_sys_pll rise@0.000ns)
  Data Path Delay:        0.473ns  (logic 0.186ns (39.324%)  route 0.287ns (60.676%))
  Logic Levels:           1  (LUT6=1)
  Clock Path Skew:        0.000ns (DCD - SCD - CPR)
    Destination Clock Delay (DCD):    -0.858ns
    Source Clock Delay      (SCD):    -0.618ns
    Clock Pessimism Removal (CPR):    -0.239ns
  Clock Uncertainty:      0.087ns  ((TSJ^2 + DJ^2)^1/2) / 2 + PE
    Total System Jitter     (TSJ):    0.071ns
    Discrete Jitter          (DJ):    0.159ns
    Phase Error              (PE):    0.000ns
  Clock Domain Crossing:  Inter clock paths are considered valid unless explicitly excluded by timing constraints such as set_clock_groups or set_false_path.

    Location             Delay type                Incr(ns)  Path(ns)    Netlist Resource(s)
  -------------------------------------------------------------------    -------------------
                         (clock clk_out1_sys_pll rise edge)
                                                      0.000     0.000 r  
    W5                                                0.000     0.000 r  sys_clk (IN)
                         net (fo=0)                   0.000     0.000    clock_40mhz/inst/clk_in1
    W5                   IBUF (Prop_ibuf_I_O)         0.226     0.226 r  clock_40mhz/inst/clkin1_ibufg/O
                         net (fo=1, routed)           0.440     0.667    clock_40mhz/inst/clk_in1_sys_pll
    MMCME2_ADV_X1Y0      MMCME2_ADV (Prop_mmcme2_adv_CLKIN1_CLKOUT0)
                                                     -2.360    -1.693 r  clock_40mhz/inst/mmcm_adv_inst/CLKOUT0
                         net (fo=1, routed)           0.486    -1.207    clock_40mhz/inst/clk_out1_sys_pll
    BUFGCTRL_X0Y1        BUFG (Prop_bufg_I_O)         0.026    -1.181 r  clock_40mhz/inst/clkout1_buf/O
                         net (fo=6, routed)           0.563    -0.618    i2c_baud_rate_generator/clk_out1
    SLICE_X36Y46         FDRE                                         r  i2c_baud_rate_generator/counterTick_reg[2]/C
  -------------------------------------------------------------------    -------------------
    SLICE_X36Y46         FDRE (Prop_fdre_C_Q)         0.141    -0.477 f  i2c_baud_rate_generator/counterTick_reg[2]/Q
                         net (fo=3, routed)           0.075    -0.402    i2c_baud_rate_generator/counterTick_reg[2]
    SLICE_X37Y46         LUT6 (Prop_lut6_I2_O)        0.045    -0.357 r  i2c_baud_rate_generator/counterTick[0]_i_1/O
                         net (fo=5, routed)           0.212    -0.145    i2c_baud_rate_generator/counterTick[0]_i_1_n_0
    SLICE_X36Y46         FDRE                                         r  i2c_baud_rate_generator/counterTick_reg[0]/R
  -------------------------------------------------------------------    -------------------

                         (clock clk_out1_sys_pll_1 rise edge)
                                                      0.000     0.000 r  
    W5                                                0.000     0.000 r  sys_clk (IN)
                         net (fo=0)                   0.000     0.000    clock_40mhz/inst/clk_in1
    W5                   IBUF (Prop_ibuf_I_O)         0.414     0.414 r  clock_40mhz/inst/clkin1_ibufg/O
                         net (fo=1, routed)           0.480     0.894    clock_40mhz/inst/clk_in1_sys_pll
    MMCME2_ADV_X1Y0      MMCME2_ADV (Prop_mmcme2_adv_CLKIN1_CLKOUT0)
                                                     -3.142    -2.248 r  clock_40mhz/inst/mmcm_adv_inst/CLKOUT0
                         net (fo=1, routed)           0.530    -1.718    clock_40mhz/inst/clk_out1_sys_pll
    BUFGCTRL_X0Y1        BUFG (Prop_bufg_I_O)         0.029    -1.689 r  clock_40mhz/inst/clkout1_buf/O
                         net (fo=6, routed)           0.832    -0.858    i2c_baud_rate_generator/clk_out1
    SLICE_X36Y46         FDRE                                         r  i2c_baud_rate_generator/counterTick_reg[0]/C
                         clock pessimism              0.239    -0.618    
                         clock uncertainty            0.087    -0.531    
    SLICE_X36Y46         FDRE (Hold_fdre_C_R)        -0.018    -0.549    i2c_baud_rate_generator/counterTick_reg[0]
  -------------------------------------------------------------------
                         required time                          0.549    
                         arrival time                          -0.145    
  -------------------------------------------------------------------
                         slack                                  0.404    

Slack (MET) :             0.404ns  (arrival time - required time)
  Source:                 i2c_baud_rate_generator/counterTick_reg[2]/C
                            (rising edge-triggered cell FDRE clocked by clk_out1_sys_pll  {rise@0.000ns fall@12.500ns period=25.000ns})
  Destination:            i2c_baud_rate_generator/counterTick_reg[1]/R
                            (rising edge-triggered cell FDRE clocked by clk_out1_sys_pll_1  {rise@0.000ns fall@12.500ns period=25.000ns})
  Path Group:             clk_out1_sys_pll_1
  Path Type:              Hold (Min at Fast Process Corner)
  Requirement:            0.000ns  (clk_out1_sys_pll_1 rise@0.000ns - clk_out1_sys_pll rise@0.000ns)
  Data Path Delay:        0.473ns  (logic 0.186ns (39.324%)  route 0.287ns (60.676%))
  Logic Levels:           1  (LUT6=1)
  Clock Path Skew:        0.000ns (DCD - SCD - CPR)
    Destination Clock Delay (DCD):    -0.858ns
    Source Clock Delay      (SCD):    -0.618ns
    Clock Pessimism Removal (CPR):    -0.239ns
  Clock Uncertainty:      0.087ns  ((TSJ^2 + DJ^2)^1/2) / 2 + PE
    Total System Jitter     (TSJ):    0.071ns
    Discrete Jitter          (DJ):    0.159ns
    Phase Error              (PE):    0.000ns
  Clock Domain Crossing:  Inter clock paths are considered valid unless explicitly excluded by timing constraints such as set_clock_groups or set_false_path.

    Location             Delay type                Incr(ns)  Path(ns)    Netlist Resource(s)
  -------------------------------------------------------------------    -------------------
                         (clock clk_out1_sys_pll rise edge)
                                                      0.000     0.000 r  
    W5                                                0.000     0.000 r  sys_clk (IN)
                         net (fo=0)                   0.000     0.000    clock_40mhz/inst/clk_in1
    W5                   IBUF (Prop_ibuf_I_O)         0.226     0.226 r  clock_40mhz/inst/clkin1_ibufg/O
                         net (fo=1, routed)           0.440     0.667    clock_40mhz/inst/clk_in1_sys_pll
    MMCME2_ADV_X1Y0      MMCME2_ADV (Prop_mmcme2_adv_CLKIN1_CLKOUT0)
                                                     -2.360    -1.693 r  clock_40mhz/inst/mmcm_adv_inst/CLKOUT0
                         net (fo=1, routed)           0.486    -1.207    clock_40mhz/inst/clk_out1_sys_pll
    BUFGCTRL_X0Y1        BUFG (Prop_bufg_I_O)         0.026    -1.181 r  clock_40mhz/inst/clkout1_buf/O
                         net (fo=6, routed)           0.563    -0.618    i2c_baud_rate_generator/clk_out1
    SLICE_X36Y46         FDRE                                         r  i2c_baud_rate_generator/counterTick_reg[2]/C
  -------------------------------------------------------------------    -------------------
    SLICE_X36Y46         FDRE (Prop_fdre_C_Q)         0.141    -0.477 f  i2c_baud_rate_generator/counterTick_reg[2]/Q
                         net (fo=3, routed)           0.075    -0.402    i2c_baud_rate_generator/counterTick_reg[2]
    SLICE_X37Y46         LUT6 (Prop_lut6_I2_O)        0.045    -0.357 r  i2c_baud_rate_generator/counterTick[0]_i_1/O
                         net (fo=5, routed)           0.212    -0.145    i2c_baud_rate_generator/counterTick[0]_i_1_n_0
    SLICE_X36Y46         FDRE                                         r  i2c_baud_rate_generator/counterTick_reg[1]/R
  -------------------------------------------------------------------    -------------------

                         (clock clk_out1_sys_pll_1 rise edge)
                                                      0.000     0.000 r  
    W5                                                0.000     0.000 r  sys_clk (IN)
                         net (fo=0)                   0.000     0.000    clock_40mhz/inst/clk_in1
    W5                   IBUF (Prop_ibuf_I_O)         0.414     0.414 r  clock_40mhz/inst/clkin1_ibufg/O
                         net (fo=1, routed)           0.480     0.894    clock_40mhz/inst/clk_in1_sys_pll
    MMCME2_ADV_X1Y0      MMCME2_ADV (Prop_mmcme2_adv_CLKIN1_CLKOUT0)
                                                     -3.142    -2.248 r  clock_40mhz/inst/mmcm_adv_inst/CLKOUT0
                         net (fo=1, routed)           0.530    -1.718    clock_40mhz/inst/clk_out1_sys_pll
    BUFGCTRL_X0Y1        BUFG (Prop_bufg_I_O)         0.029    -1.689 r  clock_40mhz/inst/clkout1_buf/O
                         net (fo=6, routed)           0.832    -0.858    i2c_baud_rate_generator/clk_out1
    SLICE_X36Y46         FDRE                                         r  i2c_baud_rate_generator/counterTick_reg[1]/C
                         clock pessimism              0.239    -0.618    
                         clock uncertainty            0.087    -0.531    
    SLICE_X36Y46         FDRE (Hold_fdre_C_R)        -0.018    -0.549    i2c_baud_rate_generator/counterTick_reg[1]
  -------------------------------------------------------------------
                         required time                          0.549    
                         arrival time                          -0.145    
  -------------------------------------------------------------------
                         slack                                  0.404    

Slack (MET) :             0.404ns  (arrival time - required time)
  Source:                 i2c_baud_rate_generator/counterTick_reg[2]/C
                            (rising edge-triggered cell FDRE clocked by clk_out1_sys_pll  {rise@0.000ns fall@12.500ns period=25.000ns})
  Destination:            i2c_baud_rate_generator/counterTick_reg[2]/R
                            (rising edge-triggered cell FDRE clocked by clk_out1_sys_pll_1  {rise@0.000ns fall@12.500ns period=25.000ns})
  Path Group:             clk_out1_sys_pll_1
  Path Type:              Hold (Min at Fast Process Corner)
  Requirement:            0.000ns  (clk_out1_sys_pll_1 rise@0.000ns - clk_out1_sys_pll rise@0.000ns)
  Data Path Delay:        0.473ns  (logic 0.186ns (39.324%)  route 0.287ns (60.676%))
  Logic Levels:           1  (LUT6=1)
  Clock Path Skew:        0.000ns (DCD - SCD - CPR)
    Destination Clock Delay (DCD):    -0.858ns
    Source Clock Delay      (SCD):    -0.618ns
    Clock Pessimism Removal (CPR):    -0.239ns
  Clock Uncertainty:      0.087ns  ((TSJ^2 + DJ^2)^1/2) / 2 + PE
    Total System Jitter     (TSJ):    0.071ns
    Discrete Jitter          (DJ):    0.159ns
    Phase Error              (PE):    0.000ns
  Clock Domain Crossing:  Inter clock paths are considered valid unless explicitly excluded by timing constraints such as set_clock_groups or set_false_path.

    Location             Delay type                Incr(ns)  Path(ns)    Netlist Resource(s)
  -------------------------------------------------------------------    -------------------
                         (clock clk_out1_sys_pll rise edge)
                                                      0.000     0.000 r  
    W5                                                0.000     0.000 r  sys_clk (IN)
                         net (fo=0)                   0.000     0.000    clock_40mhz/inst/clk_in1
    W5                   IBUF (Prop_ibuf_I_O)         0.226     0.226 r  clock_40mhz/inst/clkin1_ibufg/O
                         net (fo=1, routed)           0.440     0.667    clock_40mhz/inst/clk_in1_sys_pll
    MMCME2_ADV_X1Y0      MMCME2_ADV (Prop_mmcme2_adv_CLKIN1_CLKOUT0)
                                                     -2.360    -1.693 r  clock_40mhz/inst/mmcm_adv_inst/CLKOUT0
                         net (fo=1, routed)           0.486    -1.207    clock_40mhz/inst/clk_out1_sys_pll
    BUFGCTRL_X0Y1        BUFG (Prop_bufg_I_O)         0.026    -1.181 r  clock_40mhz/inst/clkout1_buf/O
                         net (fo=6, routed)           0.563    -0.618    i2c_baud_rate_generator/clk_out1
    SLICE_X36Y46         FDRE                                         r  i2c_baud_rate_generator/counterTick_reg[2]/C
  -------------------------------------------------------------------    -------------------
    SLICE_X36Y46         FDRE (Prop_fdre_C_Q)         0.141    -0.477 f  i2c_baud_rate_generator/counterTick_reg[2]/Q
                         net (fo=3, routed)           0.075    -0.402    i2c_baud_rate_generator/counterTick_reg[2]
    SLICE_X37Y46         LUT6 (Prop_lut6_I2_O)        0.045    -0.357 r  i2c_baud_rate_generator/counterTick[0]_i_1/O
                         net (fo=5, routed)           0.212    -0.145    i2c_baud_rate_generator/counterTick[0]_i_1_n_0
    SLICE_X36Y46         FDRE                                         r  i2c_baud_rate_generator/counterTick_reg[2]/R
  -------------------------------------------------------------------    -------------------

                         (clock clk_out1_sys_pll_1 rise edge)
                                                      0.000     0.000 r  
    W5                                                0.000     0.000 r  sys_clk (IN)
                         net (fo=0)                   0.000     0.000    clock_40mhz/inst/clk_in1
    W5                   IBUF (Prop_ibuf_I_O)         0.414     0.414 r  clock_40mhz/inst/clkin1_ibufg/O
                         net (fo=1, routed)           0.480     0.894    clock_40mhz/inst/clk_in1_sys_pll
    MMCME2_ADV_X1Y0      MMCME2_ADV (Prop_mmcme2_adv_CLKIN1_CLKOUT0)
                                                     -3.142    -2.248 r  clock_40mhz/inst/mmcm_adv_inst/CLKOUT0
                         net (fo=1, routed)           0.530    -1.718    clock_40mhz/inst/clk_out1_sys_pll
    BUFGCTRL_X0Y1        BUFG (Prop_bufg_I_O)         0.029    -1.689 r  clock_40mhz/inst/clkout1_buf/O
                         net (fo=6, routed)           0.832    -0.858    i2c_baud_rate_generator/clk_out1
    SLICE_X36Y46         FDRE                                         r  i2c_baud_rate_generator/counterTick_reg[2]/C
                         clock pessimism              0.239    -0.618    
                         clock uncertainty            0.087    -0.531    
    SLICE_X36Y46         FDRE (Hold_fdre_C_R)        -0.018    -0.549    i2c_baud_rate_generator/counterTick_reg[2]
  -------------------------------------------------------------------
                         required time                          0.549    
                         arrival time                          -0.145    
  -------------------------------------------------------------------
                         slack                                  0.404    





--------------------------------------------------------------------------------------
Path Group:  (none)
From Clock:  
  To Clock:  

Max Delay           114 Endpoints
Min Delay           114 Endpoints
--------------------------------------------------------------------------------------


Max Delay Paths
--------------------------------------------------------------------------------------
Slack:                    inf
  Source:                 my_I2C_Core/i2c_sda_out_en_reg/C
                            (rising edge-triggered cell FDRE)
  Destination:            sda
                            (output port)
  Path Group:             (none)
  Path Type:              Max at Slow Process Corner
  Data Path Delay:        8.225ns  (logic 3.991ns (48.527%)  route 4.234ns (51.473%))
  Logic Levels:           2  (FDRE=1 OBUFT=1)

    Location             Delay type                Incr(ns)  Path(ns)    Netlist Resource(s)
  -------------------------------------------------------------------    -------------------
    SLICE_X29Y82         FDRE                         0.000     0.000 r  my_I2C_Core/i2c_sda_out_en_reg/C
    SLICE_X29Y82         FDRE (Prop_fdre_C_Q)         0.456     0.456 f  my_I2C_Core/i2c_sda_out_en_reg/Q
                         net (fo=2, routed)           4.234     4.690    sda_TRI
    A14                  OBUFT (TriStatE_obuft_T_O)
                                                      3.535     8.225 r  sda_OBUFT_inst/O
                         net (fo=0)                   0.000     8.225    sda
    A14                                                               r  sda (INOUT)
  -------------------------------------------------------------------    -------------------

Slack:                    inf
  Source:                 my_I2C_Core/i2c_transaction_complete_now_reg/C
                            (rising edge-triggered cell FDRE)
  Destination:            i2c_transaction_complete
                            (output port)
  Path Group:             (none)
  Path Type:              Max at Slow Process Corner
  Data Path Delay:        7.754ns  (logic 3.981ns (51.337%)  route 3.773ns (48.663%))
  Logic Levels:           2  (FDRE=1 OBUF=1)

    Location             Delay type                Incr(ns)  Path(ns)    Netlist Resource(s)
  -------------------------------------------------------------------    -------------------
    SLICE_X32Y81         FDRE                         0.000     0.000 r  my_I2C_Core/i2c_transaction_complete_now_reg/C
    SLICE_X32Y81         FDRE (Prop_fdre_C_Q)         0.456     0.456 r  my_I2C_Core/i2c_transaction_complete_now_reg/Q
                         net (fo=1, routed)           3.773     4.229    i2c_transaction_complete_OBUF
    B15                  OBUF (Prop_obuf_I_O)         3.525     7.754 r  i2c_transaction_complete_OBUF_inst/O
                         net (fo=0)                   0.000     7.754    i2c_transaction_complete
    B15                                                               r  i2c_transaction_complete (OUT)
  -------------------------------------------------------------------    -------------------

Slack:                    inf
  Source:                 my_I2C_Core/i2c_sclk_reg_now_reg/C
                            (rising edge-triggered cell FDSE)
  Destination:            sclk
                            (output port)
  Path Group:             (none)
  Path Type:              Max at Slow Process Corner
  Data Path Delay:        7.688ns  (logic 3.968ns (51.609%)  route 3.720ns (48.391%))
  Logic Levels:           2  (FDSE=1 OBUF=1)

    Location             Delay type                Incr(ns)  Path(ns)    Netlist Resource(s)
  -------------------------------------------------------------------    -------------------
    SLICE_X28Y81         FDSE                         0.000     0.000 r  my_I2C_Core/i2c_sclk_reg_now_reg/C
    SLICE_X28Y81         FDSE (Prop_fdse_C_Q)         0.456     0.456 r  my_I2C_Core/i2c_sclk_reg_now_reg/Q
                         net (fo=1, routed)           3.720     4.176    sclk_OBUF
    A16                  OBUF (Prop_obuf_I_O)         3.512     7.688 r  sclk_OBUF_inst/O
                         net (fo=0)                   0.000     7.688    sclk
    A16                                                               r  sclk (OUT)
  -------------------------------------------------------------------    -------------------

Slack:                    inf
  Source:                 reset_n
                            (input port)
  Destination:            my_I2C_Core/FSM_sequential_stateNow_reg[3]/R
  Path Group:             (none)
  Path Type:              Max at Slow Process Corner
  Data Path Delay:        6.968ns  (logic 1.585ns (22.750%)  route 5.383ns (77.250%))
  Logic Levels:           2  (IBUF=1 LUT1=1)

    Location             Delay type                Incr(ns)  Path(ns)    Netlist Resource(s)
  -------------------------------------------------------------------    -------------------
    V16                                               0.000     0.000 f  reset_n (IN)
                         net (fo=0)                   0.000     0.000    reset_n
    V16                  IBUF (Prop_ibuf_I_O)         1.461     1.461 f  reset_n_IBUF_inst/O
                         net (fo=8, routed)           3.967     5.428    my_I2C_Core/reset_n_IBUF
    SLICE_X32Y78         LUT1 (Prop_lut1_I0_O)        0.124     5.552 r  my_I2C_Core/FSM_sequential_stateNow[3]_i_1/O
                         net (fo=36, routed)          1.417     6.968    my_I2C_Core/FSM_sequential_stateNow[3]_i_1_n_0
    SLICE_X29Y80         FDRE                                         r  my_I2C_Core/FSM_sequential_stateNow_reg[3]/R
  -------------------------------------------------------------------    -------------------

Slack:                    inf
  Source:                 reset_n
                            (input port)
  Destination:            my_I2C_Core/dataBit_now_reg[1]/R
  Path Group:             (none)
  Path Type:              Max at Slow Process Corner
  Data Path Delay:        6.965ns  (logic 1.585ns (22.761%)  route 5.380ns (77.239%))
  Logic Levels:           2  (IBUF=1 LUT1=1)

    Location             Delay type                Incr(ns)  Path(ns)    Netlist Resource(s)
  -------------------------------------------------------------------    -------------------
    V16                                               0.000     0.000 f  reset_n (IN)
                         net (fo=0)                   0.000     0.000    reset_n
    V16                  IBUF (Prop_ibuf_I_O)         1.461     1.461 f  reset_n_IBUF_inst/O
                         net (fo=8, routed)           3.967     5.428    my_I2C_Core/reset_n_IBUF
    SLICE_X32Y78         LUT1 (Prop_lut1_I0_O)        0.124     5.552 r  my_I2C_Core/FSM_sequential_stateNow[3]_i_1/O
                         net (fo=36, routed)          1.413     6.965    my_I2C_Core/FSM_sequential_stateNow[3]_i_1_n_0
    SLICE_X30Y81         FDRE                                         r  my_I2C_Core/dataBit_now_reg[1]/R
  -------------------------------------------------------------------    -------------------

Slack:                    inf
  Source:                 reset_n
                            (input port)
  Destination:            my_I2C_Core/dataBit_now_reg[2]/R
  Path Group:             (none)
  Path Type:              Max at Slow Process Corner
  Data Path Delay:        6.965ns  (logic 1.585ns (22.761%)  route 5.380ns (77.239%))
  Logic Levels:           2  (IBUF=1 LUT1=1)

    Location             Delay type                Incr(ns)  Path(ns)    Netlist Resource(s)
  -------------------------------------------------------------------    -------------------
    V16                                               0.000     0.000 f  reset_n (IN)
                         net (fo=0)                   0.000     0.000    reset_n
    V16                  IBUF (Prop_ibuf_I_O)         1.461     1.461 f  reset_n_IBUF_inst/O
                         net (fo=8, routed)           3.967     5.428    my_I2C_Core/reset_n_IBUF
    SLICE_X32Y78         LUT1 (Prop_lut1_I0_O)        0.124     5.552 r  my_I2C_Core/FSM_sequential_stateNow[3]_i_1/O
                         net (fo=36, routed)          1.413     6.965    my_I2C_Core/FSM_sequential_stateNow[3]_i_1_n_0
    SLICE_X30Y81         FDRE                                         r  my_I2C_Core/dataBit_now_reg[2]/R
  -------------------------------------------------------------------    -------------------

Slack:                    inf
  Source:                 reset_n
                            (input port)
  Destination:            my_I2C_Core/i2c_sclk_reg_now_reg/S
  Path Group:             (none)
  Path Type:              Max at Slow Process Corner
  Data Path Delay:        6.949ns  (logic 1.585ns (22.814%)  route 5.364ns (77.186%))
  Logic Levels:           2  (IBUF=1 LUT1=1)

    Location             Delay type                Incr(ns)  Path(ns)    Netlist Resource(s)
  -------------------------------------------------------------------    -------------------
    V16                                               0.000     0.000 f  reset_n (IN)
                         net (fo=0)                   0.000     0.000    reset_n
    V16                  IBUF (Prop_ibuf_I_O)         1.461     1.461 f  reset_n_IBUF_inst/O
                         net (fo=8, routed)           3.967     5.428    my_I2C_Core/reset_n_IBUF
    SLICE_X32Y78         LUT1 (Prop_lut1_I0_O)        0.124     5.552 r  my_I2C_Core/FSM_sequential_stateNow[3]_i_1/O
                         net (fo=36, routed)          1.397     6.949    my_I2C_Core/FSM_sequential_stateNow[3]_i_1_n_0
    SLICE_X28Y81         FDSE                                         r  my_I2C_Core/i2c_sclk_reg_now_reg/S
  -------------------------------------------------------------------    -------------------

Slack:                    inf
  Source:                 reset_n
                            (input port)
  Destination:            my_I2C_Core/FSM_sequential_stateNow_reg[2]/R
  Path Group:             (none)
  Path Type:              Max at Slow Process Corner
  Data Path Delay:        6.945ns  (logic 1.585ns (22.828%)  route 5.359ns (77.172%))
  Logic Levels:           2  (IBUF=1 LUT1=1)

    Location             Delay type                Incr(ns)  Path(ns)    Netlist Resource(s)
  -------------------------------------------------------------------    -------------------
    V16                                               0.000     0.000 f  reset_n (IN)
                         net (fo=0)                   0.000     0.000    reset_n
    V16                  IBUF (Prop_ibuf_I_O)         1.461     1.461 f  reset_n_IBUF_inst/O
                         net (fo=8, routed)           3.967     5.428    my_I2C_Core/reset_n_IBUF
    SLICE_X32Y78         LUT1 (Prop_lut1_I0_O)        0.124     5.552 r  my_I2C_Core/FSM_sequential_stateNow[3]_i_1/O
                         net (fo=36, routed)          1.393     6.945    my_I2C_Core/FSM_sequential_stateNow[3]_i_1_n_0
    SLICE_X29Y81         FDRE                                         r  my_I2C_Core/FSM_sequential_stateNow_reg[2]/R
  -------------------------------------------------------------------    -------------------

Slack:                    inf
  Source:                 reset_n
                            (input port)
  Destination:            my_I2C_Core/dataByte_now_reg[0]/R
  Path Group:             (none)
  Path Type:              Max at Slow Process Corner
  Data Path Delay:        6.782ns  (logic 1.585ns (23.374%)  route 5.197ns (76.626%))
  Logic Levels:           2  (IBUF=1 LUT1=1)

    Location             Delay type                Incr(ns)  Path(ns)    Netlist Resource(s)
  -------------------------------------------------------------------    -------------------
    V16                                               0.000     0.000 f  reset_n (IN)
                         net (fo=0)                   0.000     0.000    reset_n
    V16                  IBUF (Prop_ibuf_I_O)         1.461     1.461 f  reset_n_IBUF_inst/O
                         net (fo=8, routed)           3.967     5.428    my_I2C_Core/reset_n_IBUF
    SLICE_X32Y78         LUT1 (Prop_lut1_I0_O)        0.124     5.552 r  my_I2C_Core/FSM_sequential_stateNow[3]_i_1/O
                         net (fo=36, routed)          1.231     6.782    my_I2C_Core/FSM_sequential_stateNow[3]_i_1_n_0
    SLICE_X32Y83         FDRE                                         r  my_I2C_Core/dataByte_now_reg[0]/R
  -------------------------------------------------------------------    -------------------

Slack:                    inf
  Source:                 reset_n
                            (input port)
  Destination:            my_I2C_Core/dataByte_now_reg[4]/R
  Path Group:             (none)
  Path Type:              Max at Slow Process Corner
  Data Path Delay:        6.782ns  (logic 1.585ns (23.374%)  route 5.197ns (76.626%))
  Logic Levels:           2  (IBUF=1 LUT1=1)

    Location             Delay type                Incr(ns)  Path(ns)    Netlist Resource(s)
  -------------------------------------------------------------------    -------------------
    V16                                               0.000     0.000 f  reset_n (IN)
                         net (fo=0)                   0.000     0.000    reset_n
    V16                  IBUF (Prop_ibuf_I_O)         1.461     1.461 f  reset_n_IBUF_inst/O
                         net (fo=8, routed)           3.967     5.428    my_I2C_Core/reset_n_IBUF
    SLICE_X32Y78         LUT1 (Prop_lut1_I0_O)        0.124     5.552 r  my_I2C_Core/FSM_sequential_stateNow[3]_i_1/O
                         net (fo=36, routed)          1.231     6.782    my_I2C_Core/FSM_sequential_stateNow[3]_i_1_n_0
    SLICE_X32Y83         FDRE                                         r  my_I2C_Core/dataByte_now_reg[4]/R
  -------------------------------------------------------------------    -------------------





Min Delay Paths
--------------------------------------------------------------------------------------
Slack:                    inf
  Source:                 my_I2C_Core/FSM_sequential_stateNow_reg[2]/C
                            (rising edge-triggered cell FDRE)
  Destination:            my_I2C_Core/i2c_sclk_reg_now_reg/D
  Path Group:             (none)
  Path Type:              Min at Fast Process Corner
  Data Path Delay:        0.322ns  (logic 0.189ns (58.635%)  route 0.133ns (41.365%))
  Logic Levels:           2  (FDRE=1 LUT4=1)

    Location             Delay type                Incr(ns)  Path(ns)    Netlist Resource(s)
  -------------------------------------------------------------------    -------------------
    SLICE_X29Y81         FDRE                         0.000     0.000 r  my_I2C_Core/FSM_sequential_stateNow_reg[2]/C
    SLICE_X29Y81         FDRE (Prop_fdre_C_Q)         0.141     0.141 r  my_I2C_Core/FSM_sequential_stateNow_reg[2]/Q
                         net (fo=24, routed)          0.133     0.274    my_I2C_Core/stateNow[2]
    SLICE_X28Y81         LUT4 (Prop_lut4_I0_O)        0.048     0.322 r  my_I2C_Core/i2c_sclk_reg_now_i_1/O
                         net (fo=1, routed)           0.000     0.322    my_I2C_Core/i2c_sclk_reg_next
    SLICE_X28Y81         FDSE                                         r  my_I2C_Core/i2c_sclk_reg_now_reg/D
  -------------------------------------------------------------------    -------------------

Slack:                    inf
  Source:                 my_I2C_Core/dataByte_now_reg[2]/C
                            (rising edge-triggered cell FDRE)
  Destination:            my_I2C_Core/dataByte_now_reg[3]/D
  Path Group:             (none)
  Path Type:              Min at Fast Process Corner
  Data Path Delay:        0.323ns  (logic 0.227ns (70.198%)  route 0.096ns (29.802%))
  Logic Levels:           2  (FDRE=1 LUT6=1)

    Location             Delay type                Incr(ns)  Path(ns)    Netlist Resource(s)
  -------------------------------------------------------------------    -------------------
    SLICE_X33Y83         FDRE                         0.000     0.000 r  my_I2C_Core/dataByte_now_reg[2]/C
    SLICE_X33Y83         FDRE (Prop_fdre_C_Q)         0.128     0.128 r  my_I2C_Core/dataByte_now_reg[2]/Q
                         net (fo=5, routed)           0.096     0.224    my_I2C_Core/dataByte_now[2]
    SLICE_X33Y83         LUT6 (Prop_lut6_I4_O)        0.099     0.323 r  my_I2C_Core/dataByte_now[3]_i_1/O
                         net (fo=1, routed)           0.000     0.323    my_I2C_Core/dataByte_next[3]
    SLICE_X33Y83         FDRE                                         r  my_I2C_Core/dataByte_now_reg[3]/D
  -------------------------------------------------------------------    -------------------

Slack:                    inf
  Source:                 my_I2C_Core/dataByte_now_reg[1]/C
                            (rising edge-triggered cell FDRE)
  Destination:            my_I2C_Core/dataByte_now_reg[4]/D
  Path Group:             (none)
  Path Type:              Min at Fast Process Corner
  Data Path Delay:        0.328ns  (logic 0.186ns (56.658%)  route 0.142ns (43.342%))
  Logic Levels:           2  (FDRE=1 LUT6=1)

    Location             Delay type                Incr(ns)  Path(ns)    Netlist Resource(s)
  -------------------------------------------------------------------    -------------------
    SLICE_X33Y83         FDRE                         0.000     0.000 r  my_I2C_Core/dataByte_now_reg[1]/C
    SLICE_X33Y83         FDRE (Prop_fdre_C_Q)         0.141     0.141 r  my_I2C_Core/dataByte_now_reg[1]/Q
                         net (fo=6, routed)           0.142     0.283    my_I2C_Core/dataByte_now[1]
    SLICE_X32Y83         LUT6 (Prop_lut6_I3_O)        0.045     0.328 r  my_I2C_Core/dataByte_now[4]_i_2/O
                         net (fo=1, routed)           0.000     0.328    my_I2C_Core/dataByte_next[4]
    SLICE_X32Y83         FDRE                                         r  my_I2C_Core/dataByte_now_reg[4]/D
  -------------------------------------------------------------------    -------------------

Slack:                    inf
  Source:                 my_I2C_Core/FSM_sequential_stateNow_reg[2]/C
                            (rising edge-triggered cell FDRE)
  Destination:            my_I2C_Core/FSM_sequential_stateNow_reg[3]/D
  Path Group:             (none)
  Path Type:              Min at Fast Process Corner
  Data Path Delay:        0.361ns  (logic 0.189ns (52.411%)  route 0.172ns (47.589%))
  Logic Levels:           2  (FDRE=1 LUT5=1)

    Location             Delay type                Incr(ns)  Path(ns)    Netlist Resource(s)
  -------------------------------------------------------------------    -------------------
    SLICE_X29Y81         FDRE                         0.000     0.000 r  my_I2C_Core/FSM_sequential_stateNow_reg[2]/C
    SLICE_X29Y81         FDRE (Prop_fdre_C_Q)         0.141     0.141 r  my_I2C_Core/FSM_sequential_stateNow_reg[2]/Q
                         net (fo=24, routed)          0.172     0.313    my_I2C_Core/stateNow[2]
    SLICE_X29Y80         LUT5 (Prop_lut5_I1_O)        0.048     0.361 r  my_I2C_Core/FSM_sequential_stateNow[3]_i_3/O
                         net (fo=1, routed)           0.000     0.361    my_I2C_Core/FSM_sequential_stateNow[3]_i_3_n_0
    SLICE_X29Y80         FDRE                                         r  my_I2C_Core/FSM_sequential_stateNow_reg[3]/D
  -------------------------------------------------------------------    -------------------

Slack:                    inf
  Source:                 my_I2C_Core/FSM_sequential_stateNow_reg[4]_inv/C
                            (rising edge-triggered cell FDSE)
  Destination:            my_I2C_Core/FSM_sequential_stateNow_reg[4]_inv/D
  Path Group:             (none)
  Path Type:              Min at Fast Process Corner
  Data Path Delay:        0.362ns  (logic 0.186ns (51.336%)  route 0.176ns (48.664%))
  Logic Levels:           2  (FDSE=1 LUT5=1)

    Location             Delay type                Incr(ns)  Path(ns)    Netlist Resource(s)
  -------------------------------------------------------------------    -------------------
    SLICE_X33Y81         FDSE                         0.000     0.000 r  my_I2C_Core/FSM_sequential_stateNow_reg[4]_inv/C
    SLICE_X33Y81         FDSE (Prop_fdse_C_Q)         0.141     0.141 f  my_I2C_Core/FSM_sequential_stateNow_reg[4]_inv/Q
                         net (fo=21, routed)          0.121     0.262    my_I2C_Core/stateNow[4]
    SLICE_X32Y81         LUT5 (Prop_lut5_I0_O)        0.045     0.307 r  my_I2C_Core/FSM_sequential_stateNow[4]_inv_i_1/O
                         net (fo=1, routed)           0.055     0.362    my_I2C_Core/stateNext__0[4]
    SLICE_X33Y81         FDSE                                         r  my_I2C_Core/FSM_sequential_stateNow_reg[4]_inv/D
  -------------------------------------------------------------------    -------------------

Slack:                    inf
  Source:                 my_I2C_Core/dataByte_now_reg[0]/C
                            (rising edge-triggered cell FDRE)
  Destination:            my_I2C_Core/dataByte_now_reg[0]/D
  Path Group:             (none)
  Path Type:              Min at Fast Process Corner
  Data Path Delay:        0.371ns  (logic 0.186ns (50.171%)  route 0.185ns (49.829%))
  Logic Levels:           2  (FDRE=1 LUT3=1)

    Location             Delay type                Incr(ns)  Path(ns)    Netlist Resource(s)
  -------------------------------------------------------------------    -------------------
    SLICE_X32Y83         FDRE                         0.000     0.000 r  my_I2C_Core/dataByte_now_reg[0]/C
    SLICE_X32Y83         FDRE (Prop_fdre_C_Q)         0.141     0.141 f  my_I2C_Core/dataByte_now_reg[0]/Q
                         net (fo=7, routed)           0.185     0.326    my_I2C_Core/dataByte_now[0]
    SLICE_X32Y83         LUT3 (Prop_lut3_I2_O)        0.045     0.371 r  my_I2C_Core/dataByte_now[0]_i_1/O
                         net (fo=1, routed)           0.000     0.371    my_I2C_Core/dataByte_next[0]
    SLICE_X32Y83         FDRE                                         r  my_I2C_Core/dataByte_now_reg[0]/D
  -------------------------------------------------------------------    -------------------

Slack:                    inf
  Source:                 my_I2C_Core/read_write_reg_reg/C
                            (rising edge-triggered cell FDRE)
  Destination:            my_I2C_Core/read_write_reg_reg/D
  Path Group:             (none)
  Path Type:              Min at Fast Process Corner
  Data Path Delay:        0.371ns  (logic 0.186ns (50.171%)  route 0.185ns (49.829%))
  Logic Levels:           2  (FDRE=1 LUT6=1)

    Location             Delay type                Incr(ns)  Path(ns)    Netlist Resource(s)
  -------------------------------------------------------------------    -------------------
    SLICE_X32Y80         FDRE                         0.000     0.000 r  my_I2C_Core/read_write_reg_reg/C
    SLICE_X32Y80         FDRE (Prop_fdre_C_Q)         0.141     0.141 r  my_I2C_Core/read_write_reg_reg/Q
                         net (fo=13, routed)          0.185     0.326    my_I2C_Core/read_write_reg
    SLICE_X32Y80         LUT6 (Prop_lut6_I0_O)        0.045     0.371 r  my_I2C_Core/read_write_reg_i_1/O
                         net (fo=1, routed)           0.000     0.371    my_I2C_Core/read_write_reg_i_1_n_0
    SLICE_X32Y80         FDRE                                         r  my_I2C_Core/read_write_reg_reg/D
  -------------------------------------------------------------------    -------------------

Slack:                    inf
  Source:                 my_I2C_Core/FSM_sequential_stateNow_reg[4]_inv/C
                            (rising edge-triggered cell FDSE)
  Destination:            my_I2C_Core/i2c_sclk_reg_now_reg/CE
  Path Group:             (none)
  Path Type:              Min at Fast Process Corner
  Data Path Delay:        0.372ns  (logic 0.141ns (37.887%)  route 0.231ns (62.113%))
  Logic Levels:           1  (FDSE=1)

    Location             Delay type                Incr(ns)  Path(ns)    Netlist Resource(s)
  -------------------------------------------------------------------    -------------------
    SLICE_X33Y81         FDSE                         0.000     0.000 r  my_I2C_Core/FSM_sequential_stateNow_reg[4]_inv/C
    SLICE_X33Y81         FDSE (Prop_fdse_C_Q)         0.141     0.141 r  my_I2C_Core/FSM_sequential_stateNow_reg[4]_inv/Q
                         net (fo=21, routed)          0.231     0.372    my_I2C_Core/stateNow[4]
    SLICE_X28Y81         FDSE                                         r  my_I2C_Core/i2c_sclk_reg_now_reg/CE
  -------------------------------------------------------------------    -------------------

Slack:                    inf
  Source:                 my_I2C_Core/FSM_sequential_stateNow_reg[0]/C
                            (rising edge-triggered cell FDRE)
  Destination:            my_I2C_Core/FSM_sequential_stateNow_reg[0]/D
  Path Group:             (none)
  Path Type:              Min at Fast Process Corner
  Data Path Delay:        0.377ns  (logic 0.186ns (49.401%)  route 0.191ns (50.599%))
  Logic Levels:           2  (FDRE=1 LUT6=1)

    Location             Delay type                Incr(ns)  Path(ns)    Netlist Resource(s)
  -------------------------------------------------------------------    -------------------
    SLICE_X33Y80         FDRE                         0.000     0.000 r  my_I2C_Core/FSM_sequential_stateNow_reg[0]/C
    SLICE_X33Y80         FDRE (Prop_fdre_C_Q)         0.141     0.141 f  my_I2C_Core/FSM_sequential_stateNow_reg[0]/Q
                         net (fo=22, routed)          0.191     0.332    my_I2C_Core/stateNow[0]
    SLICE_X33Y80         LUT6 (Prop_lut6_I0_O)        0.045     0.377 r  my_I2C_Core/FSM_sequential_stateNow[0]_i_1/O
                         net (fo=1, routed)           0.000     0.377    my_I2C_Core/stateNext__0[0]
    SLICE_X33Y80         FDRE                                         r  my_I2C_Core/FSM_sequential_stateNow_reg[0]/D
  -------------------------------------------------------------------    -------------------

Slack:                    inf
  Source:                 my_I2C_Core/dataBit_now_reg[1]/C
                            (rising edge-triggered cell FDRE)
  Destination:            my_I2C_Core/dataBit_now_reg[2]/D
  Path Group:             (none)
  Path Type:              Min at Fast Process Corner
  Data Path Delay:        0.382ns  (logic 0.207ns (54.155%)  route 0.175ns (45.845%))
  Logic Levels:           2  (FDRE=1 LUT4=1)

    Location             Delay type                Incr(ns)  Path(ns)    Netlist Resource(s)
  -------------------------------------------------------------------    -------------------
    SLICE_X30Y81         FDRE                         0.000     0.000 r  my_I2C_Core/dataBit_now_reg[1]/C
    SLICE_X30Y81         FDRE (Prop_fdre_C_Q)         0.164     0.164 r  my_I2C_Core/dataBit_now_reg[1]/Q
                         net (fo=8, routed)           0.175     0.339    my_I2C_Core/dataBit_now[1]
    SLICE_X30Y81         LUT4 (Prop_lut4_I2_O)        0.043     0.382 r  my_I2C_Core/dataBit_now[2]_i_1/O
                         net (fo=1, routed)           0.000     0.382    my_I2C_Core/dataBit_next[2]
    SLICE_X30Y81         FDRE                                         r  my_I2C_Core/dataBit_now_reg[2]/D
  -------------------------------------------------------------------    -------------------





--------------------------------------------------------------------------------------
Path Group:  (none)
From Clock:  clkfbout_sys_pll
  To Clock:  

Max Delay             1 Endpoint
Min Delay             1 Endpoint
--------------------------------------------------------------------------------------


Max Delay Paths
--------------------------------------------------------------------------------------
Slack:                    inf
  Source:                 clock_40mhz/inst/mmcm_adv_inst/CLKFBOUT
                            (clock source 'clkfbout_sys_pll'  {rise@0.000ns fall@5.000ns period=10.000ns})
  Destination:            clock_40mhz/inst/mmcm_adv_inst/CLKFBIN
  Path Group:             (none)
  Path Type:              Max at Fast Process Corner
  Data Path Delay:        1.375ns  (logic 0.029ns (2.109%)  route 1.346ns (97.891%))
  Logic Levels:           1  (BUFG=1)
  Clock Uncertainty:      0.148ns  ((TSJ^2 + DJ^2)^1/2) / 2 + PE
    Total System Jitter     (TSJ):    0.050ns
    Discrete Jitter          (DJ):    0.086ns
    Phase Error              (PE):    0.099ns

    Location             Delay type                Incr(ns)  Path(ns)    Netlist Resource(s)
  -------------------------------------------------------------------    -------------------
                         (clock clkfbout_sys_pll fall edge)
                                                      5.000     5.000 f  
    W5                                                0.000     5.000 f  sys_clk (IN)
                         net (fo=0)                   0.000     5.000    clock_40mhz/inst/clk_in1
    W5                   IBUF (Prop_ibuf_I_O)         0.414     5.414 f  clock_40mhz/inst/clkin1_ibufg/O
                         net (fo=1, routed)           0.480     5.894    clock_40mhz/inst/clk_in1_sys_pll
  -------------------------------------------------------------------    -------------------
    MMCME2_ADV_X1Y0      MMCME2_ADV (Prop_mmcme2_adv_CLKIN1_CLKFBOUT)
                                                     -3.142     2.752 f  clock_40mhz/inst/mmcm_adv_inst/CLKFBOUT
                         net (fo=1, routed)           0.530     3.282    clock_40mhz/inst/clkfbout_sys_pll
    BUFGCTRL_X0Y2        BUFG (Prop_bufg_I_O)         0.029     3.311 f  clock_40mhz/inst/clkf_buf/O
                         net (fo=1, routed)           0.817     4.127    clock_40mhz/inst/clkfbout_buf_sys_pll
    MMCME2_ADV_X1Y0      MMCME2_ADV                                   f  clock_40mhz/inst/mmcm_adv_inst/CLKFBIN
  -------------------------------------------------------------------    -------------------





Min Delay Paths
--------------------------------------------------------------------------------------
Slack:                    inf
  Source:                 clock_40mhz/inst/mmcm_adv_inst/CLKFBOUT
                            (clock source 'clkfbout_sys_pll'  {rise@0.000ns fall@5.000ns period=10.000ns})
  Destination:            clock_40mhz/inst/mmcm_adv_inst/CLKFBIN
  Path Group:             (none)
  Path Type:              Min at Slow Process Corner
  Data Path Delay:        3.129ns  (logic 0.091ns (2.908%)  route 3.038ns (97.092%))
  Logic Levels:           1  (BUFG=1)
  Clock Uncertainty:      0.148ns  ((TSJ^2 + DJ^2)^1/2) / 2 + PE
    Total System Jitter     (TSJ):    0.050ns
    Discrete Jitter          (DJ):    0.086ns
    Phase Error              (PE):    0.099ns

    Location             Delay type                Incr(ns)  Path(ns)    Netlist Resource(s)
  -------------------------------------------------------------------    -------------------
                         (clock clkfbout_sys_pll rise edge)
                                                      0.000     0.000 r  
    W5                                                0.000     0.000 r  sys_clk (IN)
                         net (fo=0)                   0.000     0.000    clock_40mhz/inst/clk_in1
    W5                   IBUF (Prop_ibuf_I_O)         1.388     1.388 r  clock_40mhz/inst/clkin1_ibufg/O
                         net (fo=1, routed)           1.162     2.550    clock_40mhz/inst/clk_in1_sys_pll
  -------------------------------------------------------------------    -------------------
    MMCME2_ADV_X1Y0      MMCME2_ADV (Prop_mmcme2_adv_CLKIN1_CLKFBOUT)
                                                     -7.217    -4.668 r  clock_40mhz/inst/mmcm_adv_inst/CLKFBOUT
                         net (fo=1, routed)           1.581    -3.086    clock_40mhz/inst/clkfbout_sys_pll
    BUFGCTRL_X0Y2        BUFG (Prop_bufg_I_O)         0.091    -2.995 r  clock_40mhz/inst/clkf_buf/O
                         net (fo=1, routed)           1.457    -1.538    clock_40mhz/inst/clkfbout_buf_sys_pll
    MMCME2_ADV_X1Y0      MMCME2_ADV                                   r  clock_40mhz/inst/mmcm_adv_inst/CLKFBIN
  -------------------------------------------------------------------    -------------------





--------------------------------------------------------------------------------------
Path Group:  (none)
From Clock:  clkfbout_sys_pll_1
  To Clock:  

Max Delay             1 Endpoint
Min Delay             1 Endpoint
--------------------------------------------------------------------------------------


Max Delay Paths
--------------------------------------------------------------------------------------
Slack:                    inf
  Source:                 clock_40mhz/inst/mmcm_adv_inst/CLKFBOUT
                            (clock source 'clkfbout_sys_pll_1'  {rise@0.000ns fall@5.000ns period=10.000ns})
  Destination:            clock_40mhz/inst/mmcm_adv_inst/CLKFBIN
  Path Group:             (none)
  Path Type:              Max at Fast Process Corner
  Data Path Delay:        1.375ns  (logic 0.029ns (2.109%)  route 1.346ns (97.891%))
  Logic Levels:           1  (BUFG=1)
  Clock Uncertainty:      0.147ns  ((TSJ^2 + DJ^2)^1/2) / 2 + PE
    Total System Jitter     (TSJ):    0.050ns
    Discrete Jitter          (DJ):    0.083ns
    Phase Error              (PE):    0.099ns

    Location             Delay type                Incr(ns)  Path(ns)    Netlist Resource(s)
  -------------------------------------------------------------------    -------------------
                         (clock clkfbout_sys_pll_1 fall edge)
                                                      5.000     5.000 f  
    W5                                                0.000     5.000 f  sys_clk (IN)
                         net (fo=0)                   0.000     5.000    clock_40mhz/inst/clk_in1
    W5                   IBUF (Prop_ibuf_I_O)         0.414     5.414 f  clock_40mhz/inst/clkin1_ibufg/O
                         net (fo=1, routed)           0.480     5.894    clock_40mhz/inst/clk_in1_sys_pll
  -------------------------------------------------------------------    -------------------
    MMCME2_ADV_X1Y0      MMCME2_ADV (Prop_mmcme2_adv_CLKIN1_CLKFBOUT)
                                                     -3.142     2.752 f  clock_40mhz/inst/mmcm_adv_inst/CLKFBOUT
                         net (fo=1, routed)           0.530     3.282    clock_40mhz/inst/clkfbout_sys_pll
    BUFGCTRL_X0Y2        BUFG (Prop_bufg_I_O)         0.029     3.311 f  clock_40mhz/inst/clkf_buf/O
                         net (fo=1, routed)           0.817     4.127    clock_40mhz/inst/clkfbout_buf_sys_pll
    MMCME2_ADV_X1Y0      MMCME2_ADV                                   f  clock_40mhz/inst/mmcm_adv_inst/CLKFBIN
  -------------------------------------------------------------------    -------------------





Min Delay Paths
--------------------------------------------------------------------------------------
Slack:                    inf
  Source:                 clock_40mhz/inst/mmcm_adv_inst/CLKFBOUT
                            (clock source 'clkfbout_sys_pll_1'  {rise@0.000ns fall@5.000ns period=10.000ns})
  Destination:            clock_40mhz/inst/mmcm_adv_inst/CLKFBIN
  Path Group:             (none)
  Path Type:              Min at Slow Process Corner
  Data Path Delay:        3.129ns  (logic 0.091ns (2.908%)  route 3.038ns (97.092%))
  Logic Levels:           1  (BUFG=1)
  Clock Uncertainty:      0.147ns  ((TSJ^2 + DJ^2)^1/2) / 2 + PE
    Total System Jitter     (TSJ):    0.050ns
    Discrete Jitter          (DJ):    0.083ns
    Phase Error              (PE):    0.099ns

    Location             Delay type                Incr(ns)  Path(ns)    Netlist Resource(s)
  -------------------------------------------------------------------    -------------------
                         (clock clkfbout_sys_pll_1 rise edge)
                                                      0.000     0.000 r  
    W5                                                0.000     0.000 r  sys_clk (IN)
                         net (fo=0)                   0.000     0.000    clock_40mhz/inst/clk_in1
    W5                   IBUF (Prop_ibuf_I_O)         1.388     1.388 r  clock_40mhz/inst/clkin1_ibufg/O
                         net (fo=1, routed)           1.162     2.550    clock_40mhz/inst/clk_in1_sys_pll
  -------------------------------------------------------------------    -------------------
    MMCME2_ADV_X1Y0      MMCME2_ADV (Prop_mmcme2_adv_CLKIN1_CLKFBOUT)
                                                     -7.217    -4.668 r  clock_40mhz/inst/mmcm_adv_inst/CLKFBOUT
                         net (fo=1, routed)           1.581    -3.086    clock_40mhz/inst/clkfbout_sys_pll
    BUFGCTRL_X0Y2        BUFG (Prop_bufg_I_O)         0.091    -2.995 r  clock_40mhz/inst/clkf_buf/O
                         net (fo=1, routed)           1.457    -1.538    clock_40mhz/inst/clkfbout_buf_sys_pll
    MMCME2_ADV_X1Y0      MMCME2_ADV                                   r  clock_40mhz/inst/mmcm_adv_inst/CLKFBIN
  -------------------------------------------------------------------    -------------------





--------------------------------------------------------------------------------------
Path Group:  (none)
From Clock:  
  To Clock:  clk_out1_sys_pll

Max Delay             6 Endpoints
Min Delay             6 Endpoints
--------------------------------------------------------------------------------------


Max Delay Paths
--------------------------------------------------------------------------------------
Slack:                    inf
  Source:                 reset_n
                            (input port)
  Destination:            i2c_baud_rate_generator/counterTick_reg[0]/R
                            (rising edge-triggered cell FDRE clocked by clk_out1_sys_pll  {rise@0.000ns fall@12.500ns period=25.000ns})
  Path Group:             (none)
  Path Type:              Setup (Max at Slow Process Corner)
  Data Path Delay:        5.279ns  (logic 1.585ns (30.032%)  route 3.693ns (69.968%))
  Logic Levels:           2  (IBUF=1 LUT6=1)
  Clock Path Skew:        -1.550ns (DCD - SCD + CPR)
    Destination Clock Delay (DCD):    -1.550ns
    Source Clock Delay      (SCD):    0.000ns
    Clock Pessimism Removal (CPR):    0.000ns
  Clock Uncertainty:      0.182ns  ((TSJ^2 + DJ^2)^1/2) / 2 + PE
    Total System Jitter     (TSJ):    0.050ns
    Discrete Jitter          (DJ):    0.159ns
    Phase Error              (PE):    0.099ns

    Location             Delay type                Incr(ns)  Path(ns)    Netlist Resource(s)
  -------------------------------------------------------------------    -------------------
    V16                                               0.000     0.000 f  reset_n (IN)
                         net (fo=0)                   0.000     0.000    reset_n
    V16                  IBUF (Prop_ibuf_I_O)         1.461     1.461 f  reset_n_IBUF_inst/O
                         net (fo=8, routed)           3.078     4.540    i2c_baud_rate_generator/reset_n_IBUF
    SLICE_X37Y46         LUT6 (Prop_lut6_I5_O)        0.124     4.664 r  i2c_baud_rate_generator/counterTick[0]_i_1/O
                         net (fo=5, routed)           0.615     5.279    i2c_baud_rate_generator/counterTick[0]_i_1_n_0
    SLICE_X36Y46         FDRE                                         r  i2c_baud_rate_generator/counterTick_reg[0]/R
  -------------------------------------------------------------------    -------------------

                         (clock clk_out1_sys_pll rise edge)
                                                      0.000     0.000 r  
    W5                                                0.000     0.000 r  sys_clk (IN)
                         net (fo=0)                   0.000     0.000    clock_40mhz/inst/clk_in1
    W5                   IBUF (Prop_ibuf_I_O)         1.388     1.388 r  clock_40mhz/inst/clkin1_ibufg/O
                         net (fo=1, routed)           1.162     2.550    clock_40mhz/inst/clk_in1_sys_pll
    MMCME2_ADV_X1Y0      MMCME2_ADV (Prop_mmcme2_adv_CLKIN1_CLKOUT0)
                                                     -7.217    -4.668 r  clock_40mhz/inst/mmcm_adv_inst/CLKOUT0
                         net (fo=1, routed)           1.581    -3.086    clock_40mhz/inst/clk_out1_sys_pll
    BUFGCTRL_X0Y1        BUFG (Prop_bufg_I_O)         0.091    -2.995 r  clock_40mhz/inst/clkout1_buf/O
                         net (fo=6, routed)           1.445    -1.550    i2c_baud_rate_generator/clk_out1
    SLICE_X36Y46         FDRE                                         r  i2c_baud_rate_generator/counterTick_reg[0]/C

Slack:                    inf
  Source:                 reset_n
                            (input port)
  Destination:            i2c_baud_rate_generator/counterTick_reg[1]/R
                            (rising edge-triggered cell FDRE clocked by clk_out1_sys_pll  {rise@0.000ns fall@12.500ns period=25.000ns})
  Path Group:             (none)
  Path Type:              Setup (Max at Slow Process Corner)
  Data Path Delay:        5.279ns  (logic 1.585ns (30.032%)  route 3.693ns (69.968%))
  Logic Levels:           2  (IBUF=1 LUT6=1)
  Clock Path Skew:        -1.550ns (DCD - SCD + CPR)
    Destination Clock Delay (DCD):    -1.550ns
    Source Clock Delay      (SCD):    0.000ns
    Clock Pessimism Removal (CPR):    0.000ns
  Clock Uncertainty:      0.182ns  ((TSJ^2 + DJ^2)^1/2) / 2 + PE
    Total System Jitter     (TSJ):    0.050ns
    Discrete Jitter          (DJ):    0.159ns
    Phase Error              (PE):    0.099ns

    Location             Delay type                Incr(ns)  Path(ns)    Netlist Resource(s)
  -------------------------------------------------------------------    -------------------
    V16                                               0.000     0.000 f  reset_n (IN)
                         net (fo=0)                   0.000     0.000    reset_n
    V16                  IBUF (Prop_ibuf_I_O)         1.461     1.461 f  reset_n_IBUF_inst/O
                         net (fo=8, routed)           3.078     4.540    i2c_baud_rate_generator/reset_n_IBUF
    SLICE_X37Y46         LUT6 (Prop_lut6_I5_O)        0.124     4.664 r  i2c_baud_rate_generator/counterTick[0]_i_1/O
                         net (fo=5, routed)           0.615     5.279    i2c_baud_rate_generator/counterTick[0]_i_1_n_0
    SLICE_X36Y46         FDRE                                         r  i2c_baud_rate_generator/counterTick_reg[1]/R
  -------------------------------------------------------------------    -------------------

                         (clock clk_out1_sys_pll rise edge)
                                                      0.000     0.000 r  
    W5                                                0.000     0.000 r  sys_clk (IN)
                         net (fo=0)                   0.000     0.000    clock_40mhz/inst/clk_in1
    W5                   IBUF (Prop_ibuf_I_O)         1.388     1.388 r  clock_40mhz/inst/clkin1_ibufg/O
                         net (fo=1, routed)           1.162     2.550    clock_40mhz/inst/clk_in1_sys_pll
    MMCME2_ADV_X1Y0      MMCME2_ADV (Prop_mmcme2_adv_CLKIN1_CLKOUT0)
                                                     -7.217    -4.668 r  clock_40mhz/inst/mmcm_adv_inst/CLKOUT0
                         net (fo=1, routed)           1.581    -3.086    clock_40mhz/inst/clk_out1_sys_pll
    BUFGCTRL_X0Y1        BUFG (Prop_bufg_I_O)         0.091    -2.995 r  clock_40mhz/inst/clkout1_buf/O
                         net (fo=6, routed)           1.445    -1.550    i2c_baud_rate_generator/clk_out1
    SLICE_X36Y46         FDRE                                         r  i2c_baud_rate_generator/counterTick_reg[1]/C

Slack:                    inf
  Source:                 reset_n
                            (input port)
  Destination:            i2c_baud_rate_generator/counterTick_reg[2]/R
                            (rising edge-triggered cell FDRE clocked by clk_out1_sys_pll  {rise@0.000ns fall@12.500ns period=25.000ns})
  Path Group:             (none)
  Path Type:              Setup (Max at Slow Process Corner)
  Data Path Delay:        5.279ns  (logic 1.585ns (30.032%)  route 3.693ns (69.968%))
  Logic Levels:           2  (IBUF=1 LUT6=1)
  Clock Path Skew:        -1.550ns (DCD - SCD + CPR)
    Destination Clock Delay (DCD):    -1.550ns
    Source Clock Delay      (SCD):    0.000ns
    Clock Pessimism Removal (CPR):    0.000ns
  Clock Uncertainty:      0.182ns  ((TSJ^2 + DJ^2)^1/2) / 2 + PE
    Total System Jitter     (TSJ):    0.050ns
    Discrete Jitter          (DJ):    0.159ns
    Phase Error              (PE):    0.099ns

    Location             Delay type                Incr(ns)  Path(ns)    Netlist Resource(s)
  -------------------------------------------------------------------    -------------------
    V16                                               0.000     0.000 f  reset_n (IN)
                         net (fo=0)                   0.000     0.000    reset_n
    V16                  IBUF (Prop_ibuf_I_O)         1.461     1.461 f  reset_n_IBUF_inst/O
                         net (fo=8, routed)           3.078     4.540    i2c_baud_rate_generator/reset_n_IBUF
    SLICE_X37Y46         LUT6 (Prop_lut6_I5_O)        0.124     4.664 r  i2c_baud_rate_generator/counterTick[0]_i_1/O
                         net (fo=5, routed)           0.615     5.279    i2c_baud_rate_generator/counterTick[0]_i_1_n_0
    SLICE_X36Y46         FDRE                                         r  i2c_baud_rate_generator/counterTick_reg[2]/R
  -------------------------------------------------------------------    -------------------

                         (clock clk_out1_sys_pll rise edge)
                                                      0.000     0.000 r  
    W5                                                0.000     0.000 r  sys_clk (IN)
                         net (fo=0)                   0.000     0.000    clock_40mhz/inst/clk_in1
    W5                   IBUF (Prop_ibuf_I_O)         1.388     1.388 r  clock_40mhz/inst/clkin1_ibufg/O
                         net (fo=1, routed)           1.162     2.550    clock_40mhz/inst/clk_in1_sys_pll
    MMCME2_ADV_X1Y0      MMCME2_ADV (Prop_mmcme2_adv_CLKIN1_CLKOUT0)
                                                     -7.217    -4.668 r  clock_40mhz/inst/mmcm_adv_inst/CLKOUT0
                         net (fo=1, routed)           1.581    -3.086    clock_40mhz/inst/clk_out1_sys_pll
    BUFGCTRL_X0Y1        BUFG (Prop_bufg_I_O)         0.091    -2.995 r  clock_40mhz/inst/clkout1_buf/O
                         net (fo=6, routed)           1.445    -1.550    i2c_baud_rate_generator/clk_out1
    SLICE_X36Y46         FDRE                                         r  i2c_baud_rate_generator/counterTick_reg[2]/C

Slack:                    inf
  Source:                 reset_n
                            (input port)
  Destination:            i2c_baud_rate_generator/counterTick_reg[3]/R
                            (rising edge-triggered cell FDRE clocked by clk_out1_sys_pll  {rise@0.000ns fall@12.500ns period=25.000ns})
  Path Group:             (none)
  Path Type:              Setup (Max at Slow Process Corner)
  Data Path Delay:        5.279ns  (logic 1.585ns (30.032%)  route 3.693ns (69.968%))
  Logic Levels:           2  (IBUF=1 LUT6=1)
  Clock Path Skew:        -1.550ns (DCD - SCD + CPR)
    Destination Clock Delay (DCD):    -1.550ns
    Source Clock Delay      (SCD):    0.000ns
    Clock Pessimism Removal (CPR):    0.000ns
  Clock Uncertainty:      0.182ns  ((TSJ^2 + DJ^2)^1/2) / 2 + PE
    Total System Jitter     (TSJ):    0.050ns
    Discrete Jitter          (DJ):    0.159ns
    Phase Error              (PE):    0.099ns

    Location             Delay type                Incr(ns)  Path(ns)    Netlist Resource(s)
  -------------------------------------------------------------------    -------------------
    V16                                               0.000     0.000 f  reset_n (IN)
                         net (fo=0)                   0.000     0.000    reset_n
    V16                  IBUF (Prop_ibuf_I_O)         1.461     1.461 f  reset_n_IBUF_inst/O
                         net (fo=8, routed)           3.078     4.540    i2c_baud_rate_generator/reset_n_IBUF
    SLICE_X37Y46         LUT6 (Prop_lut6_I5_O)        0.124     4.664 r  i2c_baud_rate_generator/counterTick[0]_i_1/O
                         net (fo=5, routed)           0.615     5.279    i2c_baud_rate_generator/counterTick[0]_i_1_n_0
    SLICE_X36Y46         FDRE                                         r  i2c_baud_rate_generator/counterTick_reg[3]/R
  -------------------------------------------------------------------    -------------------

                         (clock clk_out1_sys_pll rise edge)
                                                      0.000     0.000 r  
    W5                                                0.000     0.000 r  sys_clk (IN)
                         net (fo=0)                   0.000     0.000    clock_40mhz/inst/clk_in1
    W5                   IBUF (Prop_ibuf_I_O)         1.388     1.388 r  clock_40mhz/inst/clkin1_ibufg/O
                         net (fo=1, routed)           1.162     2.550    clock_40mhz/inst/clk_in1_sys_pll
    MMCME2_ADV_X1Y0      MMCME2_ADV (Prop_mmcme2_adv_CLKIN1_CLKOUT0)
                                                     -7.217    -4.668 r  clock_40mhz/inst/mmcm_adv_inst/CLKOUT0
                         net (fo=1, routed)           1.581    -3.086    clock_40mhz/inst/clk_out1_sys_pll
    BUFGCTRL_X0Y1        BUFG (Prop_bufg_I_O)         0.091    -2.995 r  clock_40mhz/inst/clkout1_buf/O
                         net (fo=6, routed)           1.445    -1.550    i2c_baud_rate_generator/clk_out1
    SLICE_X36Y46         FDRE                                         r  i2c_baud_rate_generator/counterTick_reg[3]/C

Slack:                    inf
  Source:                 reset_n
                            (input port)
  Destination:            i2c_baud_rate_generator/counterTick_reg[4]/R
                            (rising edge-triggered cell FDRE clocked by clk_out1_sys_pll  {rise@0.000ns fall@12.500ns period=25.000ns})
  Path Group:             (none)
  Path Type:              Setup (Max at Slow Process Corner)
  Data Path Delay:        5.144ns  (logic 1.585ns (30.822%)  route 3.558ns (69.178%))
  Logic Levels:           2  (IBUF=1 LUT6=1)
  Clock Path Skew:        -1.549ns (DCD - SCD + CPR)
    Destination Clock Delay (DCD):    -1.549ns
    Source Clock Delay      (SCD):    0.000ns
    Clock Pessimism Removal (CPR):    0.000ns
  Clock Uncertainty:      0.182ns  ((TSJ^2 + DJ^2)^1/2) / 2 + PE
    Total System Jitter     (TSJ):    0.050ns
    Discrete Jitter          (DJ):    0.159ns
    Phase Error              (PE):    0.099ns

    Location             Delay type                Incr(ns)  Path(ns)    Netlist Resource(s)
  -------------------------------------------------------------------    -------------------
    V16                                               0.000     0.000 f  reset_n (IN)
                         net (fo=0)                   0.000     0.000    reset_n
    V16                  IBUF (Prop_ibuf_I_O)         1.461     1.461 f  reset_n_IBUF_inst/O
                         net (fo=8, routed)           3.078     4.540    i2c_baud_rate_generator/reset_n_IBUF
    SLICE_X37Y46         LUT6 (Prop_lut6_I5_O)        0.124     4.664 r  i2c_baud_rate_generator/counterTick[0]_i_1/O
                         net (fo=5, routed)           0.480     5.144    i2c_baud_rate_generator/counterTick[0]_i_1_n_0
    SLICE_X36Y47         FDRE                                         r  i2c_baud_rate_generator/counterTick_reg[4]/R
  -------------------------------------------------------------------    -------------------

                         (clock clk_out1_sys_pll rise edge)
                                                      0.000     0.000 r  
    W5                                                0.000     0.000 r  sys_clk (IN)
                         net (fo=0)                   0.000     0.000    clock_40mhz/inst/clk_in1
    W5                   IBUF (Prop_ibuf_I_O)         1.388     1.388 r  clock_40mhz/inst/clkin1_ibufg/O
                         net (fo=1, routed)           1.162     2.550    clock_40mhz/inst/clk_in1_sys_pll
    MMCME2_ADV_X1Y0      MMCME2_ADV (Prop_mmcme2_adv_CLKIN1_CLKOUT0)
                                                     -7.217    -4.668 r  clock_40mhz/inst/mmcm_adv_inst/CLKOUT0
                         net (fo=1, routed)           1.581    -3.086    clock_40mhz/inst/clk_out1_sys_pll
    BUFGCTRL_X0Y1        BUFG (Prop_bufg_I_O)         0.091    -2.995 r  clock_40mhz/inst/clkout1_buf/O
                         net (fo=6, routed)           1.446    -1.549    i2c_baud_rate_generator/clk_out1
    SLICE_X36Y47         FDRE                                         r  i2c_baud_rate_generator/counterTick_reg[4]/C

Slack:                    inf
  Source:                 reset_n
                            (input port)
  Destination:            i2c_baud_rate_generator/sys_tick_reg_reg/D
                            (rising edge-triggered cell FDRE clocked by clk_out1_sys_pll  {rise@0.000ns fall@12.500ns period=25.000ns})
  Path Group:             (none)
  Path Type:              Setup (Max at Slow Process Corner)
  Data Path Delay:        5.110ns  (logic 1.709ns (33.451%)  route 3.401ns (66.549%))
  Logic Levels:           3  (IBUF=1 LUT3=1 LUT6=1)
  Clock Path Skew:        -1.550ns (DCD - SCD + CPR)
    Destination Clock Delay (DCD):    -1.550ns
    Source Clock Delay      (SCD):    0.000ns
    Clock Pessimism Removal (CPR):    0.000ns
  Clock Uncertainty:      0.182ns  ((TSJ^2 + DJ^2)^1/2) / 2 + PE
    Total System Jitter     (TSJ):    0.050ns
    Discrete Jitter          (DJ):    0.159ns
    Phase Error              (PE):    0.099ns

    Location             Delay type                Incr(ns)  Path(ns)    Netlist Resource(s)
  -------------------------------------------------------------------    -------------------
    V16                                               0.000     0.000 r  reset_n (IN)
                         net (fo=0)                   0.000     0.000    reset_n
    V16                  IBUF (Prop_ibuf_I_O)         1.461     1.461 r  reset_n_IBUF_inst/O
                         net (fo=8, routed)           3.246     4.708    i2c_baud_rate_generator/reset_n_IBUF
    SLICE_X37Y46         LUT6 (Prop_lut6_I0_O)        0.124     4.832 r  i2c_baud_rate_generator/sys_tick_reg_i_2/O
                         net (fo=1, routed)           0.154     4.986    i2c_baud_rate_generator/sys_tick_reg_i_2_n_0
    SLICE_X37Y46         LUT3 (Prop_lut3_I2_O)        0.124     5.110 r  i2c_baud_rate_generator/sys_tick_reg_i_1/O
                         net (fo=1, routed)           0.000     5.110    i2c_baud_rate_generator/sys_tick_reg_i_1_n_0
    SLICE_X37Y46         FDRE                                         r  i2c_baud_rate_generator/sys_tick_reg_reg/D
  -------------------------------------------------------------------    -------------------

                         (clock clk_out1_sys_pll rise edge)
                                                      0.000     0.000 r  
    W5                                                0.000     0.000 r  sys_clk (IN)
                         net (fo=0)                   0.000     0.000    clock_40mhz/inst/clk_in1
    W5                   IBUF (Prop_ibuf_I_O)         1.388     1.388 r  clock_40mhz/inst/clkin1_ibufg/O
                         net (fo=1, routed)           1.162     2.550    clock_40mhz/inst/clk_in1_sys_pll
    MMCME2_ADV_X1Y0      MMCME2_ADV (Prop_mmcme2_adv_CLKIN1_CLKOUT0)
                                                     -7.217    -4.668 r  clock_40mhz/inst/mmcm_adv_inst/CLKOUT0
                         net (fo=1, routed)           1.581    -3.086    clock_40mhz/inst/clk_out1_sys_pll
    BUFGCTRL_X0Y1        BUFG (Prop_bufg_I_O)         0.091    -2.995 r  clock_40mhz/inst/clkout1_buf/O
                         net (fo=6, routed)           1.445    -1.550    i2c_baud_rate_generator/clk_out1
    SLICE_X37Y46         FDRE                                         r  i2c_baud_rate_generator/sys_tick_reg_reg/C





Min Delay Paths
--------------------------------------------------------------------------------------
Slack:                    inf
  Source:                 reset_n
                            (input port)
  Destination:            i2c_baud_rate_generator/sys_tick_reg_reg/D
                            (rising edge-triggered cell FDRE clocked by clk_out1_sys_pll  {rise@0.000ns fall@12.500ns period=25.000ns})
  Path Group:             (none)
  Path Type:              Hold (Min at Fast Process Corner)
  Data Path Delay:        1.600ns  (logic 0.274ns (17.150%)  route 1.325ns (82.850%))
  Logic Levels:           2  (IBUF=1 LUT3=1)
  Clock Path Skew:        -0.858ns (DCD - SCD - CPR)
    Destination Clock Delay (DCD):    -0.858ns
    Source Clock Delay      (SCD):    0.000ns
    Clock Pessimism Removal (CPR):    -0.000ns

    Location             Delay type                Incr(ns)  Path(ns)    Netlist Resource(s)
  -------------------------------------------------------------------    -------------------
    V16                                               0.000     0.000 f  reset_n (IN)
                         net (fo=0)                   0.000     0.000    reset_n
    V16                  IBUF (Prop_ibuf_I_O)         0.229     0.229 f  reset_n_IBUF_inst/O
                         net (fo=8, routed)           1.325     1.555    i2c_baud_rate_generator/reset_n_IBUF
    SLICE_X37Y46         LUT3 (Prop_lut3_I0_O)        0.045     1.600 r  i2c_baud_rate_generator/sys_tick_reg_i_1/O
                         net (fo=1, routed)           0.000     1.600    i2c_baud_rate_generator/sys_tick_reg_i_1_n_0
    SLICE_X37Y46         FDRE                                         r  i2c_baud_rate_generator/sys_tick_reg_reg/D
  -------------------------------------------------------------------    -------------------

                         (clock clk_out1_sys_pll rise edge)
                                                      0.000     0.000 r  
    W5                                                0.000     0.000 r  sys_clk (IN)
                         net (fo=0)                   0.000     0.000    clock_40mhz/inst/clk_in1
    W5                   IBUF (Prop_ibuf_I_O)         0.414     0.414 r  clock_40mhz/inst/clkin1_ibufg/O
                         net (fo=1, routed)           0.480     0.894    clock_40mhz/inst/clk_in1_sys_pll
    MMCME2_ADV_X1Y0      MMCME2_ADV (Prop_mmcme2_adv_CLKIN1_CLKOUT0)
                                                     -3.142    -2.248 r  clock_40mhz/inst/mmcm_adv_inst/CLKOUT0
                         net (fo=1, routed)           0.530    -1.718    clock_40mhz/inst/clk_out1_sys_pll
    BUFGCTRL_X0Y1        BUFG (Prop_bufg_I_O)         0.029    -1.689 r  clock_40mhz/inst/clkout1_buf/O
                         net (fo=6, routed)           0.832    -0.858    i2c_baud_rate_generator/clk_out1
    SLICE_X37Y46         FDRE                                         r  i2c_baud_rate_generator/sys_tick_reg_reg/C

Slack:                    inf
  Source:                 reset_n
                            (input port)
  Destination:            i2c_baud_rate_generator/counterTick_reg[4]/R
                            (rising edge-triggered cell FDRE clocked by clk_out1_sys_pll  {rise@0.000ns fall@12.500ns period=25.000ns})
  Path Group:             (none)
  Path Type:              Hold (Min at Fast Process Corner)
  Data Path Delay:        1.828ns  (logic 0.274ns (15.012%)  route 1.553ns (84.988%))
  Logic Levels:           2  (IBUF=1 LUT6=1)
  Clock Path Skew:        -0.857ns (DCD - SCD - CPR)
    Destination Clock Delay (DCD):    -0.857ns
    Source Clock Delay      (SCD):    0.000ns
    Clock Pessimism Removal (CPR):    -0.000ns

    Location             Delay type                Incr(ns)  Path(ns)    Netlist Resource(s)
  -------------------------------------------------------------------    -------------------
    V16                                               0.000     0.000 f  reset_n (IN)
                         net (fo=0)                   0.000     0.000    reset_n
    V16                  IBUF (Prop_ibuf_I_O)         0.229     0.229 f  reset_n_IBUF_inst/O
                         net (fo=8, routed)           1.401     1.631    i2c_baud_rate_generator/reset_n_IBUF
    SLICE_X37Y46         LUT6 (Prop_lut6_I5_O)        0.045     1.676 r  i2c_baud_rate_generator/counterTick[0]_i_1/O
                         net (fo=5, routed)           0.152     1.828    i2c_baud_rate_generator/counterTick[0]_i_1_n_0
    SLICE_X36Y47         FDRE                                         r  i2c_baud_rate_generator/counterTick_reg[4]/R
  -------------------------------------------------------------------    -------------------

                         (clock clk_out1_sys_pll rise edge)
                                                      0.000     0.000 r  
    W5                                                0.000     0.000 r  sys_clk (IN)
                         net (fo=0)                   0.000     0.000    clock_40mhz/inst/clk_in1
    W5                   IBUF (Prop_ibuf_I_O)         0.414     0.414 r  clock_40mhz/inst/clkin1_ibufg/O
                         net (fo=1, routed)           0.480     0.894    clock_40mhz/inst/clk_in1_sys_pll
    MMCME2_ADV_X1Y0      MMCME2_ADV (Prop_mmcme2_adv_CLKIN1_CLKOUT0)
                                                     -3.142    -2.248 r  clock_40mhz/inst/mmcm_adv_inst/CLKOUT0
                         net (fo=1, routed)           0.530    -1.718    clock_40mhz/inst/clk_out1_sys_pll
    BUFGCTRL_X0Y1        BUFG (Prop_bufg_I_O)         0.029    -1.689 r  clock_40mhz/inst/clkout1_buf/O
                         net (fo=6, routed)           0.833    -0.857    i2c_baud_rate_generator/clk_out1
    SLICE_X36Y47         FDRE                                         r  i2c_baud_rate_generator/counterTick_reg[4]/C

Slack:                    inf
  Source:                 reset_n
                            (input port)
  Destination:            i2c_baud_rate_generator/counterTick_reg[0]/R
                            (rising edge-triggered cell FDRE clocked by clk_out1_sys_pll  {rise@0.000ns fall@12.500ns period=25.000ns})
  Path Group:             (none)
  Path Type:              Hold (Min at Fast Process Corner)
  Data Path Delay:        1.888ns  (logic 0.274ns (14.533%)  route 1.613ns (85.467%))
  Logic Levels:           2  (IBUF=1 LUT6=1)
  Clock Path Skew:        -0.858ns (DCD - SCD - CPR)
    Destination Clock Delay (DCD):    -0.858ns
    Source Clock Delay      (SCD):    0.000ns
    Clock Pessimism Removal (CPR):    -0.000ns

    Location             Delay type                Incr(ns)  Path(ns)    Netlist Resource(s)
  -------------------------------------------------------------------    -------------------
    V16                                               0.000     0.000 f  reset_n (IN)
                         net (fo=0)                   0.000     0.000    reset_n
    V16                  IBUF (Prop_ibuf_I_O)         0.229     0.229 f  reset_n_IBUF_inst/O
                         net (fo=8, routed)           1.401     1.631    i2c_baud_rate_generator/reset_n_IBUF
    SLICE_X37Y46         LUT6 (Prop_lut6_I5_O)        0.045     1.676 r  i2c_baud_rate_generator/counterTick[0]_i_1/O
                         net (fo=5, routed)           0.212     1.888    i2c_baud_rate_generator/counterTick[0]_i_1_n_0
    SLICE_X36Y46         FDRE                                         r  i2c_baud_rate_generator/counterTick_reg[0]/R
  -------------------------------------------------------------------    -------------------

                         (clock clk_out1_sys_pll rise edge)
                                                      0.000     0.000 r  
    W5                                                0.000     0.000 r  sys_clk (IN)
                         net (fo=0)                   0.000     0.000    clock_40mhz/inst/clk_in1
    W5                   IBUF (Prop_ibuf_I_O)         0.414     0.414 r  clock_40mhz/inst/clkin1_ibufg/O
                         net (fo=1, routed)           0.480     0.894    clock_40mhz/inst/clk_in1_sys_pll
    MMCME2_ADV_X1Y0      MMCME2_ADV (Prop_mmcme2_adv_CLKIN1_CLKOUT0)
                                                     -3.142    -2.248 r  clock_40mhz/inst/mmcm_adv_inst/CLKOUT0
                         net (fo=1, routed)           0.530    -1.718    clock_40mhz/inst/clk_out1_sys_pll
    BUFGCTRL_X0Y1        BUFG (Prop_bufg_I_O)         0.029    -1.689 r  clock_40mhz/inst/clkout1_buf/O
                         net (fo=6, routed)           0.832    -0.858    i2c_baud_rate_generator/clk_out1
    SLICE_X36Y46         FDRE                                         r  i2c_baud_rate_generator/counterTick_reg[0]/C

Slack:                    inf
  Source:                 reset_n
                            (input port)
  Destination:            i2c_baud_rate_generator/counterTick_reg[1]/R
                            (rising edge-triggered cell FDRE clocked by clk_out1_sys_pll  {rise@0.000ns fall@12.500ns period=25.000ns})
  Path Group:             (none)
  Path Type:              Hold (Min at Fast Process Corner)
  Data Path Delay:        1.888ns  (logic 0.274ns (14.533%)  route 1.613ns (85.467%))
  Logic Levels:           2  (IBUF=1 LUT6=1)
  Clock Path Skew:        -0.858ns (DCD - SCD - CPR)
    Destination Clock Delay (DCD):    -0.858ns
    Source Clock Delay      (SCD):    0.000ns
    Clock Pessimism Removal (CPR):    -0.000ns

    Location             Delay type                Incr(ns)  Path(ns)    Netlist Resource(s)
  -------------------------------------------------------------------    -------------------
    V16                                               0.000     0.000 f  reset_n (IN)
                         net (fo=0)                   0.000     0.000    reset_n
    V16                  IBUF (Prop_ibuf_I_O)         0.229     0.229 f  reset_n_IBUF_inst/O
                         net (fo=8, routed)           1.401     1.631    i2c_baud_rate_generator/reset_n_IBUF
    SLICE_X37Y46         LUT6 (Prop_lut6_I5_O)        0.045     1.676 r  i2c_baud_rate_generator/counterTick[0]_i_1/O
                         net (fo=5, routed)           0.212     1.888    i2c_baud_rate_generator/counterTick[0]_i_1_n_0
    SLICE_X36Y46         FDRE                                         r  i2c_baud_rate_generator/counterTick_reg[1]/R
  -------------------------------------------------------------------    -------------------

                         (clock clk_out1_sys_pll rise edge)
                                                      0.000     0.000 r  
    W5                                                0.000     0.000 r  sys_clk (IN)
                         net (fo=0)                   0.000     0.000    clock_40mhz/inst/clk_in1
    W5                   IBUF (Prop_ibuf_I_O)         0.414     0.414 r  clock_40mhz/inst/clkin1_ibufg/O
                         net (fo=1, routed)           0.480     0.894    clock_40mhz/inst/clk_in1_sys_pll
    MMCME2_ADV_X1Y0      MMCME2_ADV (Prop_mmcme2_adv_CLKIN1_CLKOUT0)
                                                     -3.142    -2.248 r  clock_40mhz/inst/mmcm_adv_inst/CLKOUT0
                         net (fo=1, routed)           0.530    -1.718    clock_40mhz/inst/clk_out1_sys_pll
    BUFGCTRL_X0Y1        BUFG (Prop_bufg_I_O)         0.029    -1.689 r  clock_40mhz/inst/clkout1_buf/O
                         net (fo=6, routed)           0.832    -0.858    i2c_baud_rate_generator/clk_out1
    SLICE_X36Y46         FDRE                                         r  i2c_baud_rate_generator/counterTick_reg[1]/C

Slack:                    inf
  Source:                 reset_n
                            (input port)
  Destination:            i2c_baud_rate_generator/counterTick_reg[2]/R
                            (rising edge-triggered cell FDRE clocked by clk_out1_sys_pll  {rise@0.000ns fall@12.500ns period=25.000ns})
  Path Group:             (none)
  Path Type:              Hold (Min at Fast Process Corner)
  Data Path Delay:        1.888ns  (logic 0.274ns (14.533%)  route 1.613ns (85.467%))
  Logic Levels:           2  (IBUF=1 LUT6=1)
  Clock Path Skew:        -0.858ns (DCD - SCD - CPR)
    Destination Clock Delay (DCD):    -0.858ns
    Source Clock Delay      (SCD):    0.000ns
    Clock Pessimism Removal (CPR):    -0.000ns

    Location             Delay type                Incr(ns)  Path(ns)    Netlist Resource(s)
  -------------------------------------------------------------------    -------------------
    V16                                               0.000     0.000 f  reset_n (IN)
                         net (fo=0)                   0.000     0.000    reset_n
    V16                  IBUF (Prop_ibuf_I_O)         0.229     0.229 f  reset_n_IBUF_inst/O
                         net (fo=8, routed)           1.401     1.631    i2c_baud_rate_generator/reset_n_IBUF
    SLICE_X37Y46         LUT6 (Prop_lut6_I5_O)        0.045     1.676 r  i2c_baud_rate_generator/counterTick[0]_i_1/O
                         net (fo=5, routed)           0.212     1.888    i2c_baud_rate_generator/counterTick[0]_i_1_n_0
    SLICE_X36Y46         FDRE                                         r  i2c_baud_rate_generator/counterTick_reg[2]/R
  -------------------------------------------------------------------    -------------------

                         (clock clk_out1_sys_pll rise edge)
                                                      0.000     0.000 r  
    W5                                                0.000     0.000 r  sys_clk (IN)
                         net (fo=0)                   0.000     0.000    clock_40mhz/inst/clk_in1
    W5                   IBUF (Prop_ibuf_I_O)         0.414     0.414 r  clock_40mhz/inst/clkin1_ibufg/O
                         net (fo=1, routed)           0.480     0.894    clock_40mhz/inst/clk_in1_sys_pll
    MMCME2_ADV_X1Y0      MMCME2_ADV (Prop_mmcme2_adv_CLKIN1_CLKOUT0)
                                                     -3.142    -2.248 r  clock_40mhz/inst/mmcm_adv_inst/CLKOUT0
                         net (fo=1, routed)           0.530    -1.718    clock_40mhz/inst/clk_out1_sys_pll
    BUFGCTRL_X0Y1        BUFG (Prop_bufg_I_O)         0.029    -1.689 r  clock_40mhz/inst/clkout1_buf/O
                         net (fo=6, routed)           0.832    -0.858    i2c_baud_rate_generator/clk_out1
    SLICE_X36Y46         FDRE                                         r  i2c_baud_rate_generator/counterTick_reg[2]/C

Slack:                    inf
  Source:                 reset_n
                            (input port)
  Destination:            i2c_baud_rate_generator/counterTick_reg[3]/R
                            (rising edge-triggered cell FDRE clocked by clk_out1_sys_pll  {rise@0.000ns fall@12.500ns period=25.000ns})
  Path Group:             (none)
  Path Type:              Hold (Min at Fast Process Corner)
  Data Path Delay:        1.888ns  (logic 0.274ns (14.533%)  route 1.613ns (85.467%))
  Logic Levels:           2  (IBUF=1 LUT6=1)
  Clock Path Skew:        -0.858ns (DCD - SCD - CPR)
    Destination Clock Delay (DCD):    -0.858ns
    Source Clock Delay      (SCD):    0.000ns
    Clock Pessimism Removal (CPR):    -0.000ns

    Location             Delay type                Incr(ns)  Path(ns)    Netlist Resource(s)
  -------------------------------------------------------------------    -------------------
    V16                                               0.000     0.000 f  reset_n (IN)
                         net (fo=0)                   0.000     0.000    reset_n
    V16                  IBUF (Prop_ibuf_I_O)         0.229     0.229 f  reset_n_IBUF_inst/O
                         net (fo=8, routed)           1.401     1.631    i2c_baud_rate_generator/reset_n_IBUF
    SLICE_X37Y46         LUT6 (Prop_lut6_I5_O)        0.045     1.676 r  i2c_baud_rate_generator/counterTick[0]_i_1/O
                         net (fo=5, routed)           0.212     1.888    i2c_baud_rate_generator/counterTick[0]_i_1_n_0
    SLICE_X36Y46         FDRE                                         r  i2c_baud_rate_generator/counterTick_reg[3]/R
  -------------------------------------------------------------------    -------------------

                         (clock clk_out1_sys_pll rise edge)
                                                      0.000     0.000 r  
    W5                                                0.000     0.000 r  sys_clk (IN)
                         net (fo=0)                   0.000     0.000    clock_40mhz/inst/clk_in1
    W5                   IBUF (Prop_ibuf_I_O)         0.414     0.414 r  clock_40mhz/inst/clkin1_ibufg/O
                         net (fo=1, routed)           0.480     0.894    clock_40mhz/inst/clk_in1_sys_pll
    MMCME2_ADV_X1Y0      MMCME2_ADV (Prop_mmcme2_adv_CLKIN1_CLKOUT0)
                                                     -3.142    -2.248 r  clock_40mhz/inst/mmcm_adv_inst/CLKOUT0
                         net (fo=1, routed)           0.530    -1.718    clock_40mhz/inst/clk_out1_sys_pll
    BUFGCTRL_X0Y1        BUFG (Prop_bufg_I_O)         0.029    -1.689 r  clock_40mhz/inst/clkout1_buf/O
                         net (fo=6, routed)           0.832    -0.858    i2c_baud_rate_generator/clk_out1
    SLICE_X36Y46         FDRE                                         r  i2c_baud_rate_generator/counterTick_reg[3]/C





--------------------------------------------------------------------------------------
Path Group:  (none)
From Clock:  
  To Clock:  clk_out1_sys_pll_1

Max Delay             6 Endpoints
Min Delay             6 Endpoints
--------------------------------------------------------------------------------------


Max Delay Paths
--------------------------------------------------------------------------------------
Slack:                    inf
  Source:                 reset_n
                            (input port)
  Destination:            i2c_baud_rate_generator/counterTick_reg[0]/R
                            (rising edge-triggered cell FDRE clocked by clk_out1_sys_pll_1  {rise@0.000ns fall@12.500ns period=25.000ns})
  Path Group:             (none)
  Path Type:              Setup (Max at Slow Process Corner)
  Data Path Delay:        5.279ns  (logic 1.585ns (30.032%)  route 3.693ns (69.968%))
  Logic Levels:           2  (IBUF=1 LUT6=1)
  Clock Path Skew:        -1.550ns (DCD - SCD + CPR)
    Destination Clock Delay (DCD):    -1.550ns
    Source Clock Delay      (SCD):    0.000ns
    Clock Pessimism Removal (CPR):    0.000ns
  Clock Uncertainty:      0.179ns  ((TSJ^2 + DJ^2)^1/2) / 2 + PE
    Total System Jitter     (TSJ):    0.050ns
    Discrete Jitter          (DJ):    0.154ns
    Phase Error              (PE):    0.099ns

    Location             Delay type                Incr(ns)  Path(ns)    Netlist Resource(s)
  -------------------------------------------------------------------    -------------------
    V16                                               0.000     0.000 f  reset_n (IN)
                         net (fo=0)                   0.000     0.000    reset_n
    V16                  IBUF (Prop_ibuf_I_O)         1.461     1.461 f  reset_n_IBUF_inst/O
                         net (fo=8, routed)           3.078     4.540    i2c_baud_rate_generator/reset_n_IBUF
    SLICE_X37Y46         LUT6 (Prop_lut6_I5_O)        0.124     4.664 r  i2c_baud_rate_generator/counterTick[0]_i_1/O
                         net (fo=5, routed)           0.615     5.279    i2c_baud_rate_generator/counterTick[0]_i_1_n_0
    SLICE_X36Y46         FDRE                                         r  i2c_baud_rate_generator/counterTick_reg[0]/R
  -------------------------------------------------------------------    -------------------

                         (clock clk_out1_sys_pll_1 rise edge)
                                                      0.000     0.000 r  
    W5                                                0.000     0.000 r  sys_clk (IN)
                         net (fo=0)                   0.000     0.000    clock_40mhz/inst/clk_in1
    W5                   IBUF (Prop_ibuf_I_O)         1.388     1.388 r  clock_40mhz/inst/clkin1_ibufg/O
                         net (fo=1, routed)           1.162     2.550    clock_40mhz/inst/clk_in1_sys_pll
    MMCME2_ADV_X1Y0      MMCME2_ADV (Prop_mmcme2_adv_CLKIN1_CLKOUT0)
                                                     -7.217    -4.668 r  clock_40mhz/inst/mmcm_adv_inst/CLKOUT0
                         net (fo=1, routed)           1.581    -3.086    clock_40mhz/inst/clk_out1_sys_pll
    BUFGCTRL_X0Y1        BUFG (Prop_bufg_I_O)         0.091    -2.995 r  clock_40mhz/inst/clkout1_buf/O
                         net (fo=6, routed)           1.445    -1.550    i2c_baud_rate_generator/clk_out1
    SLICE_X36Y46         FDRE                                         r  i2c_baud_rate_generator/counterTick_reg[0]/C

Slack:                    inf
  Source:                 reset_n
                            (input port)
  Destination:            i2c_baud_rate_generator/counterTick_reg[1]/R
                            (rising edge-triggered cell FDRE clocked by clk_out1_sys_pll_1  {rise@0.000ns fall@12.500ns period=25.000ns})
  Path Group:             (none)
  Path Type:              Setup (Max at Slow Process Corner)
  Data Path Delay:        5.279ns  (logic 1.585ns (30.032%)  route 3.693ns (69.968%))
  Logic Levels:           2  (IBUF=1 LUT6=1)
  Clock Path Skew:        -1.550ns (DCD - SCD + CPR)
    Destination Clock Delay (DCD):    -1.550ns
    Source Clock Delay      (SCD):    0.000ns
    Clock Pessimism Removal (CPR):    0.000ns
  Clock Uncertainty:      0.179ns  ((TSJ^2 + DJ^2)^1/2) / 2 + PE
    Total System Jitter     (TSJ):    0.050ns
    Discrete Jitter          (DJ):    0.154ns
    Phase Error              (PE):    0.099ns

    Location             Delay type                Incr(ns)  Path(ns)    Netlist Resource(s)
  -------------------------------------------------------------------    -------------------
    V16                                               0.000     0.000 f  reset_n (IN)
                         net (fo=0)                   0.000     0.000    reset_n
    V16                  IBUF (Prop_ibuf_I_O)         1.461     1.461 f  reset_n_IBUF_inst/O
                         net (fo=8, routed)           3.078     4.540    i2c_baud_rate_generator/reset_n_IBUF
    SLICE_X37Y46         LUT6 (Prop_lut6_I5_O)        0.124     4.664 r  i2c_baud_rate_generator/counterTick[0]_i_1/O
                         net (fo=5, routed)           0.615     5.279    i2c_baud_rate_generator/counterTick[0]_i_1_n_0
    SLICE_X36Y46         FDRE                                         r  i2c_baud_rate_generator/counterTick_reg[1]/R
  -------------------------------------------------------------------    -------------------

                         (clock clk_out1_sys_pll_1 rise edge)
                                                      0.000     0.000 r  
    W5                                                0.000     0.000 r  sys_clk (IN)
                         net (fo=0)                   0.000     0.000    clock_40mhz/inst/clk_in1
    W5                   IBUF (Prop_ibuf_I_O)         1.388     1.388 r  clock_40mhz/inst/clkin1_ibufg/O
                         net (fo=1, routed)           1.162     2.550    clock_40mhz/inst/clk_in1_sys_pll
    MMCME2_ADV_X1Y0      MMCME2_ADV (Prop_mmcme2_adv_CLKIN1_CLKOUT0)
                                                     -7.217    -4.668 r  clock_40mhz/inst/mmcm_adv_inst/CLKOUT0
                         net (fo=1, routed)           1.581    -3.086    clock_40mhz/inst/clk_out1_sys_pll
    BUFGCTRL_X0Y1        BUFG (Prop_bufg_I_O)         0.091    -2.995 r  clock_40mhz/inst/clkout1_buf/O
                         net (fo=6, routed)           1.445    -1.550    i2c_baud_rate_generator/clk_out1
    SLICE_X36Y46         FDRE                                         r  i2c_baud_rate_generator/counterTick_reg[1]/C

Slack:                    inf
  Source:                 reset_n
                            (input port)
  Destination:            i2c_baud_rate_generator/counterTick_reg[2]/R
                            (rising edge-triggered cell FDRE clocked by clk_out1_sys_pll_1  {rise@0.000ns fall@12.500ns period=25.000ns})
  Path Group:             (none)
  Path Type:              Setup (Max at Slow Process Corner)
  Data Path Delay:        5.279ns  (logic 1.585ns (30.032%)  route 3.693ns (69.968%))
  Logic Levels:           2  (IBUF=1 LUT6=1)
  Clock Path Skew:        -1.550ns (DCD - SCD + CPR)
    Destination Clock Delay (DCD):    -1.550ns
    Source Clock Delay      (SCD):    0.000ns
    Clock Pessimism Removal (CPR):    0.000ns
  Clock Uncertainty:      0.179ns  ((TSJ^2 + DJ^2)^1/2) / 2 + PE
    Total System Jitter     (TSJ):    0.050ns
    Discrete Jitter          (DJ):    0.154ns
    Phase Error              (PE):    0.099ns

    Location             Delay type                Incr(ns)  Path(ns)    Netlist Resource(s)
  -------------------------------------------------------------------    -------------------
    V16                                               0.000     0.000 f  reset_n (IN)
                         net (fo=0)                   0.000     0.000    reset_n
    V16                  IBUF (Prop_ibuf_I_O)         1.461     1.461 f  reset_n_IBUF_inst/O
                         net (fo=8, routed)           3.078     4.540    i2c_baud_rate_generator/reset_n_IBUF
    SLICE_X37Y46         LUT6 (Prop_lut6_I5_O)        0.124     4.664 r  i2c_baud_rate_generator/counterTick[0]_i_1/O
                         net (fo=5, routed)           0.615     5.279    i2c_baud_rate_generator/counterTick[0]_i_1_n_0
    SLICE_X36Y46         FDRE                                         r  i2c_baud_rate_generator/counterTick_reg[2]/R
  -------------------------------------------------------------------    -------------------

                         (clock clk_out1_sys_pll_1 rise edge)
                                                      0.000     0.000 r  
    W5                                                0.000     0.000 r  sys_clk (IN)
                         net (fo=0)                   0.000     0.000    clock_40mhz/inst/clk_in1
    W5                   IBUF (Prop_ibuf_I_O)         1.388     1.388 r  clock_40mhz/inst/clkin1_ibufg/O
                         net (fo=1, routed)           1.162     2.550    clock_40mhz/inst/clk_in1_sys_pll
    MMCME2_ADV_X1Y0      MMCME2_ADV (Prop_mmcme2_adv_CLKIN1_CLKOUT0)
                                                     -7.217    -4.668 r  clock_40mhz/inst/mmcm_adv_inst/CLKOUT0
                         net (fo=1, routed)           1.581    -3.086    clock_40mhz/inst/clk_out1_sys_pll
    BUFGCTRL_X0Y1        BUFG (Prop_bufg_I_O)         0.091    -2.995 r  clock_40mhz/inst/clkout1_buf/O
                         net (fo=6, routed)           1.445    -1.550    i2c_baud_rate_generator/clk_out1
    SLICE_X36Y46         FDRE                                         r  i2c_baud_rate_generator/counterTick_reg[2]/C

Slack:                    inf
  Source:                 reset_n
                            (input port)
  Destination:            i2c_baud_rate_generator/counterTick_reg[3]/R
                            (rising edge-triggered cell FDRE clocked by clk_out1_sys_pll_1  {rise@0.000ns fall@12.500ns period=25.000ns})
  Path Group:             (none)
  Path Type:              Setup (Max at Slow Process Corner)
  Data Path Delay:        5.279ns  (logic 1.585ns (30.032%)  route 3.693ns (69.968%))
  Logic Levels:           2  (IBUF=1 LUT6=1)
  Clock Path Skew:        -1.550ns (DCD - SCD + CPR)
    Destination Clock Delay (DCD):    -1.550ns
    Source Clock Delay      (SCD):    0.000ns
    Clock Pessimism Removal (CPR):    0.000ns
  Clock Uncertainty:      0.179ns  ((TSJ^2 + DJ^2)^1/2) / 2 + PE
    Total System Jitter     (TSJ):    0.050ns
    Discrete Jitter          (DJ):    0.154ns
    Phase Error              (PE):    0.099ns

    Location             Delay type                Incr(ns)  Path(ns)    Netlist Resource(s)
  -------------------------------------------------------------------    -------------------
    V16                                               0.000     0.000 f  reset_n (IN)
                         net (fo=0)                   0.000     0.000    reset_n
    V16                  IBUF (Prop_ibuf_I_O)         1.461     1.461 f  reset_n_IBUF_inst/O
                         net (fo=8, routed)           3.078     4.540    i2c_baud_rate_generator/reset_n_IBUF
    SLICE_X37Y46         LUT6 (Prop_lut6_I5_O)        0.124     4.664 r  i2c_baud_rate_generator/counterTick[0]_i_1/O
                         net (fo=5, routed)           0.615     5.279    i2c_baud_rate_generator/counterTick[0]_i_1_n_0
    SLICE_X36Y46         FDRE                                         r  i2c_baud_rate_generator/counterTick_reg[3]/R
  -------------------------------------------------------------------    -------------------

                         (clock clk_out1_sys_pll_1 rise edge)
                                                      0.000     0.000 r  
    W5                                                0.000     0.000 r  sys_clk (IN)
                         net (fo=0)                   0.000     0.000    clock_40mhz/inst/clk_in1
    W5                   IBUF (Prop_ibuf_I_O)         1.388     1.388 r  clock_40mhz/inst/clkin1_ibufg/O
                         net (fo=1, routed)           1.162     2.550    clock_40mhz/inst/clk_in1_sys_pll
    MMCME2_ADV_X1Y0      MMCME2_ADV (Prop_mmcme2_adv_CLKIN1_CLKOUT0)
                                                     -7.217    -4.668 r  clock_40mhz/inst/mmcm_adv_inst/CLKOUT0
                         net (fo=1, routed)           1.581    -3.086    clock_40mhz/inst/clk_out1_sys_pll
    BUFGCTRL_X0Y1        BUFG (Prop_bufg_I_O)         0.091    -2.995 r  clock_40mhz/inst/clkout1_buf/O
                         net (fo=6, routed)           1.445    -1.550    i2c_baud_rate_generator/clk_out1
    SLICE_X36Y46         FDRE                                         r  i2c_baud_rate_generator/counterTick_reg[3]/C

Slack:                    inf
  Source:                 reset_n
                            (input port)
  Destination:            i2c_baud_rate_generator/counterTick_reg[4]/R
                            (rising edge-triggered cell FDRE clocked by clk_out1_sys_pll_1  {rise@0.000ns fall@12.500ns period=25.000ns})
  Path Group:             (none)
  Path Type:              Setup (Max at Slow Process Corner)
  Data Path Delay:        5.144ns  (logic 1.585ns (30.822%)  route 3.558ns (69.178%))
  Logic Levels:           2  (IBUF=1 LUT6=1)
  Clock Path Skew:        -1.549ns (DCD - SCD + CPR)
    Destination Clock Delay (DCD):    -1.549ns
    Source Clock Delay      (SCD):    0.000ns
    Clock Pessimism Removal (CPR):    0.000ns
  Clock Uncertainty:      0.179ns  ((TSJ^2 + DJ^2)^1/2) / 2 + PE
    Total System Jitter     (TSJ):    0.050ns
    Discrete Jitter          (DJ):    0.154ns
    Phase Error              (PE):    0.099ns

    Location             Delay type                Incr(ns)  Path(ns)    Netlist Resource(s)
  -------------------------------------------------------------------    -------------------
    V16                                               0.000     0.000 f  reset_n (IN)
                         net (fo=0)                   0.000     0.000    reset_n
    V16                  IBUF (Prop_ibuf_I_O)         1.461     1.461 f  reset_n_IBUF_inst/O
                         net (fo=8, routed)           3.078     4.540    i2c_baud_rate_generator/reset_n_IBUF
    SLICE_X37Y46         LUT6 (Prop_lut6_I5_O)        0.124     4.664 r  i2c_baud_rate_generator/counterTick[0]_i_1/O
                         net (fo=5, routed)           0.480     5.144    i2c_baud_rate_generator/counterTick[0]_i_1_n_0
    SLICE_X36Y47         FDRE                                         r  i2c_baud_rate_generator/counterTick_reg[4]/R
  -------------------------------------------------------------------    -------------------

                         (clock clk_out1_sys_pll_1 rise edge)
                                                      0.000     0.000 r  
    W5                                                0.000     0.000 r  sys_clk (IN)
                         net (fo=0)                   0.000     0.000    clock_40mhz/inst/clk_in1
    W5                   IBUF (Prop_ibuf_I_O)         1.388     1.388 r  clock_40mhz/inst/clkin1_ibufg/O
                         net (fo=1, routed)           1.162     2.550    clock_40mhz/inst/clk_in1_sys_pll
    MMCME2_ADV_X1Y0      MMCME2_ADV (Prop_mmcme2_adv_CLKIN1_CLKOUT0)
                                                     -7.217    -4.668 r  clock_40mhz/inst/mmcm_adv_inst/CLKOUT0
                         net (fo=1, routed)           1.581    -3.086    clock_40mhz/inst/clk_out1_sys_pll
    BUFGCTRL_X0Y1        BUFG (Prop_bufg_I_O)         0.091    -2.995 r  clock_40mhz/inst/clkout1_buf/O
                         net (fo=6, routed)           1.446    -1.549    i2c_baud_rate_generator/clk_out1
    SLICE_X36Y47         FDRE                                         r  i2c_baud_rate_generator/counterTick_reg[4]/C

Slack:                    inf
  Source:                 reset_n
                            (input port)
  Destination:            i2c_baud_rate_generator/sys_tick_reg_reg/D
                            (rising edge-triggered cell FDRE clocked by clk_out1_sys_pll_1  {rise@0.000ns fall@12.500ns period=25.000ns})
  Path Group:             (none)
  Path Type:              Setup (Max at Slow Process Corner)
  Data Path Delay:        5.110ns  (logic 1.709ns (33.451%)  route 3.401ns (66.549%))
  Logic Levels:           3  (IBUF=1 LUT3=1 LUT6=1)
  Clock Path Skew:        -1.550ns (DCD - SCD + CPR)
    Destination Clock Delay (DCD):    -1.550ns
    Source Clock Delay      (SCD):    0.000ns
    Clock Pessimism Removal (CPR):    0.000ns
  Clock Uncertainty:      0.179ns  ((TSJ^2 + DJ^2)^1/2) / 2 + PE
    Total System Jitter     (TSJ):    0.050ns
    Discrete Jitter          (DJ):    0.154ns
    Phase Error              (PE):    0.099ns

    Location             Delay type                Incr(ns)  Path(ns)    Netlist Resource(s)
  -------------------------------------------------------------------    -------------------
    V16                                               0.000     0.000 r  reset_n (IN)
                         net (fo=0)                   0.000     0.000    reset_n
    V16                  IBUF (Prop_ibuf_I_O)         1.461     1.461 r  reset_n_IBUF_inst/O
                         net (fo=8, routed)           3.246     4.708    i2c_baud_rate_generator/reset_n_IBUF
    SLICE_X37Y46         LUT6 (Prop_lut6_I0_O)        0.124     4.832 r  i2c_baud_rate_generator/sys_tick_reg_i_2/O
                         net (fo=1, routed)           0.154     4.986    i2c_baud_rate_generator/sys_tick_reg_i_2_n_0
    SLICE_X37Y46         LUT3 (Prop_lut3_I2_O)        0.124     5.110 r  i2c_baud_rate_generator/sys_tick_reg_i_1/O
                         net (fo=1, routed)           0.000     5.110    i2c_baud_rate_generator/sys_tick_reg_i_1_n_0
    SLICE_X37Y46         FDRE                                         r  i2c_baud_rate_generator/sys_tick_reg_reg/D
  -------------------------------------------------------------------    -------------------

                         (clock clk_out1_sys_pll_1 rise edge)
                                                      0.000     0.000 r  
    W5                                                0.000     0.000 r  sys_clk (IN)
                         net (fo=0)                   0.000     0.000    clock_40mhz/inst/clk_in1
    W5                   IBUF (Prop_ibuf_I_O)         1.388     1.388 r  clock_40mhz/inst/clkin1_ibufg/O
                         net (fo=1, routed)           1.162     2.550    clock_40mhz/inst/clk_in1_sys_pll
    MMCME2_ADV_X1Y0      MMCME2_ADV (Prop_mmcme2_adv_CLKIN1_CLKOUT0)
                                                     -7.217    -4.668 r  clock_40mhz/inst/mmcm_adv_inst/CLKOUT0
                         net (fo=1, routed)           1.581    -3.086    clock_40mhz/inst/clk_out1_sys_pll
    BUFGCTRL_X0Y1        BUFG (Prop_bufg_I_O)         0.091    -2.995 r  clock_40mhz/inst/clkout1_buf/O
                         net (fo=6, routed)           1.445    -1.550    i2c_baud_rate_generator/clk_out1
    SLICE_X37Y46         FDRE                                         r  i2c_baud_rate_generator/sys_tick_reg_reg/C





Min Delay Paths
--------------------------------------------------------------------------------------
Slack:                    inf
  Source:                 reset_n
                            (input port)
  Destination:            i2c_baud_rate_generator/sys_tick_reg_reg/D
                            (rising edge-triggered cell FDRE clocked by clk_out1_sys_pll_1  {rise@0.000ns fall@12.500ns period=25.000ns})
  Path Group:             (none)
  Path Type:              Hold (Min at Fast Process Corner)
  Data Path Delay:        1.600ns  (logic 0.274ns (17.150%)  route 1.325ns (82.850%))
  Logic Levels:           2  (IBUF=1 LUT3=1)
  Clock Path Skew:        -0.858ns (DCD - SCD - CPR)
    Destination Clock Delay (DCD):    -0.858ns
    Source Clock Delay      (SCD):    0.000ns
    Clock Pessimism Removal (CPR):    -0.000ns

    Location             Delay type                Incr(ns)  Path(ns)    Netlist Resource(s)
  -------------------------------------------------------------------    -------------------
    V16                                               0.000     0.000 f  reset_n (IN)
                         net (fo=0)                   0.000     0.000    reset_n
    V16                  IBUF (Prop_ibuf_I_O)         0.229     0.229 f  reset_n_IBUF_inst/O
                         net (fo=8, routed)           1.325     1.555    i2c_baud_rate_generator/reset_n_IBUF
    SLICE_X37Y46         LUT3 (Prop_lut3_I0_O)        0.045     1.600 r  i2c_baud_rate_generator/sys_tick_reg_i_1/O
                         net (fo=1, routed)           0.000     1.600    i2c_baud_rate_generator/sys_tick_reg_i_1_n_0
    SLICE_X37Y46         FDRE                                         r  i2c_baud_rate_generator/sys_tick_reg_reg/D
  -------------------------------------------------------------------    -------------------

                         (clock clk_out1_sys_pll_1 rise edge)
                                                      0.000     0.000 r  
    W5                                                0.000     0.000 r  sys_clk (IN)
                         net (fo=0)                   0.000     0.000    clock_40mhz/inst/clk_in1
    W5                   IBUF (Prop_ibuf_I_O)         0.414     0.414 r  clock_40mhz/inst/clkin1_ibufg/O
                         net (fo=1, routed)           0.480     0.894    clock_40mhz/inst/clk_in1_sys_pll
    MMCME2_ADV_X1Y0      MMCME2_ADV (Prop_mmcme2_adv_CLKIN1_CLKOUT0)
                                                     -3.142    -2.248 r  clock_40mhz/inst/mmcm_adv_inst/CLKOUT0
                         net (fo=1, routed)           0.530    -1.718    clock_40mhz/inst/clk_out1_sys_pll
    BUFGCTRL_X0Y1        BUFG (Prop_bufg_I_O)         0.029    -1.689 r  clock_40mhz/inst/clkout1_buf/O
                         net (fo=6, routed)           0.832    -0.858    i2c_baud_rate_generator/clk_out1
    SLICE_X37Y46         FDRE                                         r  i2c_baud_rate_generator/sys_tick_reg_reg/C

Slack:                    inf
  Source:                 reset_n
                            (input port)
  Destination:            i2c_baud_rate_generator/counterTick_reg[4]/R
                            (rising edge-triggered cell FDRE clocked by clk_out1_sys_pll_1  {rise@0.000ns fall@12.500ns period=25.000ns})
  Path Group:             (none)
  Path Type:              Hold (Min at Fast Process Corner)
  Data Path Delay:        1.828ns  (logic 0.274ns (15.012%)  route 1.553ns (84.988%))
  Logic Levels:           2  (IBUF=1 LUT6=1)
  Clock Path Skew:        -0.857ns (DCD - SCD - CPR)
    Destination Clock Delay (DCD):    -0.857ns
    Source Clock Delay      (SCD):    0.000ns
    Clock Pessimism Removal (CPR):    -0.000ns

    Location             Delay type                Incr(ns)  Path(ns)    Netlist Resource(s)
  -------------------------------------------------------------------    -------------------
    V16                                               0.000     0.000 f  reset_n (IN)
                         net (fo=0)                   0.000     0.000    reset_n
    V16                  IBUF (Prop_ibuf_I_O)         0.229     0.229 f  reset_n_IBUF_inst/O
                         net (fo=8, routed)           1.401     1.631    i2c_baud_rate_generator/reset_n_IBUF
    SLICE_X37Y46         LUT6 (Prop_lut6_I5_O)        0.045     1.676 r  i2c_baud_rate_generator/counterTick[0]_i_1/O
                         net (fo=5, routed)           0.152     1.828    i2c_baud_rate_generator/counterTick[0]_i_1_n_0
    SLICE_X36Y47         FDRE                                         r  i2c_baud_rate_generator/counterTick_reg[4]/R
  -------------------------------------------------------------------    -------------------

                         (clock clk_out1_sys_pll_1 rise edge)
                                                      0.000     0.000 r  
    W5                                                0.000     0.000 r  sys_clk (IN)
                         net (fo=0)                   0.000     0.000    clock_40mhz/inst/clk_in1
    W5                   IBUF (Prop_ibuf_I_O)         0.414     0.414 r  clock_40mhz/inst/clkin1_ibufg/O
                         net (fo=1, routed)           0.480     0.894    clock_40mhz/inst/clk_in1_sys_pll
    MMCME2_ADV_X1Y0      MMCME2_ADV (Prop_mmcme2_adv_CLKIN1_CLKOUT0)
                                                     -3.142    -2.248 r  clock_40mhz/inst/mmcm_adv_inst/CLKOUT0
                         net (fo=1, routed)           0.530    -1.718    clock_40mhz/inst/clk_out1_sys_pll
    BUFGCTRL_X0Y1        BUFG (Prop_bufg_I_O)         0.029    -1.689 r  clock_40mhz/inst/clkout1_buf/O
                         net (fo=6, routed)           0.833    -0.857    i2c_baud_rate_generator/clk_out1
    SLICE_X36Y47         FDRE                                         r  i2c_baud_rate_generator/counterTick_reg[4]/C

Slack:                    inf
  Source:                 reset_n
                            (input port)
  Destination:            i2c_baud_rate_generator/counterTick_reg[0]/R
                            (rising edge-triggered cell FDRE clocked by clk_out1_sys_pll_1  {rise@0.000ns fall@12.500ns period=25.000ns})
  Path Group:             (none)
  Path Type:              Hold (Min at Fast Process Corner)
  Data Path Delay:        1.888ns  (logic 0.274ns (14.533%)  route 1.613ns (85.467%))
  Logic Levels:           2  (IBUF=1 LUT6=1)
  Clock Path Skew:        -0.858ns (DCD - SCD - CPR)
    Destination Clock Delay (DCD):    -0.858ns
    Source Clock Delay      (SCD):    0.000ns
    Clock Pessimism Removal (CPR):    -0.000ns

    Location             Delay type                Incr(ns)  Path(ns)    Netlist Resource(s)
  -------------------------------------------------------------------    -------------------
    V16                                               0.000     0.000 f  reset_n (IN)
                         net (fo=0)                   0.000     0.000    reset_n
    V16                  IBUF (Prop_ibuf_I_O)         0.229     0.229 f  reset_n_IBUF_inst/O
                         net (fo=8, routed)           1.401     1.631    i2c_baud_rate_generator/reset_n_IBUF
    SLICE_X37Y46         LUT6 (Prop_lut6_I5_O)        0.045     1.676 r  i2c_baud_rate_generator/counterTick[0]_i_1/O
                         net (fo=5, routed)           0.212     1.888    i2c_baud_rate_generator/counterTick[0]_i_1_n_0
    SLICE_X36Y46         FDRE                                         r  i2c_baud_rate_generator/counterTick_reg[0]/R
  -------------------------------------------------------------------    -------------------

                         (clock clk_out1_sys_pll_1 rise edge)
                                                      0.000     0.000 r  
    W5                                                0.000     0.000 r  sys_clk (IN)
                         net (fo=0)                   0.000     0.000    clock_40mhz/inst/clk_in1
    W5                   IBUF (Prop_ibuf_I_O)         0.414     0.414 r  clock_40mhz/inst/clkin1_ibufg/O
                         net (fo=1, routed)           0.480     0.894    clock_40mhz/inst/clk_in1_sys_pll
    MMCME2_ADV_X1Y0      MMCME2_ADV (Prop_mmcme2_adv_CLKIN1_CLKOUT0)
                                                     -3.142    -2.248 r  clock_40mhz/inst/mmcm_adv_inst/CLKOUT0
                         net (fo=1, routed)           0.530    -1.718    clock_40mhz/inst/clk_out1_sys_pll
    BUFGCTRL_X0Y1        BUFG (Prop_bufg_I_O)         0.029    -1.689 r  clock_40mhz/inst/clkout1_buf/O
                         net (fo=6, routed)           0.832    -0.858    i2c_baud_rate_generator/clk_out1
    SLICE_X36Y46         FDRE                                         r  i2c_baud_rate_generator/counterTick_reg[0]/C

Slack:                    inf
  Source:                 reset_n
                            (input port)
  Destination:            i2c_baud_rate_generator/counterTick_reg[1]/R
                            (rising edge-triggered cell FDRE clocked by clk_out1_sys_pll_1  {rise@0.000ns fall@12.500ns period=25.000ns})
  Path Group:             (none)
  Path Type:              Hold (Min at Fast Process Corner)
  Data Path Delay:        1.888ns  (logic 0.274ns (14.533%)  route 1.613ns (85.467%))
  Logic Levels:           2  (IBUF=1 LUT6=1)
  Clock Path Skew:        -0.858ns (DCD - SCD - CPR)
    Destination Clock Delay (DCD):    -0.858ns
    Source Clock Delay      (SCD):    0.000ns
    Clock Pessimism Removal (CPR):    -0.000ns

    Location             Delay type                Incr(ns)  Path(ns)    Netlist Resource(s)
  -------------------------------------------------------------------    -------------------
    V16                                               0.000     0.000 f  reset_n (IN)
                         net (fo=0)                   0.000     0.000    reset_n
    V16                  IBUF (Prop_ibuf_I_O)         0.229     0.229 f  reset_n_IBUF_inst/O
                         net (fo=8, routed)           1.401     1.631    i2c_baud_rate_generator/reset_n_IBUF
    SLICE_X37Y46         LUT6 (Prop_lut6_I5_O)        0.045     1.676 r  i2c_baud_rate_generator/counterTick[0]_i_1/O
                         net (fo=5, routed)           0.212     1.888    i2c_baud_rate_generator/counterTick[0]_i_1_n_0
    SLICE_X36Y46         FDRE                                         r  i2c_baud_rate_generator/counterTick_reg[1]/R
  -------------------------------------------------------------------    -------------------

                         (clock clk_out1_sys_pll_1 rise edge)
                                                      0.000     0.000 r  
    W5                                                0.000     0.000 r  sys_clk (IN)
                         net (fo=0)                   0.000     0.000    clock_40mhz/inst/clk_in1
    W5                   IBUF (Prop_ibuf_I_O)         0.414     0.414 r  clock_40mhz/inst/clkin1_ibufg/O
                         net (fo=1, routed)           0.480     0.894    clock_40mhz/inst/clk_in1_sys_pll
    MMCME2_ADV_X1Y0      MMCME2_ADV (Prop_mmcme2_adv_CLKIN1_CLKOUT0)
                                                     -3.142    -2.248 r  clock_40mhz/inst/mmcm_adv_inst/CLKOUT0
                         net (fo=1, routed)           0.530    -1.718    clock_40mhz/inst/clk_out1_sys_pll
    BUFGCTRL_X0Y1        BUFG (Prop_bufg_I_O)         0.029    -1.689 r  clock_40mhz/inst/clkout1_buf/O
                         net (fo=6, routed)           0.832    -0.858    i2c_baud_rate_generator/clk_out1
    SLICE_X36Y46         FDRE                                         r  i2c_baud_rate_generator/counterTick_reg[1]/C

Slack:                    inf
  Source:                 reset_n
                            (input port)
  Destination:            i2c_baud_rate_generator/counterTick_reg[2]/R
                            (rising edge-triggered cell FDRE clocked by clk_out1_sys_pll_1  {rise@0.000ns fall@12.500ns period=25.000ns})
  Path Group:             (none)
  Path Type:              Hold (Min at Fast Process Corner)
  Data Path Delay:        1.888ns  (logic 0.274ns (14.533%)  route 1.613ns (85.467%))
  Logic Levels:           2  (IBUF=1 LUT6=1)
  Clock Path Skew:        -0.858ns (DCD - SCD - CPR)
    Destination Clock Delay (DCD):    -0.858ns
    Source Clock Delay      (SCD):    0.000ns
    Clock Pessimism Removal (CPR):    -0.000ns

    Location             Delay type                Incr(ns)  Path(ns)    Netlist Resource(s)
  -------------------------------------------------------------------    -------------------
    V16                                               0.000     0.000 f  reset_n (IN)
                         net (fo=0)                   0.000     0.000    reset_n
    V16                  IBUF (Prop_ibuf_I_O)         0.229     0.229 f  reset_n_IBUF_inst/O
                         net (fo=8, routed)           1.401     1.631    i2c_baud_rate_generator/reset_n_IBUF
    SLICE_X37Y46         LUT6 (Prop_lut6_I5_O)        0.045     1.676 r  i2c_baud_rate_generator/counterTick[0]_i_1/O
                         net (fo=5, routed)           0.212     1.888    i2c_baud_rate_generator/counterTick[0]_i_1_n_0
    SLICE_X36Y46         FDRE                                         r  i2c_baud_rate_generator/counterTick_reg[2]/R
  -------------------------------------------------------------------    -------------------

                         (clock clk_out1_sys_pll_1 rise edge)
                                                      0.000     0.000 r  
    W5                                                0.000     0.000 r  sys_clk (IN)
                         net (fo=0)                   0.000     0.000    clock_40mhz/inst/clk_in1
    W5                   IBUF (Prop_ibuf_I_O)         0.414     0.414 r  clock_40mhz/inst/clkin1_ibufg/O
                         net (fo=1, routed)           0.480     0.894    clock_40mhz/inst/clk_in1_sys_pll
    MMCME2_ADV_X1Y0      MMCME2_ADV (Prop_mmcme2_adv_CLKIN1_CLKOUT0)
                                                     -3.142    -2.248 r  clock_40mhz/inst/mmcm_adv_inst/CLKOUT0
                         net (fo=1, routed)           0.530    -1.718    clock_40mhz/inst/clk_out1_sys_pll
    BUFGCTRL_X0Y1        BUFG (Prop_bufg_I_O)         0.029    -1.689 r  clock_40mhz/inst/clkout1_buf/O
                         net (fo=6, routed)           0.832    -0.858    i2c_baud_rate_generator/clk_out1
    SLICE_X36Y46         FDRE                                         r  i2c_baud_rate_generator/counterTick_reg[2]/C

Slack:                    inf
  Source:                 reset_n
                            (input port)
  Destination:            i2c_baud_rate_generator/counterTick_reg[3]/R
                            (rising edge-triggered cell FDRE clocked by clk_out1_sys_pll_1  {rise@0.000ns fall@12.500ns period=25.000ns})
  Path Group:             (none)
  Path Type:              Hold (Min at Fast Process Corner)
  Data Path Delay:        1.888ns  (logic 0.274ns (14.533%)  route 1.613ns (85.467%))
  Logic Levels:           2  (IBUF=1 LUT6=1)
  Clock Path Skew:        -0.858ns (DCD - SCD - CPR)
    Destination Clock Delay (DCD):    -0.858ns
    Source Clock Delay      (SCD):    0.000ns
    Clock Pessimism Removal (CPR):    -0.000ns

    Location             Delay type                Incr(ns)  Path(ns)    Netlist Resource(s)
  -------------------------------------------------------------------    -------------------
    V16                                               0.000     0.000 f  reset_n (IN)
                         net (fo=0)                   0.000     0.000    reset_n
    V16                  IBUF (Prop_ibuf_I_O)         0.229     0.229 f  reset_n_IBUF_inst/O
                         net (fo=8, routed)           1.401     1.631    i2c_baud_rate_generator/reset_n_IBUF
    SLICE_X37Y46         LUT6 (Prop_lut6_I5_O)        0.045     1.676 r  i2c_baud_rate_generator/counterTick[0]_i_1/O
                         net (fo=5, routed)           0.212     1.888    i2c_baud_rate_generator/counterTick[0]_i_1_n_0
    SLICE_X36Y46         FDRE                                         r  i2c_baud_rate_generator/counterTick_reg[3]/R
  -------------------------------------------------------------------    -------------------

                         (clock clk_out1_sys_pll_1 rise edge)
                                                      0.000     0.000 r  
    W5                                                0.000     0.000 r  sys_clk (IN)
                         net (fo=0)                   0.000     0.000    clock_40mhz/inst/clk_in1
    W5                   IBUF (Prop_ibuf_I_O)         0.414     0.414 r  clock_40mhz/inst/clkin1_ibufg/O
                         net (fo=1, routed)           0.480     0.894    clock_40mhz/inst/clk_in1_sys_pll
    MMCME2_ADV_X1Y0      MMCME2_ADV (Prop_mmcme2_adv_CLKIN1_CLKOUT0)
                                                     -3.142    -2.248 r  clock_40mhz/inst/mmcm_adv_inst/CLKOUT0
                         net (fo=1, routed)           0.530    -1.718    clock_40mhz/inst/clk_out1_sys_pll
    BUFGCTRL_X0Y1        BUFG (Prop_bufg_I_O)         0.029    -1.689 r  clock_40mhz/inst/clkout1_buf/O
                         net (fo=6, routed)           0.832    -0.858    i2c_baud_rate_generator/clk_out1
    SLICE_X36Y46         FDRE                                         r  i2c_baud_rate_generator/counterTick_reg[3]/C





