Copyright 1986-2022 Xilinx, Inc. All Rights Reserved. Copyright 2022-2023 Advanced Micro Devices, Inc. All Rights Reserved.
---------------------------------------------------------------------------------------------------------------------------------------------------------------------------------------------------------------------------
| Tool Version : Vivado v.2023.2 (win64) Build 4029153 Fri Oct 13 20:14:34 MDT 2023
| Date         : Sun Aug 23 10:11:59 2026
| Host         : DennisE16 running 64-bit major release  (build 9200)
| Command      : report_timing_summary -max_paths 10 -report_unconstrained -file top_module_timing_summary_routed.rpt -pb top_module_timing_summary_routed.pb -rpx top_module_timing_summary_routed.rpx -warn_on_violation
| Design       : top_module
| Device       : 7a35t-cpg236
| Speed File   : -1  PRODUCTION 1.23 2018-06-13
| Design State : Routed
---------------------------------------------------------------------------------------------------------------------------------------------------------------------------------------------------------------------------

Timing Summary Report

------------------------------------------------------------------------------------------------
| Timer Settings
| --------------
------------------------------------------------------------------------------------------------

  Enable Multi Corner Analysis               :  Yes
  Enable Pessimism Removal                   :  Yes
  Pessimism Removal Resolution               :  Nearest Common Node
  Enable Input Delay Default Clock           :  No
  Enable Preset / Clear Arcs                 :  No
  Disable Flight Delays                      :  No
  Ignore I/O Paths                           :  No
  Timing Early Launch at Borrowing Latches   :  No
  Borrow Time for Max Delay Exceptions       :  Yes
  Merge Timing Exceptions                    :  Yes
  Inter-SLR Compensation                     :  Conservative

  Corner  Analyze    Analyze    
  Name    Max Paths  Min Paths  
  ------  ---------  ---------  
  Slow    Yes        Yes        
  Fast    Yes        Yes        


------------------------------------------------------------------------------------------------
| Report Methodology
| ------------------
------------------------------------------------------------------------------------------------

Rule       Severity          Description                                         Violations  
---------  ----------------  --------------------------------------------------  ----------  
TIMING-4   Critical Warning  Invalid primary clock redefinition on a clock tree  1           
TIMING-6   Critical Warning  No common primary clock between related clocks      1           
TIMING-7   Critical Warning  No common node between related clocks               1           
TIMING-17  Critical Warning  Non-clocked sequential cell                         57          
TIMING-27  Critical Warning  Invalid primary clock on hierarchical pin           1           
TIMING-18  Warning           Missing input or output delay                       1           
TIMING-20  Warning           Non-clocked latch                                   24          
LATCH-1    Advisory          Existing latches in the design                      1           

Note: This report is based on the most recent report_methodology run and may not be up-to-date. Run report_methodology on the current design for the latest report.



check_timing report

Table of Contents
-----------------
1. checking no_clock (265)
2. checking constant_clock (0)
3. checking pulse_width_clock (0)
4. checking unconstrained_internal_endpoints (184)
5. checking no_input_delay (2)
6. checking no_output_delay (29)
7. checking multiple_clock (0)
8. checking generated_clocks (0)
9. checking loops (0)
10. checking partial_input_delay (0)
11. checking partial_output_delay (0)
12. checking latch_loops (0)

1. checking no_clock (265)
--------------------------
 There are 53 register/latch pins with no clock driven by root clock pin: i2c_baud_rate_generator/sys_tick_reg_reg/Q (HIGH)

 There is 1 register/latch pin with no clock driven by root clock pin: my_i2c_controller/FSM_sequential_command_now_reg/Q (HIGH)

 There are 16 register/latch pins with no clock driven by root clock pin: my_i2c_core/FSM_onehot_stateNow_reg[9]/Q (HIGH)

 There are 16 register/latch pins with no clock driven by root clock pin: my_i2c_core/dataBit_now_reg[0]/Q (HIGH)

 There are 16 register/latch pins with no clock driven by root clock pin: my_i2c_core/dataBit_now_reg[1]/Q (HIGH)

 There are 16 register/latch pins with no clock driven by root clock pin: my_i2c_core/dataBit_now_reg[2]/Q (HIGH)

 There are 16 register/latch pins with no clock driven by root clock pin: my_i2c_core/dataBit_now_reg[3]/Q (HIGH)

 There are 16 register/latch pins with no clock driven by root clock pin: my_i2c_core/dataBit_now_reg[4]/Q (HIGH)

 There are 16 register/latch pins with no clock driven by root clock pin: my_i2c_core/dataByte_now_reg[0]/Q (HIGH)

 There are 16 register/latch pins with no clock driven by root clock pin: my_i2c_core/dataByte_now_reg[1]/Q (HIGH)

 There are 16 register/latch pins with no clock driven by root clock pin: my_i2c_core/dataByte_now_reg[2]/Q (HIGH)

 There are 16 register/latch pins with no clock driven by root clock pin: my_i2c_core/dataByte_now_reg[3]/Q (HIGH)

 There are 16 register/latch pins with no clock driven by root clock pin: my_i2c_core/dataByte_now_reg[4]/Q (HIGH)

 There is 1 register/latch pin with no clock driven by root clock pin: my_i2c_core/i2c_transaction_complete_now_reg/Q (HIGH)

 There are 16 register/latch pins with no clock driven by root clock pin: my_i2c_core/read_write_reg_reg/Q (HIGH)

 There are 7 register/latch pins with no clock driven by root clock pin: my_seven_segment_core/count_reg[2]/Q (HIGH)

 There are 7 register/latch pins with no clock driven by root clock pin: my_seven_segment_core/count_reg[3]/Q (HIGH)

 There are 4 register/latch pins with no clock driven by root clock pin: seven_segment_baud_rate_generator/sys_tick_reg_reg/Q (HIGH)


2. checking constant_clock (0)
------------------------------
 There are 0 register/latch pins with constant_clock.


3. checking pulse_width_clock (0)
---------------------------------
 There are 0 register/latch pins which need pulse_width check


4. checking unconstrained_internal_endpoints (184)
--------------------------------------------------
 There are 184 pins that are not constrained for maximum delay. (HIGH)

 There are 0 pins that are not constrained for maximum delay due to constant clock.


5. checking no_input_delay (2)
------------------------------
 There are 2 input ports with no input delay specified. (HIGH)

 There are 0 input ports with no input delay but user has a false path constraint.


6. checking no_output_delay (29)
--------------------------------
 There are 29 ports with no output delay specified. (HIGH)

 There are 0 ports with no output delay but user has a false path constraint

 There are 0 ports with no output delay but with a timing clock defined on it or propagating through it


7. checking multiple_clock (0)
------------------------------
 There are 0 register/latch pins with multiple clocks.


8. checking generated_clocks (0)
--------------------------------
 There are 0 generated clocks that are not connected to a clock source.


9. checking loops (0)
---------------------
 There are 0 combinational loops in the design.


10. checking partial_input_delay (0)
------------------------------------
 There are 0 input ports with partial input delay specified.


11. checking partial_output_delay (0)
-------------------------------------
 There are 0 ports with partial output delay specified.


12. checking latch_loops (0)
----------------------------
 There are 0 combinational latch loops in the design through latch input



------------------------------------------------------------------------------------------------
| Design Timing Summary
| ---------------------
------------------------------------------------------------------------------------------------

    WNS(ns)      TNS(ns)  TNS Failing Endpoints  TNS Total Endpoints      WHS(ns)      THS(ns)  THS Failing Endpoints  THS Total Endpoints     WPWS(ns)     TPWS(ns)  TPWS Failing Endpoints  TPWS Total Endpoints  
    -------      -------  ---------------------  -------------------      -------      -------  ---------------------  -------------------     --------     --------  ----------------------  --------------------  
     -0.475       -2.308                      6                   94        0.249        0.000                      0                   94        3.000        0.000                       0                    57  


Timing constraints are not met.


------------------------------------------------------------------------------------------------
| Clock Summary
| -------------
------------------------------------------------------------------------------------------------

Clock                     Waveform(ns)       Period(ns)      Frequency(MHz)
-----                     ------------       ----------      --------------
clock_40mhz/inst/clk_in1  {0.000 5.000}      10.000          100.000         
  clk_out1_sys_pll        {0.000 12.500}     25.000          40.000          
  clkfbout_sys_pll        {0.000 5.000}      10.000          100.000         
sys_clk_pin               {0.000 5.000}      10.000          100.000         


------------------------------------------------------------------------------------------------
| Intra Clock Table
| -----------------
------------------------------------------------------------------------------------------------

Clock                         WNS(ns)      TNS(ns)  TNS Failing Endpoints  TNS Total Endpoints      WHS(ns)      THS(ns)  THS Failing Endpoints  THS Total Endpoints     WPWS(ns)     TPWS(ns)  TPWS Failing Endpoints  TPWS Total Endpoints  
-----                         -------      -------  ---------------------  -------------------      -------      -------  ---------------------  -------------------     --------     --------  ----------------------  --------------------  
clock_40mhz/inst/clk_in1                                                                                                                                                    3.000        0.000                       0                     1  
  clk_out1_sys_pll             21.502        0.000                      0                   11        0.277        0.000                      0                   11       12.000        0.000                       0                     8  
  clkfbout_sys_pll                                                                                                                                                          7.845        0.000                       0                     3  
sys_clk_pin                     3.422        0.000                      0                   83        0.249        0.000                      0                   83        4.500        0.000                       0                    45  


------------------------------------------------------------------------------------------------
| Inter Clock Table
| -----------------
------------------------------------------------------------------------------------------------

From Clock        To Clock              WNS(ns)      TNS(ns)  TNS Failing Endpoints  TNS Total Endpoints      WHS(ns)      THS(ns)  THS Failing Endpoints  THS Total Endpoints  
----------        --------              -------      -------  ---------------------  -------------------      -------      -------  ---------------------  -------------------  
sys_clk_pin       clk_out1_sys_pll       -0.475       -2.308                      6                    6        0.737        0.000                      0                    6  


------------------------------------------------------------------------------------------------
| Other Path Groups Table
| -----------------------
------------------------------------------------------------------------------------------------

Path Group    From Clock    To Clock          WNS(ns)      TNS(ns)  TNS Failing Endpoints  TNS Total Endpoints      WHS(ns)      THS(ns)  THS Failing Endpoints  THS Total Endpoints  
----------    ----------    --------          -------      -------  ---------------------  -------------------      -------      -------  ---------------------  -------------------  


------------------------------------------------------------------------------------------------
| User Ignored Path Table
| -----------------------
------------------------------------------------------------------------------------------------

Path Group    From Clock    To Clock    
----------    ----------    --------    


------------------------------------------------------------------------------------------------
| Unconstrained Path Table
| ------------------------
------------------------------------------------------------------------------------------------

Path Group        From Clock        To Clock        
----------        ----------        --------        
(none)                                                
(none)            clkfbout_sys_pll                    
(none)            sys_clk_pin                         
(none)                              sys_clk_pin       


------------------------------------------------------------------------------------------------
| Timing Details
| --------------
------------------------------------------------------------------------------------------------


---------------------------------------------------------------------------------------------------
From Clock:  clock_40mhz/inst/clk_in1
  To Clock:  clock_40mhz/inst/clk_in1

Setup :           NA  Failing Endpoints,  Worst Slack           NA  ,  Total Violation           NA
Hold  :           NA  Failing Endpoints,  Worst Slack           NA  ,  Total Violation           NA
PW    :            0  Failing Endpoints,  Worst Slack        3.000ns,  Total Violation        0.000ns
---------------------------------------------------------------------------------------------------


Pulse Width Checks
--------------------------------------------------------------------------------------
Clock Name:         clock_40mhz/inst/clk_in1
Waveform(ns):       { 0.000 5.000 }
Period(ns):         10.000
Sources:            { clock_40mhz/inst/clk_in1 }

Check Type        Corner  Lib Pin            Reference Pin  Required(ns)  Actual(ns)  Slack(ns)  Location         Pin
Min Period        n/a     MMCME2_ADV/CLKIN1  n/a            1.249         10.000      8.751      MMCME2_ADV_X1Y0  clock_40mhz/inst/mmcm_adv_inst/CLKIN1
Max Period        n/a     MMCME2_ADV/CLKIN1  n/a            100.000       10.000      90.000     MMCME2_ADV_X1Y0  clock_40mhz/inst/mmcm_adv_inst/CLKIN1
Low Pulse Width   Slow    MMCME2_ADV/CLKIN1  n/a            2.000         5.000       3.000      MMCME2_ADV_X1Y0  clock_40mhz/inst/mmcm_adv_inst/CLKIN1
Low Pulse Width   Fast    MMCME2_ADV/CLKIN1  n/a            2.000         5.000       3.000      MMCME2_ADV_X1Y0  clock_40mhz/inst/mmcm_adv_inst/CLKIN1
High Pulse Width  Slow    MMCME2_ADV/CLKIN1  n/a            2.000         5.000       3.000      MMCME2_ADV_X1Y0  clock_40mhz/inst/mmcm_adv_inst/CLKIN1
High Pulse Width  Fast    MMCME2_ADV/CLKIN1  n/a            2.000         5.000       3.000      MMCME2_ADV_X1Y0  clock_40mhz/inst/mmcm_adv_inst/CLKIN1



---------------------------------------------------------------------------------------------------
From Clock:  clk_out1_sys_pll
  To Clock:  clk_out1_sys_pll

Setup :            0  Failing Endpoints,  Worst Slack       21.502ns,  Total Violation        0.000ns
Hold  :            0  Failing Endpoints,  Worst Slack        0.277ns,  Total Violation        0.000ns
PW    :            0  Failing Endpoints,  Worst Slack       12.000ns,  Total Violation        0.000ns
---------------------------------------------------------------------------------------------------


Max Delay Paths
--------------------------------------------------------------------------------------
Slack (MET) :             21.502ns  (required time - arrival time)
  Source:                 i2c_baud_rate_generator/counterTick_reg[0]/C
                            (rising edge-triggered cell FDRE clocked by clk_out1_sys_pll  {rise@0.000ns fall@12.500ns period=25.000ns})
  Destination:            i2c_baud_rate_generator/counterTick_reg[2]/D
                            (rising edge-triggered cell FDRE clocked by clk_out1_sys_pll  {rise@0.000ns fall@12.500ns period=25.000ns})
  Path Group:             clk_out1_sys_pll
  Path Type:              Setup (Max at Slow Process Corner)
  Requirement:            25.000ns  (clk_out1_sys_pll rise@25.000ns - clk_out1_sys_pll rise@0.000ns)
  Data Path Delay:        3.220ns  (logic 1.189ns (36.925%)  route 2.031ns (63.075%))
  Logic Levels:           2  (CARRY4=1 LUT1=1)
  Clock Path Skew:        0.000ns (DCD - SCD + CPR)
    Destination Clock Delay (DCD):    1.441ns = ( 26.441 - 25.000 ) 
    Source Clock Delay      (SCD):    1.561ns
    Clock Pessimism Removal (CPR):    0.120ns
  Clock Uncertainty:      0.087ns  ((TSJ^2 + DJ^2)^1/2) / 2 + PE
    Total System Jitter     (TSJ):    0.071ns
    Discrete Jitter          (DJ):    0.159ns
    Phase Error              (PE):    0.000ns

    Location             Delay type                Incr(ns)  Path(ns)    Netlist Resource(s)
  -------------------------------------------------------------------    -------------------
                         (clock clk_out1_sys_pll rise edge)
                                                      0.000     0.000 r  
    BUFGCTRL_X0Y1        BUFG                         0.000     0.000 r  sys_clk_IBUF_BUFG_inst/O
                         net (fo=45, routed)          1.575     1.575    clock_40mhz/inst/clk_in1
    MMCME2_ADV_X1Y0      MMCME2_ADV (Prop_mmcme2_adv_CLKIN1_CLKOUT0)
                                                     -3.333    -1.757 r  clock_40mhz/inst/mmcm_adv_inst/CLKOUT0
                         net (fo=1, routed)           1.661    -0.096    clock_40mhz/inst/clk_out1_sys_pll
    BUFGCTRL_X0Y2        BUFG (Prop_bufg_I_O)         0.096    -0.000 r  clock_40mhz/inst/clkout1_buf/O
                         net (fo=6, routed)           1.561     1.561    i2c_baud_rate_generator/clk_out1
    SLICE_X38Y37         FDRE                                         r  i2c_baud_rate_generator/counterTick_reg[0]/C
  -------------------------------------------------------------------    -------------------
    SLICE_X38Y37         FDRE (Prop_fdre_C_Q)         0.518     2.079 f  i2c_baud_rate_generator/counterTick_reg[0]/Q
                         net (fo=3, routed)           1.402     3.481    i2c_baud_rate_generator/counterTick_reg[0]
    SLICE_X43Y36         LUT1 (Prop_lut1_I0_O)        0.124     3.605 r  i2c_baud_rate_generator/counterTick[0]_i_3__0/O
                         net (fo=1, routed)           0.000     3.605    i2c_baud_rate_generator/counterTick[0]_i_3__0_n_0
    SLICE_X43Y36         CARRY4 (Prop_carry4_S[0]_O[2])
                                                      0.547     4.152 r  i2c_baud_rate_generator/counterTick_reg[0]_i_2__0/O[2]
                         net (fo=1, routed)           0.629     4.781    i2c_baud_rate_generator/counterTick_reg[0]_i_2__0_n_5
    SLICE_X38Y37         FDRE                                         r  i2c_baud_rate_generator/counterTick_reg[2]/D
  -------------------------------------------------------------------    -------------------

                         (clock clk_out1_sys_pll rise edge)
                                                     25.000    25.000 r  
    BUFGCTRL_X0Y1        BUFG                         0.000    25.000 r  sys_clk_IBUF_BUFG_inst/O
                         net (fo=45, routed)          1.457    26.457    clock_40mhz/inst/clk_in1
    MMCME2_ADV_X1Y0      MMCME2_ADV (Prop_mmcme2_adv_CLKIN1_CLKOUT0)
                                                     -3.129    23.328 r  clock_40mhz/inst/mmcm_adv_inst/CLKOUT0
                         net (fo=1, routed)           1.581    24.909    clock_40mhz/inst/clk_out1_sys_pll
    BUFGCTRL_X0Y2        BUFG (Prop_bufg_I_O)         0.091    25.000 r  clock_40mhz/inst/clkout1_buf/O
                         net (fo=6, routed)           1.441    26.441    i2c_baud_rate_generator/clk_out1
    SLICE_X38Y37         FDRE                                         r  i2c_baud_rate_generator/counterTick_reg[2]/C
                         clock pessimism              0.120    26.561    
                         clock uncertainty           -0.087    26.474    
    SLICE_X38Y37         FDRE (Setup_fdre_C_D)       -0.191    26.283    i2c_baud_rate_generator/counterTick_reg[2]
  -------------------------------------------------------------------
                         required time                         26.283    
                         arrival time                          -4.781    
  -------------------------------------------------------------------
                         slack                                 21.502    

Slack (MET) :             21.574ns  (required time - arrival time)
  Source:                 i2c_baud_rate_generator/counterTick_reg[0]/C
                            (rising edge-triggered cell FDRE clocked by clk_out1_sys_pll  {rise@0.000ns fall@12.500ns period=25.000ns})
  Destination:            i2c_baud_rate_generator/counterTick_reg[3]/D
                            (rising edge-triggered cell FDRE clocked by clk_out1_sys_pll  {rise@0.000ns fall@12.500ns period=25.000ns})
  Path Group:             clk_out1_sys_pll
  Path Type:              Setup (Max at Slow Process Corner)
  Requirement:            25.000ns  (clk_out1_sys_pll rise@25.000ns - clk_out1_sys_pll rise@0.000ns)
  Data Path Delay:        3.141ns  (logic 1.248ns (39.731%)  route 1.893ns (60.269%))
  Logic Levels:           2  (CARRY4=1 LUT1=1)
  Clock Path Skew:        0.000ns (DCD - SCD + CPR)
    Destination Clock Delay (DCD):    1.441ns = ( 26.441 - 25.000 ) 
    Source Clock Delay      (SCD):    1.561ns
    Clock Pessimism Removal (CPR):    0.120ns
  Clock Uncertainty:      0.087ns  ((TSJ^2 + DJ^2)^1/2) / 2 + PE
    Total System Jitter     (TSJ):    0.071ns
    Discrete Jitter          (DJ):    0.159ns
    Phase Error              (PE):    0.000ns

    Location             Delay type                Incr(ns)  Path(ns)    Netlist Resource(s)
  -------------------------------------------------------------------    -------------------
                         (clock clk_out1_sys_pll rise edge)
                                                      0.000     0.000 r  
    BUFGCTRL_X0Y1        BUFG                         0.000     0.000 r  sys_clk_IBUF_BUFG_inst/O
                         net (fo=45, routed)          1.575     1.575    clock_40mhz/inst/clk_in1
    MMCME2_ADV_X1Y0      MMCME2_ADV (Prop_mmcme2_adv_CLKIN1_CLKOUT0)
                                                     -3.333    -1.757 r  clock_40mhz/inst/mmcm_adv_inst/CLKOUT0
                         net (fo=1, routed)           1.661    -0.096    clock_40mhz/inst/clk_out1_sys_pll
    BUFGCTRL_X0Y2        BUFG (Prop_bufg_I_O)         0.096    -0.000 r  clock_40mhz/inst/clkout1_buf/O
                         net (fo=6, routed)           1.561     1.561    i2c_baud_rate_generator/clk_out1
    SLICE_X38Y37         FDRE                                         r  i2c_baud_rate_generator/counterTick_reg[0]/C
  -------------------------------------------------------------------    -------------------
    SLICE_X38Y37         FDRE (Prop_fdre_C_Q)         0.518     2.079 f  i2c_baud_rate_generator/counterTick_reg[0]/Q
                         net (fo=3, routed)           1.402     3.481    i2c_baud_rate_generator/counterTick_reg[0]
    SLICE_X43Y36         LUT1 (Prop_lut1_I0_O)        0.124     3.605 r  i2c_baud_rate_generator/counterTick[0]_i_3__0/O
                         net (fo=1, routed)           0.000     3.605    i2c_baud_rate_generator/counterTick[0]_i_3__0_n_0
    SLICE_X43Y36         CARRY4 (Prop_carry4_S[0]_O[3])
                                                      0.606     4.211 r  i2c_baud_rate_generator/counterTick_reg[0]_i_2__0/O[3]
                         net (fo=1, routed)           0.491     4.703    i2c_baud_rate_generator/counterTick_reg[0]_i_2__0_n_4
    SLICE_X38Y37         FDRE                                         r  i2c_baud_rate_generator/counterTick_reg[3]/D
  -------------------------------------------------------------------    -------------------

                         (clock clk_out1_sys_pll rise edge)
                                                     25.000    25.000 r  
    BUFGCTRL_X0Y1        BUFG                         0.000    25.000 r  sys_clk_IBUF_BUFG_inst/O
                         net (fo=45, routed)          1.457    26.457    clock_40mhz/inst/clk_in1
    MMCME2_ADV_X1Y0      MMCME2_ADV (Prop_mmcme2_adv_CLKIN1_CLKOUT0)
                                                     -3.129    23.328 r  clock_40mhz/inst/mmcm_adv_inst/CLKOUT0
                         net (fo=1, routed)           1.581    24.909    clock_40mhz/inst/clk_out1_sys_pll
    BUFGCTRL_X0Y2        BUFG (Prop_bufg_I_O)         0.091    25.000 r  clock_40mhz/inst/clkout1_buf/O
                         net (fo=6, routed)           1.441    26.441    i2c_baud_rate_generator/clk_out1
    SLICE_X38Y37         FDRE                                         r  i2c_baud_rate_generator/counterTick_reg[3]/C
                         clock pessimism              0.120    26.561    
                         clock uncertainty           -0.087    26.474    
    SLICE_X38Y37         FDRE (Setup_fdre_C_D)       -0.198    26.276    i2c_baud_rate_generator/counterTick_reg[3]
  -------------------------------------------------------------------
                         required time                         26.276    
                         arrival time                          -4.703    
  -------------------------------------------------------------------
                         slack                                 21.574    

Slack (MET) :             21.750ns  (required time - arrival time)
  Source:                 i2c_baud_rate_generator/counterTick_reg[0]/C
                            (rising edge-triggered cell FDRE clocked by clk_out1_sys_pll  {rise@0.000ns fall@12.500ns period=25.000ns})
  Destination:            i2c_baud_rate_generator/counterTick_reg[1]/D
                            (rising edge-triggered cell FDRE clocked by clk_out1_sys_pll  {rise@0.000ns fall@12.500ns period=25.000ns})
  Path Group:             clk_out1_sys_pll
  Path Type:              Setup (Max at Slow Process Corner)
  Requirement:            25.000ns  (clk_out1_sys_pll rise@25.000ns - clk_out1_sys_pll rise@0.000ns)
  Data Path Delay:        2.937ns  (logic 1.066ns (36.292%)  route 1.871ns (63.708%))
  Logic Levels:           2  (CARRY4=1 LUT1=1)
  Clock Path Skew:        0.000ns (DCD - SCD + CPR)
    Destination Clock Delay (DCD):    1.441ns = ( 26.441 - 25.000 ) 
    Source Clock Delay      (SCD):    1.561ns
    Clock Pessimism Removal (CPR):    0.120ns
  Clock Uncertainty:      0.087ns  ((TSJ^2 + DJ^2)^1/2) / 2 + PE
    Total System Jitter     (TSJ):    0.071ns
    Discrete Jitter          (DJ):    0.159ns
    Phase Error              (PE):    0.000ns

    Location             Delay type                Incr(ns)  Path(ns)    Netlist Resource(s)
  -------------------------------------------------------------------    -------------------
                         (clock clk_out1_sys_pll rise edge)
                                                      0.000     0.000 r  
    BUFGCTRL_X0Y1        BUFG                         0.000     0.000 r  sys_clk_IBUF_BUFG_inst/O
                         net (fo=45, routed)          1.575     1.575    clock_40mhz/inst/clk_in1
    MMCME2_ADV_X1Y0      MMCME2_ADV (Prop_mmcme2_adv_CLKIN1_CLKOUT0)
                                                     -3.333    -1.757 r  clock_40mhz/inst/mmcm_adv_inst/CLKOUT0
                         net (fo=1, routed)           1.661    -0.096    clock_40mhz/inst/clk_out1_sys_pll
    BUFGCTRL_X0Y2        BUFG (Prop_bufg_I_O)         0.096    -0.000 r  clock_40mhz/inst/clkout1_buf/O
                         net (fo=6, routed)           1.561     1.561    i2c_baud_rate_generator/clk_out1
    SLICE_X38Y37         FDRE                                         r  i2c_baud_rate_generator/counterTick_reg[0]/C
  -------------------------------------------------------------------    -------------------
    SLICE_X38Y37         FDRE (Prop_fdre_C_Q)         0.518     2.079 f  i2c_baud_rate_generator/counterTick_reg[0]/Q
                         net (fo=3, routed)           1.402     3.481    i2c_baud_rate_generator/counterTick_reg[0]
    SLICE_X43Y36         LUT1 (Prop_lut1_I0_O)        0.124     3.605 r  i2c_baud_rate_generator/counterTick[0]_i_3__0/O
                         net (fo=1, routed)           0.000     3.605    i2c_baud_rate_generator/counterTick[0]_i_3__0_n_0
    SLICE_X43Y36         CARRY4 (Prop_carry4_S[0]_O[1])
                                                      0.424     4.029 r  i2c_baud_rate_generator/counterTick_reg[0]_i_2__0/O[1]
                         net (fo=1, routed)           0.470     4.499    i2c_baud_rate_generator/counterTick_reg[0]_i_2__0_n_6
    SLICE_X38Y37         FDRE                                         r  i2c_baud_rate_generator/counterTick_reg[1]/D
  -------------------------------------------------------------------    -------------------

                         (clock clk_out1_sys_pll rise edge)
                                                     25.000    25.000 r  
    BUFGCTRL_X0Y1        BUFG                         0.000    25.000 r  sys_clk_IBUF_BUFG_inst/O
                         net (fo=45, routed)          1.457    26.457    clock_40mhz/inst/clk_in1
    MMCME2_ADV_X1Y0      MMCME2_ADV (Prop_mmcme2_adv_CLKIN1_CLKOUT0)
                                                     -3.129    23.328 r  clock_40mhz/inst/mmcm_adv_inst/CLKOUT0
                         net (fo=1, routed)           1.581    24.909    clock_40mhz/inst/clk_out1_sys_pll
    BUFGCTRL_X0Y2        BUFG (Prop_bufg_I_O)         0.091    25.000 r  clock_40mhz/inst/clkout1_buf/O
                         net (fo=6, routed)           1.441    26.441    i2c_baud_rate_generator/clk_out1
    SLICE_X38Y37         FDRE                                         r  i2c_baud_rate_generator/counterTick_reg[1]/C
                         clock pessimism              0.120    26.561    
                         clock uncertainty           -0.087    26.474    
    SLICE_X38Y37         FDRE (Setup_fdre_C_D)       -0.226    26.248    i2c_baud_rate_generator/counterTick_reg[1]
  -------------------------------------------------------------------
                         required time                         26.248    
                         arrival time                          -4.499    
  -------------------------------------------------------------------
                         slack                                 21.750    

Slack (MET) :             21.785ns  (required time - arrival time)
  Source:                 i2c_baud_rate_generator/counterTick_reg[0]/C
                            (rising edge-triggered cell FDRE clocked by clk_out1_sys_pll  {rise@0.000ns fall@12.500ns period=25.000ns})
  Destination:            i2c_baud_rate_generator/counterTick_reg[0]/D
                            (rising edge-triggered cell FDRE clocked by clk_out1_sys_pll  {rise@0.000ns fall@12.500ns period=25.000ns})
  Path Group:             clk_out1_sys_pll
  Path Type:              Setup (Max at Slow Process Corner)
  Requirement:            25.000ns  (clk_out1_sys_pll rise@25.000ns - clk_out1_sys_pll rise@0.000ns)
  Data Path Delay:        2.908ns  (logic 0.889ns (30.575%)  route 2.019ns (69.425%))
  Logic Levels:           2  (CARRY4=1 LUT1=1)
  Clock Path Skew:        0.000ns (DCD - SCD + CPR)
    Destination Clock Delay (DCD):    1.441ns = ( 26.441 - 25.000 ) 
    Source Clock Delay      (SCD):    1.561ns
    Clock Pessimism Removal (CPR):    0.120ns
  Clock Uncertainty:      0.087ns  ((TSJ^2 + DJ^2)^1/2) / 2 + PE
    Total System Jitter     (TSJ):    0.071ns
    Discrete Jitter          (DJ):    0.159ns
    Phase Error              (PE):    0.000ns

    Location             Delay type                Incr(ns)  Path(ns)    Netlist Resource(s)
  -------------------------------------------------------------------    -------------------
                         (clock clk_out1_sys_pll rise edge)
                                                      0.000     0.000 r  
    BUFGCTRL_X0Y1        BUFG                         0.000     0.000 r  sys_clk_IBUF_BUFG_inst/O
                         net (fo=45, routed)          1.575     1.575    clock_40mhz/inst/clk_in1
    MMCME2_ADV_X1Y0      MMCME2_ADV (Prop_mmcme2_adv_CLKIN1_CLKOUT0)
                                                     -3.333    -1.757 r  clock_40mhz/inst/mmcm_adv_inst/CLKOUT0
                         net (fo=1, routed)           1.661    -0.096    clock_40mhz/inst/clk_out1_sys_pll
    BUFGCTRL_X0Y2        BUFG (Prop_bufg_I_O)         0.096    -0.000 r  clock_40mhz/inst/clkout1_buf/O
                         net (fo=6, routed)           1.561     1.561    i2c_baud_rate_generator/clk_out1
    SLICE_X38Y37         FDRE                                         r  i2c_baud_rate_generator/counterTick_reg[0]/C
  -------------------------------------------------------------------    -------------------
    SLICE_X38Y37         FDRE (Prop_fdre_C_Q)         0.518     2.079 f  i2c_baud_rate_generator/counterTick_reg[0]/Q
                         net (fo=3, routed)           1.402     3.481    i2c_baud_rate_generator/counterTick_reg[0]
    SLICE_X43Y36         LUT1 (Prop_lut1_I0_O)        0.124     3.605 r  i2c_baud_rate_generator/counterTick[0]_i_3__0/O
                         net (fo=1, routed)           0.000     3.605    i2c_baud_rate_generator/counterTick[0]_i_3__0_n_0
    SLICE_X43Y36         CARRY4 (Prop_carry4_S[0]_O[0])
                                                      0.247     3.852 r  i2c_baud_rate_generator/counterTick_reg[0]_i_2__0/O[0]
                         net (fo=1, routed)           0.617     4.469    i2c_baud_rate_generator/counterTick_reg[0]_i_2__0_n_7
    SLICE_X38Y37         FDRE                                         r  i2c_baud_rate_generator/counterTick_reg[0]/D
  -------------------------------------------------------------------    -------------------

                         (clock clk_out1_sys_pll rise edge)
                                                     25.000    25.000 r  
    BUFGCTRL_X0Y1        BUFG                         0.000    25.000 r  sys_clk_IBUF_BUFG_inst/O
                         net (fo=45, routed)          1.457    26.457    clock_40mhz/inst/clk_in1
    MMCME2_ADV_X1Y0      MMCME2_ADV (Prop_mmcme2_adv_CLKIN1_CLKOUT0)
                                                     -3.129    23.328 r  clock_40mhz/inst/mmcm_adv_inst/CLKOUT0
                         net (fo=1, routed)           1.581    24.909    clock_40mhz/inst/clk_out1_sys_pll
    BUFGCTRL_X0Y2        BUFG (Prop_bufg_I_O)         0.091    25.000 r  clock_40mhz/inst/clkout1_buf/O
                         net (fo=6, routed)           1.441    26.441    i2c_baud_rate_generator/clk_out1
    SLICE_X38Y37         FDRE                                         r  i2c_baud_rate_generator/counterTick_reg[0]/C
                         clock pessimism              0.120    26.561    
                         clock uncertainty           -0.087    26.474    
    SLICE_X38Y37         FDRE (Setup_fdre_C_D)       -0.220    26.254    i2c_baud_rate_generator/counterTick_reg[0]
  -------------------------------------------------------------------
                         required time                         26.254    
                         arrival time                          -4.469    
  -------------------------------------------------------------------
                         slack                                 21.785    

Slack (MET) :             22.138ns  (required time - arrival time)
  Source:                 i2c_baud_rate_generator/counterTick_reg[0]/C
                            (rising edge-triggered cell FDRE clocked by clk_out1_sys_pll  {rise@0.000ns fall@12.500ns period=25.000ns})
  Destination:            i2c_baud_rate_generator/counterTick_reg[4]/D
                            (rising edge-triggered cell FDRE clocked by clk_out1_sys_pll  {rise@0.000ns fall@12.500ns period=25.000ns})
  Path Group:             clk_out1_sys_pll
  Path Type:              Setup (Max at Slow Process Corner)
  Requirement:            25.000ns  (clk_out1_sys_pll rise@25.000ns - clk_out1_sys_pll rise@0.000ns)
  Data Path Delay:        2.799ns  (logic 1.397ns (49.917%)  route 1.402ns (50.083%))
  Logic Levels:           3  (CARRY4=2 LUT1=1)
  Clock Path Skew:        -0.038ns (DCD - SCD + CPR)
    Destination Clock Delay (DCD):    1.443ns = ( 26.443 - 25.000 ) 
    Source Clock Delay      (SCD):    1.561ns
    Clock Pessimism Removal (CPR):    0.080ns
  Clock Uncertainty:      0.087ns  ((TSJ^2 + DJ^2)^1/2) / 2 + PE
    Total System Jitter     (TSJ):    0.071ns
    Discrete Jitter          (DJ):    0.159ns
    Phase Error              (PE):    0.000ns

    Location             Delay type                Incr(ns)  Path(ns)    Netlist Resource(s)
  -------------------------------------------------------------------    -------------------
                         (clock clk_out1_sys_pll rise edge)
                                                      0.000     0.000 r  
    BUFGCTRL_X0Y1        BUFG                         0.000     0.000 r  sys_clk_IBUF_BUFG_inst/O
                         net (fo=45, routed)          1.575     1.575    clock_40mhz/inst/clk_in1
    MMCME2_ADV_X1Y0      MMCME2_ADV (Prop_mmcme2_adv_CLKIN1_CLKOUT0)
                                                     -3.333    -1.757 r  clock_40mhz/inst/mmcm_adv_inst/CLKOUT0
                         net (fo=1, routed)           1.661    -0.096    clock_40mhz/inst/clk_out1_sys_pll
    BUFGCTRL_X0Y2        BUFG (Prop_bufg_I_O)         0.096    -0.000 r  clock_40mhz/inst/clkout1_buf/O
                         net (fo=6, routed)           1.561     1.561    i2c_baud_rate_generator/clk_out1
    SLICE_X38Y37         FDRE                                         r  i2c_baud_rate_generator/counterTick_reg[0]/C
  -------------------------------------------------------------------    -------------------
    SLICE_X38Y37         FDRE (Prop_fdre_C_Q)         0.518     2.079 f  i2c_baud_rate_generator/counterTick_reg[0]/Q
                         net (fo=3, routed)           1.402     3.481    i2c_baud_rate_generator/counterTick_reg[0]
    SLICE_X43Y36         LUT1 (Prop_lut1_I0_O)        0.124     3.605 r  i2c_baud_rate_generator/counterTick[0]_i_3__0/O
                         net (fo=1, routed)           0.000     3.605    i2c_baud_rate_generator/counterTick[0]_i_3__0_n_0
    SLICE_X43Y36         CARRY4 (Prop_carry4_S[0]_CO[3])
                                                      0.532     4.137 r  i2c_baud_rate_generator/counterTick_reg[0]_i_2__0/CO[3]
                         net (fo=1, routed)           0.000     4.137    i2c_baud_rate_generator/counterTick_reg[0]_i_2__0_n_0
    SLICE_X43Y37         CARRY4 (Prop_carry4_CI_O[0])
                                                      0.223     4.360 r  i2c_baud_rate_generator/counterTick_reg[4]_i_1__0/O[0]
                         net (fo=1, routed)           0.000     4.360    i2c_baud_rate_generator/counterTick_reg[4]_i_1__0_n_7
    SLICE_X43Y37         FDRE                                         r  i2c_baud_rate_generator/counterTick_reg[4]/D
  -------------------------------------------------------------------    -------------------

                         (clock clk_out1_sys_pll rise edge)
                                                     25.000    25.000 r  
    BUFGCTRL_X0Y1        BUFG                         0.000    25.000 r  sys_clk_IBUF_BUFG_inst/O
                         net (fo=45, routed)          1.457    26.457    clock_40mhz/inst/clk_in1
    MMCME2_ADV_X1Y0      MMCME2_ADV (Prop_mmcme2_adv_CLKIN1_CLKOUT0)
                                                     -3.129    23.328 r  clock_40mhz/inst/mmcm_adv_inst/CLKOUT0
                         net (fo=1, routed)           1.581    24.909    clock_40mhz/inst/clk_out1_sys_pll
    BUFGCTRL_X0Y2        BUFG (Prop_bufg_I_O)         0.091    25.000 r  clock_40mhz/inst/clkout1_buf/O
                         net (fo=6, routed)           1.443    26.443    i2c_baud_rate_generator/clk_out1
    SLICE_X43Y37         FDRE                                         r  i2c_baud_rate_generator/counterTick_reg[4]/C
                         clock pessimism              0.080    26.523    
                         clock uncertainty           -0.087    26.436    
    SLICE_X43Y37         FDRE (Setup_fdre_C_D)        0.062    26.498    i2c_baud_rate_generator/counterTick_reg[4]
  -------------------------------------------------------------------
                         required time                         26.498    
                         arrival time                          -4.360    
  -------------------------------------------------------------------
                         slack                                 22.138    

Slack (MET) :             22.422ns  (required time - arrival time)
  Source:                 i2c_baud_rate_generator/counterTick_reg[0]/C
                            (rising edge-triggered cell FDRE clocked by clk_out1_sys_pll  {rise@0.000ns fall@12.500ns period=25.000ns})
  Destination:            i2c_baud_rate_generator/counterTick_reg[0]/R
                            (rising edge-triggered cell FDRE clocked by clk_out1_sys_pll  {rise@0.000ns fall@12.500ns period=25.000ns})
  Path Group:             clk_out1_sys_pll
  Path Type:              Setup (Max at Slow Process Corner)
  Requirement:            25.000ns  (clk_out1_sys_pll rise@25.000ns - clk_out1_sys_pll rise@0.000ns)
  Data Path Delay:        1.967ns  (logic 0.642ns (32.634%)  route 1.325ns (67.366%))
  Logic Levels:           1  (LUT6=1)
  Clock Path Skew:        0.000ns (DCD - SCD + CPR)
    Destination Clock Delay (DCD):    1.441ns = ( 26.441 - 25.000 ) 
    Source Clock Delay      (SCD):    1.561ns
    Clock Pessimism Removal (CPR):    0.120ns
  Clock Uncertainty:      0.087ns  ((TSJ^2 + DJ^2)^1/2) / 2 + PE
    Total System Jitter     (TSJ):    0.071ns
    Discrete Jitter          (DJ):    0.159ns
    Phase Error              (PE):    0.000ns

    Location             Delay type                Incr(ns)  Path(ns)    Netlist Resource(s)
  -------------------------------------------------------------------    -------------------
                         (clock clk_out1_sys_pll rise edge)
                                                      0.000     0.000 r  
    BUFGCTRL_X0Y1        BUFG                         0.000     0.000 r  sys_clk_IBUF_BUFG_inst/O
                         net (fo=45, routed)          1.575     1.575    clock_40mhz/inst/clk_in1
    MMCME2_ADV_X1Y0      MMCME2_ADV (Prop_mmcme2_adv_CLKIN1_CLKOUT0)
                                                     -3.333    -1.757 r  clock_40mhz/inst/mmcm_adv_inst/CLKOUT0
                         net (fo=1, routed)           1.661    -0.096    clock_40mhz/inst/clk_out1_sys_pll
    BUFGCTRL_X0Y2        BUFG (Prop_bufg_I_O)         0.096    -0.000 r  clock_40mhz/inst/clkout1_buf/O
                         net (fo=6, routed)           1.561     1.561    i2c_baud_rate_generator/clk_out1
    SLICE_X38Y37         FDRE                                         r  i2c_baud_rate_generator/counterTick_reg[0]/C
  -------------------------------------------------------------------    -------------------
    SLICE_X38Y37         FDRE (Prop_fdre_C_Q)         0.518     2.079 f  i2c_baud_rate_generator/counterTick_reg[0]/Q
                         net (fo=3, routed)           0.965     3.044    i2c_baud_rate_generator/counterTick_reg[0]
    SLICE_X40Y37         LUT6 (Prop_lut6_I4_O)        0.124     3.168 r  i2c_baud_rate_generator/counterTick[0]_i_1__0/O
                         net (fo=5, routed)           0.361     3.529    i2c_baud_rate_generator/counterTick[0]_i_1__0_n_0
    SLICE_X38Y37         FDRE                                         r  i2c_baud_rate_generator/counterTick_reg[0]/R
  -------------------------------------------------------------------    -------------------

                         (clock clk_out1_sys_pll rise edge)
                                                     25.000    25.000 r  
    BUFGCTRL_X0Y1        BUFG                         0.000    25.000 r  sys_clk_IBUF_BUFG_inst/O
                         net (fo=45, routed)          1.457    26.457    clock_40mhz/inst/clk_in1
    MMCME2_ADV_X1Y0      MMCME2_ADV (Prop_mmcme2_adv_CLKIN1_CLKOUT0)
                                                     -3.129    23.328 r  clock_40mhz/inst/mmcm_adv_inst/CLKOUT0
                         net (fo=1, routed)           1.581    24.909    clock_40mhz/inst/clk_out1_sys_pll
    BUFGCTRL_X0Y2        BUFG (Prop_bufg_I_O)         0.091    25.000 r  clock_40mhz/inst/clkout1_buf/O
                         net (fo=6, routed)           1.441    26.441    i2c_baud_rate_generator/clk_out1
    SLICE_X38Y37         FDRE                                         r  i2c_baud_rate_generator/counterTick_reg[0]/C
                         clock pessimism              0.120    26.561    
                         clock uncertainty           -0.087    26.474    
    SLICE_X38Y37         FDRE (Setup_fdre_C_R)       -0.524    25.950    i2c_baud_rate_generator/counterTick_reg[0]
  -------------------------------------------------------------------
                         required time                         25.950    
                         arrival time                          -3.529    
  -------------------------------------------------------------------
                         slack                                 22.422    

Slack (MET) :             22.422ns  (required time - arrival time)
  Source:                 i2c_baud_rate_generator/counterTick_reg[0]/C
                            (rising edge-triggered cell FDRE clocked by clk_out1_sys_pll  {rise@0.000ns fall@12.500ns period=25.000ns})
  Destination:            i2c_baud_rate_generator/counterTick_reg[1]/R
                            (rising edge-triggered cell FDRE clocked by clk_out1_sys_pll  {rise@0.000ns fall@12.500ns period=25.000ns})
  Path Group:             clk_out1_sys_pll
  Path Type:              Setup (Max at Slow Process Corner)
  Requirement:            25.000ns  (clk_out1_sys_pll rise@25.000ns - clk_out1_sys_pll rise@0.000ns)
  Data Path Delay:        1.967ns  (logic 0.642ns (32.634%)  route 1.325ns (67.366%))
  Logic Levels:           1  (LUT6=1)
  Clock Path Skew:        0.000ns (DCD - SCD + CPR)
    Destination Clock Delay (DCD):    1.441ns = ( 26.441 - 25.000 ) 
    Source Clock Delay      (SCD):    1.561ns
    Clock Pessimism Removal (CPR):    0.120ns
  Clock Uncertainty:      0.087ns  ((TSJ^2 + DJ^2)^1/2) / 2 + PE
    Total System Jitter     (TSJ):    0.071ns
    Discrete Jitter          (DJ):    0.159ns
    Phase Error              (PE):    0.000ns

    Location             Delay type                Incr(ns)  Path(ns)    Netlist Resource(s)
  -------------------------------------------------------------------    -------------------
                         (clock clk_out1_sys_pll rise edge)
                                                      0.000     0.000 r  
    BUFGCTRL_X0Y1        BUFG                         0.000     0.000 r  sys_clk_IBUF_BUFG_inst/O
                         net (fo=45, routed)          1.575     1.575    clock_40mhz/inst/clk_in1
    MMCME2_ADV_X1Y0      MMCME2_ADV (Prop_mmcme2_adv_CLKIN1_CLKOUT0)
                                                     -3.333    -1.757 r  clock_40mhz/inst/mmcm_adv_inst/CLKOUT0
                         net (fo=1, routed)           1.661    -0.096    clock_40mhz/inst/clk_out1_sys_pll
    BUFGCTRL_X0Y2        BUFG (Prop_bufg_I_O)         0.096    -0.000 r  clock_40mhz/inst/clkout1_buf/O
                         net (fo=6, routed)           1.561     1.561    i2c_baud_rate_generator/clk_out1
    SLICE_X38Y37         FDRE                                         r  i2c_baud_rate_generator/counterTick_reg[0]/C
  -------------------------------------------------------------------    -------------------
    SLICE_X38Y37         FDRE (Prop_fdre_C_Q)         0.518     2.079 f  i2c_baud_rate_generator/counterTick_reg[0]/Q
                         net (fo=3, routed)           0.965     3.044    i2c_baud_rate_generator/counterTick_reg[0]
    SLICE_X40Y37         LUT6 (Prop_lut6_I4_O)        0.124     3.168 r  i2c_baud_rate_generator/counterTick[0]_i_1__0/O
                         net (fo=5, routed)           0.361     3.529    i2c_baud_rate_generator/counterTick[0]_i_1__0_n_0
    SLICE_X38Y37         FDRE                                         r  i2c_baud_rate_generator/counterTick_reg[1]/R
  -------------------------------------------------------------------    -------------------

                         (clock clk_out1_sys_pll rise edge)
                                                     25.000    25.000 r  
    BUFGCTRL_X0Y1        BUFG                         0.000    25.000 r  sys_clk_IBUF_BUFG_inst/O
                         net (fo=45, routed)          1.457    26.457    clock_40mhz/inst/clk_in1
    MMCME2_ADV_X1Y0      MMCME2_ADV (Prop_mmcme2_adv_CLKIN1_CLKOUT0)
                                                     -3.129    23.328 r  clock_40mhz/inst/mmcm_adv_inst/CLKOUT0
                         net (fo=1, routed)           1.581    24.909    clock_40mhz/inst/clk_out1_sys_pll
    BUFGCTRL_X0Y2        BUFG (Prop_bufg_I_O)         0.091    25.000 r  clock_40mhz/inst/clkout1_buf/O
                         net (fo=6, routed)           1.441    26.441    i2c_baud_rate_generator/clk_out1
    SLICE_X38Y37         FDRE                                         r  i2c_baud_rate_generator/counterTick_reg[1]/C
                         clock pessimism              0.120    26.561    
                         clock uncertainty           -0.087    26.474    
    SLICE_X38Y37         FDRE (Setup_fdre_C_R)       -0.524    25.950    i2c_baud_rate_generator/counterTick_reg[1]
  -------------------------------------------------------------------
                         required time                         25.950    
                         arrival time                          -3.529    
  -------------------------------------------------------------------
                         slack                                 22.422    

Slack (MET) :             22.422ns  (required time - arrival time)
  Source:                 i2c_baud_rate_generator/counterTick_reg[0]/C
                            (rising edge-triggered cell FDRE clocked by clk_out1_sys_pll  {rise@0.000ns fall@12.500ns period=25.000ns})
  Destination:            i2c_baud_rate_generator/counterTick_reg[2]/R
                            (rising edge-triggered cell FDRE clocked by clk_out1_sys_pll  {rise@0.000ns fall@12.500ns period=25.000ns})
  Path Group:             clk_out1_sys_pll
  Path Type:              Setup (Max at Slow Process Corner)
  Requirement:            25.000ns  (clk_out1_sys_pll rise@25.000ns - clk_out1_sys_pll rise@0.000ns)
  Data Path Delay:        1.967ns  (logic 0.642ns (32.634%)  route 1.325ns (67.366%))
  Logic Levels:           1  (LUT6=1)
  Clock Path Skew:        0.000ns (DCD - SCD + CPR)
    Destination Clock Delay (DCD):    1.441ns = ( 26.441 - 25.000 ) 
    Source Clock Delay      (SCD):    1.561ns
    Clock Pessimism Removal (CPR):    0.120ns
  Clock Uncertainty:      0.087ns  ((TSJ^2 + DJ^2)^1/2) / 2 + PE
    Total System Jitter     (TSJ):    0.071ns
    Discrete Jitter          (DJ):    0.159ns
    Phase Error              (PE):    0.000ns

    Location             Delay type                Incr(ns)  Path(ns)    Netlist Resource(s)
  -------------------------------------------------------------------    -------------------
                         (clock clk_out1_sys_pll rise edge)
                                                      0.000     0.000 r  
    BUFGCTRL_X0Y1        BUFG                         0.000     0.000 r  sys_clk_IBUF_BUFG_inst/O
                         net (fo=45, routed)          1.575     1.575    clock_40mhz/inst/clk_in1
    MMCME2_ADV_X1Y0      MMCME2_ADV (Prop_mmcme2_adv_CLKIN1_CLKOUT0)
                                                     -3.333    -1.757 r  clock_40mhz/inst/mmcm_adv_inst/CLKOUT0
                         net (fo=1, routed)           1.661    -0.096    clock_40mhz/inst/clk_out1_sys_pll
    BUFGCTRL_X0Y2        BUFG (Prop_bufg_I_O)         0.096    -0.000 r  clock_40mhz/inst/clkout1_buf/O
                         net (fo=6, routed)           1.561     1.561    i2c_baud_rate_generator/clk_out1
    SLICE_X38Y37         FDRE                                         r  i2c_baud_rate_generator/counterTick_reg[0]/C
  -------------------------------------------------------------------    -------------------
    SLICE_X38Y37         FDRE (Prop_fdre_C_Q)         0.518     2.079 f  i2c_baud_rate_generator/counterTick_reg[0]/Q
                         net (fo=3, routed)           0.965     3.044    i2c_baud_rate_generator/counterTick_reg[0]
    SLICE_X40Y37         LUT6 (Prop_lut6_I4_O)        0.124     3.168 r  i2c_baud_rate_generator/counterTick[0]_i_1__0/O
                         net (fo=5, routed)           0.361     3.529    i2c_baud_rate_generator/counterTick[0]_i_1__0_n_0
    SLICE_X38Y37         FDRE                                         r  i2c_baud_rate_generator/counterTick_reg[2]/R
  -------------------------------------------------------------------    -------------------

                         (clock clk_out1_sys_pll rise edge)
                                                     25.000    25.000 r  
    BUFGCTRL_X0Y1        BUFG                         0.000    25.000 r  sys_clk_IBUF_BUFG_inst/O
                         net (fo=45, routed)          1.457    26.457    clock_40mhz/inst/clk_in1
    MMCME2_ADV_X1Y0      MMCME2_ADV (Prop_mmcme2_adv_CLKIN1_CLKOUT0)
                                                     -3.129    23.328 r  clock_40mhz/inst/mmcm_adv_inst/CLKOUT0
                         net (fo=1, routed)           1.581    24.909    clock_40mhz/inst/clk_out1_sys_pll
    BUFGCTRL_X0Y2        BUFG (Prop_bufg_I_O)         0.091    25.000 r  clock_40mhz/inst/clkout1_buf/O
                         net (fo=6, routed)           1.441    26.441    i2c_baud_rate_generator/clk_out1
    SLICE_X38Y37         FDRE                                         r  i2c_baud_rate_generator/counterTick_reg[2]/C
                         clock pessimism              0.120    26.561    
                         clock uncertainty           -0.087    26.474    
    SLICE_X38Y37         FDRE (Setup_fdre_C_R)       -0.524    25.950    i2c_baud_rate_generator/counterTick_reg[2]
  -------------------------------------------------------------------
                         required time                         25.950    
                         arrival time                          -3.529    
  -------------------------------------------------------------------
                         slack                                 22.422    

Slack (MET) :             22.422ns  (required time - arrival time)
  Source:                 i2c_baud_rate_generator/counterTick_reg[0]/C
                            (rising edge-triggered cell FDRE clocked by clk_out1_sys_pll  {rise@0.000ns fall@12.500ns period=25.000ns})
  Destination:            i2c_baud_rate_generator/counterTick_reg[3]/R
                            (rising edge-triggered cell FDRE clocked by clk_out1_sys_pll  {rise@0.000ns fall@12.500ns period=25.000ns})
  Path Group:             clk_out1_sys_pll
  Path Type:              Setup (Max at Slow Process Corner)
  Requirement:            25.000ns  (clk_out1_sys_pll rise@25.000ns - clk_out1_sys_pll rise@0.000ns)
  Data Path Delay:        1.967ns  (logic 0.642ns (32.634%)  route 1.325ns (67.366%))
  Logic Levels:           1  (LUT6=1)
  Clock Path Skew:        0.000ns (DCD - SCD + CPR)
    Destination Clock Delay (DCD):    1.441ns = ( 26.441 - 25.000 ) 
    Source Clock Delay      (SCD):    1.561ns
    Clock Pessimism Removal (CPR):    0.120ns
  Clock Uncertainty:      0.087ns  ((TSJ^2 + DJ^2)^1/2) / 2 + PE
    Total System Jitter     (TSJ):    0.071ns
    Discrete Jitter          (DJ):    0.159ns
    Phase Error              (PE):    0.000ns

    Location             Delay type                Incr(ns)  Path(ns)    Netlist Resource(s)
  -------------------------------------------------------------------    -------------------
                         (clock clk_out1_sys_pll rise edge)
                                                      0.000     0.000 r  
    BUFGCTRL_X0Y1        BUFG                         0.000     0.000 r  sys_clk_IBUF_BUFG_inst/O
                         net (fo=45, routed)          1.575     1.575    clock_40mhz/inst/clk_in1
    MMCME2_ADV_X1Y0      MMCME2_ADV (Prop_mmcme2_adv_CLKIN1_CLKOUT0)
                                                     -3.333    -1.757 r  clock_40mhz/inst/mmcm_adv_inst/CLKOUT0
                         net (fo=1, routed)           1.661    -0.096    clock_40mhz/inst/clk_out1_sys_pll
    BUFGCTRL_X0Y2        BUFG (Prop_bufg_I_O)         0.096    -0.000 r  clock_40mhz/inst/clkout1_buf/O
                         net (fo=6, routed)           1.561     1.561    i2c_baud_rate_generator/clk_out1
    SLICE_X38Y37         FDRE                                         r  i2c_baud_rate_generator/counterTick_reg[0]/C
  -------------------------------------------------------------------    -------------------
    SLICE_X38Y37         FDRE (Prop_fdre_C_Q)         0.518     2.079 f  i2c_baud_rate_generator/counterTick_reg[0]/Q
                         net (fo=3, routed)           0.965     3.044    i2c_baud_rate_generator/counterTick_reg[0]
    SLICE_X40Y37         LUT6 (Prop_lut6_I4_O)        0.124     3.168 r  i2c_baud_rate_generator/counterTick[0]_i_1__0/O
                         net (fo=5, routed)           0.361     3.529    i2c_baud_rate_generator/counterTick[0]_i_1__0_n_0
    SLICE_X38Y37         FDRE                                         r  i2c_baud_rate_generator/counterTick_reg[3]/R
  -------------------------------------------------------------------    -------------------

                         (clock clk_out1_sys_pll rise edge)
                                                     25.000    25.000 r  
    BUFGCTRL_X0Y1        BUFG                         0.000    25.000 r  sys_clk_IBUF_BUFG_inst/O
                         net (fo=45, routed)          1.457    26.457    clock_40mhz/inst/clk_in1
    MMCME2_ADV_X1Y0      MMCME2_ADV (Prop_mmcme2_adv_CLKIN1_CLKOUT0)
                                                     -3.129    23.328 r  clock_40mhz/inst/mmcm_adv_inst/CLKOUT0
                         net (fo=1, routed)           1.581    24.909    clock_40mhz/inst/clk_out1_sys_pll
    BUFGCTRL_X0Y2        BUFG (Prop_bufg_I_O)         0.091    25.000 r  clock_40mhz/inst/clkout1_buf/O
                         net (fo=6, routed)           1.441    26.441    i2c_baud_rate_generator/clk_out1
    SLICE_X38Y37         FDRE                                         r  i2c_baud_rate_generator/counterTick_reg[3]/C
                         clock pessimism              0.120    26.561    
                         clock uncertainty           -0.087    26.474    
    SLICE_X38Y37         FDRE (Setup_fdre_C_R)       -0.524    25.950    i2c_baud_rate_generator/counterTick_reg[3]
  -------------------------------------------------------------------
                         required time                         25.950    
                         arrival time                          -3.529    
  -------------------------------------------------------------------
                         slack                                 22.422    

Slack (MET) :             22.497ns  (required time - arrival time)
  Source:                 i2c_baud_rate_generator/counterTick_reg[0]/C
                            (rising edge-triggered cell FDRE clocked by clk_out1_sys_pll  {rise@0.000ns fall@12.500ns period=25.000ns})
  Destination:            i2c_baud_rate_generator/counterTick_reg[4]/R
                            (rising edge-triggered cell FDRE clocked by clk_out1_sys_pll  {rise@0.000ns fall@12.500ns period=25.000ns})
  Path Group:             clk_out1_sys_pll
  Path Type:              Setup (Max at Slow Process Corner)
  Requirement:            25.000ns  (clk_out1_sys_pll rise@25.000ns - clk_out1_sys_pll rise@0.000ns)
  Data Path Delay:        1.949ns  (logic 0.642ns (32.942%)  route 1.307ns (67.058%))
  Logic Levels:           1  (LUT6=1)
  Clock Path Skew:        -0.038ns (DCD - SCD + CPR)
    Destination Clock Delay (DCD):    1.443ns = ( 26.443 - 25.000 ) 
    Source Clock Delay      (SCD):    1.561ns
    Clock Pessimism Removal (CPR):    0.080ns
  Clock Uncertainty:      0.087ns  ((TSJ^2 + DJ^2)^1/2) / 2 + PE
    Total System Jitter     (TSJ):    0.071ns
    Discrete Jitter          (DJ):    0.159ns
    Phase Error              (PE):    0.000ns

    Location             Delay type                Incr(ns)  Path(ns)    Netlist Resource(s)
  -------------------------------------------------------------------    -------------------
                         (clock clk_out1_sys_pll rise edge)
                                                      0.000     0.000 r  
    BUFGCTRL_X0Y1        BUFG                         0.000     0.000 r  sys_clk_IBUF_BUFG_inst/O
                         net (fo=45, routed)          1.575     1.575    clock_40mhz/inst/clk_in1
    MMCME2_ADV_X1Y0      MMCME2_ADV (Prop_mmcme2_adv_CLKIN1_CLKOUT0)
                                                     -3.333    -1.757 r  clock_40mhz/inst/mmcm_adv_inst/CLKOUT0
                         net (fo=1, routed)           1.661    -0.096    clock_40mhz/inst/clk_out1_sys_pll
    BUFGCTRL_X0Y2        BUFG (Prop_bufg_I_O)         0.096    -0.000 r  clock_40mhz/inst/clkout1_buf/O
                         net (fo=6, routed)           1.561     1.561    i2c_baud_rate_generator/clk_out1
    SLICE_X38Y37         FDRE                                         r  i2c_baud_rate_generator/counterTick_reg[0]/C
  -------------------------------------------------------------------    -------------------
    SLICE_X38Y37         FDRE (Prop_fdre_C_Q)         0.518     2.079 f  i2c_baud_rate_generator/counterTick_reg[0]/Q
                         net (fo=3, routed)           0.965     3.044    i2c_baud_rate_generator/counterTick_reg[0]
    SLICE_X40Y37         LUT6 (Prop_lut6_I4_O)        0.124     3.168 r  i2c_baud_rate_generator/counterTick[0]_i_1__0/O
                         net (fo=5, routed)           0.342     3.510    i2c_baud_rate_generator/counterTick[0]_i_1__0_n_0
    SLICE_X43Y37         FDRE                                         r  i2c_baud_rate_generator/counterTick_reg[4]/R
  -------------------------------------------------------------------    -------------------

                         (clock clk_out1_sys_pll rise edge)
                                                     25.000    25.000 r  
    BUFGCTRL_X0Y1        BUFG                         0.000    25.000 r  sys_clk_IBUF_BUFG_inst/O
                         net (fo=45, routed)          1.457    26.457    clock_40mhz/inst/clk_in1
    MMCME2_ADV_X1Y0      MMCME2_ADV (Prop_mmcme2_adv_CLKIN1_CLKOUT0)
                                                     -3.129    23.328 r  clock_40mhz/inst/mmcm_adv_inst/CLKOUT0
                         net (fo=1, routed)           1.581    24.909    clock_40mhz/inst/clk_out1_sys_pll
    BUFGCTRL_X0Y2        BUFG (Prop_bufg_I_O)         0.091    25.000 r  clock_40mhz/inst/clkout1_buf/O
                         net (fo=6, routed)           1.443    26.443    i2c_baud_rate_generator/clk_out1
    SLICE_X43Y37         FDRE                                         r  i2c_baud_rate_generator/counterTick_reg[4]/C
                         clock pessimism              0.080    26.523    
                         clock uncertainty           -0.087    26.436    
    SLICE_X43Y37         FDRE (Setup_fdre_C_R)       -0.429    26.007    i2c_baud_rate_generator/counterTick_reg[4]
  -------------------------------------------------------------------
                         required time                         26.007    
                         arrival time                          -3.510    
  -------------------------------------------------------------------
                         slack                                 22.497    





Min Delay Paths
--------------------------------------------------------------------------------------
Slack (MET) :             0.277ns  (arrival time - required time)
  Source:                 i2c_baud_rate_generator/counterTick_reg[4]/C
                            (rising edge-triggered cell FDRE clocked by clk_out1_sys_pll  {rise@0.000ns fall@12.500ns period=25.000ns})
  Destination:            i2c_baud_rate_generator/counterTick_reg[4]/D
                            (rising edge-triggered cell FDRE clocked by clk_out1_sys_pll  {rise@0.000ns fall@12.500ns period=25.000ns})
  Path Group:             clk_out1_sys_pll
  Path Type:              Hold (Min at Fast Process Corner)
  Requirement:            0.000ns  (clk_out1_sys_pll rise@0.000ns - clk_out1_sys_pll rise@0.000ns)
  Data Path Delay:        0.382ns  (logic 0.256ns (66.955%)  route 0.126ns (33.045%))
  Logic Levels:           1  (CARRY4=1)
  Clock Path Skew:        0.000ns (DCD - SCD - CPR)
    Destination Clock Delay (DCD):    0.829ns
    Source Clock Delay      (SCD):    0.560ns
    Clock Pessimism Removal (CPR):    0.269ns

    Location             Delay type                Incr(ns)  Path(ns)    Netlist Resource(s)
  -------------------------------------------------------------------    -------------------
                         (clock clk_out1_sys_pll rise edge)
                                                      0.000     0.000 r  
    BUFGCTRL_X0Y1        BUFG                         0.000     0.000 r  sys_clk_IBUF_BUFG_inst/O
                         net (fo=45, routed)          0.549     0.549    clock_40mhz/inst/clk_in1
    MMCME2_ADV_X1Y0      MMCME2_ADV (Prop_mmcme2_adv_CLKIN1_CLKOUT0)
                                                     -1.061    -0.512 r  clock_40mhz/inst/mmcm_adv_inst/CLKOUT0
                         net (fo=1, routed)           0.486    -0.026    clock_40mhz/inst/clk_out1_sys_pll
    BUFGCTRL_X0Y2        BUFG (Prop_bufg_I_O)         0.026     0.000 r  clock_40mhz/inst/clkout1_buf/O
                         net (fo=6, routed)           0.560     0.560    i2c_baud_rate_generator/clk_out1
    SLICE_X43Y37         FDRE                                         r  i2c_baud_rate_generator/counterTick_reg[4]/C
  -------------------------------------------------------------------    -------------------
    SLICE_X43Y37         FDRE (Prop_fdre_C_Q)         0.141     0.701 r  i2c_baud_rate_generator/counterTick_reg[4]/Q
                         net (fo=3, routed)           0.126     0.827    i2c_baud_rate_generator/counterTick_reg[4]
    SLICE_X43Y37         CARRY4 (Prop_carry4_S[0]_O[0])
                                                      0.115     0.942 r  i2c_baud_rate_generator/counterTick_reg[4]_i_1__0/O[0]
                         net (fo=1, routed)           0.000     0.942    i2c_baud_rate_generator/counterTick_reg[4]_i_1__0_n_7
    SLICE_X43Y37         FDRE                                         r  i2c_baud_rate_generator/counterTick_reg[4]/D
  -------------------------------------------------------------------    -------------------

                         (clock clk_out1_sys_pll rise edge)
                                                      0.000     0.000 r  
    BUFGCTRL_X0Y1        BUFG                         0.000     0.000 r  sys_clk_IBUF_BUFG_inst/O
                         net (fo=45, routed)          0.817     0.817    clock_40mhz/inst/clk_in1
    MMCME2_ADV_X1Y0      MMCME2_ADV (Prop_mmcme2_adv_CLKIN1_CLKOUT0)
                                                     -1.375    -0.559 r  clock_40mhz/inst/mmcm_adv_inst/CLKOUT0
                         net (fo=1, routed)           0.530    -0.029    clock_40mhz/inst/clk_out1_sys_pll
    BUFGCTRL_X0Y2        BUFG (Prop_bufg_I_O)         0.029     0.000 r  clock_40mhz/inst/clkout1_buf/O
                         net (fo=6, routed)           0.829     0.829    i2c_baud_rate_generator/clk_out1
    SLICE_X43Y37         FDRE                                         r  i2c_baud_rate_generator/counterTick_reg[4]/C
                         clock pessimism             -0.269     0.560    
    SLICE_X43Y37         FDRE (Hold_fdre_C_D)         0.105     0.665    i2c_baud_rate_generator/counterTick_reg[4]
  -------------------------------------------------------------------
                         required time                         -0.665    
                         arrival time                           0.942    
  -------------------------------------------------------------------
                         slack                                  0.277    

Slack (MET) :             0.323ns  (arrival time - required time)
  Source:                 i2c_baud_rate_generator/sys_tick_reg_reg/C
                            (rising edge-triggered cell FDRE clocked by clk_out1_sys_pll  {rise@0.000ns fall@12.500ns period=25.000ns})
  Destination:            i2c_baud_rate_generator/sys_tick_reg_reg/D
                            (rising edge-triggered cell FDRE clocked by clk_out1_sys_pll  {rise@0.000ns fall@12.500ns period=25.000ns})
  Path Group:             clk_out1_sys_pll
  Path Type:              Hold (Min at Fast Process Corner)
  Requirement:            0.000ns  (clk_out1_sys_pll rise@0.000ns - clk_out1_sys_pll rise@0.000ns)
  Data Path Delay:        0.444ns  (logic 0.209ns (47.022%)  route 0.235ns (52.978%))
  Logic Levels:           1  (LUT3=1)
  Clock Path Skew:        0.000ns (DCD - SCD - CPR)
    Destination Clock Delay (DCD):    0.829ns
    Source Clock Delay      (SCD):    0.560ns
    Clock Pessimism Removal (CPR):    0.269ns

    Location             Delay type                Incr(ns)  Path(ns)    Netlist Resource(s)
  -------------------------------------------------------------------    -------------------
                         (clock clk_out1_sys_pll rise edge)
                                                      0.000     0.000 r  
    BUFGCTRL_X0Y1        BUFG                         0.000     0.000 r  sys_clk_IBUF_BUFG_inst/O
                         net (fo=45, routed)          0.549     0.549    clock_40mhz/inst/clk_in1
    MMCME2_ADV_X1Y0      MMCME2_ADV (Prop_mmcme2_adv_CLKIN1_CLKOUT0)
                                                     -1.061    -0.512 r  clock_40mhz/inst/mmcm_adv_inst/CLKOUT0
                         net (fo=1, routed)           0.486    -0.026    clock_40mhz/inst/clk_out1_sys_pll
    BUFGCTRL_X0Y2        BUFG (Prop_bufg_I_O)         0.026     0.000 r  clock_40mhz/inst/clkout1_buf/O
                         net (fo=6, routed)           0.560     0.560    i2c_baud_rate_generator/clk_out1
    SLICE_X42Y37         FDRE                                         r  i2c_baud_rate_generator/sys_tick_reg_reg/C
  -------------------------------------------------------------------    -------------------
    SLICE_X42Y37         FDRE (Prop_fdre_C_Q)         0.164     0.724 r  i2c_baud_rate_generator/sys_tick_reg_reg/Q
                         net (fo=2, routed)           0.235     0.959    i2c_baud_rate_generator/i2c_sys_tick
    SLICE_X42Y37         LUT3 (Prop_lut3_I1_O)        0.045     1.004 r  i2c_baud_rate_generator/sys_tick_reg_i_1__0/O
                         net (fo=1, routed)           0.000     1.004    i2c_baud_rate_generator/sys_tick_reg_i_1__0_n_0
    SLICE_X42Y37         FDRE                                         r  i2c_baud_rate_generator/sys_tick_reg_reg/D
  -------------------------------------------------------------------    -------------------

                         (clock clk_out1_sys_pll rise edge)
                                                      0.000     0.000 r  
    BUFGCTRL_X0Y1        BUFG                         0.000     0.000 r  sys_clk_IBUF_BUFG_inst/O
                         net (fo=45, routed)          0.817     0.817    clock_40mhz/inst/clk_in1
    MMCME2_ADV_X1Y0      MMCME2_ADV (Prop_mmcme2_adv_CLKIN1_CLKOUT0)
                                                     -1.375    -0.559 r  clock_40mhz/inst/mmcm_adv_inst/CLKOUT0
                         net (fo=1, routed)           0.530    -0.029    clock_40mhz/inst/clk_out1_sys_pll
    BUFGCTRL_X0Y2        BUFG (Prop_bufg_I_O)         0.029     0.000 r  clock_40mhz/inst/clkout1_buf/O
                         net (fo=6, routed)           0.829     0.829    i2c_baud_rate_generator/clk_out1
    SLICE_X42Y37         FDRE                                         r  i2c_baud_rate_generator/sys_tick_reg_reg/C
                         clock pessimism             -0.269     0.560    
    SLICE_X42Y37         FDRE (Hold_fdre_C_D)         0.121     0.681    i2c_baud_rate_generator/sys_tick_reg_reg
  -------------------------------------------------------------------
                         required time                         -0.681    
                         arrival time                           1.004    
  -------------------------------------------------------------------
                         slack                                  0.323    

Slack (MET) :             0.532ns  (arrival time - required time)
  Source:                 i2c_baud_rate_generator/counterTick_reg[1]/C
                            (rising edge-triggered cell FDRE clocked by clk_out1_sys_pll  {rise@0.000ns fall@12.500ns period=25.000ns})
  Destination:            i2c_baud_rate_generator/counterTick_reg[4]/R
                            (rising edge-triggered cell FDRE clocked by clk_out1_sys_pll  {rise@0.000ns fall@12.500ns period=25.000ns})
  Path Group:             clk_out1_sys_pll
  Path Type:              Hold (Min at Fast Process Corner)
  Requirement:            0.000ns  (clk_out1_sys_pll rise@0.000ns - clk_out1_sys_pll rise@0.000ns)
  Data Path Delay:        0.549ns  (logic 0.209ns (38.050%)  route 0.340ns (61.950%))
  Logic Levels:           1  (LUT6=1)
  Clock Path Skew:        0.035ns (DCD - SCD - CPR)
    Destination Clock Delay (DCD):    0.829ns
    Source Clock Delay      (SCD):    0.560ns
    Clock Pessimism Removal (CPR):    0.234ns

    Location             Delay type                Incr(ns)  Path(ns)    Netlist Resource(s)
  -------------------------------------------------------------------    -------------------
                         (clock clk_out1_sys_pll rise edge)
                                                      0.000     0.000 r  
    BUFGCTRL_X0Y1        BUFG                         0.000     0.000 r  sys_clk_IBUF_BUFG_inst/O
                         net (fo=45, routed)          0.549     0.549    clock_40mhz/inst/clk_in1
    MMCME2_ADV_X1Y0      MMCME2_ADV (Prop_mmcme2_adv_CLKIN1_CLKOUT0)
                                                     -1.061    -0.512 r  clock_40mhz/inst/mmcm_adv_inst/CLKOUT0
                         net (fo=1, routed)           0.486    -0.026    clock_40mhz/inst/clk_out1_sys_pll
    BUFGCTRL_X0Y2        BUFG (Prop_bufg_I_O)         0.026     0.000 r  clock_40mhz/inst/clkout1_buf/O
                         net (fo=6, routed)           0.560     0.560    i2c_baud_rate_generator/clk_out1
    SLICE_X38Y37         FDRE                                         r  i2c_baud_rate_generator/counterTick_reg[1]/C
  -------------------------------------------------------------------    -------------------
    SLICE_X38Y37         FDRE (Prop_fdre_C_Q)         0.164     0.724 f  i2c_baud_rate_generator/counterTick_reg[1]/Q
                         net (fo=3, routed)           0.223     0.947    i2c_baud_rate_generator/counterTick_reg[1]
    SLICE_X40Y37         LUT6 (Prop_lut6_I3_O)        0.045     0.992 r  i2c_baud_rate_generator/counterTick[0]_i_1__0/O
                         net (fo=5, routed)           0.117     1.109    i2c_baud_rate_generator/counterTick[0]_i_1__0_n_0
    SLICE_X43Y37         FDRE                                         r  i2c_baud_rate_generator/counterTick_reg[4]/R
  -------------------------------------------------------------------    -------------------

                         (clock clk_out1_sys_pll rise edge)
                                                      0.000     0.000 r  
    BUFGCTRL_X0Y1        BUFG                         0.000     0.000 r  sys_clk_IBUF_BUFG_inst/O
                         net (fo=45, routed)          0.817     0.817    clock_40mhz/inst/clk_in1
    MMCME2_ADV_X1Y0      MMCME2_ADV (Prop_mmcme2_adv_CLKIN1_CLKOUT0)
                                                     -1.375    -0.559 r  clock_40mhz/inst/mmcm_adv_inst/CLKOUT0
                         net (fo=1, routed)           0.530    -0.029    clock_40mhz/inst/clk_out1_sys_pll
    BUFGCTRL_X0Y2        BUFG (Prop_bufg_I_O)         0.029     0.000 r  clock_40mhz/inst/clkout1_buf/O
                         net (fo=6, routed)           0.829     0.829    i2c_baud_rate_generator/clk_out1
    SLICE_X43Y37         FDRE                                         r  i2c_baud_rate_generator/counterTick_reg[4]/C
                         clock pessimism             -0.234     0.595    
    SLICE_X43Y37         FDRE (Hold_fdre_C_R)        -0.018     0.577    i2c_baud_rate_generator/counterTick_reg[4]
  -------------------------------------------------------------------
                         required time                         -0.577    
                         arrival time                           1.109    
  -------------------------------------------------------------------
                         slack                                  0.532    

Slack (MET) :             0.557ns  (arrival time - required time)
  Source:                 i2c_baud_rate_generator/counterTick_reg[1]/C
                            (rising edge-triggered cell FDRE clocked by clk_out1_sys_pll  {rise@0.000ns fall@12.500ns period=25.000ns})
  Destination:            i2c_baud_rate_generator/counterTick_reg[0]/R
                            (rising edge-triggered cell FDRE clocked by clk_out1_sys_pll  {rise@0.000ns fall@12.500ns period=25.000ns})
  Path Group:             clk_out1_sys_pll
  Path Type:              Hold (Min at Fast Process Corner)
  Requirement:            0.000ns  (clk_out1_sys_pll rise@0.000ns - clk_out1_sys_pll rise@0.000ns)
  Data Path Delay:        0.566ns  (logic 0.209ns (36.951%)  route 0.357ns (63.049%))
  Logic Levels:           1  (LUT6=1)
  Clock Path Skew:        0.000ns (DCD - SCD - CPR)
    Destination Clock Delay (DCD):    0.828ns
    Source Clock Delay      (SCD):    0.560ns
    Clock Pessimism Removal (CPR):    0.268ns

    Location             Delay type                Incr(ns)  Path(ns)    Netlist Resource(s)
  -------------------------------------------------------------------    -------------------
                         (clock clk_out1_sys_pll rise edge)
                                                      0.000     0.000 r  
    BUFGCTRL_X0Y1        BUFG                         0.000     0.000 r  sys_clk_IBUF_BUFG_inst/O
                         net (fo=45, routed)          0.549     0.549    clock_40mhz/inst/clk_in1
    MMCME2_ADV_X1Y0      MMCME2_ADV (Prop_mmcme2_adv_CLKIN1_CLKOUT0)
                                                     -1.061    -0.512 r  clock_40mhz/inst/mmcm_adv_inst/CLKOUT0
                         net (fo=1, routed)           0.486    -0.026    clock_40mhz/inst/clk_out1_sys_pll
    BUFGCTRL_X0Y2        BUFG (Prop_bufg_I_O)         0.026     0.000 r  clock_40mhz/inst/clkout1_buf/O
                         net (fo=6, routed)           0.560     0.560    i2c_baud_rate_generator/clk_out1
    SLICE_X38Y37         FDRE                                         r  i2c_baud_rate_generator/counterTick_reg[1]/C
  -------------------------------------------------------------------    -------------------
    SLICE_X38Y37         FDRE (Prop_fdre_C_Q)         0.164     0.724 f  i2c_baud_rate_generator/counterTick_reg[1]/Q
                         net (fo=3, routed)           0.223     0.947    i2c_baud_rate_generator/counterTick_reg[1]
    SLICE_X40Y37         LUT6 (Prop_lut6_I3_O)        0.045     0.992 r  i2c_baud_rate_generator/counterTick[0]_i_1__0/O
                         net (fo=5, routed)           0.134     1.125    i2c_baud_rate_generator/counterTick[0]_i_1__0_n_0
    SLICE_X38Y37         FDRE                                         r  i2c_baud_rate_generator/counterTick_reg[0]/R
  -------------------------------------------------------------------    -------------------

                         (clock clk_out1_sys_pll rise edge)
                                                      0.000     0.000 r  
    BUFGCTRL_X0Y1        BUFG                         0.000     0.000 r  sys_clk_IBUF_BUFG_inst/O
                         net (fo=45, routed)          0.817     0.817    clock_40mhz/inst/clk_in1
    MMCME2_ADV_X1Y0      MMCME2_ADV (Prop_mmcme2_adv_CLKIN1_CLKOUT0)
                                                     -1.375    -0.559 r  clock_40mhz/inst/mmcm_adv_inst/CLKOUT0
                         net (fo=1, routed)           0.530    -0.029    clock_40mhz/inst/clk_out1_sys_pll
    BUFGCTRL_X0Y2        BUFG (Prop_bufg_I_O)         0.029     0.000 r  clock_40mhz/inst/clkout1_buf/O
                         net (fo=6, routed)           0.828     0.828    i2c_baud_rate_generator/clk_out1
    SLICE_X38Y37         FDRE                                         r  i2c_baud_rate_generator/counterTick_reg[0]/C
                         clock pessimism             -0.268     0.560    
    SLICE_X38Y37         FDRE (Hold_fdre_C_R)         0.009     0.569    i2c_baud_rate_generator/counterTick_reg[0]
  -------------------------------------------------------------------
                         required time                         -0.569    
                         arrival time                           1.125    
  -------------------------------------------------------------------
                         slack                                  0.557    

Slack (MET) :             0.557ns  (arrival time - required time)
  Source:                 i2c_baud_rate_generator/counterTick_reg[1]/C
                            (rising edge-triggered cell FDRE clocked by clk_out1_sys_pll  {rise@0.000ns fall@12.500ns period=25.000ns})
  Destination:            i2c_baud_rate_generator/counterTick_reg[1]/R
                            (rising edge-triggered cell FDRE clocked by clk_out1_sys_pll  {rise@0.000ns fall@12.500ns period=25.000ns})
  Path Group:             clk_out1_sys_pll
  Path Type:              Hold (Min at Fast Process Corner)
  Requirement:            0.000ns  (clk_out1_sys_pll rise@0.000ns - clk_out1_sys_pll rise@0.000ns)
  Data Path Delay:        0.566ns  (logic 0.209ns (36.951%)  route 0.357ns (63.049%))
  Logic Levels:           1  (LUT6=1)
  Clock Path Skew:        0.000ns (DCD - SCD - CPR)
    Destination Clock Delay (DCD):    0.828ns
    Source Clock Delay      (SCD):    0.560ns
    Clock Pessimism Removal (CPR):    0.268ns

    Location             Delay type                Incr(ns)  Path(ns)    Netlist Resource(s)
  -------------------------------------------------------------------    -------------------
                         (clock clk_out1_sys_pll rise edge)
                                                      0.000     0.000 r  
    BUFGCTRL_X0Y1        BUFG                         0.000     0.000 r  sys_clk_IBUF_BUFG_inst/O
                         net (fo=45, routed)          0.549     0.549    clock_40mhz/inst/clk_in1
    MMCME2_ADV_X1Y0      MMCME2_ADV (Prop_mmcme2_adv_CLKIN1_CLKOUT0)
                                                     -1.061    -0.512 r  clock_40mhz/inst/mmcm_adv_inst/CLKOUT0
                         net (fo=1, routed)           0.486    -0.026    clock_40mhz/inst/clk_out1_sys_pll
    BUFGCTRL_X0Y2        BUFG (Prop_bufg_I_O)         0.026     0.000 r  clock_40mhz/inst/clkout1_buf/O
                         net (fo=6, routed)           0.560     0.560    i2c_baud_rate_generator/clk_out1
    SLICE_X38Y37         FDRE                                         r  i2c_baud_rate_generator/counterTick_reg[1]/C
  -------------------------------------------------------------------    -------------------
    SLICE_X38Y37         FDRE (Prop_fdre_C_Q)         0.164     0.724 f  i2c_baud_rate_generator/counterTick_reg[1]/Q
                         net (fo=3, routed)           0.223     0.947    i2c_baud_rate_generator/counterTick_reg[1]
    SLICE_X40Y37         LUT6 (Prop_lut6_I3_O)        0.045     0.992 r  i2c_baud_rate_generator/counterTick[0]_i_1__0/O
                         net (fo=5, routed)           0.134     1.125    i2c_baud_rate_generator/counterTick[0]_i_1__0_n_0
    SLICE_X38Y37         FDRE                                         r  i2c_baud_rate_generator/counterTick_reg[1]/R
  -------------------------------------------------------------------    -------------------

                         (clock clk_out1_sys_pll rise edge)
                                                      0.000     0.000 r  
    BUFGCTRL_X0Y1        BUFG                         0.000     0.000 r  sys_clk_IBUF_BUFG_inst/O
                         net (fo=45, routed)          0.817     0.817    clock_40mhz/inst/clk_in1
    MMCME2_ADV_X1Y0      MMCME2_ADV (Prop_mmcme2_adv_CLKIN1_CLKOUT0)
                                                     -1.375    -0.559 r  clock_40mhz/inst/mmcm_adv_inst/CLKOUT0
                         net (fo=1, routed)           0.530    -0.029    clock_40mhz/inst/clk_out1_sys_pll
    BUFGCTRL_X0Y2        BUFG (Prop_bufg_I_O)         0.029     0.000 r  clock_40mhz/inst/clkout1_buf/O
                         net (fo=6, routed)           0.828     0.828    i2c_baud_rate_generator/clk_out1
    SLICE_X38Y37         FDRE                                         r  i2c_baud_rate_generator/counterTick_reg[1]/C
                         clock pessimism             -0.268     0.560    
    SLICE_X38Y37         FDRE (Hold_fdre_C_R)         0.009     0.569    i2c_baud_rate_generator/counterTick_reg[1]
  -------------------------------------------------------------------
                         required time                         -0.569    
                         arrival time                           1.125    
  -------------------------------------------------------------------
                         slack                                  0.557    

Slack (MET) :             0.557ns  (arrival time - required time)
  Source:                 i2c_baud_rate_generator/counterTick_reg[1]/C
                            (rising edge-triggered cell FDRE clocked by clk_out1_sys_pll  {rise@0.000ns fall@12.500ns period=25.000ns})
  Destination:            i2c_baud_rate_generator/counterTick_reg[2]/R
                            (rising edge-triggered cell FDRE clocked by clk_out1_sys_pll  {rise@0.000ns fall@12.500ns period=25.000ns})
  Path Group:             clk_out1_sys_pll
  Path Type:              Hold (Min at Fast Process Corner)
  Requirement:            0.000ns  (clk_out1_sys_pll rise@0.000ns - clk_out1_sys_pll rise@0.000ns)
  Data Path Delay:        0.566ns  (logic 0.209ns (36.951%)  route 0.357ns (63.049%))
  Logic Levels:           1  (LUT6=1)
  Clock Path Skew:        0.000ns (DCD - SCD - CPR)
    Destination Clock Delay (DCD):    0.828ns
    Source Clock Delay      (SCD):    0.560ns
    Clock Pessimism Removal (CPR):    0.268ns

    Location             Delay type                Incr(ns)  Path(ns)    Netlist Resource(s)
  -------------------------------------------------------------------    -------------------
                         (clock clk_out1_sys_pll rise edge)
                                                      0.000     0.000 r  
    BUFGCTRL_X0Y1        BUFG                         0.000     0.000 r  sys_clk_IBUF_BUFG_inst/O
                         net (fo=45, routed)          0.549     0.549    clock_40mhz/inst/clk_in1
    MMCME2_ADV_X1Y0      MMCME2_ADV (Prop_mmcme2_adv_CLKIN1_CLKOUT0)
                                                     -1.061    -0.512 r  clock_40mhz/inst/mmcm_adv_inst/CLKOUT0
                         net (fo=1, routed)           0.486    -0.026    clock_40mhz/inst/clk_out1_sys_pll
    BUFGCTRL_X0Y2        BUFG (Prop_bufg_I_O)         0.026     0.000 r  clock_40mhz/inst/clkout1_buf/O
                         net (fo=6, routed)           0.560     0.560    i2c_baud_rate_generator/clk_out1
    SLICE_X38Y37         FDRE                                         r  i2c_baud_rate_generator/counterTick_reg[1]/C
  -------------------------------------------------------------------    -------------------
    SLICE_X38Y37         FDRE (Prop_fdre_C_Q)         0.164     0.724 f  i2c_baud_rate_generator/counterTick_reg[1]/Q
                         net (fo=3, routed)           0.223     0.947    i2c_baud_rate_generator/counterTick_reg[1]
    SLICE_X40Y37         LUT6 (Prop_lut6_I3_O)        0.045     0.992 r  i2c_baud_rate_generator/counterTick[0]_i_1__0/O
                         net (fo=5, routed)           0.134     1.125    i2c_baud_rate_generator/counterTick[0]_i_1__0_n_0
    SLICE_X38Y37         FDRE                                         r  i2c_baud_rate_generator/counterTick_reg[2]/R
  -------------------------------------------------------------------    -------------------

                         (clock clk_out1_sys_pll rise edge)
                                                      0.000     0.000 r  
    BUFGCTRL_X0Y1        BUFG                         0.000     0.000 r  sys_clk_IBUF_BUFG_inst/O
                         net (fo=45, routed)          0.817     0.817    clock_40mhz/inst/clk_in1
    MMCME2_ADV_X1Y0      MMCME2_ADV (Prop_mmcme2_adv_CLKIN1_CLKOUT0)
                                                     -1.375    -0.559 r  clock_40mhz/inst/mmcm_adv_inst/CLKOUT0
                         net (fo=1, routed)           0.530    -0.029    clock_40mhz/inst/clk_out1_sys_pll
    BUFGCTRL_X0Y2        BUFG (Prop_bufg_I_O)         0.029     0.000 r  clock_40mhz/inst/clkout1_buf/O
                         net (fo=6, routed)           0.828     0.828    i2c_baud_rate_generator/clk_out1
    SLICE_X38Y37         FDRE                                         r  i2c_baud_rate_generator/counterTick_reg[2]/C
                         clock pessimism             -0.268     0.560    
    SLICE_X38Y37         FDRE (Hold_fdre_C_R)         0.009     0.569    i2c_baud_rate_generator/counterTick_reg[2]
  -------------------------------------------------------------------
                         required time                         -0.569    
                         arrival time                           1.125    
  -------------------------------------------------------------------
                         slack                                  0.557    

Slack (MET) :             0.557ns  (arrival time - required time)
  Source:                 i2c_baud_rate_generator/counterTick_reg[1]/C
                            (rising edge-triggered cell FDRE clocked by clk_out1_sys_pll  {rise@0.000ns fall@12.500ns period=25.000ns})
  Destination:            i2c_baud_rate_generator/counterTick_reg[3]/R
                            (rising edge-triggered cell FDRE clocked by clk_out1_sys_pll  {rise@0.000ns fall@12.500ns period=25.000ns})
  Path Group:             clk_out1_sys_pll
  Path Type:              Hold (Min at Fast Process Corner)
  Requirement:            0.000ns  (clk_out1_sys_pll rise@0.000ns - clk_out1_sys_pll rise@0.000ns)
  Data Path Delay:        0.566ns  (logic 0.209ns (36.951%)  route 0.357ns (63.049%))
  Logic Levels:           1  (LUT6=1)
  Clock Path Skew:        0.000ns (DCD - SCD - CPR)
    Destination Clock Delay (DCD):    0.828ns
    Source Clock Delay      (SCD):    0.560ns
    Clock Pessimism Removal (CPR):    0.268ns

    Location             Delay type                Incr(ns)  Path(ns)    Netlist Resource(s)
  -------------------------------------------------------------------    -------------------
                         (clock clk_out1_sys_pll rise edge)
                                                      0.000     0.000 r  
    BUFGCTRL_X0Y1        BUFG                         0.000     0.000 r  sys_clk_IBUF_BUFG_inst/O
                         net (fo=45, routed)          0.549     0.549    clock_40mhz/inst/clk_in1
    MMCME2_ADV_X1Y0      MMCME2_ADV (Prop_mmcme2_adv_CLKIN1_CLKOUT0)
                                                     -1.061    -0.512 r  clock_40mhz/inst/mmcm_adv_inst/CLKOUT0
                         net (fo=1, routed)           0.486    -0.026    clock_40mhz/inst/clk_out1_sys_pll
    BUFGCTRL_X0Y2        BUFG (Prop_bufg_I_O)         0.026     0.000 r  clock_40mhz/inst/clkout1_buf/O
                         net (fo=6, routed)           0.560     0.560    i2c_baud_rate_generator/clk_out1
    SLICE_X38Y37         FDRE                                         r  i2c_baud_rate_generator/counterTick_reg[1]/C
  -------------------------------------------------------------------    -------------------
    SLICE_X38Y37         FDRE (Prop_fdre_C_Q)         0.164     0.724 f  i2c_baud_rate_generator/counterTick_reg[1]/Q
                         net (fo=3, routed)           0.223     0.947    i2c_baud_rate_generator/counterTick_reg[1]
    SLICE_X40Y37         LUT6 (Prop_lut6_I3_O)        0.045     0.992 r  i2c_baud_rate_generator/counterTick[0]_i_1__0/O
                         net (fo=5, routed)           0.134     1.125    i2c_baud_rate_generator/counterTick[0]_i_1__0_n_0
    SLICE_X38Y37         FDRE                                         r  i2c_baud_rate_generator/counterTick_reg[3]/R
  -------------------------------------------------------------------    -------------------

                         (clock clk_out1_sys_pll rise edge)
                                                      0.000     0.000 r  
    BUFGCTRL_X0Y1        BUFG                         0.000     0.000 r  sys_clk_IBUF_BUFG_inst/O
                         net (fo=45, routed)          0.817     0.817    clock_40mhz/inst/clk_in1
    MMCME2_ADV_X1Y0      MMCME2_ADV (Prop_mmcme2_adv_CLKIN1_CLKOUT0)
                                                     -1.375    -0.559 r  clock_40mhz/inst/mmcm_adv_inst/CLKOUT0
                         net (fo=1, routed)           0.530    -0.029    clock_40mhz/inst/clk_out1_sys_pll
    BUFGCTRL_X0Y2        BUFG (Prop_bufg_I_O)         0.029     0.000 r  clock_40mhz/inst/clkout1_buf/O
                         net (fo=6, routed)           0.828     0.828    i2c_baud_rate_generator/clk_out1
    SLICE_X38Y37         FDRE                                         r  i2c_baud_rate_generator/counterTick_reg[3]/C
                         clock pessimism             -0.268     0.560    
    SLICE_X38Y37         FDRE (Hold_fdre_C_R)         0.009     0.569    i2c_baud_rate_generator/counterTick_reg[3]
  -------------------------------------------------------------------
                         required time                         -0.569    
                         arrival time                           1.125    
  -------------------------------------------------------------------
                         slack                                  0.557    

Slack (MET) :             0.594ns  (arrival time - required time)
  Source:                 i2c_baud_rate_generator/counterTick_reg[1]/C
                            (rising edge-triggered cell FDRE clocked by clk_out1_sys_pll  {rise@0.000ns fall@12.500ns period=25.000ns})
  Destination:            i2c_baud_rate_generator/counterTick_reg[1]/D
                            (rising edge-triggered cell FDRE clocked by clk_out1_sys_pll  {rise@0.000ns fall@12.500ns period=25.000ns})
  Path Group:             clk_out1_sys_pll
  Path Type:              Hold (Min at Fast Process Corner)
  Requirement:            0.000ns  (clk_out1_sys_pll rise@0.000ns - clk_out1_sys_pll rise@0.000ns)
  Data Path Delay:        0.607ns  (logic 0.274ns (45.150%)  route 0.333ns (54.850%))
  Logic Levels:           1  (CARRY4=1)
  Clock Path Skew:        0.000ns (DCD - SCD - CPR)
    Destination Clock Delay (DCD):    0.828ns
    Source Clock Delay      (SCD):    0.560ns
    Clock Pessimism Removal (CPR):    0.268ns

    Location             Delay type                Incr(ns)  Path(ns)    Netlist Resource(s)
  -------------------------------------------------------------------    -------------------
                         (clock clk_out1_sys_pll rise edge)
                                                      0.000     0.000 r  
    BUFGCTRL_X0Y1        BUFG                         0.000     0.000 r  sys_clk_IBUF_BUFG_inst/O
                         net (fo=45, routed)          0.549     0.549    clock_40mhz/inst/clk_in1
    MMCME2_ADV_X1Y0      MMCME2_ADV (Prop_mmcme2_adv_CLKIN1_CLKOUT0)
                                                     -1.061    -0.512 r  clock_40mhz/inst/mmcm_adv_inst/CLKOUT0
                         net (fo=1, routed)           0.486    -0.026    clock_40mhz/inst/clk_out1_sys_pll
    BUFGCTRL_X0Y2        BUFG (Prop_bufg_I_O)         0.026     0.000 r  clock_40mhz/inst/clkout1_buf/O
                         net (fo=6, routed)           0.560     0.560    i2c_baud_rate_generator/clk_out1
    SLICE_X38Y37         FDRE                                         r  i2c_baud_rate_generator/counterTick_reg[1]/C
  -------------------------------------------------------------------    -------------------
    SLICE_X38Y37         FDRE (Prop_fdre_C_Q)         0.164     0.724 r  i2c_baud_rate_generator/counterTick_reg[1]/Q
                         net (fo=3, routed)           0.166     0.890    i2c_baud_rate_generator/counterTick_reg[1]
    SLICE_X43Y36         CARRY4 (Prop_carry4_S[1]_O[1])
                                                      0.110     1.000 r  i2c_baud_rate_generator/counterTick_reg[0]_i_2__0/O[1]
                         net (fo=1, routed)           0.167     1.166    i2c_baud_rate_generator/counterTick_reg[0]_i_2__0_n_6
    SLICE_X38Y37         FDRE                                         r  i2c_baud_rate_generator/counterTick_reg[1]/D
  -------------------------------------------------------------------    -------------------

                         (clock clk_out1_sys_pll rise edge)
                                                      0.000     0.000 r  
    BUFGCTRL_X0Y1        BUFG                         0.000     0.000 r  sys_clk_IBUF_BUFG_inst/O
                         net (fo=45, routed)          0.817     0.817    clock_40mhz/inst/clk_in1
    MMCME2_ADV_X1Y0      MMCME2_ADV (Prop_mmcme2_adv_CLKIN1_CLKOUT0)
                                                     -1.375    -0.559 r  clock_40mhz/inst/mmcm_adv_inst/CLKOUT0
                         net (fo=1, routed)           0.530    -0.029    clock_40mhz/inst/clk_out1_sys_pll
    BUFGCTRL_X0Y2        BUFG (Prop_bufg_I_O)         0.029     0.000 r  clock_40mhz/inst/clkout1_buf/O
                         net (fo=6, routed)           0.828     0.828    i2c_baud_rate_generator/clk_out1
    SLICE_X38Y37         FDRE                                         r  i2c_baud_rate_generator/counterTick_reg[1]/C
                         clock pessimism             -0.268     0.560    
    SLICE_X38Y37         FDRE (Hold_fdre_C_D)         0.013     0.573    i2c_baud_rate_generator/counterTick_reg[1]
  -------------------------------------------------------------------
                         required time                         -0.573    
                         arrival time                           1.166    
  -------------------------------------------------------------------
                         slack                                  0.594    

Slack (MET) :             0.661ns  (arrival time - required time)
  Source:                 i2c_baud_rate_generator/counterTick_reg[3]/C
                            (rising edge-triggered cell FDRE clocked by clk_out1_sys_pll  {rise@0.000ns fall@12.500ns period=25.000ns})
  Destination:            i2c_baud_rate_generator/counterTick_reg[3]/D
                            (rising edge-triggered cell FDRE clocked by clk_out1_sys_pll  {rise@0.000ns fall@12.500ns period=25.000ns})
  Path Group:             clk_out1_sys_pll
  Path Type:              Hold (Min at Fast Process Corner)
  Requirement:            0.000ns  (clk_out1_sys_pll rise@0.000ns - clk_out1_sys_pll rise@0.000ns)
  Data Path Delay:        0.656ns  (logic 0.309ns (47.084%)  route 0.347ns (52.916%))
  Logic Levels:           1  (CARRY4=1)
  Clock Path Skew:        0.000ns (DCD - SCD - CPR)
    Destination Clock Delay (DCD):    0.828ns
    Source Clock Delay      (SCD):    0.560ns
    Clock Pessimism Removal (CPR):    0.268ns

    Location             Delay type                Incr(ns)  Path(ns)    Netlist Resource(s)
  -------------------------------------------------------------------    -------------------
                         (clock clk_out1_sys_pll rise edge)
                                                      0.000     0.000 r  
    BUFGCTRL_X0Y1        BUFG                         0.000     0.000 r  sys_clk_IBUF_BUFG_inst/O
                         net (fo=45, routed)          0.549     0.549    clock_40mhz/inst/clk_in1
    MMCME2_ADV_X1Y0      MMCME2_ADV (Prop_mmcme2_adv_CLKIN1_CLKOUT0)
                                                     -1.061    -0.512 r  clock_40mhz/inst/mmcm_adv_inst/CLKOUT0
                         net (fo=1, routed)           0.486    -0.026    clock_40mhz/inst/clk_out1_sys_pll
    BUFGCTRL_X0Y2        BUFG (Prop_bufg_I_O)         0.026     0.000 r  clock_40mhz/inst/clkout1_buf/O
                         net (fo=6, routed)           0.560     0.560    i2c_baud_rate_generator/clk_out1
    SLICE_X38Y37         FDRE                                         r  i2c_baud_rate_generator/counterTick_reg[3]/C
  -------------------------------------------------------------------    -------------------
    SLICE_X38Y37         FDRE (Prop_fdre_C_Q)         0.148     0.708 r  i2c_baud_rate_generator/counterTick_reg[3]/Q
                         net (fo=3, routed)           0.183     0.890    i2c_baud_rate_generator/counterTick_reg[3]
    SLICE_X43Y36         CARRY4 (Prop_carry4_S[3]_O[3])
                                                      0.161     1.051 r  i2c_baud_rate_generator/counterTick_reg[0]_i_2__0/O[3]
                         net (fo=1, routed)           0.164     1.216    i2c_baud_rate_generator/counterTick_reg[0]_i_2__0_n_4
    SLICE_X38Y37         FDRE                                         r  i2c_baud_rate_generator/counterTick_reg[3]/D
  -------------------------------------------------------------------    -------------------

                         (clock clk_out1_sys_pll rise edge)
                                                      0.000     0.000 r  
    BUFGCTRL_X0Y1        BUFG                         0.000     0.000 r  sys_clk_IBUF_BUFG_inst/O
                         net (fo=45, routed)          0.817     0.817    clock_40mhz/inst/clk_in1
    MMCME2_ADV_X1Y0      MMCME2_ADV (Prop_mmcme2_adv_CLKIN1_CLKOUT0)
                                                     -1.375    -0.559 r  clock_40mhz/inst/mmcm_adv_inst/CLKOUT0
                         net (fo=1, routed)           0.530    -0.029    clock_40mhz/inst/clk_out1_sys_pll
    BUFGCTRL_X0Y2        BUFG (Prop_bufg_I_O)         0.029     0.000 r  clock_40mhz/inst/clkout1_buf/O
                         net (fo=6, routed)           0.828     0.828    i2c_baud_rate_generator/clk_out1
    SLICE_X38Y37         FDRE                                         r  i2c_baud_rate_generator/counterTick_reg[3]/C
                         clock pessimism             -0.268     0.560    
    SLICE_X38Y37         FDRE (Hold_fdre_C_D)        -0.005     0.555    i2c_baud_rate_generator/counterTick_reg[3]
  -------------------------------------------------------------------
                         required time                         -0.555    
                         arrival time                           1.216    
  -------------------------------------------------------------------
                         slack                                  0.661    

Slack (MET) :             0.737ns  (arrival time - required time)
  Source:                 i2c_baud_rate_generator/counterTick_reg[2]/C
                            (rising edge-triggered cell FDRE clocked by clk_out1_sys_pll  {rise@0.000ns fall@12.500ns period=25.000ns})
  Destination:            i2c_baud_rate_generator/counterTick_reg[2]/D
                            (rising edge-triggered cell FDRE clocked by clk_out1_sys_pll  {rise@0.000ns fall@12.500ns period=25.000ns})
  Path Group:             clk_out1_sys_pll
  Path Type:              Hold (Min at Fast Process Corner)
  Requirement:            0.000ns  (clk_out1_sys_pll rise@0.000ns - clk_out1_sys_pll rise@0.000ns)
  Data Path Delay:        0.738ns  (logic 0.312ns (42.303%)  route 0.426ns (57.697%))
  Logic Levels:           1  (CARRY4=1)
  Clock Path Skew:        0.000ns (DCD - SCD - CPR)
    Destination Clock Delay (DCD):    0.828ns
    Source Clock Delay      (SCD):    0.560ns
    Clock Pessimism Removal (CPR):    0.268ns

    Location             Delay type                Incr(ns)  Path(ns)    Netlist Resource(s)
  -------------------------------------------------------------------    -------------------
                         (clock clk_out1_sys_pll rise edge)
                                                      0.000     0.000 r  
    BUFGCTRL_X0Y1        BUFG                         0.000     0.000 r  sys_clk_IBUF_BUFG_inst/O
                         net (fo=45, routed)          0.549     0.549    clock_40mhz/inst/clk_in1
    MMCME2_ADV_X1Y0      MMCME2_ADV (Prop_mmcme2_adv_CLKIN1_CLKOUT0)
                                                     -1.061    -0.512 r  clock_40mhz/inst/mmcm_adv_inst/CLKOUT0
                         net (fo=1, routed)           0.486    -0.026    clock_40mhz/inst/clk_out1_sys_pll
    BUFGCTRL_X0Y2        BUFG (Prop_bufg_I_O)         0.026     0.000 r  clock_40mhz/inst/clkout1_buf/O
                         net (fo=6, routed)           0.560     0.560    i2c_baud_rate_generator/clk_out1
    SLICE_X38Y37         FDRE                                         r  i2c_baud_rate_generator/counterTick_reg[2]/C
  -------------------------------------------------------------------    -------------------
    SLICE_X38Y37         FDRE (Prop_fdre_C_Q)         0.148     0.708 r  i2c_baud_rate_generator/counterTick_reg[2]/Q
                         net (fo=3, routed)           0.194     0.902    i2c_baud_rate_generator/counterTick_reg[2]
    SLICE_X43Y36         CARRY4 (Prop_carry4_S[2]_O[2])
                                                      0.164     1.066 r  i2c_baud_rate_generator/counterTick_reg[0]_i_2__0/O[2]
                         net (fo=1, routed)           0.231     1.297    i2c_baud_rate_generator/counterTick_reg[0]_i_2__0_n_5
    SLICE_X38Y37         FDRE                                         r  i2c_baud_rate_generator/counterTick_reg[2]/D
  -------------------------------------------------------------------    -------------------

                         (clock clk_out1_sys_pll rise edge)
                                                      0.000     0.000 r  
    BUFGCTRL_X0Y1        BUFG                         0.000     0.000 r  sys_clk_IBUF_BUFG_inst/O
                         net (fo=45, routed)          0.817     0.817    clock_40mhz/inst/clk_in1
    MMCME2_ADV_X1Y0      MMCME2_ADV (Prop_mmcme2_adv_CLKIN1_CLKOUT0)
                                                     -1.375    -0.559 r  clock_40mhz/inst/mmcm_adv_inst/CLKOUT0
                         net (fo=1, routed)           0.530    -0.029    clock_40mhz/inst/clk_out1_sys_pll
    BUFGCTRL_X0Y2        BUFG (Prop_bufg_I_O)         0.029     0.000 r  clock_40mhz/inst/clkout1_buf/O
                         net (fo=6, routed)           0.828     0.828    i2c_baud_rate_generator/clk_out1
    SLICE_X38Y37         FDRE                                         r  i2c_baud_rate_generator/counterTick_reg[2]/C
                         clock pessimism             -0.268     0.560    
    SLICE_X38Y37         FDRE (Hold_fdre_C_D)         0.001     0.561    i2c_baud_rate_generator/counterTick_reg[2]
  -------------------------------------------------------------------
                         required time                         -0.561    
                         arrival time                           1.297    
  -------------------------------------------------------------------
                         slack                                  0.737    





Pulse Width Checks
--------------------------------------------------------------------------------------
Clock Name:         clk_out1_sys_pll
Waveform(ns):       { 0.000 12.500 }
Period(ns):         25.000
Sources:            { clock_40mhz/inst/mmcm_adv_inst/CLKOUT0 }

Check Type        Corner  Lib Pin             Reference Pin  Required(ns)  Actual(ns)  Slack(ns)  Location         Pin
Min Period        n/a     BUFG/I              n/a            2.155         25.000      22.845     BUFGCTRL_X0Y2    clock_40mhz/inst/clkout1_buf/I
Min Period        n/a     MMCME2_ADV/CLKOUT0  n/a            1.249         25.000      23.751     MMCME2_ADV_X1Y0  clock_40mhz/inst/mmcm_adv_inst/CLKOUT0
Min Period        n/a     FDRE/C              n/a            1.000         25.000      24.000     SLICE_X38Y37     i2c_baud_rate_generator/counterTick_reg[0]/C
Min Period        n/a     FDRE/C              n/a            1.000         25.000      24.000     SLICE_X38Y37     i2c_baud_rate_generator/counterTick_reg[1]/C
Min Period        n/a     FDRE/C              n/a            1.000         25.000      24.000     SLICE_X38Y37     i2c_baud_rate_generator/counterTick_reg[2]/C
Min Period        n/a     FDRE/C              n/a            1.000         25.000      24.000     SLICE_X38Y37     i2c_baud_rate_generator/counterTick_reg[3]/C
Min Period        n/a     FDRE/C              n/a            1.000         25.000      24.000     SLICE_X43Y37     i2c_baud_rate_generator/counterTick_reg[4]/C
Min Period        n/a     FDRE/C              n/a            1.000         25.000      24.000     SLICE_X42Y37     i2c_baud_rate_generator/sys_tick_reg_reg/C
Max Period        n/a     MMCME2_ADV/CLKOUT0  n/a            213.360       25.000      188.360    MMCME2_ADV_X1Y0  clock_40mhz/inst/mmcm_adv_inst/CLKOUT0
Low Pulse Width   Slow    FDRE/C              n/a            0.500         12.500      12.000     SLICE_X38Y37     i2c_baud_rate_generator/counterTick_reg[0]/C
Low Pulse Width   Fast    FDRE/C              n/a            0.500         12.500      12.000     SLICE_X38Y37     i2c_baud_rate_generator/counterTick_reg[0]/C
Low Pulse Width   Slow    FDRE/C              n/a            0.500         12.500      12.000     SLICE_X38Y37     i2c_baud_rate_generator/counterTick_reg[1]/C
Low Pulse Width   Fast    FDRE/C              n/a            0.500         12.500      12.000     SLICE_X38Y37     i2c_baud_rate_generator/counterTick_reg[1]/C
Low Pulse Width   Slow    FDRE/C              n/a            0.500         12.500      12.000     SLICE_X38Y37     i2c_baud_rate_generator/counterTick_reg[2]/C
Low Pulse Width   Fast    FDRE/C              n/a            0.500         12.500      12.000     SLICE_X38Y37     i2c_baud_rate_generator/counterTick_reg[2]/C
Low Pulse Width   Slow    FDRE/C              n/a            0.500         12.500      12.000     SLICE_X38Y37     i2c_baud_rate_generator/counterTick_reg[3]/C
Low Pulse Width   Fast    FDRE/C              n/a            0.500         12.500      12.000     SLICE_X38Y37     i2c_baud_rate_generator/counterTick_reg[3]/C
Low Pulse Width   Slow    FDRE/C              n/a            0.500         12.500      12.000     SLICE_X43Y37     i2c_baud_rate_generator/counterTick_reg[4]/C
Low Pulse Width   Fast    FDRE/C              n/a            0.500         12.500      12.000     SLICE_X43Y37     i2c_baud_rate_generator/counterTick_reg[4]/C
High Pulse Width  Slow    FDRE/C              n/a            0.500         12.500      12.000     SLICE_X38Y37     i2c_baud_rate_generator/counterTick_reg[0]/C
High Pulse Width  Fast    FDRE/C              n/a            0.500         12.500      12.000     SLICE_X38Y37     i2c_baud_rate_generator/counterTick_reg[0]/C
High Pulse Width  Slow    FDRE/C              n/a            0.500         12.500      12.000     SLICE_X38Y37     i2c_baud_rate_generator/counterTick_reg[1]/C
High Pulse Width  Fast    FDRE/C              n/a            0.500         12.500      12.000     SLICE_X38Y37     i2c_baud_rate_generator/counterTick_reg[1]/C
High Pulse Width  Slow    FDRE/C              n/a            0.500         12.500      12.000     SLICE_X38Y37     i2c_baud_rate_generator/counterTick_reg[2]/C
High Pulse Width  Fast    FDRE/C              n/a            0.500         12.500      12.000     SLICE_X38Y37     i2c_baud_rate_generator/counterTick_reg[2]/C
High Pulse Width  Slow    FDRE/C              n/a            0.500         12.500      12.000     SLICE_X38Y37     i2c_baud_rate_generator/counterTick_reg[3]/C
High Pulse Width  Fast    FDRE/C              n/a            0.500         12.500      12.000     SLICE_X38Y37     i2c_baud_rate_generator/counterTick_reg[3]/C
High Pulse Width  Slow    FDRE/C              n/a            0.500         12.500      12.000     SLICE_X43Y37     i2c_baud_rate_generator/counterTick_reg[4]/C
High Pulse Width  Fast    FDRE/C              n/a            0.500         12.500      12.000     SLICE_X43Y37     i2c_baud_rate_generator/counterTick_reg[4]/C



---------------------------------------------------------------------------------------------------
From Clock:  clkfbout_sys_pll
  To Clock:  clkfbout_sys_pll

Setup :           NA  Failing Endpoints,  Worst Slack           NA  ,  Total Violation           NA
Hold  :           NA  Failing Endpoints,  Worst Slack           NA  ,  Total Violation           NA
PW    :            0  Failing Endpoints,  Worst Slack        7.845ns,  Total Violation        0.000ns
---------------------------------------------------------------------------------------------------


Pulse Width Checks
--------------------------------------------------------------------------------------
Clock Name:         clkfbout_sys_pll
Waveform(ns):       { 0.000 5.000 }
Period(ns):         10.000
Sources:            { clock_40mhz/inst/mmcm_adv_inst/CLKFBOUT }

Check Type  Corner  Lib Pin              Reference Pin  Required(ns)  Actual(ns)  Slack(ns)  Location         Pin
Min Period  n/a     BUFG/I               n/a            2.155         10.000      7.845      BUFGCTRL_X0Y3    clock_40mhz/inst/clkf_buf/I
Min Period  n/a     MMCME2_ADV/CLKFBOUT  n/a            1.249         10.000      8.751      MMCME2_ADV_X1Y0  clock_40mhz/inst/mmcm_adv_inst/CLKFBOUT
Min Period  n/a     MMCME2_ADV/CLKFBIN   n/a            1.249         10.000      8.751      MMCME2_ADV_X1Y0  clock_40mhz/inst/mmcm_adv_inst/CLKFBIN
Max Period  n/a     MMCME2_ADV/CLKFBIN   n/a            100.000       10.000      90.000     MMCME2_ADV_X1Y0  clock_40mhz/inst/mmcm_adv_inst/CLKFBIN
Max Period  n/a     MMCME2_ADV/CLKFBOUT  n/a            213.360       10.000      203.360    MMCME2_ADV_X1Y0  clock_40mhz/inst/mmcm_adv_inst/CLKFBOUT



---------------------------------------------------------------------------------------------------
From Clock:  sys_clk_pin
  To Clock:  sys_clk_pin

Setup :            0  Failing Endpoints,  Worst Slack        3.422ns,  Total Violation        0.000ns
Hold  :            0  Failing Endpoints,  Worst Slack        0.249ns,  Total Violation        0.000ns
PW    :            0  Failing Endpoints,  Worst Slack        4.500ns,  Total Violation        0.000ns
---------------------------------------------------------------------------------------------------


Max Delay Paths
--------------------------------------------------------------------------------------
Slack (MET) :             3.422ns  (required time - arrival time)
  Source:                 my_debounce/debounced_result_reg/C
                            (rising edge-triggered cell FDRE clocked by sys_clk_pin  {rise@0.000ns fall@5.000ns period=10.000ns})
  Destination:            seven_segment_baud_rate_generator/counterTick_reg[16]/R
                            (rising edge-triggered cell FDRE clocked by sys_clk_pin  {rise@0.000ns fall@5.000ns period=10.000ns})
  Path Group:             sys_clk_pin
  Path Type:              Setup (Max at Slow Process Corner)
  Requirement:            10.000ns  (sys_clk_pin rise@10.000ns - sys_clk_pin rise@0.000ns)
  Data Path Delay:        6.067ns  (logic 0.580ns (9.559%)  route 5.487ns (90.441%))
  Logic Levels:           1  (LUT6=1)
  Clock Path Skew:        -0.046ns (DCD - SCD + CPR)
    Destination Clock Delay (DCD):    4.777ns = ( 14.777 - 10.000 ) 
    Source Clock Delay      (SCD):    5.083ns
    Clock Pessimism Removal (CPR):    0.260ns
  Clock Uncertainty:      0.035ns  ((TSJ^2 + TIJ^2)^1/2 + DJ) / 2 + PE
    Total System Jitter     (TSJ):    0.071ns
    Total Input Jitter      (TIJ):    0.000ns
    Discrete Jitter          (DJ):    0.000ns
    Phase Error              (PE):    0.000ns

    Location             Delay type                Incr(ns)  Path(ns)    Netlist Resource(s)
  -------------------------------------------------------------------    -------------------
                         (clock sys_clk_pin rise edge)
                                                      0.000     0.000 r  
    W5                                                0.000     0.000 r  sys_clk (IN)
                         net (fo=0)                   0.000     0.000    sys_clk
    W5                   IBUF (Prop_ibuf_I_O)         1.458     1.458 r  sys_clk_IBUF_inst/O
                         net (fo=1, routed)           1.967     3.425    sys_clk_IBUF
    BUFGCTRL_X0Y1        BUFG (Prop_bufg_I_O)         0.096     3.521 r  sys_clk_IBUF_BUFG_inst/O
                         net (fo=45, routed)          1.562     5.083    my_debounce/sys_clk
    SLICE_X41Y37         FDRE                                         r  my_debounce/debounced_result_reg/C
  -------------------------------------------------------------------    -------------------
    SLICE_X41Y37         FDRE (Prop_fdre_C_Q)         0.456     5.539 r  my_debounce/debounced_result_reg/Q
                         net (fo=81, routed)          4.543    10.082    seven_segment_baud_rate_generator/debounced_reset
    SLICE_X56Y23         LUT6 (Prop_lut6_I5_O)        0.124    10.206 r  seven_segment_baud_rate_generator/counterTick[0]_i_1/O
                         net (fo=19, routed)          0.944    11.151    seven_segment_baud_rate_generator/counterTick[0]_i_1_n_0
    SLICE_X57Y24         FDRE                                         r  seven_segment_baud_rate_generator/counterTick_reg[16]/R
  -------------------------------------------------------------------    -------------------

                         (clock sys_clk_pin rise edge)
                                                     10.000    10.000 r  
    W5                                                0.000    10.000 r  sys_clk (IN)
                         net (fo=0)                   0.000    10.000    sys_clk
    W5                   IBUF (Prop_ibuf_I_O)         1.388    11.388 r  sys_clk_IBUF_inst/O
                         net (fo=1, routed)           1.862    13.250    sys_clk_IBUF
    BUFGCTRL_X0Y1        BUFG (Prop_bufg_I_O)         0.091    13.341 r  sys_clk_IBUF_BUFG_inst/O
                         net (fo=45, routed)          1.436    14.777    seven_segment_baud_rate_generator/sys_clk
    SLICE_X57Y24         FDRE                                         r  seven_segment_baud_rate_generator/counterTick_reg[16]/C
                         clock pessimism              0.260    15.037    
                         clock uncertainty           -0.035    15.002    
    SLICE_X57Y24         FDRE (Setup_fdre_C_R)       -0.429    14.573    seven_segment_baud_rate_generator/counterTick_reg[16]
  -------------------------------------------------------------------
                         required time                         14.573    
                         arrival time                         -11.151    
  -------------------------------------------------------------------
                         slack                                  3.422    

Slack (MET) :             3.422ns  (required time - arrival time)
  Source:                 my_debounce/debounced_result_reg/C
                            (rising edge-triggered cell FDRE clocked by sys_clk_pin  {rise@0.000ns fall@5.000ns period=10.000ns})
  Destination:            seven_segment_baud_rate_generator/counterTick_reg[17]/R
                            (rising edge-triggered cell FDRE clocked by sys_clk_pin  {rise@0.000ns fall@5.000ns period=10.000ns})
  Path Group:             sys_clk_pin
  Path Type:              Setup (Max at Slow Process Corner)
  Requirement:            10.000ns  (sys_clk_pin rise@10.000ns - sys_clk_pin rise@0.000ns)
  Data Path Delay:        6.067ns  (logic 0.580ns (9.559%)  route 5.487ns (90.441%))
  Logic Levels:           1  (LUT6=1)
  Clock Path Skew:        -0.046ns (DCD - SCD + CPR)
    Destination Clock Delay (DCD):    4.777ns = ( 14.777 - 10.000 ) 
    Source Clock Delay      (SCD):    5.083ns
    Clock Pessimism Removal (CPR):    0.260ns
  Clock Uncertainty:      0.035ns  ((TSJ^2 + TIJ^2)^1/2 + DJ) / 2 + PE
    Total System Jitter     (TSJ):    0.071ns
    Total Input Jitter      (TIJ):    0.000ns
    Discrete Jitter          (DJ):    0.000ns
    Phase Error              (PE):    0.000ns

    Location             Delay type                Incr(ns)  Path(ns)    Netlist Resource(s)
  -------------------------------------------------------------------    -------------------
                         (clock sys_clk_pin rise edge)
                                                      0.000     0.000 r  
    W5                                                0.000     0.000 r  sys_clk (IN)
                         net (fo=0)                   0.000     0.000    sys_clk
    W5                   IBUF (Prop_ibuf_I_O)         1.458     1.458 r  sys_clk_IBUF_inst/O
                         net (fo=1, routed)           1.967     3.425    sys_clk_IBUF
    BUFGCTRL_X0Y1        BUFG (Prop_bufg_I_O)         0.096     3.521 r  sys_clk_IBUF_BUFG_inst/O
                         net (fo=45, routed)          1.562     5.083    my_debounce/sys_clk
    SLICE_X41Y37         FDRE                                         r  my_debounce/debounced_result_reg/C
  -------------------------------------------------------------------    -------------------
    SLICE_X41Y37         FDRE (Prop_fdre_C_Q)         0.456     5.539 r  my_debounce/debounced_result_reg/Q
                         net (fo=81, routed)          4.543    10.082    seven_segment_baud_rate_generator/debounced_reset
    SLICE_X56Y23         LUT6 (Prop_lut6_I5_O)        0.124    10.206 r  seven_segment_baud_rate_generator/counterTick[0]_i_1/O
                         net (fo=19, routed)          0.944    11.151    seven_segment_baud_rate_generator/counterTick[0]_i_1_n_0
    SLICE_X57Y24         FDRE                                         r  seven_segment_baud_rate_generator/counterTick_reg[17]/R
  -------------------------------------------------------------------    -------------------

                         (clock sys_clk_pin rise edge)
                                                     10.000    10.000 r  
    W5                                                0.000    10.000 r  sys_clk (IN)
                         net (fo=0)                   0.000    10.000    sys_clk
    W5                   IBUF (Prop_ibuf_I_O)         1.388    11.388 r  sys_clk_IBUF_inst/O
                         net (fo=1, routed)           1.862    13.250    sys_clk_IBUF
    BUFGCTRL_X0Y1        BUFG (Prop_bufg_I_O)         0.091    13.341 r  sys_clk_IBUF_BUFG_inst/O
                         net (fo=45, routed)          1.436    14.777    seven_segment_baud_rate_generator/sys_clk
    SLICE_X57Y24         FDRE                                         r  seven_segment_baud_rate_generator/counterTick_reg[17]/C
                         clock pessimism              0.260    15.037    
                         clock uncertainty           -0.035    15.002    
    SLICE_X57Y24         FDRE (Setup_fdre_C_R)       -0.429    14.573    seven_segment_baud_rate_generator/counterTick_reg[17]
  -------------------------------------------------------------------
                         required time                         14.573    
                         arrival time                         -11.151    
  -------------------------------------------------------------------
                         slack                                  3.422    

Slack (MET) :             3.422ns  (required time - arrival time)
  Source:                 my_debounce/debounced_result_reg/C
                            (rising edge-triggered cell FDRE clocked by sys_clk_pin  {rise@0.000ns fall@5.000ns period=10.000ns})
  Destination:            seven_segment_baud_rate_generator/counterTick_reg[18]/R
                            (rising edge-triggered cell FDRE clocked by sys_clk_pin  {rise@0.000ns fall@5.000ns period=10.000ns})
  Path Group:             sys_clk_pin
  Path Type:              Setup (Max at Slow Process Corner)
  Requirement:            10.000ns  (sys_clk_pin rise@10.000ns - sys_clk_pin rise@0.000ns)
  Data Path Delay:        6.067ns  (logic 0.580ns (9.559%)  route 5.487ns (90.441%))
  Logic Levels:           1  (LUT6=1)
  Clock Path Skew:        -0.046ns (DCD - SCD + CPR)
    Destination Clock Delay (DCD):    4.777ns = ( 14.777 - 10.000 ) 
    Source Clock Delay      (SCD):    5.083ns
    Clock Pessimism Removal (CPR):    0.260ns
  Clock Uncertainty:      0.035ns  ((TSJ^2 + TIJ^2)^1/2 + DJ) / 2 + PE
    Total System Jitter     (TSJ):    0.071ns
    Total Input Jitter      (TIJ):    0.000ns
    Discrete Jitter          (DJ):    0.000ns
    Phase Error              (PE):    0.000ns

    Location             Delay type                Incr(ns)  Path(ns)    Netlist Resource(s)
  -------------------------------------------------------------------    -------------------
                         (clock sys_clk_pin rise edge)
                                                      0.000     0.000 r  
    W5                                                0.000     0.000 r  sys_clk (IN)
                         net (fo=0)                   0.000     0.000    sys_clk
    W5                   IBUF (Prop_ibuf_I_O)         1.458     1.458 r  sys_clk_IBUF_inst/O
                         net (fo=1, routed)           1.967     3.425    sys_clk_IBUF
    BUFGCTRL_X0Y1        BUFG (Prop_bufg_I_O)         0.096     3.521 r  sys_clk_IBUF_BUFG_inst/O
                         net (fo=45, routed)          1.562     5.083    my_debounce/sys_clk
    SLICE_X41Y37         FDRE                                         r  my_debounce/debounced_result_reg/C
  -------------------------------------------------------------------    -------------------
    SLICE_X41Y37         FDRE (Prop_fdre_C_Q)         0.456     5.539 r  my_debounce/debounced_result_reg/Q
                         net (fo=81, routed)          4.543    10.082    seven_segment_baud_rate_generator/debounced_reset
    SLICE_X56Y23         LUT6 (Prop_lut6_I5_O)        0.124    10.206 r  seven_segment_baud_rate_generator/counterTick[0]_i_1/O
                         net (fo=19, routed)          0.944    11.151    seven_segment_baud_rate_generator/counterTick[0]_i_1_n_0
    SLICE_X57Y24         FDRE                                         r  seven_segment_baud_rate_generator/counterTick_reg[18]/R
  -------------------------------------------------------------------    -------------------

                         (clock sys_clk_pin rise edge)
                                                     10.000    10.000 r  
    W5                                                0.000    10.000 r  sys_clk (IN)
                         net (fo=0)                   0.000    10.000    sys_clk
    W5                   IBUF (Prop_ibuf_I_O)         1.388    11.388 r  sys_clk_IBUF_inst/O
                         net (fo=1, routed)           1.862    13.250    sys_clk_IBUF
    BUFGCTRL_X0Y1        BUFG (Prop_bufg_I_O)         0.091    13.341 r  sys_clk_IBUF_BUFG_inst/O
                         net (fo=45, routed)          1.436    14.777    seven_segment_baud_rate_generator/sys_clk
    SLICE_X57Y24         FDRE                                         r  seven_segment_baud_rate_generator/counterTick_reg[18]/C
                         clock pessimism              0.260    15.037    
                         clock uncertainty           -0.035    15.002    
    SLICE_X57Y24         FDRE (Setup_fdre_C_R)       -0.429    14.573    seven_segment_baud_rate_generator/counterTick_reg[18]
  -------------------------------------------------------------------
                         required time                         14.573    
                         arrival time                         -11.151    
  -------------------------------------------------------------------
                         slack                                  3.422    

Slack (MET) :             3.434ns  (required time - arrival time)
  Source:                 my_debounce/debounced_result_reg/C
                            (rising edge-triggered cell FDRE clocked by sys_clk_pin  {rise@0.000ns fall@5.000ns period=10.000ns})
  Destination:            seven_segment_baud_rate_generator/counterTick_reg[0]/R
                            (rising edge-triggered cell FDRE clocked by sys_clk_pin  {rise@0.000ns fall@5.000ns period=10.000ns})
  Path Group:             sys_clk_pin
  Path Type:              Setup (Max at Slow Process Corner)
  Requirement:            10.000ns  (sys_clk_pin rise@10.000ns - sys_clk_pin rise@0.000ns)
  Data Path Delay:        6.061ns  (logic 0.580ns (9.569%)  route 5.481ns (90.431%))
  Logic Levels:           1  (LUT6=1)
  Clock Path Skew:        -0.040ns (DCD - SCD + CPR)
    Destination Clock Delay (DCD):    4.783ns = ( 14.783 - 10.000 ) 
    Source Clock Delay      (SCD):    5.083ns
    Clock Pessimism Removal (CPR):    0.260ns
  Clock Uncertainty:      0.035ns  ((TSJ^2 + TIJ^2)^1/2 + DJ) / 2 + PE
    Total System Jitter     (TSJ):    0.071ns
    Total Input Jitter      (TIJ):    0.000ns
    Discrete Jitter          (DJ):    0.000ns
    Phase Error              (PE):    0.000ns

    Location             Delay type                Incr(ns)  Path(ns)    Netlist Resource(s)
  -------------------------------------------------------------------    -------------------
                         (clock sys_clk_pin rise edge)
                                                      0.000     0.000 r  
    W5                                                0.000     0.000 r  sys_clk (IN)
                         net (fo=0)                   0.000     0.000    sys_clk
    W5                   IBUF (Prop_ibuf_I_O)         1.458     1.458 r  sys_clk_IBUF_inst/O
                         net (fo=1, routed)           1.967     3.425    sys_clk_IBUF
    BUFGCTRL_X0Y1        BUFG (Prop_bufg_I_O)         0.096     3.521 r  sys_clk_IBUF_BUFG_inst/O
                         net (fo=45, routed)          1.562     5.083    my_debounce/sys_clk
    SLICE_X41Y37         FDRE                                         r  my_debounce/debounced_result_reg/C
  -------------------------------------------------------------------    -------------------
    SLICE_X41Y37         FDRE (Prop_fdre_C_Q)         0.456     5.539 r  my_debounce/debounced_result_reg/Q
                         net (fo=81, routed)          4.543    10.082    seven_segment_baud_rate_generator/debounced_reset
    SLICE_X56Y23         LUT6 (Prop_lut6_I5_O)        0.124    10.206 r  seven_segment_baud_rate_generator/counterTick[0]_i_1/O
                         net (fo=19, routed)          0.938    11.145    seven_segment_baud_rate_generator/counterTick[0]_i_1_n_0
    SLICE_X57Y20         FDRE                                         r  seven_segment_baud_rate_generator/counterTick_reg[0]/R
  -------------------------------------------------------------------    -------------------

                         (clock sys_clk_pin rise edge)
                                                     10.000    10.000 r  
    W5                                                0.000    10.000 r  sys_clk (IN)
                         net (fo=0)                   0.000    10.000    sys_clk
    W5                   IBUF (Prop_ibuf_I_O)         1.388    11.388 r  sys_clk_IBUF_inst/O
                         net (fo=1, routed)           1.862    13.250    sys_clk_IBUF
    BUFGCTRL_X0Y1        BUFG (Prop_bufg_I_O)         0.091    13.341 r  sys_clk_IBUF_BUFG_inst/O
                         net (fo=45, routed)          1.442    14.783    seven_segment_baud_rate_generator/sys_clk
    SLICE_X57Y20         FDRE                                         r  seven_segment_baud_rate_generator/counterTick_reg[0]/C
                         clock pessimism              0.260    15.043    
                         clock uncertainty           -0.035    15.008    
    SLICE_X57Y20         FDRE (Setup_fdre_C_R)       -0.429    14.579    seven_segment_baud_rate_generator/counterTick_reg[0]
  -------------------------------------------------------------------
                         required time                         14.579    
                         arrival time                         -11.145    
  -------------------------------------------------------------------
                         slack                                  3.434    

Slack (MET) :             3.434ns  (required time - arrival time)
  Source:                 my_debounce/debounced_result_reg/C
                            (rising edge-triggered cell FDRE clocked by sys_clk_pin  {rise@0.000ns fall@5.000ns period=10.000ns})
  Destination:            seven_segment_baud_rate_generator/counterTick_reg[1]/R
                            (rising edge-triggered cell FDRE clocked by sys_clk_pin  {rise@0.000ns fall@5.000ns period=10.000ns})
  Path Group:             sys_clk_pin
  Path Type:              Setup (Max at Slow Process Corner)
  Requirement:            10.000ns  (sys_clk_pin rise@10.000ns - sys_clk_pin rise@0.000ns)
  Data Path Delay:        6.061ns  (logic 0.580ns (9.569%)  route 5.481ns (90.431%))
  Logic Levels:           1  (LUT6=1)
  Clock Path Skew:        -0.040ns (DCD - SCD + CPR)
    Destination Clock Delay (DCD):    4.783ns = ( 14.783 - 10.000 ) 
    Source Clock Delay      (SCD):    5.083ns
    Clock Pessimism Removal (CPR):    0.260ns
  Clock Uncertainty:      0.035ns  ((TSJ^2 + TIJ^2)^1/2 + DJ) / 2 + PE
    Total System Jitter     (TSJ):    0.071ns
    Total Input Jitter      (TIJ):    0.000ns
    Discrete Jitter          (DJ):    0.000ns
    Phase Error              (PE):    0.000ns

    Location             Delay type                Incr(ns)  Path(ns)    Netlist Resource(s)
  -------------------------------------------------------------------    -------------------
                         (clock sys_clk_pin rise edge)
                                                      0.000     0.000 r  
    W5                                                0.000     0.000 r  sys_clk (IN)
                         net (fo=0)                   0.000     0.000    sys_clk
    W5                   IBUF (Prop_ibuf_I_O)         1.458     1.458 r  sys_clk_IBUF_inst/O
                         net (fo=1, routed)           1.967     3.425    sys_clk_IBUF
    BUFGCTRL_X0Y1        BUFG (Prop_bufg_I_O)         0.096     3.521 r  sys_clk_IBUF_BUFG_inst/O
                         net (fo=45, routed)          1.562     5.083    my_debounce/sys_clk
    SLICE_X41Y37         FDRE                                         r  my_debounce/debounced_result_reg/C
  -------------------------------------------------------------------    -------------------
    SLICE_X41Y37         FDRE (Prop_fdre_C_Q)         0.456     5.539 r  my_debounce/debounced_result_reg/Q
                         net (fo=81, routed)          4.543    10.082    seven_segment_baud_rate_generator/debounced_reset
    SLICE_X56Y23         LUT6 (Prop_lut6_I5_O)        0.124    10.206 r  seven_segment_baud_rate_generator/counterTick[0]_i_1/O
                         net (fo=19, routed)          0.938    11.145    seven_segment_baud_rate_generator/counterTick[0]_i_1_n_0
    SLICE_X57Y20         FDRE                                         r  seven_segment_baud_rate_generator/counterTick_reg[1]/R
  -------------------------------------------------------------------    -------------------

                         (clock sys_clk_pin rise edge)
                                                     10.000    10.000 r  
    W5                                                0.000    10.000 r  sys_clk (IN)
                         net (fo=0)                   0.000    10.000    sys_clk
    W5                   IBUF (Prop_ibuf_I_O)         1.388    11.388 r  sys_clk_IBUF_inst/O
                         net (fo=1, routed)           1.862    13.250    sys_clk_IBUF
    BUFGCTRL_X0Y1        BUFG (Prop_bufg_I_O)         0.091    13.341 r  sys_clk_IBUF_BUFG_inst/O
                         net (fo=45, routed)          1.442    14.783    seven_segment_baud_rate_generator/sys_clk
    SLICE_X57Y20         FDRE                                         r  seven_segment_baud_rate_generator/counterTick_reg[1]/C
                         clock pessimism              0.260    15.043    
                         clock uncertainty           -0.035    15.008    
    SLICE_X57Y20         FDRE (Setup_fdre_C_R)       -0.429    14.579    seven_segment_baud_rate_generator/counterTick_reg[1]
  -------------------------------------------------------------------
                         required time                         14.579    
                         arrival time                         -11.145    
  -------------------------------------------------------------------
                         slack                                  3.434    

Slack (MET) :             3.434ns  (required time - arrival time)
  Source:                 my_debounce/debounced_result_reg/C
                            (rising edge-triggered cell FDRE clocked by sys_clk_pin  {rise@0.000ns fall@5.000ns period=10.000ns})
  Destination:            seven_segment_baud_rate_generator/counterTick_reg[2]/R
                            (rising edge-triggered cell FDRE clocked by sys_clk_pin  {rise@0.000ns fall@5.000ns period=10.000ns})
  Path Group:             sys_clk_pin
  Path Type:              Setup (Max at Slow Process Corner)
  Requirement:            10.000ns  (sys_clk_pin rise@10.000ns - sys_clk_pin rise@0.000ns)
  Data Path Delay:        6.061ns  (logic 0.580ns (9.569%)  route 5.481ns (90.431%))
  Logic Levels:           1  (LUT6=1)
  Clock Path Skew:        -0.040ns (DCD - SCD + CPR)
    Destination Clock Delay (DCD):    4.783ns = ( 14.783 - 10.000 ) 
    Source Clock Delay      (SCD):    5.083ns
    Clock Pessimism Removal (CPR):    0.260ns
  Clock Uncertainty:      0.035ns  ((TSJ^2 + TIJ^2)^1/2 + DJ) / 2 + PE
    Total System Jitter     (TSJ):    0.071ns
    Total Input Jitter      (TIJ):    0.000ns
    Discrete Jitter          (DJ):    0.000ns
    Phase Error              (PE):    0.000ns

    Location             Delay type                Incr(ns)  Path(ns)    Netlist Resource(s)
  -------------------------------------------------------------------    -------------------
                         (clock sys_clk_pin rise edge)
                                                      0.000     0.000 r  
    W5                                                0.000     0.000 r  sys_clk (IN)
                         net (fo=0)                   0.000     0.000    sys_clk
    W5                   IBUF (Prop_ibuf_I_O)         1.458     1.458 r  sys_clk_IBUF_inst/O
                         net (fo=1, routed)           1.967     3.425    sys_clk_IBUF
    BUFGCTRL_X0Y1        BUFG (Prop_bufg_I_O)         0.096     3.521 r  sys_clk_IBUF_BUFG_inst/O
                         net (fo=45, routed)          1.562     5.083    my_debounce/sys_clk
    SLICE_X41Y37         FDRE                                         r  my_debounce/debounced_result_reg/C
  -------------------------------------------------------------------    -------------------
    SLICE_X41Y37         FDRE (Prop_fdre_C_Q)         0.456     5.539 r  my_debounce/debounced_result_reg/Q
                         net (fo=81, routed)          4.543    10.082    seven_segment_baud_rate_generator/debounced_reset
    SLICE_X56Y23         LUT6 (Prop_lut6_I5_O)        0.124    10.206 r  seven_segment_baud_rate_generator/counterTick[0]_i_1/O
                         net (fo=19, routed)          0.938    11.145    seven_segment_baud_rate_generator/counterTick[0]_i_1_n_0
    SLICE_X57Y20         FDRE                                         r  seven_segment_baud_rate_generator/counterTick_reg[2]/R
  -------------------------------------------------------------------    -------------------

                         (clock sys_clk_pin rise edge)
                                                     10.000    10.000 r  
    W5                                                0.000    10.000 r  sys_clk (IN)
                         net (fo=0)                   0.000    10.000    sys_clk
    W5                   IBUF (Prop_ibuf_I_O)         1.388    11.388 r  sys_clk_IBUF_inst/O
                         net (fo=1, routed)           1.862    13.250    sys_clk_IBUF
    BUFGCTRL_X0Y1        BUFG (Prop_bufg_I_O)         0.091    13.341 r  sys_clk_IBUF_BUFG_inst/O
                         net (fo=45, routed)          1.442    14.783    seven_segment_baud_rate_generator/sys_clk
    SLICE_X57Y20         FDRE                                         r  seven_segment_baud_rate_generator/counterTick_reg[2]/C
                         clock pessimism              0.260    15.043    
                         clock uncertainty           -0.035    15.008    
    SLICE_X57Y20         FDRE (Setup_fdre_C_R)       -0.429    14.579    seven_segment_baud_rate_generator/counterTick_reg[2]
  -------------------------------------------------------------------
                         required time                         14.579    
                         arrival time                         -11.145    
  -------------------------------------------------------------------
                         slack                                  3.434    

Slack (MET) :             3.434ns  (required time - arrival time)
  Source:                 my_debounce/debounced_result_reg/C
                            (rising edge-triggered cell FDRE clocked by sys_clk_pin  {rise@0.000ns fall@5.000ns period=10.000ns})
  Destination:            seven_segment_baud_rate_generator/counterTick_reg[3]/R
                            (rising edge-triggered cell FDRE clocked by sys_clk_pin  {rise@0.000ns fall@5.000ns period=10.000ns})
  Path Group:             sys_clk_pin
  Path Type:              Setup (Max at Slow Process Corner)
  Requirement:            10.000ns  (sys_clk_pin rise@10.000ns - sys_clk_pin rise@0.000ns)
  Data Path Delay:        6.061ns  (logic 0.580ns (9.569%)  route 5.481ns (90.431%))
  Logic Levels:           1  (LUT6=1)
  Clock Path Skew:        -0.040ns (DCD - SCD + CPR)
    Destination Clock Delay (DCD):    4.783ns = ( 14.783 - 10.000 ) 
    Source Clock Delay      (SCD):    5.083ns
    Clock Pessimism Removal (CPR):    0.260ns
  Clock Uncertainty:      0.035ns  ((TSJ^2 + TIJ^2)^1/2 + DJ) / 2 + PE
    Total System Jitter     (TSJ):    0.071ns
    Total Input Jitter      (TIJ):    0.000ns
    Discrete Jitter          (DJ):    0.000ns
    Phase Error              (PE):    0.000ns

    Location             Delay type                Incr(ns)  Path(ns)    Netlist Resource(s)
  -------------------------------------------------------------------    -------------------
                         (clock sys_clk_pin rise edge)
                                                      0.000     0.000 r  
    W5                                                0.000     0.000 r  sys_clk (IN)
                         net (fo=0)                   0.000     0.000    sys_clk
    W5                   IBUF (Prop_ibuf_I_O)         1.458     1.458 r  sys_clk_IBUF_inst/O
                         net (fo=1, routed)           1.967     3.425    sys_clk_IBUF
    BUFGCTRL_X0Y1        BUFG (Prop_bufg_I_O)         0.096     3.521 r  sys_clk_IBUF_BUFG_inst/O
                         net (fo=45, routed)          1.562     5.083    my_debounce/sys_clk
    SLICE_X41Y37         FDRE                                         r  my_debounce/debounced_result_reg/C
  -------------------------------------------------------------------    -------------------
    SLICE_X41Y37         FDRE (Prop_fdre_C_Q)         0.456     5.539 r  my_debounce/debounced_result_reg/Q
                         net (fo=81, routed)          4.543    10.082    seven_segment_baud_rate_generator/debounced_reset
    SLICE_X56Y23         LUT6 (Prop_lut6_I5_O)        0.124    10.206 r  seven_segment_baud_rate_generator/counterTick[0]_i_1/O
                         net (fo=19, routed)          0.938    11.145    seven_segment_baud_rate_generator/counterTick[0]_i_1_n_0
    SLICE_X57Y20         FDRE                                         r  seven_segment_baud_rate_generator/counterTick_reg[3]/R
  -------------------------------------------------------------------    -------------------

                         (clock sys_clk_pin rise edge)
                                                     10.000    10.000 r  
    W5                                                0.000    10.000 r  sys_clk (IN)
                         net (fo=0)                   0.000    10.000    sys_clk
    W5                   IBUF (Prop_ibuf_I_O)         1.388    11.388 r  sys_clk_IBUF_inst/O
                         net (fo=1, routed)           1.862    13.250    sys_clk_IBUF
    BUFGCTRL_X0Y1        BUFG (Prop_bufg_I_O)         0.091    13.341 r  sys_clk_IBUF_BUFG_inst/O
                         net (fo=45, routed)          1.442    14.783    seven_segment_baud_rate_generator/sys_clk
    SLICE_X57Y20         FDRE                                         r  seven_segment_baud_rate_generator/counterTick_reg[3]/C
                         clock pessimism              0.260    15.043    
                         clock uncertainty           -0.035    15.008    
    SLICE_X57Y20         FDRE (Setup_fdre_C_R)       -0.429    14.579    seven_segment_baud_rate_generator/counterTick_reg[3]
  -------------------------------------------------------------------
                         required time                         14.579    
                         arrival time                         -11.145    
  -------------------------------------------------------------------
                         slack                                  3.434    

Slack (MET) :             3.563ns  (required time - arrival time)
  Source:                 my_debounce/debounced_result_reg/C
                            (rising edge-triggered cell FDRE clocked by sys_clk_pin  {rise@0.000ns fall@5.000ns period=10.000ns})
  Destination:            seven_segment_baud_rate_generator/counterTick_reg[12]/R
                            (rising edge-triggered cell FDRE clocked by sys_clk_pin  {rise@0.000ns fall@5.000ns period=10.000ns})
  Path Group:             sys_clk_pin
  Path Type:              Setup (Max at Slow Process Corner)
  Requirement:            10.000ns  (sys_clk_pin rise@10.000ns - sys_clk_pin rise@0.000ns)
  Data Path Delay:        5.929ns  (logic 0.580ns (9.783%)  route 5.349ns (90.217%))
  Logic Levels:           1  (LUT6=1)
  Clock Path Skew:        -0.044ns (DCD - SCD + CPR)
    Destination Clock Delay (DCD):    4.779ns = ( 14.779 - 10.000 ) 
    Source Clock Delay      (SCD):    5.083ns
    Clock Pessimism Removal (CPR):    0.260ns
  Clock Uncertainty:      0.035ns  ((TSJ^2 + TIJ^2)^1/2 + DJ) / 2 + PE
    Total System Jitter     (TSJ):    0.071ns
    Total Input Jitter      (TIJ):    0.000ns
    Discrete Jitter          (DJ):    0.000ns
    Phase Error              (PE):    0.000ns

    Location             Delay type                Incr(ns)  Path(ns)    Netlist Resource(s)
  -------------------------------------------------------------------    -------------------
                         (clock sys_clk_pin rise edge)
                                                      0.000     0.000 r  
    W5                                                0.000     0.000 r  sys_clk (IN)
                         net (fo=0)                   0.000     0.000    sys_clk
    W5                   IBUF (Prop_ibuf_I_O)         1.458     1.458 r  sys_clk_IBUF_inst/O
                         net (fo=1, routed)           1.967     3.425    sys_clk_IBUF
    BUFGCTRL_X0Y1        BUFG (Prop_bufg_I_O)         0.096     3.521 r  sys_clk_IBUF_BUFG_inst/O
                         net (fo=45, routed)          1.562     5.083    my_debounce/sys_clk
    SLICE_X41Y37         FDRE                                         r  my_debounce/debounced_result_reg/C
  -------------------------------------------------------------------    -------------------
    SLICE_X41Y37         FDRE (Prop_fdre_C_Q)         0.456     5.539 r  my_debounce/debounced_result_reg/Q
                         net (fo=81, routed)          4.543    10.082    seven_segment_baud_rate_generator/debounced_reset
    SLICE_X56Y23         LUT6 (Prop_lut6_I5_O)        0.124    10.206 r  seven_segment_baud_rate_generator/counterTick[0]_i_1/O
                         net (fo=19, routed)          0.806    11.012    seven_segment_baud_rate_generator/counterTick[0]_i_1_n_0
    SLICE_X57Y23         FDRE                                         r  seven_segment_baud_rate_generator/counterTick_reg[12]/R
  -------------------------------------------------------------------    -------------------

                         (clock sys_clk_pin rise edge)
                                                     10.000    10.000 r  
    W5                                                0.000    10.000 r  sys_clk (IN)
                         net (fo=0)                   0.000    10.000    sys_clk
    W5                   IBUF (Prop_ibuf_I_O)         1.388    11.388 r  sys_clk_IBUF_inst/O
                         net (fo=1, routed)           1.862    13.250    sys_clk_IBUF
    BUFGCTRL_X0Y1        BUFG (Prop_bufg_I_O)         0.091    13.341 r  sys_clk_IBUF_BUFG_inst/O
                         net (fo=45, routed)          1.438    14.779    seven_segment_baud_rate_generator/sys_clk
    SLICE_X57Y23         FDRE                                         r  seven_segment_baud_rate_generator/counterTick_reg[12]/C
                         clock pessimism              0.260    15.039    
                         clock uncertainty           -0.035    15.004    
    SLICE_X57Y23         FDRE (Setup_fdre_C_R)       -0.429    14.575    seven_segment_baud_rate_generator/counterTick_reg[12]
  -------------------------------------------------------------------
                         required time                         14.575    
                         arrival time                         -11.012    
  -------------------------------------------------------------------
                         slack                                  3.563    

Slack (MET) :             3.563ns  (required time - arrival time)
  Source:                 my_debounce/debounced_result_reg/C
                            (rising edge-triggered cell FDRE clocked by sys_clk_pin  {rise@0.000ns fall@5.000ns period=10.000ns})
  Destination:            seven_segment_baud_rate_generator/counterTick_reg[13]/R
                            (rising edge-triggered cell FDRE clocked by sys_clk_pin  {rise@0.000ns fall@5.000ns period=10.000ns})
  Path Group:             sys_clk_pin
  Path Type:              Setup (Max at Slow Process Corner)
  Requirement:            10.000ns  (sys_clk_pin rise@10.000ns - sys_clk_pin rise@0.000ns)
  Data Path Delay:        5.929ns  (logic 0.580ns (9.783%)  route 5.349ns (90.217%))
  Logic Levels:           1  (LUT6=1)
  Clock Path Skew:        -0.044ns (DCD - SCD + CPR)
    Destination Clock Delay (DCD):    4.779ns = ( 14.779 - 10.000 ) 
    Source Clock Delay      (SCD):    5.083ns
    Clock Pessimism Removal (CPR):    0.260ns
  Clock Uncertainty:      0.035ns  ((TSJ^2 + TIJ^2)^1/2 + DJ) / 2 + PE
    Total System Jitter     (TSJ):    0.071ns
    Total Input Jitter      (TIJ):    0.000ns
    Discrete Jitter          (DJ):    0.000ns
    Phase Error              (PE):    0.000ns

    Location             Delay type                Incr(ns)  Path(ns)    Netlist Resource(s)
  -------------------------------------------------------------------    -------------------
                         (clock sys_clk_pin rise edge)
                                                      0.000     0.000 r  
    W5                                                0.000     0.000 r  sys_clk (IN)
                         net (fo=0)                   0.000     0.000    sys_clk
    W5                   IBUF (Prop_ibuf_I_O)         1.458     1.458 r  sys_clk_IBUF_inst/O
                         net (fo=1, routed)           1.967     3.425    sys_clk_IBUF
    BUFGCTRL_X0Y1        BUFG (Prop_bufg_I_O)         0.096     3.521 r  sys_clk_IBUF_BUFG_inst/O
                         net (fo=45, routed)          1.562     5.083    my_debounce/sys_clk
    SLICE_X41Y37         FDRE                                         r  my_debounce/debounced_result_reg/C
  -------------------------------------------------------------------    -------------------
    SLICE_X41Y37         FDRE (Prop_fdre_C_Q)         0.456     5.539 r  my_debounce/debounced_result_reg/Q
                         net (fo=81, routed)          4.543    10.082    seven_segment_baud_rate_generator/debounced_reset
    SLICE_X56Y23         LUT6 (Prop_lut6_I5_O)        0.124    10.206 r  seven_segment_baud_rate_generator/counterTick[0]_i_1/O
                         net (fo=19, routed)          0.806    11.012    seven_segment_baud_rate_generator/counterTick[0]_i_1_n_0
    SLICE_X57Y23         FDRE                                         r  seven_segment_baud_rate_generator/counterTick_reg[13]/R
  -------------------------------------------------------------------    -------------------

                         (clock sys_clk_pin rise edge)
                                                     10.000    10.000 r  
    W5                                                0.000    10.000 r  sys_clk (IN)
                         net (fo=0)                   0.000    10.000    sys_clk
    W5                   IBUF (Prop_ibuf_I_O)         1.388    11.388 r  sys_clk_IBUF_inst/O
                         net (fo=1, routed)           1.862    13.250    sys_clk_IBUF
    BUFGCTRL_X0Y1        BUFG (Prop_bufg_I_O)         0.091    13.341 r  sys_clk_IBUF_BUFG_inst/O
                         net (fo=45, routed)          1.438    14.779    seven_segment_baud_rate_generator/sys_clk
    SLICE_X57Y23         FDRE                                         r  seven_segment_baud_rate_generator/counterTick_reg[13]/C
                         clock pessimism              0.260    15.039    
                         clock uncertainty           -0.035    15.004    
    SLICE_X57Y23         FDRE (Setup_fdre_C_R)       -0.429    14.575    seven_segment_baud_rate_generator/counterTick_reg[13]
  -------------------------------------------------------------------
                         required time                         14.575    
                         arrival time                         -11.012    
  -------------------------------------------------------------------
                         slack                                  3.563    

Slack (MET) :             3.563ns  (required time - arrival time)
  Source:                 my_debounce/debounced_result_reg/C
                            (rising edge-triggered cell FDRE clocked by sys_clk_pin  {rise@0.000ns fall@5.000ns period=10.000ns})
  Destination:            seven_segment_baud_rate_generator/counterTick_reg[14]/R
                            (rising edge-triggered cell FDRE clocked by sys_clk_pin  {rise@0.000ns fall@5.000ns period=10.000ns})
  Path Group:             sys_clk_pin
  Path Type:              Setup (Max at Slow Process Corner)
  Requirement:            10.000ns  (sys_clk_pin rise@10.000ns - sys_clk_pin rise@0.000ns)
  Data Path Delay:        5.929ns  (logic 0.580ns (9.783%)  route 5.349ns (90.217%))
  Logic Levels:           1  (LUT6=1)
  Clock Path Skew:        -0.044ns (DCD - SCD + CPR)
    Destination Clock Delay (DCD):    4.779ns = ( 14.779 - 10.000 ) 
    Source Clock Delay      (SCD):    5.083ns
    Clock Pessimism Removal (CPR):    0.260ns
  Clock Uncertainty:      0.035ns  ((TSJ^2 + TIJ^2)^1/2 + DJ) / 2 + PE
    Total System Jitter     (TSJ):    0.071ns
    Total Input Jitter      (TIJ):    0.000ns
    Discrete Jitter          (DJ):    0.000ns
    Phase Error              (PE):    0.000ns

    Location             Delay type                Incr(ns)  Path(ns)    Netlist Resource(s)
  -------------------------------------------------------------------    -------------------
                         (clock sys_clk_pin rise edge)
                                                      0.000     0.000 r  
    W5                                                0.000     0.000 r  sys_clk (IN)
                         net (fo=0)                   0.000     0.000    sys_clk
    W5                   IBUF (Prop_ibuf_I_O)         1.458     1.458 r  sys_clk_IBUF_inst/O
                         net (fo=1, routed)           1.967     3.425    sys_clk_IBUF
    BUFGCTRL_X0Y1        BUFG (Prop_bufg_I_O)         0.096     3.521 r  sys_clk_IBUF_BUFG_inst/O
                         net (fo=45, routed)          1.562     5.083    my_debounce/sys_clk
    SLICE_X41Y37         FDRE                                         r  my_debounce/debounced_result_reg/C
  -------------------------------------------------------------------    -------------------
    SLICE_X41Y37         FDRE (Prop_fdre_C_Q)         0.456     5.539 r  my_debounce/debounced_result_reg/Q
                         net (fo=81, routed)          4.543    10.082    seven_segment_baud_rate_generator/debounced_reset
    SLICE_X56Y23         LUT6 (Prop_lut6_I5_O)        0.124    10.206 r  seven_segment_baud_rate_generator/counterTick[0]_i_1/O
                         net (fo=19, routed)          0.806    11.012    seven_segment_baud_rate_generator/counterTick[0]_i_1_n_0
    SLICE_X57Y23         FDRE                                         r  seven_segment_baud_rate_generator/counterTick_reg[14]/R
  -------------------------------------------------------------------    -------------------

                         (clock sys_clk_pin rise edge)
                                                     10.000    10.000 r  
    W5                                                0.000    10.000 r  sys_clk (IN)
                         net (fo=0)                   0.000    10.000    sys_clk
    W5                   IBUF (Prop_ibuf_I_O)         1.388    11.388 r  sys_clk_IBUF_inst/O
                         net (fo=1, routed)           1.862    13.250    sys_clk_IBUF
    BUFGCTRL_X0Y1        BUFG (Prop_bufg_I_O)         0.091    13.341 r  sys_clk_IBUF_BUFG_inst/O
                         net (fo=45, routed)          1.438    14.779    seven_segment_baud_rate_generator/sys_clk
    SLICE_X57Y23         FDRE                                         r  seven_segment_baud_rate_generator/counterTick_reg[14]/C
                         clock pessimism              0.260    15.039    
                         clock uncertainty           -0.035    15.004    
    SLICE_X57Y23         FDRE (Setup_fdre_C_R)       -0.429    14.575    seven_segment_baud_rate_generator/counterTick_reg[14]
  -------------------------------------------------------------------
                         required time                         14.575    
                         arrival time                         -11.012    
  -------------------------------------------------------------------
                         slack                                  3.563    





Min Delay Paths
--------------------------------------------------------------------------------------
Slack (MET) :             0.249ns  (arrival time - required time)
  Source:                 my_debounce/sync_0_reg/C
                            (rising edge-triggered cell FDRE clocked by sys_clk_pin  {rise@0.000ns fall@5.000ns period=10.000ns})
  Destination:            my_debounce/sync_1_reg/D
                            (rising edge-triggered cell FDRE clocked by sys_clk_pin  {rise@0.000ns fall@5.000ns period=10.000ns})
  Path Group:             sys_clk_pin
  Path Type:              Hold (Min at Fast Process Corner)
  Requirement:            0.000ns  (sys_clk_pin rise@0.000ns - sys_clk_pin rise@0.000ns)
  Data Path Delay:        0.315ns  (logic 0.141ns (44.783%)  route 0.174ns (55.217%))
  Logic Levels:           0  
  Clock Path Skew:        0.000ns (DCD - SCD - CPR)
    Destination Clock Delay (DCD):    1.955ns
    Source Clock Delay      (SCD):    1.443ns
    Clock Pessimism Removal (CPR):    0.512ns

    Location             Delay type                Incr(ns)  Path(ns)    Netlist Resource(s)
  -------------------------------------------------------------------    -------------------
                         (clock sys_clk_pin rise edge)
                                                      0.000     0.000 r  
    W5                                                0.000     0.000 r  sys_clk (IN)
                         net (fo=0)                   0.000     0.000    sys_clk
    W5                   IBUF (Prop_ibuf_I_O)         0.226     0.226 r  sys_clk_IBUF_inst/O
                         net (fo=1, routed)           0.631     0.858    sys_clk_IBUF
    BUFGCTRL_X0Y1        BUFG (Prop_bufg_I_O)         0.026     0.884 r  sys_clk_IBUF_BUFG_inst/O
                         net (fo=45, routed)          0.560     1.443    my_debounce/sys_clk
    SLICE_X44Y34         FDRE                                         r  my_debounce/sync_0_reg/C
  -------------------------------------------------------------------    -------------------
    SLICE_X44Y34         FDRE (Prop_fdre_C_Q)         0.141     1.584 r  my_debounce/sync_0_reg/Q
                         net (fo=1, routed)           0.174     1.758    my_debounce/sync_0
    SLICE_X44Y34         FDRE                                         r  my_debounce/sync_1_reg/D
  -------------------------------------------------------------------    -------------------

                         (clock sys_clk_pin rise edge)
                                                      0.000     0.000 r  
    W5                                                0.000     0.000 r  sys_clk (IN)
                         net (fo=0)                   0.000     0.000    sys_clk
    W5                   IBUF (Prop_ibuf_I_O)         0.414     0.414 r  sys_clk_IBUF_inst/O
                         net (fo=1, routed)           0.685     1.099    sys_clk_IBUF
    BUFGCTRL_X0Y1        BUFG (Prop_bufg_I_O)         0.029     1.128 r  sys_clk_IBUF_BUFG_inst/O
                         net (fo=45, routed)          0.828     1.955    my_debounce/sys_clk
    SLICE_X44Y34         FDRE                                         r  my_debounce/sync_1_reg/C
                         clock pessimism             -0.512     1.443    
    SLICE_X44Y34         FDRE (Hold_fdre_C_D)         0.066     1.509    my_debounce/sync_1_reg
  -------------------------------------------------------------------
                         required time                         -1.509    
                         arrival time                           1.758    
  -------------------------------------------------------------------
                         slack                                  0.249    

Slack (MET) :             0.263ns  (arrival time - required time)
  Source:                 seven_segment_baud_rate_generator/sys_tick_reg_reg/C
                            (rising edge-triggered cell FDRE clocked by sys_clk_pin  {rise@0.000ns fall@5.000ns period=10.000ns})
  Destination:            seven_segment_baud_rate_generator/sys_tick_reg_reg/D
                            (rising edge-triggered cell FDRE clocked by sys_clk_pin  {rise@0.000ns fall@5.000ns period=10.000ns})
  Path Group:             sys_clk_pin
  Path Type:              Hold (Min at Fast Process Corner)
  Requirement:            0.000ns  (sys_clk_pin rise@0.000ns - sys_clk_pin rise@0.000ns)
  Data Path Delay:        0.354ns  (logic 0.186ns (52.498%)  route 0.168ns (47.502%))
  Logic Levels:           1  (LUT5=1)
  Clock Path Skew:        0.000ns (DCD - SCD - CPR)
    Destination Clock Delay (DCD):    1.949ns
    Source Clock Delay      (SCD):    1.437ns
    Clock Pessimism Removal (CPR):    0.512ns

    Location             Delay type                Incr(ns)  Path(ns)    Netlist Resource(s)
  -------------------------------------------------------------------    -------------------
                         (clock sys_clk_pin rise edge)
                                                      0.000     0.000 r  
    W5                                                0.000     0.000 r  sys_clk (IN)
                         net (fo=0)                   0.000     0.000    sys_clk
    W5                   IBUF (Prop_ibuf_I_O)         0.226     0.226 r  sys_clk_IBUF_inst/O
                         net (fo=1, routed)           0.631     0.858    sys_clk_IBUF
    BUFGCTRL_X0Y1        BUFG (Prop_bufg_I_O)         0.026     0.884 r  sys_clk_IBUF_BUFG_inst/O
                         net (fo=45, routed)          0.554     1.437    seven_segment_baud_rate_generator/sys_clk
    SLICE_X55Y23         FDRE                                         r  seven_segment_baud_rate_generator/sys_tick_reg_reg/C
  -------------------------------------------------------------------    -------------------
    SLICE_X55Y23         FDRE (Prop_fdre_C_Q)         0.141     1.578 r  seven_segment_baud_rate_generator/sys_tick_reg_reg/Q
                         net (fo=5, routed)           0.168     1.746    seven_segment_baud_rate_generator/CLK
    SLICE_X55Y23         LUT5 (Prop_lut5_I3_O)        0.045     1.791 r  seven_segment_baud_rate_generator/sys_tick_reg_i_1/O
                         net (fo=1, routed)           0.000     1.791    seven_segment_baud_rate_generator/sys_tick_reg_i_1_n_0
    SLICE_X55Y23         FDRE                                         r  seven_segment_baud_rate_generator/sys_tick_reg_reg/D
  -------------------------------------------------------------------    -------------------

                         (clock sys_clk_pin rise edge)
                                                      0.000     0.000 r  
    W5                                                0.000     0.000 r  sys_clk (IN)
                         net (fo=0)                   0.000     0.000    sys_clk
    W5                   IBUF (Prop_ibuf_I_O)         0.414     0.414 r  sys_clk_IBUF_inst/O
                         net (fo=1, routed)           0.685     1.099    sys_clk_IBUF
    BUFGCTRL_X0Y1        BUFG (Prop_bufg_I_O)         0.029     1.128 r  sys_clk_IBUF_BUFG_inst/O
                         net (fo=45, routed)          0.822     1.949    seven_segment_baud_rate_generator/sys_clk
    SLICE_X55Y23         FDRE                                         r  seven_segment_baud_rate_generator/sys_tick_reg_reg/C
                         clock pessimism             -0.512     1.437    
    SLICE_X55Y23         FDRE (Hold_fdre_C_D)         0.091     1.528    seven_segment_baud_rate_generator/sys_tick_reg_reg
  -------------------------------------------------------------------
                         required time                         -1.528    
                         arrival time                           1.791    
  -------------------------------------------------------------------
                         slack                                  0.263    

Slack (MET) :             0.264ns  (arrival time - required time)
  Source:                 seven_segment_baud_rate_generator/counterTick_reg[15]/C
                            (rising edge-triggered cell FDRE clocked by sys_clk_pin  {rise@0.000ns fall@5.000ns period=10.000ns})
  Destination:            seven_segment_baud_rate_generator/counterTick_reg[15]/D
                            (rising edge-triggered cell FDRE clocked by sys_clk_pin  {rise@0.000ns fall@5.000ns period=10.000ns})
  Path Group:             sys_clk_pin
  Path Type:              Hold (Min at Fast Process Corner)
  Requirement:            0.000ns  (sys_clk_pin rise@0.000ns - sys_clk_pin rise@0.000ns)
  Data Path Delay:        0.369ns  (logic 0.249ns (67.424%)  route 0.120ns (32.576%))
  Logic Levels:           1  (CARRY4=1)
  Clock Path Skew:        0.000ns (DCD - SCD - CPR)
    Destination Clock Delay (DCD):    1.949ns
    Source Clock Delay      (SCD):    1.439ns
    Clock Pessimism Removal (CPR):    0.510ns

    Location             Delay type                Incr(ns)  Path(ns)    Netlist Resource(s)
  -------------------------------------------------------------------    -------------------
                         (clock sys_clk_pin rise edge)
                                                      0.000     0.000 r  
    W5                                                0.000     0.000 r  sys_clk (IN)
                         net (fo=0)                   0.000     0.000    sys_clk
    W5                   IBUF (Prop_ibuf_I_O)         0.226     0.226 r  sys_clk_IBUF_inst/O
                         net (fo=1, routed)           0.631     0.858    sys_clk_IBUF
    BUFGCTRL_X0Y1        BUFG (Prop_bufg_I_O)         0.026     0.884 r  sys_clk_IBUF_BUFG_inst/O
                         net (fo=45, routed)          0.556     1.439    seven_segment_baud_rate_generator/sys_clk
    SLICE_X57Y23         FDRE                                         r  seven_segment_baud_rate_generator/counterTick_reg[15]/C
  -------------------------------------------------------------------    -------------------
    SLICE_X57Y23         FDRE (Prop_fdre_C_Q)         0.141     1.580 r  seven_segment_baud_rate_generator/counterTick_reg[15]/Q
                         net (fo=3, routed)           0.120     1.700    seven_segment_baud_rate_generator/counterTick_reg[15]
    SLICE_X57Y23         CARRY4 (Prop_carry4_S[3]_O[3])
                                                      0.108     1.808 r  seven_segment_baud_rate_generator/counterTick_reg[12]_i_1/O[3]
                         net (fo=1, routed)           0.000     1.808    seven_segment_baud_rate_generator/counterTick_reg[12]_i_1_n_4
    SLICE_X57Y23         FDRE                                         r  seven_segment_baud_rate_generator/counterTick_reg[15]/D
  -------------------------------------------------------------------    -------------------

                         (clock sys_clk_pin rise edge)
                                                      0.000     0.000 r  
    W5                                                0.000     0.000 r  sys_clk (IN)
                         net (fo=0)                   0.000     0.000    sys_clk
    W5                   IBUF (Prop_ibuf_I_O)         0.414     0.414 r  sys_clk_IBUF_inst/O
                         net (fo=1, routed)           0.685     1.099    sys_clk_IBUF
    BUFGCTRL_X0Y1        BUFG (Prop_bufg_I_O)         0.029     1.128 r  sys_clk_IBUF_BUFG_inst/O
                         net (fo=45, routed)          0.822     1.949    seven_segment_baud_rate_generator/sys_clk
    SLICE_X57Y23         FDRE                                         r  seven_segment_baud_rate_generator/counterTick_reg[15]/C
                         clock pessimism             -0.510     1.439    
    SLICE_X57Y23         FDRE (Hold_fdre_C_D)         0.105     1.544    seven_segment_baud_rate_generator/counterTick_reg[15]
  -------------------------------------------------------------------
                         required time                         -1.544    
                         arrival time                           1.808    
  -------------------------------------------------------------------
                         slack                                  0.264    

Slack (MET) :             0.264ns  (arrival time - required time)
  Source:                 seven_segment_baud_rate_generator/counterTick_reg[3]/C
                            (rising edge-triggered cell FDRE clocked by sys_clk_pin  {rise@0.000ns fall@5.000ns period=10.000ns})
  Destination:            seven_segment_baud_rate_generator/counterTick_reg[3]/D
                            (rising edge-triggered cell FDRE clocked by sys_clk_pin  {rise@0.000ns fall@5.000ns period=10.000ns})
  Path Group:             sys_clk_pin
  Path Type:              Hold (Min at Fast Process Corner)
  Requirement:            0.000ns  (sys_clk_pin rise@0.000ns - sys_clk_pin rise@0.000ns)
  Data Path Delay:        0.369ns  (logic 0.249ns (67.424%)  route 0.120ns (32.576%))
  Logic Levels:           1  (CARRY4=1)
  Clock Path Skew:        0.000ns (DCD - SCD - CPR)
    Destination Clock Delay (DCD):    1.953ns
    Source Clock Delay      (SCD):    1.442ns
    Clock Pessimism Removal (CPR):    0.511ns

    Location             Delay type                Incr(ns)  Path(ns)    Netlist Resource(s)
  -------------------------------------------------------------------    -------------------
                         (clock sys_clk_pin rise edge)
                                                      0.000     0.000 r  
    W5                                                0.000     0.000 r  sys_clk (IN)
                         net (fo=0)                   0.000     0.000    sys_clk
    W5                   IBUF (Prop_ibuf_I_O)         0.226     0.226 r  sys_clk_IBUF_inst/O
                         net (fo=1, routed)           0.631     0.858    sys_clk_IBUF
    BUFGCTRL_X0Y1        BUFG (Prop_bufg_I_O)         0.026     0.884 r  sys_clk_IBUF_BUFG_inst/O
                         net (fo=45, routed)          0.559     1.442    seven_segment_baud_rate_generator/sys_clk
    SLICE_X57Y20         FDRE                                         r  seven_segment_baud_rate_generator/counterTick_reg[3]/C
  -------------------------------------------------------------------    -------------------
    SLICE_X57Y20         FDRE (Prop_fdre_C_Q)         0.141     1.583 r  seven_segment_baud_rate_generator/counterTick_reg[3]/Q
                         net (fo=3, routed)           0.120     1.703    seven_segment_baud_rate_generator/counterTick_reg[3]
    SLICE_X57Y20         CARRY4 (Prop_carry4_S[3]_O[3])
                                                      0.108     1.811 r  seven_segment_baud_rate_generator/counterTick_reg[0]_i_2/O[3]
                         net (fo=1, routed)           0.000     1.811    seven_segment_baud_rate_generator/counterTick_reg[0]_i_2_n_4
    SLICE_X57Y20         FDRE                                         r  seven_segment_baud_rate_generator/counterTick_reg[3]/D
  -------------------------------------------------------------------    -------------------

                         (clock sys_clk_pin rise edge)
                                                      0.000     0.000 r  
    W5                                                0.000     0.000 r  sys_clk (IN)
                         net (fo=0)                   0.000     0.000    sys_clk
    W5                   IBUF (Prop_ibuf_I_O)         0.414     0.414 r  sys_clk_IBUF_inst/O
                         net (fo=1, routed)           0.685     1.099    sys_clk_IBUF
    BUFGCTRL_X0Y1        BUFG (Prop_bufg_I_O)         0.029     1.128 r  sys_clk_IBUF_BUFG_inst/O
                         net (fo=45, routed)          0.826     1.953    seven_segment_baud_rate_generator/sys_clk
    SLICE_X57Y20         FDRE                                         r  seven_segment_baud_rate_generator/counterTick_reg[3]/C
                         clock pessimism             -0.511     1.442    
    SLICE_X57Y20         FDRE (Hold_fdre_C_D)         0.105     1.547    seven_segment_baud_rate_generator/counterTick_reg[3]
  -------------------------------------------------------------------
                         required time                         -1.547    
                         arrival time                           1.811    
  -------------------------------------------------------------------
                         slack                                  0.264    

Slack (MET) :             0.264ns  (arrival time - required time)
  Source:                 seven_segment_baud_rate_generator/counterTick_reg[11]/C
                            (rising edge-triggered cell FDRE clocked by sys_clk_pin  {rise@0.000ns fall@5.000ns period=10.000ns})
  Destination:            seven_segment_baud_rate_generator/counterTick_reg[11]/D
                            (rising edge-triggered cell FDRE clocked by sys_clk_pin  {rise@0.000ns fall@5.000ns period=10.000ns})
  Path Group:             sys_clk_pin
  Path Type:              Hold (Min at Fast Process Corner)
  Requirement:            0.000ns  (sys_clk_pin rise@0.000ns - sys_clk_pin rise@0.000ns)
  Data Path Delay:        0.369ns  (logic 0.249ns (67.424%)  route 0.120ns (32.576%))
  Logic Levels:           1  (CARRY4=1)
  Clock Path Skew:        0.000ns (DCD - SCD - CPR)
    Destination Clock Delay (DCD):    1.951ns
    Source Clock Delay      (SCD):    1.441ns
    Clock Pessimism Removal (CPR):    0.510ns

    Location             Delay type                Incr(ns)  Path(ns)    Netlist Resource(s)
  -------------------------------------------------------------------    -------------------
                         (clock sys_clk_pin rise edge)
                                                      0.000     0.000 r  
    W5                                                0.000     0.000 r  sys_clk (IN)
                         net (fo=0)                   0.000     0.000    sys_clk
    W5                   IBUF (Prop_ibuf_I_O)         0.226     0.226 r  sys_clk_IBUF_inst/O
                         net (fo=1, routed)           0.631     0.858    sys_clk_IBUF
    BUFGCTRL_X0Y1        BUFG (Prop_bufg_I_O)         0.026     0.884 r  sys_clk_IBUF_BUFG_inst/O
                         net (fo=45, routed)          0.558     1.441    seven_segment_baud_rate_generator/sys_clk
    SLICE_X57Y22         FDRE                                         r  seven_segment_baud_rate_generator/counterTick_reg[11]/C
  -------------------------------------------------------------------    -------------------
    SLICE_X57Y22         FDRE (Prop_fdre_C_Q)         0.141     1.582 r  seven_segment_baud_rate_generator/counterTick_reg[11]/Q
                         net (fo=4, routed)           0.120     1.702    seven_segment_baud_rate_generator/counterTick_reg[11]
    SLICE_X57Y22         CARRY4 (Prop_carry4_S[3]_O[3])
                                                      0.108     1.810 r  seven_segment_baud_rate_generator/counterTick_reg[8]_i_1/O[3]
                         net (fo=1, routed)           0.000     1.810    seven_segment_baud_rate_generator/counterTick_reg[8]_i_1_n_4
    SLICE_X57Y22         FDRE                                         r  seven_segment_baud_rate_generator/counterTick_reg[11]/D
  -------------------------------------------------------------------    -------------------

                         (clock sys_clk_pin rise edge)
                                                      0.000     0.000 r  
    W5                                                0.000     0.000 r  sys_clk (IN)
                         net (fo=0)                   0.000     0.000    sys_clk
    W5                   IBUF (Prop_ibuf_I_O)         0.414     0.414 r  sys_clk_IBUF_inst/O
                         net (fo=1, routed)           0.685     1.099    sys_clk_IBUF
    BUFGCTRL_X0Y1        BUFG (Prop_bufg_I_O)         0.029     1.128 r  sys_clk_IBUF_BUFG_inst/O
                         net (fo=45, routed)          0.824     1.951    seven_segment_baud_rate_generator/sys_clk
    SLICE_X57Y22         FDRE                                         r  seven_segment_baud_rate_generator/counterTick_reg[11]/C
                         clock pessimism             -0.510     1.441    
    SLICE_X57Y22         FDRE (Hold_fdre_C_D)         0.105     1.546    seven_segment_baud_rate_generator/counterTick_reg[11]
  -------------------------------------------------------------------
                         required time                         -1.546    
                         arrival time                           1.810    
  -------------------------------------------------------------------
                         slack                                  0.264    

Slack (MET) :             0.266ns  (arrival time - required time)
  Source:                 seven_segment_baud_rate_generator/counterTick_reg[8]/C
                            (rising edge-triggered cell FDRE clocked by sys_clk_pin  {rise@0.000ns fall@5.000ns period=10.000ns})
  Destination:            seven_segment_baud_rate_generator/counterTick_reg[8]/D
                            (rising edge-triggered cell FDRE clocked by sys_clk_pin  {rise@0.000ns fall@5.000ns period=10.000ns})
  Path Group:             sys_clk_pin
  Path Type:              Hold (Min at Fast Process Corner)
  Requirement:            0.000ns  (sys_clk_pin rise@0.000ns - sys_clk_pin rise@0.000ns)
  Data Path Delay:        0.371ns  (logic 0.256ns (68.994%)  route 0.115ns (31.006%))
  Logic Levels:           1  (CARRY4=1)
  Clock Path Skew:        0.000ns (DCD - SCD - CPR)
    Destination Clock Delay (DCD):    1.951ns
    Source Clock Delay      (SCD):    1.441ns
    Clock Pessimism Removal (CPR):    0.510ns

    Location             Delay type                Incr(ns)  Path(ns)    Netlist Resource(s)
  -------------------------------------------------------------------    -------------------
                         (clock sys_clk_pin rise edge)
                                                      0.000     0.000 r  
    W5                                                0.000     0.000 r  sys_clk (IN)
                         net (fo=0)                   0.000     0.000    sys_clk
    W5                   IBUF (Prop_ibuf_I_O)         0.226     0.226 r  sys_clk_IBUF_inst/O
                         net (fo=1, routed)           0.631     0.858    sys_clk_IBUF
    BUFGCTRL_X0Y1        BUFG (Prop_bufg_I_O)         0.026     0.884 r  sys_clk_IBUF_BUFG_inst/O
                         net (fo=45, routed)          0.558     1.441    seven_segment_baud_rate_generator/sys_clk
    SLICE_X57Y22         FDRE                                         r  seven_segment_baud_rate_generator/counterTick_reg[8]/C
  -------------------------------------------------------------------    -------------------
    SLICE_X57Y22         FDRE (Prop_fdre_C_Q)         0.141     1.582 r  seven_segment_baud_rate_generator/counterTick_reg[8]/Q
                         net (fo=4, routed)           0.115     1.697    seven_segment_baud_rate_generator/counterTick_reg[8]
    SLICE_X57Y22         CARRY4 (Prop_carry4_S[0]_O[0])
                                                      0.115     1.812 r  seven_segment_baud_rate_generator/counterTick_reg[8]_i_1/O[0]
                         net (fo=1, routed)           0.000     1.812    seven_segment_baud_rate_generator/counterTick_reg[8]_i_1_n_7
    SLICE_X57Y22         FDRE                                         r  seven_segment_baud_rate_generator/counterTick_reg[8]/D
  -------------------------------------------------------------------    -------------------

                         (clock sys_clk_pin rise edge)
                                                      0.000     0.000 r  
    W5                                                0.000     0.000 r  sys_clk (IN)
                         net (fo=0)                   0.000     0.000    sys_clk
    W5                   IBUF (Prop_ibuf_I_O)         0.414     0.414 r  sys_clk_IBUF_inst/O
                         net (fo=1, routed)           0.685     1.099    sys_clk_IBUF
    BUFGCTRL_X0Y1        BUFG (Prop_bufg_I_O)         0.029     1.128 r  sys_clk_IBUF_BUFG_inst/O
                         net (fo=45, routed)          0.824     1.951    seven_segment_baud_rate_generator/sys_clk
    SLICE_X57Y22         FDRE                                         r  seven_segment_baud_rate_generator/counterTick_reg[8]/C
                         clock pessimism             -0.510     1.441    
    SLICE_X57Y22         FDRE (Hold_fdre_C_D)         0.105     1.546    seven_segment_baud_rate_generator/counterTick_reg[8]
  -------------------------------------------------------------------
                         required time                         -1.546    
                         arrival time                           1.812    
  -------------------------------------------------------------------
                         slack                                  0.266    

Slack (MET) :             0.267ns  (arrival time - required time)
  Source:                 my_debounce/counter_reg[2]/C
                            (rising edge-triggered cell FDRE clocked by sys_clk_pin  {rise@0.000ns fall@5.000ns period=10.000ns})
  Destination:            my_debounce/counter_reg[2]/D
                            (rising edge-triggered cell FDRE clocked by sys_clk_pin  {rise@0.000ns fall@5.000ns period=10.000ns})
  Path Group:             sys_clk_pin
  Path Type:              Hold (Min at Fast Process Corner)
  Requirement:            0.000ns  (sys_clk_pin rise@0.000ns - sys_clk_pin rise@0.000ns)
  Data Path Delay:        0.401ns  (logic 0.274ns (68.412%)  route 0.127ns (31.588%))
  Logic Levels:           1  (CARRY4=1)
  Clock Path Skew:        0.000ns (DCD - SCD - CPR)
    Destination Clock Delay (DCD):    1.954ns
    Source Clock Delay      (SCD):    1.442ns
    Clock Pessimism Removal (CPR):    0.512ns

    Location             Delay type                Incr(ns)  Path(ns)    Netlist Resource(s)
  -------------------------------------------------------------------    -------------------
                         (clock sys_clk_pin rise edge)
                                                      0.000     0.000 r  
    W5                                                0.000     0.000 r  sys_clk (IN)
                         net (fo=0)                   0.000     0.000    sys_clk
    W5                   IBUF (Prop_ibuf_I_O)         0.226     0.226 r  sys_clk_IBUF_inst/O
                         net (fo=1, routed)           0.631     0.858    sys_clk_IBUF
    BUFGCTRL_X0Y1        BUFG (Prop_bufg_I_O)         0.026     0.884 r  sys_clk_IBUF_BUFG_inst/O
                         net (fo=45, routed)          0.559     1.442    my_debounce/sys_clk
    SLICE_X46Y33         FDRE                                         r  my_debounce/counter_reg[2]/C
  -------------------------------------------------------------------    -------------------
    SLICE_X46Y33         FDRE (Prop_fdre_C_Q)         0.164     1.606 r  my_debounce/counter_reg[2]/Q
                         net (fo=3, routed)           0.127     1.733    my_debounce/counter_reg[2]
    SLICE_X46Y33         CARRY4 (Prop_carry4_S[2]_O[2])
                                                      0.110     1.843 r  my_debounce/counter_reg[0]_i_2/O[2]
                         net (fo=1, routed)           0.000     1.843    my_debounce/counter_reg[0]_i_2_n_5
    SLICE_X46Y33         FDRE                                         r  my_debounce/counter_reg[2]/D
  -------------------------------------------------------------------    -------------------

                         (clock sys_clk_pin rise edge)
                                                      0.000     0.000 r  
    W5                                                0.000     0.000 r  sys_clk (IN)
                         net (fo=0)                   0.000     0.000    sys_clk
    W5                   IBUF (Prop_ibuf_I_O)         0.414     0.414 r  sys_clk_IBUF_inst/O
                         net (fo=1, routed)           0.685     1.099    sys_clk_IBUF
    BUFGCTRL_X0Y1        BUFG (Prop_bufg_I_O)         0.029     1.128 r  sys_clk_IBUF_BUFG_inst/O
                         net (fo=45, routed)          0.827     1.954    my_debounce/sys_clk
    SLICE_X46Y33         FDRE                                         r  my_debounce/counter_reg[2]/C
                         clock pessimism             -0.512     1.442    
    SLICE_X46Y33         FDRE (Hold_fdre_C_D)         0.134     1.576    my_debounce/counter_reg[2]
  -------------------------------------------------------------------
                         required time                         -1.576    
                         arrival time                           1.843    
  -------------------------------------------------------------------
                         slack                                  0.267    

Slack (MET) :             0.267ns  (arrival time - required time)
  Source:                 my_debounce/counter_reg[18]/C
                            (rising edge-triggered cell FDRE clocked by sys_clk_pin  {rise@0.000ns fall@5.000ns period=10.000ns})
  Destination:            my_debounce/counter_reg[18]/D
                            (rising edge-triggered cell FDRE clocked by sys_clk_pin  {rise@0.000ns fall@5.000ns period=10.000ns})
  Path Group:             sys_clk_pin
  Path Type:              Hold (Min at Fast Process Corner)
  Requirement:            0.000ns  (sys_clk_pin rise@0.000ns - sys_clk_pin rise@0.000ns)
  Data Path Delay:        0.401ns  (logic 0.274ns (68.412%)  route 0.127ns (31.588%))
  Logic Levels:           1  (CARRY4=1)
  Clock Path Skew:        0.000ns (DCD - SCD - CPR)
    Destination Clock Delay (DCD):    1.957ns
    Source Clock Delay      (SCD):    1.444ns
    Clock Pessimism Removal (CPR):    0.513ns

    Location             Delay type                Incr(ns)  Path(ns)    Netlist Resource(s)
  -------------------------------------------------------------------    -------------------
                         (clock sys_clk_pin rise edge)
                                                      0.000     0.000 r  
    W5                                                0.000     0.000 r  sys_clk (IN)
                         net (fo=0)                   0.000     0.000    sys_clk
    W5                   IBUF (Prop_ibuf_I_O)         0.226     0.226 r  sys_clk_IBUF_inst/O
                         net (fo=1, routed)           0.631     0.858    sys_clk_IBUF
    BUFGCTRL_X0Y1        BUFG (Prop_bufg_I_O)         0.026     0.884 r  sys_clk_IBUF_BUFG_inst/O
                         net (fo=45, routed)          0.561     1.444    my_debounce/sys_clk
    SLICE_X46Y37         FDRE                                         r  my_debounce/counter_reg[18]/C
  -------------------------------------------------------------------    -------------------
    SLICE_X46Y37         FDRE (Prop_fdre_C_Q)         0.164     1.608 r  my_debounce/counter_reg[18]/Q
                         net (fo=3, routed)           0.127     1.735    my_debounce/counter_reg[18]
    SLICE_X46Y37         CARRY4 (Prop_carry4_S[2]_O[2])
                                                      0.110     1.845 r  my_debounce/counter_reg[16]_i_1/O[2]
                         net (fo=1, routed)           0.000     1.845    my_debounce/counter_reg[16]_i_1_n_5
    SLICE_X46Y37         FDRE                                         r  my_debounce/counter_reg[18]/D
  -------------------------------------------------------------------    -------------------

                         (clock sys_clk_pin rise edge)
                                                      0.000     0.000 r  
    W5                                                0.000     0.000 r  sys_clk (IN)
                         net (fo=0)                   0.000     0.000    sys_clk
    W5                   IBUF (Prop_ibuf_I_O)         0.414     0.414 r  sys_clk_IBUF_inst/O
                         net (fo=1, routed)           0.685     1.099    sys_clk_IBUF
    BUFGCTRL_X0Y1        BUFG (Prop_bufg_I_O)         0.029     1.128 r  sys_clk_IBUF_BUFG_inst/O
                         net (fo=45, routed)          0.830     1.957    my_debounce/sys_clk
    SLICE_X46Y37         FDRE                                         r  my_debounce/counter_reg[18]/C
                         clock pessimism             -0.513     1.444    
    SLICE_X46Y37         FDRE (Hold_fdre_C_D)         0.134     1.578    my_debounce/counter_reg[18]
  -------------------------------------------------------------------
                         required time                         -1.578    
                         arrival time                           1.845    
  -------------------------------------------------------------------
                         slack                                  0.267    

Slack (MET) :             0.268ns  (arrival time - required time)
  Source:                 seven_segment_baud_rate_generator/counterTick_reg[16]/C
                            (rising edge-triggered cell FDRE clocked by sys_clk_pin  {rise@0.000ns fall@5.000ns period=10.000ns})
  Destination:            seven_segment_baud_rate_generator/counterTick_reg[16]/D
                            (rising edge-triggered cell FDRE clocked by sys_clk_pin  {rise@0.000ns fall@5.000ns period=10.000ns})
  Path Group:             sys_clk_pin
  Path Type:              Hold (Min at Fast Process Corner)
  Requirement:            0.000ns  (sys_clk_pin rise@0.000ns - sys_clk_pin rise@0.000ns)
  Data Path Delay:        0.373ns  (logic 0.256ns (68.576%)  route 0.117ns (31.424%))
  Logic Levels:           1  (CARRY4=1)
  Clock Path Skew:        0.000ns (DCD - SCD - CPR)
    Destination Clock Delay (DCD):    1.948ns
    Source Clock Delay      (SCD):    1.438ns
    Clock Pessimism Removal (CPR):    0.510ns

    Location             Delay type                Incr(ns)  Path(ns)    Netlist Resource(s)
  -------------------------------------------------------------------    -------------------
                         (clock sys_clk_pin rise edge)
                                                      0.000     0.000 r  
    W5                                                0.000     0.000 r  sys_clk (IN)
                         net (fo=0)                   0.000     0.000    sys_clk
    W5                   IBUF (Prop_ibuf_I_O)         0.226     0.226 r  sys_clk_IBUF_inst/O
                         net (fo=1, routed)           0.631     0.858    sys_clk_IBUF
    BUFGCTRL_X0Y1        BUFG (Prop_bufg_I_O)         0.026     0.884 r  sys_clk_IBUF_BUFG_inst/O
                         net (fo=45, routed)          0.555     1.438    seven_segment_baud_rate_generator/sys_clk
    SLICE_X57Y24         FDRE                                         r  seven_segment_baud_rate_generator/counterTick_reg[16]/C
  -------------------------------------------------------------------    -------------------
    SLICE_X57Y24         FDRE (Prop_fdre_C_Q)         0.141     1.579 r  seven_segment_baud_rate_generator/counterTick_reg[16]/Q
                         net (fo=4, routed)           0.117     1.696    seven_segment_baud_rate_generator/counterTick_reg[16]
    SLICE_X57Y24         CARRY4 (Prop_carry4_S[0]_O[0])
                                                      0.115     1.811 r  seven_segment_baud_rate_generator/counterTick_reg[16]_i_1/O[0]
                         net (fo=1, routed)           0.000     1.811    seven_segment_baud_rate_generator/counterTick_reg[16]_i_1_n_7
    SLICE_X57Y24         FDRE                                         r  seven_segment_baud_rate_generator/counterTick_reg[16]/D
  -------------------------------------------------------------------    -------------------

                         (clock sys_clk_pin rise edge)
                                                      0.000     0.000 r  
    W5                                                0.000     0.000 r  sys_clk (IN)
                         net (fo=0)                   0.000     0.000    sys_clk
    W5                   IBUF (Prop_ibuf_I_O)         0.414     0.414 r  sys_clk_IBUF_inst/O
                         net (fo=1, routed)           0.685     1.099    sys_clk_IBUF
    BUFGCTRL_X0Y1        BUFG (Prop_bufg_I_O)         0.029     1.128 r  sys_clk_IBUF_BUFG_inst/O
                         net (fo=45, routed)          0.821     1.948    seven_segment_baud_rate_generator/sys_clk
    SLICE_X57Y24         FDRE                                         r  seven_segment_baud_rate_generator/counterTick_reg[16]/C
                         clock pessimism             -0.510     1.438    
    SLICE_X57Y24         FDRE (Hold_fdre_C_D)         0.105     1.543    seven_segment_baud_rate_generator/counterTick_reg[16]
  -------------------------------------------------------------------
                         required time                         -1.543    
                         arrival time                           1.811    
  -------------------------------------------------------------------
                         slack                                  0.268    

Slack (MET) :             0.268ns  (arrival time - required time)
  Source:                 seven_segment_baud_rate_generator/counterTick_reg[4]/C
                            (rising edge-triggered cell FDRE clocked by sys_clk_pin  {rise@0.000ns fall@5.000ns period=10.000ns})
  Destination:            seven_segment_baud_rate_generator/counterTick_reg[4]/D
                            (rising edge-triggered cell FDRE clocked by sys_clk_pin  {rise@0.000ns fall@5.000ns period=10.000ns})
  Path Group:             sys_clk_pin
  Path Type:              Hold (Min at Fast Process Corner)
  Requirement:            0.000ns  (sys_clk_pin rise@0.000ns - sys_clk_pin rise@0.000ns)
  Data Path Delay:        0.373ns  (logic 0.256ns (68.565%)  route 0.117ns (31.435%))
  Logic Levels:           1  (CARRY4=1)
  Clock Path Skew:        0.000ns (DCD - SCD - CPR)
    Destination Clock Delay (DCD):    1.952ns
    Source Clock Delay      (SCD):    1.441ns
    Clock Pessimism Removal (CPR):    0.511ns

    Location             Delay type                Incr(ns)  Path(ns)    Netlist Resource(s)
  -------------------------------------------------------------------    -------------------
                         (clock sys_clk_pin rise edge)
                                                      0.000     0.000 r  
    W5                                                0.000     0.000 r  sys_clk (IN)
                         net (fo=0)                   0.000     0.000    sys_clk
    W5                   IBUF (Prop_ibuf_I_O)         0.226     0.226 r  sys_clk_IBUF_inst/O
                         net (fo=1, routed)           0.631     0.858    sys_clk_IBUF
    BUFGCTRL_X0Y1        BUFG (Prop_bufg_I_O)         0.026     0.884 r  sys_clk_IBUF_BUFG_inst/O
                         net (fo=45, routed)          0.558     1.441    seven_segment_baud_rate_generator/sys_clk
    SLICE_X57Y21         FDRE                                         r  seven_segment_baud_rate_generator/counterTick_reg[4]/C
  -------------------------------------------------------------------    -------------------
    SLICE_X57Y21         FDRE (Prop_fdre_C_Q)         0.141     1.582 r  seven_segment_baud_rate_generator/counterTick_reg[4]/Q
                         net (fo=4, routed)           0.117     1.699    seven_segment_baud_rate_generator/counterTick_reg[4]
    SLICE_X57Y21         CARRY4 (Prop_carry4_S[0]_O[0])
                                                      0.115     1.814 r  seven_segment_baud_rate_generator/counterTick_reg[4]_i_1/O[0]
                         net (fo=1, routed)           0.000     1.814    seven_segment_baud_rate_generator/counterTick_reg[4]_i_1_n_7
    SLICE_X57Y21         FDRE                                         r  seven_segment_baud_rate_generator/counterTick_reg[4]/D
  -------------------------------------------------------------------    -------------------

                         (clock sys_clk_pin rise edge)
                                                      0.000     0.000 r  
    W5                                                0.000     0.000 r  sys_clk (IN)
                         net (fo=0)                   0.000     0.000    sys_clk
    W5                   IBUF (Prop_ibuf_I_O)         0.414     0.414 r  sys_clk_IBUF_inst/O
                         net (fo=1, routed)           0.685     1.099    sys_clk_IBUF
    BUFGCTRL_X0Y1        BUFG (Prop_bufg_I_O)         0.029     1.128 r  sys_clk_IBUF_BUFG_inst/O
                         net (fo=45, routed)          0.825     1.952    seven_segment_baud_rate_generator/sys_clk
    SLICE_X57Y21         FDRE                                         r  seven_segment_baud_rate_generator/counterTick_reg[4]/C
                         clock pessimism             -0.511     1.441    
    SLICE_X57Y21         FDRE (Hold_fdre_C_D)         0.105     1.546    seven_segment_baud_rate_generator/counterTick_reg[4]
  -------------------------------------------------------------------
                         required time                         -1.546    
                         arrival time                           1.814    
  -------------------------------------------------------------------
                         slack                                  0.268    





Pulse Width Checks
--------------------------------------------------------------------------------------
Clock Name:         sys_clk_pin
Waveform(ns):       { 0.000 5.000 }
Period(ns):         10.000
Sources:            { sys_clk }

Check Type        Corner  Lib Pin  Reference Pin  Required(ns)  Actual(ns)  Slack(ns)  Location       Pin
Min Period        n/a     BUFG/I   n/a            2.155         10.000      7.845      BUFGCTRL_X0Y1  sys_clk_IBUF_BUFG_inst/I
Min Period        n/a     FDRE/C   n/a            1.000         10.000      9.000      SLICE_X46Y33   my_debounce/counter_reg[0]/C
Min Period        n/a     FDRE/C   n/a            1.000         10.000      9.000      SLICE_X46Y35   my_debounce/counter_reg[10]/C
Min Period        n/a     FDRE/C   n/a            1.000         10.000      9.000      SLICE_X46Y35   my_debounce/counter_reg[11]/C
Min Period        n/a     FDRE/C   n/a            1.000         10.000      9.000      SLICE_X46Y36   my_debounce/counter_reg[12]/C
Min Period        n/a     FDRE/C   n/a            1.000         10.000      9.000      SLICE_X46Y36   my_debounce/counter_reg[13]/C
Min Period        n/a     FDRE/C   n/a            1.000         10.000      9.000      SLICE_X46Y36   my_debounce/counter_reg[14]/C
Min Period        n/a     FDRE/C   n/a            1.000         10.000      9.000      SLICE_X46Y36   my_debounce/counter_reg[15]/C
Min Period        n/a     FDRE/C   n/a            1.000         10.000      9.000      SLICE_X46Y37   my_debounce/counter_reg[16]/C
Min Period        n/a     FDRE/C   n/a            1.000         10.000      9.000      SLICE_X46Y37   my_debounce/counter_reg[17]/C
Low Pulse Width   Slow    FDRE/C   n/a            0.500         5.000       4.500      SLICE_X46Y33   my_debounce/counter_reg[0]/C
Low Pulse Width   Fast    FDRE/C   n/a            0.500         5.000       4.500      SLICE_X46Y33   my_debounce/counter_reg[0]/C
Low Pulse Width   Slow    FDRE/C   n/a            0.500         5.000       4.500      SLICE_X46Y35   my_debounce/counter_reg[10]/C
Low Pulse Width   Fast    FDRE/C   n/a            0.500         5.000       4.500      SLICE_X46Y35   my_debounce/counter_reg[10]/C
Low Pulse Width   Slow    FDRE/C   n/a            0.500         5.000       4.500      SLICE_X46Y35   my_debounce/counter_reg[11]/C
Low Pulse Width   Fast    FDRE/C   n/a            0.500         5.000       4.500      SLICE_X46Y35   my_debounce/counter_reg[11]/C
Low Pulse Width   Slow    FDRE/C   n/a            0.500         5.000       4.500      SLICE_X46Y36   my_debounce/counter_reg[12]/C
Low Pulse Width   Fast    FDRE/C   n/a            0.500         5.000       4.500      SLICE_X46Y36   my_debounce/counter_reg[12]/C
Low Pulse Width   Slow    FDRE/C   n/a            0.500         5.000       4.500      SLICE_X46Y36   my_debounce/counter_reg[13]/C
Low Pulse Width   Fast    FDRE/C   n/a            0.500         5.000       4.500      SLICE_X46Y36   my_debounce/counter_reg[13]/C
High Pulse Width  Slow    FDRE/C   n/a            0.500         5.000       4.500      SLICE_X46Y33   my_debounce/counter_reg[0]/C
High Pulse Width  Fast    FDRE/C   n/a            0.500         5.000       4.500      SLICE_X46Y33   my_debounce/counter_reg[0]/C
High Pulse Width  Slow    FDRE/C   n/a            0.500         5.000       4.500      SLICE_X46Y35   my_debounce/counter_reg[10]/C
High Pulse Width  Fast    FDRE/C   n/a            0.500         5.000       4.500      SLICE_X46Y35   my_debounce/counter_reg[10]/C
High Pulse Width  Slow    FDRE/C   n/a            0.500         5.000       4.500      SLICE_X46Y35   my_debounce/counter_reg[11]/C
High Pulse Width  Fast    FDRE/C   n/a            0.500         5.000       4.500      SLICE_X46Y35   my_debounce/counter_reg[11]/C
High Pulse Width  Slow    FDRE/C   n/a            0.500         5.000       4.500      SLICE_X46Y36   my_debounce/counter_reg[12]/C
High Pulse Width  Fast    FDRE/C   n/a            0.500         5.000       4.500      SLICE_X46Y36   my_debounce/counter_reg[12]/C
High Pulse Width  Slow    FDRE/C   n/a            0.500         5.000       4.500      SLICE_X46Y36   my_debounce/counter_reg[13]/C
High Pulse Width  Fast    FDRE/C   n/a            0.500         5.000       4.500      SLICE_X46Y36   my_debounce/counter_reg[13]/C



---------------------------------------------------------------------------------------------------
From Clock:  sys_clk_pin
  To Clock:  clk_out1_sys_pll

Setup :            6  Failing Endpoints,  Worst Slack       -0.475ns,  Total Violation       -2.308ns
Hold  :            0  Failing Endpoints,  Worst Slack        0.737ns,  Total Violation        0.000ns
---------------------------------------------------------------------------------------------------


Max Delay Paths
--------------------------------------------------------------------------------------
Slack (VIOLATED) :        -0.475ns  (required time - arrival time)
  Source:                 my_debounce/debounced_result_reg/C
                            (rising edge-triggered cell FDRE clocked by sys_clk_pin  {rise@0.000ns fall@5.000ns period=10.000ns})
  Destination:            i2c_baud_rate_generator/counterTick_reg[0]/R
                            (rising edge-triggered cell FDRE clocked by clk_out1_sys_pll  {rise@0.000ns fall@12.500ns period=25.000ns})
  Path Group:             clk_out1_sys_pll
  Path Type:              Setup (Max at Slow Process Corner)
  Requirement:            5.000ns  (clk_out1_sys_pll rise@25.000ns - sys_clk_pin rise@20.000ns)
  Data Path Delay:        1.123ns  (logic 0.580ns (51.630%)  route 0.543ns (48.370%))
  Logic Levels:           1  (LUT6=1)
  Clock Path Skew:        -3.642ns (DCD - SCD + CPR)
    Destination Clock Delay (DCD):    1.441ns = ( 26.441 - 25.000 ) 
    Source Clock Delay      (SCD):    5.083ns = ( 25.083 - 20.000 ) 
    Clock Pessimism Removal (CPR):    0.000ns
  Clock Uncertainty:      0.186ns  ((TSJ^2 + DJ^2)^1/2) / 2 + PE
    Total System Jitter     (TSJ):    0.071ns
    Discrete Jitter          (DJ):    0.159ns
    Phase Error              (PE):    0.099ns
  Clock Domain Crossing:  Inter clock paths are considered valid unless explicitly excluded by timing constraints such as set_clock_groups or set_false_path.

    Location             Delay type                Incr(ns)  Path(ns)    Netlist Resource(s)
  -------------------------------------------------------------------    -------------------
                         (clock sys_clk_pin rise edge)
                                                     20.000    20.000 r  
    W5                                                0.000    20.000 r  sys_clk (IN)
                         net (fo=0)                   0.000    20.000    sys_clk
    W5                   IBUF (Prop_ibuf_I_O)         1.458    21.458 r  sys_clk_IBUF_inst/O
                         net (fo=1, routed)           1.967    23.425    sys_clk_IBUF
    BUFGCTRL_X0Y1        BUFG (Prop_bufg_I_O)         0.096    23.521 r  sys_clk_IBUF_BUFG_inst/O
                         net (fo=45, routed)          1.562    25.083    my_debounce/sys_clk
    SLICE_X41Y37         FDRE                                         r  my_debounce/debounced_result_reg/C
  -------------------------------------------------------------------    -------------------
    SLICE_X41Y37         FDRE (Prop_fdre_C_Q)         0.456    25.539 r  my_debounce/debounced_result_reg/Q
                         net (fo=81, routed)          0.183    25.722    i2c_baud_rate_generator/debounced_reset
    SLICE_X40Y37         LUT6 (Prop_lut6_I5_O)        0.124    25.846 r  i2c_baud_rate_generator/counterTick[0]_i_1__0/O
                         net (fo=5, routed)           0.361    26.207    i2c_baud_rate_generator/counterTick[0]_i_1__0_n_0
    SLICE_X38Y37         FDRE                                         r  i2c_baud_rate_generator/counterTick_reg[0]/R
  -------------------------------------------------------------------    -------------------

                         (clock clk_out1_sys_pll rise edge)
                                                     25.000    25.000 r  
    BUFGCTRL_X0Y1        BUFG                         0.000    25.000 r  sys_clk_IBUF_BUFG_inst/O
                         net (fo=45, routed)          1.457    26.457    clock_40mhz/inst/clk_in1
    MMCME2_ADV_X1Y0      MMCME2_ADV (Prop_mmcme2_adv_CLKIN1_CLKOUT0)
                                                     -3.129    23.328 r  clock_40mhz/inst/mmcm_adv_inst/CLKOUT0
                         net (fo=1, routed)           1.581    24.909    clock_40mhz/inst/clk_out1_sys_pll
    BUFGCTRL_X0Y2        BUFG (Prop_bufg_I_O)         0.091    25.000 r  clock_40mhz/inst/clkout1_buf/O
                         net (fo=6, routed)           1.441    26.441    i2c_baud_rate_generator/clk_out1
    SLICE_X38Y37         FDRE                                         r  i2c_baud_rate_generator/counterTick_reg[0]/C
                         clock pessimism              0.000    26.441    
                         clock uncertainty           -0.186    26.256    
    SLICE_X38Y37         FDRE (Setup_fdre_C_R)       -0.524    25.732    i2c_baud_rate_generator/counterTick_reg[0]
  -------------------------------------------------------------------
                         required time                         25.732    
                         arrival time                         -26.207    
  -------------------------------------------------------------------
                         slack                                 -0.475    

Slack (VIOLATED) :        -0.475ns  (required time - arrival time)
  Source:                 my_debounce/debounced_result_reg/C
                            (rising edge-triggered cell FDRE clocked by sys_clk_pin  {rise@0.000ns fall@5.000ns period=10.000ns})
  Destination:            i2c_baud_rate_generator/counterTick_reg[1]/R
                            (rising edge-triggered cell FDRE clocked by clk_out1_sys_pll  {rise@0.000ns fall@12.500ns period=25.000ns})
  Path Group:             clk_out1_sys_pll
  Path Type:              Setup (Max at Slow Process Corner)
  Requirement:            5.000ns  (clk_out1_sys_pll rise@25.000ns - sys_clk_pin rise@20.000ns)
  Data Path Delay:        1.123ns  (logic 0.580ns (51.630%)  route 0.543ns (48.370%))
  Logic Levels:           1  (LUT6=1)
  Clock Path Skew:        -3.642ns (DCD - SCD + CPR)
    Destination Clock Delay (DCD):    1.441ns = ( 26.441 - 25.000 ) 
    Source Clock Delay      (SCD):    5.083ns = ( 25.083 - 20.000 ) 
    Clock Pessimism Removal (CPR):    0.000ns
  Clock Uncertainty:      0.186ns  ((TSJ^2 + DJ^2)^1/2) / 2 + PE
    Total System Jitter     (TSJ):    0.071ns
    Discrete Jitter          (DJ):    0.159ns
    Phase Error              (PE):    0.099ns
  Clock Domain Crossing:  Inter clock paths are considered valid unless explicitly excluded by timing constraints such as set_clock_groups or set_false_path.

    Location             Delay type                Incr(ns)  Path(ns)    Netlist Resource(s)
  -------------------------------------------------------------------    -------------------
                         (clock sys_clk_pin rise edge)
                                                     20.000    20.000 r  
    W5                                                0.000    20.000 r  sys_clk (IN)
                         net (fo=0)                   0.000    20.000    sys_clk
    W5                   IBUF (Prop_ibuf_I_O)         1.458    21.458 r  sys_clk_IBUF_inst/O
                         net (fo=1, routed)           1.967    23.425    sys_clk_IBUF
    BUFGCTRL_X0Y1        BUFG (Prop_bufg_I_O)         0.096    23.521 r  sys_clk_IBUF_BUFG_inst/O
                         net (fo=45, routed)          1.562    25.083    my_debounce/sys_clk
    SLICE_X41Y37         FDRE                                         r  my_debounce/debounced_result_reg/C
  -------------------------------------------------------------------    -------------------
    SLICE_X41Y37         FDRE (Prop_fdre_C_Q)         0.456    25.539 r  my_debounce/debounced_result_reg/Q
                         net (fo=81, routed)          0.183    25.722    i2c_baud_rate_generator/debounced_reset
    SLICE_X40Y37         LUT6 (Prop_lut6_I5_O)        0.124    25.846 r  i2c_baud_rate_generator/counterTick[0]_i_1__0/O
                         net (fo=5, routed)           0.361    26.207    i2c_baud_rate_generator/counterTick[0]_i_1__0_n_0
    SLICE_X38Y37         FDRE                                         r  i2c_baud_rate_generator/counterTick_reg[1]/R
  -------------------------------------------------------------------    -------------------

                         (clock clk_out1_sys_pll rise edge)
                                                     25.000    25.000 r  
    BUFGCTRL_X0Y1        BUFG                         0.000    25.000 r  sys_clk_IBUF_BUFG_inst/O
                         net (fo=45, routed)          1.457    26.457    clock_40mhz/inst/clk_in1
    MMCME2_ADV_X1Y0      MMCME2_ADV (Prop_mmcme2_adv_CLKIN1_CLKOUT0)
                                                     -3.129    23.328 r  clock_40mhz/inst/mmcm_adv_inst/CLKOUT0
                         net (fo=1, routed)           1.581    24.909    clock_40mhz/inst/clk_out1_sys_pll
    BUFGCTRL_X0Y2        BUFG (Prop_bufg_I_O)         0.091    25.000 r  clock_40mhz/inst/clkout1_buf/O
                         net (fo=6, routed)           1.441    26.441    i2c_baud_rate_generator/clk_out1
    SLICE_X38Y37         FDRE                                         r  i2c_baud_rate_generator/counterTick_reg[1]/C
                         clock pessimism              0.000    26.441    
                         clock uncertainty           -0.186    26.256    
    SLICE_X38Y37         FDRE (Setup_fdre_C_R)       -0.524    25.732    i2c_baud_rate_generator/counterTick_reg[1]
  -------------------------------------------------------------------
                         required time                         25.732    
                         arrival time                         -26.207    
  -------------------------------------------------------------------
                         slack                                 -0.475    

Slack (VIOLATED) :        -0.475ns  (required time - arrival time)
  Source:                 my_debounce/debounced_result_reg/C
                            (rising edge-triggered cell FDRE clocked by sys_clk_pin  {rise@0.000ns fall@5.000ns period=10.000ns})
  Destination:            i2c_baud_rate_generator/counterTick_reg[2]/R
                            (rising edge-triggered cell FDRE clocked by clk_out1_sys_pll  {rise@0.000ns fall@12.500ns period=25.000ns})
  Path Group:             clk_out1_sys_pll
  Path Type:              Setup (Max at Slow Process Corner)
  Requirement:            5.000ns  (clk_out1_sys_pll rise@25.000ns - sys_clk_pin rise@20.000ns)
  Data Path Delay:        1.123ns  (logic 0.580ns (51.630%)  route 0.543ns (48.370%))
  Logic Levels:           1  (LUT6=1)
  Clock Path Skew:        -3.642ns (DCD - SCD + CPR)
    Destination Clock Delay (DCD):    1.441ns = ( 26.441 - 25.000 ) 
    Source Clock Delay      (SCD):    5.083ns = ( 25.083 - 20.000 ) 
    Clock Pessimism Removal (CPR):    0.000ns
  Clock Uncertainty:      0.186ns  ((TSJ^2 + DJ^2)^1/2) / 2 + PE
    Total System Jitter     (TSJ):    0.071ns
    Discrete Jitter          (DJ):    0.159ns
    Phase Error              (PE):    0.099ns
  Clock Domain Crossing:  Inter clock paths are considered valid unless explicitly excluded by timing constraints such as set_clock_groups or set_false_path.

    Location             Delay type                Incr(ns)  Path(ns)    Netlist Resource(s)
  -------------------------------------------------------------------    -------------------
                         (clock sys_clk_pin rise edge)
                                                     20.000    20.000 r  
    W5                                                0.000    20.000 r  sys_clk (IN)
                         net (fo=0)                   0.000    20.000    sys_clk
    W5                   IBUF (Prop_ibuf_I_O)         1.458    21.458 r  sys_clk_IBUF_inst/O
                         net (fo=1, routed)           1.967    23.425    sys_clk_IBUF
    BUFGCTRL_X0Y1        BUFG (Prop_bufg_I_O)         0.096    23.521 r  sys_clk_IBUF_BUFG_inst/O
                         net (fo=45, routed)          1.562    25.083    my_debounce/sys_clk
    SLICE_X41Y37         FDRE                                         r  my_debounce/debounced_result_reg/C
  -------------------------------------------------------------------    -------------------
    SLICE_X41Y37         FDRE (Prop_fdre_C_Q)         0.456    25.539 r  my_debounce/debounced_result_reg/Q
                         net (fo=81, routed)          0.183    25.722    i2c_baud_rate_generator/debounced_reset
    SLICE_X40Y37         LUT6 (Prop_lut6_I5_O)        0.124    25.846 r  i2c_baud_rate_generator/counterTick[0]_i_1__0/O
                         net (fo=5, routed)           0.361    26.207    i2c_baud_rate_generator/counterTick[0]_i_1__0_n_0
    SLICE_X38Y37         FDRE                                         r  i2c_baud_rate_generator/counterTick_reg[2]/R
  -------------------------------------------------------------------    -------------------

                         (clock clk_out1_sys_pll rise edge)
                                                     25.000    25.000 r  
    BUFGCTRL_X0Y1        BUFG                         0.000    25.000 r  sys_clk_IBUF_BUFG_inst/O
                         net (fo=45, routed)          1.457    26.457    clock_40mhz/inst/clk_in1
    MMCME2_ADV_X1Y0      MMCME2_ADV (Prop_mmcme2_adv_CLKIN1_CLKOUT0)
                                                     -3.129    23.328 r  clock_40mhz/inst/mmcm_adv_inst/CLKOUT0
                         net (fo=1, routed)           1.581    24.909    clock_40mhz/inst/clk_out1_sys_pll
    BUFGCTRL_X0Y2        BUFG (Prop_bufg_I_O)         0.091    25.000 r  clock_40mhz/inst/clkout1_buf/O
                         net (fo=6, routed)           1.441    26.441    i2c_baud_rate_generator/clk_out1
    SLICE_X38Y37         FDRE                                         r  i2c_baud_rate_generator/counterTick_reg[2]/C
                         clock pessimism              0.000    26.441    
                         clock uncertainty           -0.186    26.256    
    SLICE_X38Y37         FDRE (Setup_fdre_C_R)       -0.524    25.732    i2c_baud_rate_generator/counterTick_reg[2]
  -------------------------------------------------------------------
                         required time                         25.732    
                         arrival time                         -26.207    
  -------------------------------------------------------------------
                         slack                                 -0.475    

Slack (VIOLATED) :        -0.475ns  (required time - arrival time)
  Source:                 my_debounce/debounced_result_reg/C
                            (rising edge-triggered cell FDRE clocked by sys_clk_pin  {rise@0.000ns fall@5.000ns period=10.000ns})
  Destination:            i2c_baud_rate_generator/counterTick_reg[3]/R
                            (rising edge-triggered cell FDRE clocked by clk_out1_sys_pll  {rise@0.000ns fall@12.500ns period=25.000ns})
  Path Group:             clk_out1_sys_pll
  Path Type:              Setup (Max at Slow Process Corner)
  Requirement:            5.000ns  (clk_out1_sys_pll rise@25.000ns - sys_clk_pin rise@20.000ns)
  Data Path Delay:        1.123ns  (logic 0.580ns (51.630%)  route 0.543ns (48.370%))
  Logic Levels:           1  (LUT6=1)
  Clock Path Skew:        -3.642ns (DCD - SCD + CPR)
    Destination Clock Delay (DCD):    1.441ns = ( 26.441 - 25.000 ) 
    Source Clock Delay      (SCD):    5.083ns = ( 25.083 - 20.000 ) 
    Clock Pessimism Removal (CPR):    0.000ns
  Clock Uncertainty:      0.186ns  ((TSJ^2 + DJ^2)^1/2) / 2 + PE
    Total System Jitter     (TSJ):    0.071ns
    Discrete Jitter          (DJ):    0.159ns
    Phase Error              (PE):    0.099ns
  Clock Domain Crossing:  Inter clock paths are considered valid unless explicitly excluded by timing constraints such as set_clock_groups or set_false_path.

    Location             Delay type                Incr(ns)  Path(ns)    Netlist Resource(s)
  -------------------------------------------------------------------    -------------------
                         (clock sys_clk_pin rise edge)
                                                     20.000    20.000 r  
    W5                                                0.000    20.000 r  sys_clk (IN)
                         net (fo=0)                   0.000    20.000    sys_clk
    W5                   IBUF (Prop_ibuf_I_O)         1.458    21.458 r  sys_clk_IBUF_inst/O
                         net (fo=1, routed)           1.967    23.425    sys_clk_IBUF
    BUFGCTRL_X0Y1        BUFG (Prop_bufg_I_O)         0.096    23.521 r  sys_clk_IBUF_BUFG_inst/O
                         net (fo=45, routed)          1.562    25.083    my_debounce/sys_clk
    SLICE_X41Y37         FDRE                                         r  my_debounce/debounced_result_reg/C
  -------------------------------------------------------------------    -------------------
    SLICE_X41Y37         FDRE (Prop_fdre_C_Q)         0.456    25.539 r  my_debounce/debounced_result_reg/Q
                         net (fo=81, routed)          0.183    25.722    i2c_baud_rate_generator/debounced_reset
    SLICE_X40Y37         LUT6 (Prop_lut6_I5_O)        0.124    25.846 r  i2c_baud_rate_generator/counterTick[0]_i_1__0/O
                         net (fo=5, routed)           0.361    26.207    i2c_baud_rate_generator/counterTick[0]_i_1__0_n_0
    SLICE_X38Y37         FDRE                                         r  i2c_baud_rate_generator/counterTick_reg[3]/R
  -------------------------------------------------------------------    -------------------

                         (clock clk_out1_sys_pll rise edge)
                                                     25.000    25.000 r  
    BUFGCTRL_X0Y1        BUFG                         0.000    25.000 r  sys_clk_IBUF_BUFG_inst/O
                         net (fo=45, routed)          1.457    26.457    clock_40mhz/inst/clk_in1
    MMCME2_ADV_X1Y0      MMCME2_ADV (Prop_mmcme2_adv_CLKIN1_CLKOUT0)
                                                     -3.129    23.328 r  clock_40mhz/inst/mmcm_adv_inst/CLKOUT0
                         net (fo=1, routed)           1.581    24.909    clock_40mhz/inst/clk_out1_sys_pll
    BUFGCTRL_X0Y2        BUFG (Prop_bufg_I_O)         0.091    25.000 r  clock_40mhz/inst/clkout1_buf/O
                         net (fo=6, routed)           1.441    26.441    i2c_baud_rate_generator/clk_out1
    SLICE_X38Y37         FDRE                                         r  i2c_baud_rate_generator/counterTick_reg[3]/C
                         clock pessimism              0.000    26.441    
                         clock uncertainty           -0.186    26.256    
    SLICE_X38Y37         FDRE (Setup_fdre_C_R)       -0.524    25.732    i2c_baud_rate_generator/counterTick_reg[3]
  -------------------------------------------------------------------
                         required time                         25.732    
                         arrival time                         -26.207    
  -------------------------------------------------------------------
                         slack                                 -0.475    

Slack (VIOLATED) :        -0.360ns  (required time - arrival time)
  Source:                 my_debounce/debounced_result_reg/C
                            (rising edge-triggered cell FDRE clocked by sys_clk_pin  {rise@0.000ns fall@5.000ns period=10.000ns})
  Destination:            i2c_baud_rate_generator/counterTick_reg[4]/R
                            (rising edge-triggered cell FDRE clocked by clk_out1_sys_pll  {rise@0.000ns fall@12.500ns period=25.000ns})
  Path Group:             clk_out1_sys_pll
  Path Type:              Setup (Max at Slow Process Corner)
  Requirement:            5.000ns  (clk_out1_sys_pll rise@25.000ns - sys_clk_pin rise@20.000ns)
  Data Path Delay:        1.105ns  (logic 0.580ns (52.487%)  route 0.525ns (47.513%))
  Logic Levels:           1  (LUT6=1)
  Clock Path Skew:        -3.640ns (DCD - SCD + CPR)
    Destination Clock Delay (DCD):    1.443ns = ( 26.443 - 25.000 ) 
    Source Clock Delay      (SCD):    5.083ns = ( 25.083 - 20.000 ) 
    Clock Pessimism Removal (CPR):    0.000ns
  Clock Uncertainty:      0.186ns  ((TSJ^2 + DJ^2)^1/2) / 2 + PE
    Total System Jitter     (TSJ):    0.071ns
    Discrete Jitter          (DJ):    0.159ns
    Phase Error              (PE):    0.099ns
  Clock Domain Crossing:  Inter clock paths are considered valid unless explicitly excluded by timing constraints such as set_clock_groups or set_false_path.

    Location             Delay type                Incr(ns)  Path(ns)    Netlist Resource(s)
  -------------------------------------------------------------------    -------------------
                         (clock sys_clk_pin rise edge)
                                                     20.000    20.000 r  
    W5                                                0.000    20.000 r  sys_clk (IN)
                         net (fo=0)                   0.000    20.000    sys_clk
    W5                   IBUF (Prop_ibuf_I_O)         1.458    21.458 r  sys_clk_IBUF_inst/O
                         net (fo=1, routed)           1.967    23.425    sys_clk_IBUF
    BUFGCTRL_X0Y1        BUFG (Prop_bufg_I_O)         0.096    23.521 r  sys_clk_IBUF_BUFG_inst/O
                         net (fo=45, routed)          1.562    25.083    my_debounce/sys_clk
    SLICE_X41Y37         FDRE                                         r  my_debounce/debounced_result_reg/C
  -------------------------------------------------------------------    -------------------
    SLICE_X41Y37         FDRE (Prop_fdre_C_Q)         0.456    25.539 r  my_debounce/debounced_result_reg/Q
                         net (fo=81, routed)          0.183    25.722    i2c_baud_rate_generator/debounced_reset
    SLICE_X40Y37         LUT6 (Prop_lut6_I5_O)        0.124    25.846 r  i2c_baud_rate_generator/counterTick[0]_i_1__0/O
                         net (fo=5, routed)           0.342    26.188    i2c_baud_rate_generator/counterTick[0]_i_1__0_n_0
    SLICE_X43Y37         FDRE                                         r  i2c_baud_rate_generator/counterTick_reg[4]/R
  -------------------------------------------------------------------    -------------------

                         (clock clk_out1_sys_pll rise edge)
                                                     25.000    25.000 r  
    BUFGCTRL_X0Y1        BUFG                         0.000    25.000 r  sys_clk_IBUF_BUFG_inst/O
                         net (fo=45, routed)          1.457    26.457    clock_40mhz/inst/clk_in1
    MMCME2_ADV_X1Y0      MMCME2_ADV (Prop_mmcme2_adv_CLKIN1_CLKOUT0)
                                                     -3.129    23.328 r  clock_40mhz/inst/mmcm_adv_inst/CLKOUT0
                         net (fo=1, routed)           1.581    24.909    clock_40mhz/inst/clk_out1_sys_pll
    BUFGCTRL_X0Y2        BUFG (Prop_bufg_I_O)         0.091    25.000 r  clock_40mhz/inst/clkout1_buf/O
                         net (fo=6, routed)           1.443    26.443    i2c_baud_rate_generator/clk_out1
    SLICE_X43Y37         FDRE                                         r  i2c_baud_rate_generator/counterTick_reg[4]/C
                         clock pessimism              0.000    26.443    
                         clock uncertainty           -0.186    26.258    
    SLICE_X43Y37         FDRE (Setup_fdre_C_R)       -0.429    25.829    i2c_baud_rate_generator/counterTick_reg[4]
  -------------------------------------------------------------------
                         required time                         25.829    
                         arrival time                         -26.188    
  -------------------------------------------------------------------
                         slack                                 -0.360    

Slack (VIOLATED) :        -0.048ns  (required time - arrival time)
  Source:                 my_debounce/debounced_result_reg/C
                            (rising edge-triggered cell FDRE clocked by sys_clk_pin  {rise@0.000ns fall@5.000ns period=10.000ns})
  Destination:            i2c_baud_rate_generator/sys_tick_reg_reg/D
                            (rising edge-triggered cell FDRE clocked by clk_out1_sys_pll  {rise@0.000ns fall@12.500ns period=25.000ns})
  Path Group:             clk_out1_sys_pll
  Path Type:              Setup (Max at Slow Process Corner)
  Requirement:            5.000ns  (clk_out1_sys_pll rise@25.000ns - sys_clk_pin rise@20.000ns)
  Data Path Delay:        1.303ns  (logic 0.704ns (54.016%)  route 0.599ns (45.984%))
  Logic Levels:           2  (LUT3=1 LUT6=1)
  Clock Path Skew:        -3.640ns (DCD - SCD + CPR)
    Destination Clock Delay (DCD):    1.443ns = ( 26.443 - 25.000 ) 
    Source Clock Delay      (SCD):    5.083ns = ( 25.083 - 20.000 ) 
    Clock Pessimism Removal (CPR):    0.000ns
  Clock Uncertainty:      0.186ns  ((TSJ^2 + DJ^2)^1/2) / 2 + PE
    Total System Jitter     (TSJ):    0.071ns
    Discrete Jitter          (DJ):    0.159ns
    Phase Error              (PE):    0.099ns
  Clock Domain Crossing:  Inter clock paths are considered valid unless explicitly excluded by timing constraints such as set_clock_groups or set_false_path.

    Location             Delay type                Incr(ns)  Path(ns)    Netlist Resource(s)
  -------------------------------------------------------------------    -------------------
                         (clock sys_clk_pin rise edge)
                                                     20.000    20.000 r  
    W5                                                0.000    20.000 r  sys_clk (IN)
                         net (fo=0)                   0.000    20.000    sys_clk
    W5                   IBUF (Prop_ibuf_I_O)         1.458    21.458 r  sys_clk_IBUF_inst/O
                         net (fo=1, routed)           1.967    23.425    sys_clk_IBUF
    BUFGCTRL_X0Y1        BUFG (Prop_bufg_I_O)         0.096    23.521 r  sys_clk_IBUF_BUFG_inst/O
                         net (fo=45, routed)          1.562    25.083    my_debounce/sys_clk
    SLICE_X41Y37         FDRE                                         r  my_debounce/debounced_result_reg/C
  -------------------------------------------------------------------    -------------------
    SLICE_X41Y37         FDRE (Prop_fdre_C_Q)         0.456    25.539 f  my_debounce/debounced_result_reg/Q
                         net (fo=81, routed)          0.437    25.977    i2c_baud_rate_generator/debounced_reset
    SLICE_X42Y37         LUT6 (Prop_lut6_I4_O)        0.124    26.101 r  i2c_baud_rate_generator/sys_tick_reg_i_2__0/O
                         net (fo=1, routed)           0.162    26.263    i2c_baud_rate_generator/sys_tick_reg_i_2__0_n_0
    SLICE_X42Y37         LUT3 (Prop_lut3_I0_O)        0.124    26.387 r  i2c_baud_rate_generator/sys_tick_reg_i_1__0/O
                         net (fo=1, routed)           0.000    26.387    i2c_baud_rate_generator/sys_tick_reg_i_1__0_n_0
    SLICE_X42Y37         FDRE                                         r  i2c_baud_rate_generator/sys_tick_reg_reg/D
  -------------------------------------------------------------------    -------------------

                         (clock clk_out1_sys_pll rise edge)
                                                     25.000    25.000 r  
    BUFGCTRL_X0Y1        BUFG                         0.000    25.000 r  sys_clk_IBUF_BUFG_inst/O
                         net (fo=45, routed)          1.457    26.457    clock_40mhz/inst/clk_in1
    MMCME2_ADV_X1Y0      MMCME2_ADV (Prop_mmcme2_adv_CLKIN1_CLKOUT0)
                                                     -3.129    23.328 r  clock_40mhz/inst/mmcm_adv_inst/CLKOUT0
                         net (fo=1, routed)           1.581    24.909    clock_40mhz/inst/clk_out1_sys_pll
    BUFGCTRL_X0Y2        BUFG (Prop_bufg_I_O)         0.091    25.000 r  clock_40mhz/inst/clkout1_buf/O
                         net (fo=6, routed)           1.443    26.443    i2c_baud_rate_generator/clk_out1
    SLICE_X42Y37         FDRE                                         r  i2c_baud_rate_generator/sys_tick_reg_reg/C
                         clock pessimism              0.000    26.443    
                         clock uncertainty           -0.186    26.258    
    SLICE_X42Y37         FDRE (Setup_fdre_C_D)        0.081    26.339    i2c_baud_rate_generator/sys_tick_reg_reg
  -------------------------------------------------------------------
                         required time                         26.339    
                         arrival time                         -26.387    
  -------------------------------------------------------------------
                         slack                                 -0.048    





Min Delay Paths
--------------------------------------------------------------------------------------
Slack (MET) :             0.737ns  (arrival time - required time)
  Source:                 my_debounce/debounced_result_reg/C
                            (rising edge-triggered cell FDRE clocked by sys_clk_pin  {rise@0.000ns fall@5.000ns period=10.000ns})
  Destination:            i2c_baud_rate_generator/sys_tick_reg_reg/D
                            (rising edge-triggered cell FDRE clocked by clk_out1_sys_pll  {rise@0.000ns fall@12.500ns period=25.000ns})
  Path Group:             clk_out1_sys_pll
  Path Type:              Hold (Min at Fast Process Corner)
  Requirement:            0.000ns  (clk_out1_sys_pll rise@0.000ns - sys_clk_pin rise@0.000ns)
  Data Path Delay:        0.429ns  (logic 0.186ns (43.356%)  route 0.243ns (56.644%))
  Logic Levels:           1  (LUT3=1)
  Clock Path Skew:        -0.615ns (DCD - SCD - CPR)
    Destination Clock Delay (DCD):    0.829ns
    Source Clock Delay      (SCD):    1.443ns
    Clock Pessimism Removal (CPR):    -0.000ns
  Clock Uncertainty:      0.186ns  ((TSJ^2 + DJ^2)^1/2) / 2 + PE
    Total System Jitter     (TSJ):    0.071ns
    Discrete Jitter          (DJ):    0.159ns
    Phase Error              (PE):    0.099ns
  Clock Domain Crossing:  Inter clock paths are considered valid unless explicitly excluded by timing constraints such as set_clock_groups or set_false_path.

    Location             Delay type                Incr(ns)  Path(ns)    Netlist Resource(s)
  -------------------------------------------------------------------    -------------------
                         (clock sys_clk_pin rise edge)
                                                      0.000     0.000 r  
    W5                                                0.000     0.000 r  sys_clk (IN)
                         net (fo=0)                   0.000     0.000    sys_clk
    W5                   IBUF (Prop_ibuf_I_O)         0.226     0.226 r  sys_clk_IBUF_inst/O
                         net (fo=1, routed)           0.631     0.858    sys_clk_IBUF
    BUFGCTRL_X0Y1        BUFG (Prop_bufg_I_O)         0.026     0.884 r  sys_clk_IBUF_BUFG_inst/O
                         net (fo=45, routed)          0.560     1.443    my_debounce/sys_clk
    SLICE_X41Y37         FDRE                                         r  my_debounce/debounced_result_reg/C
  -------------------------------------------------------------------    -------------------
    SLICE_X41Y37         FDRE (Prop_fdre_C_Q)         0.141     1.584 r  my_debounce/debounced_result_reg/Q
                         net (fo=81, routed)          0.243     1.827    i2c_baud_rate_generator/debounced_reset
    SLICE_X42Y37         LUT3 (Prop_lut3_I2_O)        0.045     1.872 r  i2c_baud_rate_generator/sys_tick_reg_i_1__0/O
                         net (fo=1, routed)           0.000     1.872    i2c_baud_rate_generator/sys_tick_reg_i_1__0_n_0
    SLICE_X42Y37         FDRE                                         r  i2c_baud_rate_generator/sys_tick_reg_reg/D
  -------------------------------------------------------------------    -------------------

                         (clock clk_out1_sys_pll rise edge)
                                                      0.000     0.000 r  
    BUFGCTRL_X0Y1        BUFG                         0.000     0.000 r  sys_clk_IBUF_BUFG_inst/O
                         net (fo=45, routed)          0.817     0.817    clock_40mhz/inst/clk_in1
    MMCME2_ADV_X1Y0      MMCME2_ADV (Prop_mmcme2_adv_CLKIN1_CLKOUT0)
                                                     -1.375    -0.559 r  clock_40mhz/inst/mmcm_adv_inst/CLKOUT0
                         net (fo=1, routed)           0.530    -0.029    clock_40mhz/inst/clk_out1_sys_pll
    BUFGCTRL_X0Y2        BUFG (Prop_bufg_I_O)         0.029     0.000 r  clock_40mhz/inst/clkout1_buf/O
                         net (fo=6, routed)           0.829     0.829    i2c_baud_rate_generator/clk_out1
    SLICE_X42Y37         FDRE                                         r  i2c_baud_rate_generator/sys_tick_reg_reg/C
                         clock pessimism              0.000     0.829    
                         clock uncertainty            0.186     1.014    
    SLICE_X42Y37         FDRE (Hold_fdre_C_D)         0.121     1.135    i2c_baud_rate_generator/sys_tick_reg_reg
  -------------------------------------------------------------------
                         required time                         -1.135    
                         arrival time                           1.872    
  -------------------------------------------------------------------
                         slack                                  0.737    

Slack (MET) :             0.822ns  (arrival time - required time)
  Source:                 my_debounce/debounced_result_reg/C
                            (rising edge-triggered cell FDRE clocked by sys_clk_pin  {rise@0.000ns fall@5.000ns period=10.000ns})
  Destination:            i2c_baud_rate_generator/counterTick_reg[0]/R
                            (rising edge-triggered cell FDRE clocked by clk_out1_sys_pll  {rise@0.000ns fall@12.500ns period=25.000ns})
  Path Group:             clk_out1_sys_pll
  Path Type:              Hold (Min at Fast Process Corner)
  Requirement:            0.000ns  (clk_out1_sys_pll rise@0.000ns - sys_clk_pin rise@0.000ns)
  Data Path Delay:        0.401ns  (logic 0.186ns (46.340%)  route 0.215ns (53.660%))
  Logic Levels:           1  (LUT6=1)
  Clock Path Skew:        -0.616ns (DCD - SCD - CPR)
    Destination Clock Delay (DCD):    0.828ns
    Source Clock Delay      (SCD):    1.443ns
    Clock Pessimism Removal (CPR):    -0.000ns
  Clock Uncertainty:      0.186ns  ((TSJ^2 + DJ^2)^1/2) / 2 + PE
    Total System Jitter     (TSJ):    0.071ns
    Discrete Jitter          (DJ):    0.159ns
    Phase Error              (PE):    0.099ns
  Clock Domain Crossing:  Inter clock paths are considered valid unless explicitly excluded by timing constraints such as set_clock_groups or set_false_path.

    Location             Delay type                Incr(ns)  Path(ns)    Netlist Resource(s)
  -------------------------------------------------------------------    -------------------
                         (clock sys_clk_pin rise edge)
                                                      0.000     0.000 r  
    W5                                                0.000     0.000 r  sys_clk (IN)
                         net (fo=0)                   0.000     0.000    sys_clk
    W5                   IBUF (Prop_ibuf_I_O)         0.226     0.226 r  sys_clk_IBUF_inst/O
                         net (fo=1, routed)           0.631     0.858    sys_clk_IBUF
    BUFGCTRL_X0Y1        BUFG (Prop_bufg_I_O)         0.026     0.884 r  sys_clk_IBUF_BUFG_inst/O
                         net (fo=45, routed)          0.560     1.443    my_debounce/sys_clk
    SLICE_X41Y37         FDRE                                         r  my_debounce/debounced_result_reg/C
  -------------------------------------------------------------------    -------------------
    SLICE_X41Y37         FDRE (Prop_fdre_C_Q)         0.141     1.584 r  my_debounce/debounced_result_reg/Q
                         net (fo=81, routed)          0.082     1.666    i2c_baud_rate_generator/debounced_reset
    SLICE_X40Y37         LUT6 (Prop_lut6_I5_O)        0.045     1.711 r  i2c_baud_rate_generator/counterTick[0]_i_1__0/O
                         net (fo=5, routed)           0.134     1.845    i2c_baud_rate_generator/counterTick[0]_i_1__0_n_0
    SLICE_X38Y37         FDRE                                         r  i2c_baud_rate_generator/counterTick_reg[0]/R
  -------------------------------------------------------------------    -------------------

                         (clock clk_out1_sys_pll rise edge)
                                                      0.000     0.000 r  
    BUFGCTRL_X0Y1        BUFG                         0.000     0.000 r  sys_clk_IBUF_BUFG_inst/O
                         net (fo=45, routed)          0.817     0.817    clock_40mhz/inst/clk_in1
    MMCME2_ADV_X1Y0      MMCME2_ADV (Prop_mmcme2_adv_CLKIN1_CLKOUT0)
                                                     -1.375    -0.559 r  clock_40mhz/inst/mmcm_adv_inst/CLKOUT0
                         net (fo=1, routed)           0.530    -0.029    clock_40mhz/inst/clk_out1_sys_pll
    BUFGCTRL_X0Y2        BUFG (Prop_bufg_I_O)         0.029     0.000 r  clock_40mhz/inst/clkout1_buf/O
                         net (fo=6, routed)           0.828     0.828    i2c_baud_rate_generator/clk_out1
    SLICE_X38Y37         FDRE                                         r  i2c_baud_rate_generator/counterTick_reg[0]/C
                         clock pessimism              0.000     0.828    
                         clock uncertainty            0.186     1.013    
    SLICE_X38Y37         FDRE (Hold_fdre_C_R)         0.009     1.022    i2c_baud_rate_generator/counterTick_reg[0]
  -------------------------------------------------------------------
                         required time                         -1.022    
                         arrival time                           1.845    
  -------------------------------------------------------------------
                         slack                                  0.822    

Slack (MET) :             0.822ns  (arrival time - required time)
  Source:                 my_debounce/debounced_result_reg/C
                            (rising edge-triggered cell FDRE clocked by sys_clk_pin  {rise@0.000ns fall@5.000ns period=10.000ns})
  Destination:            i2c_baud_rate_generator/counterTick_reg[1]/R
                            (rising edge-triggered cell FDRE clocked by clk_out1_sys_pll  {rise@0.000ns fall@12.500ns period=25.000ns})
  Path Group:             clk_out1_sys_pll
  Path Type:              Hold (Min at Fast Process Corner)
  Requirement:            0.000ns  (clk_out1_sys_pll rise@0.000ns - sys_clk_pin rise@0.000ns)
  Data Path Delay:        0.401ns  (logic 0.186ns (46.340%)  route 0.215ns (53.660%))
  Logic Levels:           1  (LUT6=1)
  Clock Path Skew:        -0.616ns (DCD - SCD - CPR)
    Destination Clock Delay (DCD):    0.828ns
    Source Clock Delay      (SCD):    1.443ns
    Clock Pessimism Removal (CPR):    -0.000ns
  Clock Uncertainty:      0.186ns  ((TSJ^2 + DJ^2)^1/2) / 2 + PE
    Total System Jitter     (TSJ):    0.071ns
    Discrete Jitter          (DJ):    0.159ns
    Phase Error              (PE):    0.099ns
  Clock Domain Crossing:  Inter clock paths are considered valid unless explicitly excluded by timing constraints such as set_clock_groups or set_false_path.

    Location             Delay type                Incr(ns)  Path(ns)    Netlist Resource(s)
  -------------------------------------------------------------------    -------------------
                         (clock sys_clk_pin rise edge)
                                                      0.000     0.000 r  
    W5                                                0.000     0.000 r  sys_clk (IN)
                         net (fo=0)                   0.000     0.000    sys_clk
    W5                   IBUF (Prop_ibuf_I_O)         0.226     0.226 r  sys_clk_IBUF_inst/O
                         net (fo=1, routed)           0.631     0.858    sys_clk_IBUF
    BUFGCTRL_X0Y1        BUFG (Prop_bufg_I_O)         0.026     0.884 r  sys_clk_IBUF_BUFG_inst/O
                         net (fo=45, routed)          0.560     1.443    my_debounce/sys_clk
    SLICE_X41Y37         FDRE                                         r  my_debounce/debounced_result_reg/C
  -------------------------------------------------------------------    -------------------
    SLICE_X41Y37         FDRE (Prop_fdre_C_Q)         0.141     1.584 r  my_debounce/debounced_result_reg/Q
                         net (fo=81, routed)          0.082     1.666    i2c_baud_rate_generator/debounced_reset
    SLICE_X40Y37         LUT6 (Prop_lut6_I5_O)        0.045     1.711 r  i2c_baud_rate_generator/counterTick[0]_i_1__0/O
                         net (fo=5, routed)           0.134     1.845    i2c_baud_rate_generator/counterTick[0]_i_1__0_n_0
    SLICE_X38Y37         FDRE                                         r  i2c_baud_rate_generator/counterTick_reg[1]/R
  -------------------------------------------------------------------    -------------------

                         (clock clk_out1_sys_pll rise edge)
                                                      0.000     0.000 r  
    BUFGCTRL_X0Y1        BUFG                         0.000     0.000 r  sys_clk_IBUF_BUFG_inst/O
                         net (fo=45, routed)          0.817     0.817    clock_40mhz/inst/clk_in1
    MMCME2_ADV_X1Y0      MMCME2_ADV (Prop_mmcme2_adv_CLKIN1_CLKOUT0)
                                                     -1.375    -0.559 r  clock_40mhz/inst/mmcm_adv_inst/CLKOUT0
                         net (fo=1, routed)           0.530    -0.029    clock_40mhz/inst/clk_out1_sys_pll
    BUFGCTRL_X0Y2        BUFG (Prop_bufg_I_O)         0.029     0.000 r  clock_40mhz/inst/clkout1_buf/O
                         net (fo=6, routed)           0.828     0.828    i2c_baud_rate_generator/clk_out1
    SLICE_X38Y37         FDRE                                         r  i2c_baud_rate_generator/counterTick_reg[1]/C
                         clock pessimism              0.000     0.828    
                         clock uncertainty            0.186     1.013    
    SLICE_X38Y37         FDRE (Hold_fdre_C_R)         0.009     1.022    i2c_baud_rate_generator/counterTick_reg[1]
  -------------------------------------------------------------------
                         required time                         -1.022    
                         arrival time                           1.845    
  -------------------------------------------------------------------
                         slack                                  0.822    

Slack (MET) :             0.822ns  (arrival time - required time)
  Source:                 my_debounce/debounced_result_reg/C
                            (rising edge-triggered cell FDRE clocked by sys_clk_pin  {rise@0.000ns fall@5.000ns period=10.000ns})
  Destination:            i2c_baud_rate_generator/counterTick_reg[2]/R
                            (rising edge-triggered cell FDRE clocked by clk_out1_sys_pll  {rise@0.000ns fall@12.500ns period=25.000ns})
  Path Group:             clk_out1_sys_pll
  Path Type:              Hold (Min at Fast Process Corner)
  Requirement:            0.000ns  (clk_out1_sys_pll rise@0.000ns - sys_clk_pin rise@0.000ns)
  Data Path Delay:        0.401ns  (logic 0.186ns (46.340%)  route 0.215ns (53.660%))
  Logic Levels:           1  (LUT6=1)
  Clock Path Skew:        -0.616ns (DCD - SCD - CPR)
    Destination Clock Delay (DCD):    0.828ns
    Source Clock Delay      (SCD):    1.443ns
    Clock Pessimism Removal (CPR):    -0.000ns
  Clock Uncertainty:      0.186ns  ((TSJ^2 + DJ^2)^1/2) / 2 + PE
    Total System Jitter     (TSJ):    0.071ns
    Discrete Jitter          (DJ):    0.159ns
    Phase Error              (PE):    0.099ns
  Clock Domain Crossing:  Inter clock paths are considered valid unless explicitly excluded by timing constraints such as set_clock_groups or set_false_path.

    Location             Delay type                Incr(ns)  Path(ns)    Netlist Resource(s)
  -------------------------------------------------------------------    -------------------
                         (clock sys_clk_pin rise edge)
                                                      0.000     0.000 r  
    W5                                                0.000     0.000 r  sys_clk (IN)
                         net (fo=0)                   0.000     0.000    sys_clk
    W5                   IBUF (Prop_ibuf_I_O)         0.226     0.226 r  sys_clk_IBUF_inst/O
                         net (fo=1, routed)           0.631     0.858    sys_clk_IBUF
    BUFGCTRL_X0Y1        BUFG (Prop_bufg_I_O)         0.026     0.884 r  sys_clk_IBUF_BUFG_inst/O
                         net (fo=45, routed)          0.560     1.443    my_debounce/sys_clk
    SLICE_X41Y37         FDRE                                         r  my_debounce/debounced_result_reg/C
  -------------------------------------------------------------------    -------------------
    SLICE_X41Y37         FDRE (Prop_fdre_C_Q)         0.141     1.584 r  my_debounce/debounced_result_reg/Q
                         net (fo=81, routed)          0.082     1.666    i2c_baud_rate_generator/debounced_reset
    SLICE_X40Y37         LUT6 (Prop_lut6_I5_O)        0.045     1.711 r  i2c_baud_rate_generator/counterTick[0]_i_1__0/O
                         net (fo=5, routed)           0.134     1.845    i2c_baud_rate_generator/counterTick[0]_i_1__0_n_0
    SLICE_X38Y37         FDRE                                         r  i2c_baud_rate_generator/counterTick_reg[2]/R
  -------------------------------------------------------------------    -------------------

                         (clock clk_out1_sys_pll rise edge)
                                                      0.000     0.000 r  
    BUFGCTRL_X0Y1        BUFG                         0.000     0.000 r  sys_clk_IBUF_BUFG_inst/O
                         net (fo=45, routed)          0.817     0.817    clock_40mhz/inst/clk_in1
    MMCME2_ADV_X1Y0      MMCME2_ADV (Prop_mmcme2_adv_CLKIN1_CLKOUT0)
                                                     -1.375    -0.559 r  clock_40mhz/inst/mmcm_adv_inst/CLKOUT0
                         net (fo=1, routed)           0.530    -0.029    clock_40mhz/inst/clk_out1_sys_pll
    BUFGCTRL_X0Y2        BUFG (Prop_bufg_I_O)         0.029     0.000 r  clock_40mhz/inst/clkout1_buf/O
                         net (fo=6, routed)           0.828     0.828    i2c_baud_rate_generator/clk_out1
    SLICE_X38Y37         FDRE                                         r  i2c_baud_rate_generator/counterTick_reg[2]/C
                         clock pessimism              0.000     0.828    
                         clock uncertainty            0.186     1.013    
    SLICE_X38Y37         FDRE (Hold_fdre_C_R)         0.009     1.022    i2c_baud_rate_generator/counterTick_reg[2]
  -------------------------------------------------------------------
                         required time                         -1.022    
                         arrival time                           1.845    
  -------------------------------------------------------------------
                         slack                                  0.822    

Slack (MET) :             0.822ns  (arrival time - required time)
  Source:                 my_debounce/debounced_result_reg/C
                            (rising edge-triggered cell FDRE clocked by sys_clk_pin  {rise@0.000ns fall@5.000ns period=10.000ns})
  Destination:            i2c_baud_rate_generator/counterTick_reg[3]/R
                            (rising edge-triggered cell FDRE clocked by clk_out1_sys_pll  {rise@0.000ns fall@12.500ns period=25.000ns})
  Path Group:             clk_out1_sys_pll
  Path Type:              Hold (Min at Fast Process Corner)
  Requirement:            0.000ns  (clk_out1_sys_pll rise@0.000ns - sys_clk_pin rise@0.000ns)
  Data Path Delay:        0.401ns  (logic 0.186ns (46.340%)  route 0.215ns (53.660%))
  Logic Levels:           1  (LUT6=1)
  Clock Path Skew:        -0.616ns (DCD - SCD - CPR)
    Destination Clock Delay (DCD):    0.828ns
    Source Clock Delay      (SCD):    1.443ns
    Clock Pessimism Removal (CPR):    -0.000ns
  Clock Uncertainty:      0.186ns  ((TSJ^2 + DJ^2)^1/2) / 2 + PE
    Total System Jitter     (TSJ):    0.071ns
    Discrete Jitter          (DJ):    0.159ns
    Phase Error              (PE):    0.099ns
  Clock Domain Crossing:  Inter clock paths are considered valid unless explicitly excluded by timing constraints such as set_clock_groups or set_false_path.

    Location             Delay type                Incr(ns)  Path(ns)    Netlist Resource(s)
  -------------------------------------------------------------------    -------------------
                         (clock sys_clk_pin rise edge)
                                                      0.000     0.000 r  
    W5                                                0.000     0.000 r  sys_clk (IN)
                         net (fo=0)                   0.000     0.000    sys_clk
    W5                   IBUF (Prop_ibuf_I_O)         0.226     0.226 r  sys_clk_IBUF_inst/O
                         net (fo=1, routed)           0.631     0.858    sys_clk_IBUF
    BUFGCTRL_X0Y1        BUFG (Prop_bufg_I_O)         0.026     0.884 r  sys_clk_IBUF_BUFG_inst/O
                         net (fo=45, routed)          0.560     1.443    my_debounce/sys_clk
    SLICE_X41Y37         FDRE                                         r  my_debounce/debounced_result_reg/C
  -------------------------------------------------------------------    -------------------
    SLICE_X41Y37         FDRE (Prop_fdre_C_Q)         0.141     1.584 r  my_debounce/debounced_result_reg/Q
                         net (fo=81, routed)          0.082     1.666    i2c_baud_rate_generator/debounced_reset
    SLICE_X40Y37         LUT6 (Prop_lut6_I5_O)        0.045     1.711 r  i2c_baud_rate_generator/counterTick[0]_i_1__0/O
                         net (fo=5, routed)           0.134     1.845    i2c_baud_rate_generator/counterTick[0]_i_1__0_n_0
    SLICE_X38Y37         FDRE                                         r  i2c_baud_rate_generator/counterTick_reg[3]/R
  -------------------------------------------------------------------    -------------------

                         (clock clk_out1_sys_pll rise edge)
                                                      0.000     0.000 r  
    BUFGCTRL_X0Y1        BUFG                         0.000     0.000 r  sys_clk_IBUF_BUFG_inst/O
                         net (fo=45, routed)          0.817     0.817    clock_40mhz/inst/clk_in1
    MMCME2_ADV_X1Y0      MMCME2_ADV (Prop_mmcme2_adv_CLKIN1_CLKOUT0)
                                                     -1.375    -0.559 r  clock_40mhz/inst/mmcm_adv_inst/CLKOUT0
                         net (fo=1, routed)           0.530    -0.029    clock_40mhz/inst/clk_out1_sys_pll
    BUFGCTRL_X0Y2        BUFG (Prop_bufg_I_O)         0.029     0.000 r  clock_40mhz/inst/clkout1_buf/O
                         net (fo=6, routed)           0.828     0.828    i2c_baud_rate_generator/clk_out1
    SLICE_X38Y37         FDRE                                         r  i2c_baud_rate_generator/counterTick_reg[3]/C
                         clock pessimism              0.000     0.828    
                         clock uncertainty            0.186     1.013    
    SLICE_X38Y37         FDRE (Hold_fdre_C_R)         0.009     1.022    i2c_baud_rate_generator/counterTick_reg[3]
  -------------------------------------------------------------------
                         required time                         -1.022    
                         arrival time                           1.845    
  -------------------------------------------------------------------
                         slack                                  0.822    

Slack (MET) :             0.832ns  (arrival time - required time)
  Source:                 my_debounce/debounced_result_reg/C
                            (rising edge-triggered cell FDRE clocked by sys_clk_pin  {rise@0.000ns fall@5.000ns period=10.000ns})
  Destination:            i2c_baud_rate_generator/counterTick_reg[4]/R
                            (rising edge-triggered cell FDRE clocked by clk_out1_sys_pll  {rise@0.000ns fall@12.500ns period=25.000ns})
  Path Group:             clk_out1_sys_pll
  Path Type:              Hold (Min at Fast Process Corner)
  Requirement:            0.000ns  (clk_out1_sys_pll rise@0.000ns - sys_clk_pin rise@0.000ns)
  Data Path Delay:        0.385ns  (logic 0.186ns (48.307%)  route 0.199ns (51.693%))
  Logic Levels:           1  (LUT6=1)
  Clock Path Skew:        -0.615ns (DCD - SCD - CPR)
    Destination Clock Delay (DCD):    0.829ns
    Source Clock Delay      (SCD):    1.443ns
    Clock Pessimism Removal (CPR):    -0.000ns
  Clock Uncertainty:      0.186ns  ((TSJ^2 + DJ^2)^1/2) / 2 + PE
    Total System Jitter     (TSJ):    0.071ns
    Discrete Jitter          (DJ):    0.159ns
    Phase Error              (PE):    0.099ns
  Clock Domain Crossing:  Inter clock paths are considered valid unless explicitly excluded by timing constraints such as set_clock_groups or set_false_path.

    Location             Delay type                Incr(ns)  Path(ns)    Netlist Resource(s)
  -------------------------------------------------------------------    -------------------
                         (clock sys_clk_pin rise edge)
                                                      0.000     0.000 r  
    W5                                                0.000     0.000 r  sys_clk (IN)
                         net (fo=0)                   0.000     0.000    sys_clk
    W5                   IBUF (Prop_ibuf_I_O)         0.226     0.226 r  sys_clk_IBUF_inst/O
                         net (fo=1, routed)           0.631     0.858    sys_clk_IBUF
    BUFGCTRL_X0Y1        BUFG (Prop_bufg_I_O)         0.026     0.884 r  sys_clk_IBUF_BUFG_inst/O
                         net (fo=45, routed)          0.560     1.443    my_debounce/sys_clk
    SLICE_X41Y37         FDRE                                         r  my_debounce/debounced_result_reg/C
  -------------------------------------------------------------------    -------------------
    SLICE_X41Y37         FDRE (Prop_fdre_C_Q)         0.141     1.584 r  my_debounce/debounced_result_reg/Q
                         net (fo=81, routed)          0.082     1.666    i2c_baud_rate_generator/debounced_reset
    SLICE_X40Y37         LUT6 (Prop_lut6_I5_O)        0.045     1.711 r  i2c_baud_rate_generator/counterTick[0]_i_1__0/O
                         net (fo=5, routed)           0.117     1.828    i2c_baud_rate_generator/counterTick[0]_i_1__0_n_0
    SLICE_X43Y37         FDRE                                         r  i2c_baud_rate_generator/counterTick_reg[4]/R
  -------------------------------------------------------------------    -------------------

                         (clock clk_out1_sys_pll rise edge)
                                                      0.000     0.000 r  
    BUFGCTRL_X0Y1        BUFG                         0.000     0.000 r  sys_clk_IBUF_BUFG_inst/O
                         net (fo=45, routed)          0.817     0.817    clock_40mhz/inst/clk_in1
    MMCME2_ADV_X1Y0      MMCME2_ADV (Prop_mmcme2_adv_CLKIN1_CLKOUT0)
                                                     -1.375    -0.559 r  clock_40mhz/inst/mmcm_adv_inst/CLKOUT0
                         net (fo=1, routed)           0.530    -0.029    clock_40mhz/inst/clk_out1_sys_pll
    BUFGCTRL_X0Y2        BUFG (Prop_bufg_I_O)         0.029     0.000 r  clock_40mhz/inst/clkout1_buf/O
                         net (fo=6, routed)           0.829     0.829    i2c_baud_rate_generator/clk_out1
    SLICE_X43Y37         FDRE                                         r  i2c_baud_rate_generator/counterTick_reg[4]/C
                         clock pessimism              0.000     0.829    
                         clock uncertainty            0.186     1.014    
    SLICE_X43Y37         FDRE (Hold_fdre_C_R)        -0.018     0.996    i2c_baud_rate_generator/counterTick_reg[4]
  -------------------------------------------------------------------
                         required time                         -0.996    
                         arrival time                           1.828    
  -------------------------------------------------------------------
                         slack                                  0.832    





--------------------------------------------------------------------------------------
Path Group:  (none)
From Clock:  
  To Clock:  

Max Delay           160 Endpoints
Min Delay           160 Endpoints
--------------------------------------------------------------------------------------


Max Delay Paths
--------------------------------------------------------------------------------------
Slack:                    inf
  Source:                 my_i2c_core/i2c_data_storage_reg[0][3]/G
                            (positive level-sensitive latch)
  Destination:            my_seven_segment_core/seg_reg_reg[6]/D
  Path Group:             (none)
  Path Type:              Max at Slow Process Corner
  Data Path Delay:        16.583ns  (logic 5.052ns (30.465%)  route 11.531ns (69.535%))
  Logic Levels:           17  (CARRY4=5 LDCE=1 LUT3=2 LUT4=2 LUT5=1 LUT6=6)

    Location             Delay type                Incr(ns)  Path(ns)    Netlist Resource(s)
  -------------------------------------------------------------------    -------------------
    SLICE_X52Y23         LDCE                         0.000     0.000 r  my_i2c_core/i2c_data_storage_reg[0][3]/G
    SLICE_X52Y23         LDCE (EnToQ_ldce_G_Q)        0.625     0.625 r  my_i2c_core/i2c_data_storage_reg[0][3]/Q
                         net (fo=45, routed)          2.323     2.948    my_i2c_core/LED_OBUF[11]
    SLICE_X50Y14         LUT3 (Prop_lut3_I2_O)        0.124     3.072 r  my_i2c_core/hundred1__1_carry__2_i_11/O
                         net (fo=1, routed)           0.670     3.743    my_i2c_core/hundred1__1_carry__2_i_11_n_0
    SLICE_X50Y14         LUT5 (Prop_lut5_I4_O)        0.124     3.867 r  my_i2c_core/hundred1__1_carry__2_i_4/O
                         net (fo=2, routed)           0.715     4.582    my_i2c_core/i2c_data_storage_reg[0][1]_0[0]
    SLICE_X51Y14         LUT6 (Prop_lut6_I0_O)        0.124     4.706 r  my_i2c_core/hundred1__1_carry__2_i_8/O
                         net (fo=1, routed)           0.000     4.706    my_binary_convert_decimal/hundred1__74_carry_i_8_0[0]
    SLICE_X51Y14         CARRY4 (Prop_carry4_S[0]_CO[3])
                                                      0.532     5.238 r  my_binary_convert_decimal/hundred1__1_carry__2/CO[3]
                         net (fo=1, routed)           0.000     5.238    my_binary_convert_decimal/hundred1__1_carry__2_n_0
    SLICE_X51Y15         CARRY4 (Prop_carry4_CI_O[1])
                                                      0.334     5.572 r  my_binary_convert_decimal/hundred1__1_carry__3/O[1]
                         net (fo=14, routed)          1.041     6.613    my_binary_convert_decimal/hundred1__1_carry__3_n_6
    SLICE_X49Y14         LUT4 (Prop_lut4_I1_O)        0.303     6.916 r  my_binary_convert_decimal/hundred1__50_carry_i_6/O
                         net (fo=1, routed)           0.000     6.916    my_binary_convert_decimal/hundred1__50_carry_i_6_n_0
    SLICE_X49Y14         CARRY4 (Prop_carry4_S[1]_CO[3])
                                                      0.550     7.466 r  my_binary_convert_decimal/hundred1__50_carry/CO[3]
                         net (fo=1, routed)           0.000     7.466    my_binary_convert_decimal/hundred1__50_carry_n_0
    SLICE_X49Y15         CARRY4 (Prop_carry4_CI_O[1])
                                                      0.334     7.800 r  my_binary_convert_decimal/hundred1__50_carry__0/O[1]
                         net (fo=3, routed)           0.865     8.665    my_i2c_core/hundred1__74_carry__1[1]
    SLICE_X48Y15         LUT4 (Prop_lut4_I1_O)        0.303     8.968 r  my_i2c_core/hundred1__74_carry__1_i_6/O
                         net (fo=1, routed)           0.000     8.968    my_binary_convert_decimal/seg_reg_reg[2]_i_15_0[0]
    SLICE_X48Y15         CARRY4 (Prop_carry4_S[0]_CO[2])
                                                      0.536     9.504 r  my_binary_convert_decimal/hundred1__74_carry__1/CO[2]
                         net (fo=6, routed)           0.971    10.475    my_binary_convert_decimal/hundred1__74_carry__1_n_1
    SLICE_X48Y16         LUT3 (Prop_lut3_I2_O)        0.341    10.816 r  my_binary_convert_decimal/seg_reg_reg[2]_i_13/O
                         net (fo=5, routed)           0.650    11.466    my_binary_convert_decimal/seg_reg_reg[2]_i_13_n_0
    SLICE_X50Y16         LUT6 (Prop_lut6_I2_O)        0.326    11.792 r  my_binary_convert_decimal/seg_reg_reg[2]_i_17/O
                         net (fo=5, routed)           0.879    12.670    my_binary_convert_decimal/hundred1__263[4]
    SLICE_X48Y17         LUT6 (Prop_lut6_I4_O)        0.124    12.794 r  my_binary_convert_decimal/seg_reg_reg[2]_i_9/O
                         net (fo=7, routed)           0.991    13.785    my_binary_convert_decimal/seg_reg_reg[2]_i_9_n_0
    SLICE_X50Y17         LUT6 (Prop_lut6_I2_O)        0.124    13.909 r  my_binary_convert_decimal/seg_reg_reg[1]_i_5/O
                         net (fo=7, routed)           0.987    14.896    my_binary_convert_decimal/bcd_zero_to_nine[2][2]
    SLICE_X51Y18         LUT6 (Prop_lut6_I4_O)        0.124    15.020 r  my_binary_convert_decimal/seg_reg_reg[6]_i_6/O
                         net (fo=1, routed)           0.805    15.824    my_i2c_core/seg_reg_calculated[2]__0[2]
    SLICE_X53Y17         LUT6 (Prop_lut6_I3_O)        0.124    15.948 r  my_i2c_core/seg_reg_reg[6]_i_1/O
                         net (fo=1, routed)           0.635    16.583    my_seven_segment_core/D[6]
    SLICE_X55Y17         LDCE                                         r  my_seven_segment_core/seg_reg_reg[6]/D
  -------------------------------------------------------------------    -------------------

Slack:                    inf
  Source:                 my_i2c_core/i2c_data_storage_reg[0][3]/G
                            (positive level-sensitive latch)
  Destination:            my_seven_segment_core/seg_reg_reg[4]/D
  Path Group:             (none)
  Path Type:              Max at Slow Process Corner
  Data Path Delay:        16.566ns  (logic 5.052ns (30.497%)  route 11.514ns (69.503%))
  Logic Levels:           17  (CARRY4=5 LDCE=1 LUT3=2 LUT4=2 LUT5=2 LUT6=5)

    Location             Delay type                Incr(ns)  Path(ns)    Netlist Resource(s)
  -------------------------------------------------------------------    -------------------
    SLICE_X52Y23         LDCE                         0.000     0.000 r  my_i2c_core/i2c_data_storage_reg[0][3]/G
    SLICE_X52Y23         LDCE (EnToQ_ldce_G_Q)        0.625     0.625 r  my_i2c_core/i2c_data_storage_reg[0][3]/Q
                         net (fo=45, routed)          2.323     2.948    my_i2c_core/LED_OBUF[11]
    SLICE_X50Y14         LUT3 (Prop_lut3_I2_O)        0.124     3.072 r  my_i2c_core/hundred1__1_carry__2_i_11/O
                         net (fo=1, routed)           0.670     3.743    my_i2c_core/hundred1__1_carry__2_i_11_n_0
    SLICE_X50Y14         LUT5 (Prop_lut5_I4_O)        0.124     3.867 r  my_i2c_core/hundred1__1_carry__2_i_4/O
                         net (fo=2, routed)           0.715     4.582    my_i2c_core/i2c_data_storage_reg[0][1]_0[0]
    SLICE_X51Y14         LUT6 (Prop_lut6_I0_O)        0.124     4.706 r  my_i2c_core/hundred1__1_carry__2_i_8/O
                         net (fo=1, routed)           0.000     4.706    my_binary_convert_decimal/hundred1__74_carry_i_8_0[0]
    SLICE_X51Y14         CARRY4 (Prop_carry4_S[0]_CO[3])
                                                      0.532     5.238 r  my_binary_convert_decimal/hundred1__1_carry__2/CO[3]
                         net (fo=1, routed)           0.000     5.238    my_binary_convert_decimal/hundred1__1_carry__2_n_0
    SLICE_X51Y15         CARRY4 (Prop_carry4_CI_O[1])
                                                      0.334     5.572 r  my_binary_convert_decimal/hundred1__1_carry__3/O[1]
                         net (fo=14, routed)          1.041     6.613    my_binary_convert_decimal/hundred1__1_carry__3_n_6
    SLICE_X49Y14         LUT4 (Prop_lut4_I1_O)        0.303     6.916 r  my_binary_convert_decimal/hundred1__50_carry_i_6/O
                         net (fo=1, routed)           0.000     6.916    my_binary_convert_decimal/hundred1__50_carry_i_6_n_0
    SLICE_X49Y14         CARRY4 (Prop_carry4_S[1]_CO[3])
                                                      0.550     7.466 r  my_binary_convert_decimal/hundred1__50_carry/CO[3]
                         net (fo=1, routed)           0.000     7.466    my_binary_convert_decimal/hundred1__50_carry_n_0
    SLICE_X49Y15         CARRY4 (Prop_carry4_CI_O[1])
                                                      0.334     7.800 r  my_binary_convert_decimal/hundred1__50_carry__0/O[1]
                         net (fo=3, routed)           0.865     8.665    my_i2c_core/hundred1__74_carry__1[1]
    SLICE_X48Y15         LUT4 (Prop_lut4_I1_O)        0.303     8.968 r  my_i2c_core/hundred1__74_carry__1_i_6/O
                         net (fo=1, routed)           0.000     8.968    my_binary_convert_decimal/seg_reg_reg[2]_i_15_0[0]
    SLICE_X48Y15         CARRY4 (Prop_carry4_S[0]_CO[2])
                                                      0.536     9.504 r  my_binary_convert_decimal/hundred1__74_carry__1/CO[2]
                         net (fo=6, routed)           0.971    10.475    my_binary_convert_decimal/hundred1__74_carry__1_n_1
    SLICE_X48Y16         LUT3 (Prop_lut3_I2_O)        0.341    10.816 r  my_binary_convert_decimal/seg_reg_reg[2]_i_13/O
                         net (fo=5, routed)           0.838    11.654    my_binary_convert_decimal/seg_reg_reg[2]_i_13_n_0
    SLICE_X48Y17         LUT5 (Prop_lut5_I2_O)        0.326    11.980 r  my_binary_convert_decimal/seg_reg_reg[5]_i_25/O
                         net (fo=6, routed)           0.708    12.688    my_binary_convert_decimal/hundred1__263[3]
    SLICE_X48Y17         LUT6 (Prop_lut6_I1_O)        0.124    12.812 r  my_binary_convert_decimal/seg_reg_reg[2]_i_12/O
                         net (fo=5, routed)           1.130    13.942    my_binary_convert_decimal/seg_reg_reg[2]_i_12_n_0
    SLICE_X50Y18         LUT6 (Prop_lut6_I5_O)        0.124    14.066 r  my_binary_convert_decimal/seg_reg_reg[6]_i_24/O
                         net (fo=4, routed)           0.746    14.813    my_binary_convert_decimal/seg_reg_reg[6]_i_24_n_0
    SLICE_X51Y18         LUT6 (Prop_lut6_I2_O)        0.124    14.937 r  my_binary_convert_decimal/seg_reg_reg[4]_i_3/O
                         net (fo=1, routed)           0.965    15.901    my_i2c_core/seg_reg_calculated[2]__0[1]
    SLICE_X55Y18         LUT6 (Prop_lut6_I1_O)        0.124    16.025 r  my_i2c_core/seg_reg_reg[4]_i_1/O
                         net (fo=1, routed)           0.540    16.566    my_seven_segment_core/D[4]
    SLICE_X55Y17         LDCE                                         r  my_seven_segment_core/seg_reg_reg[4]/D
  -------------------------------------------------------------------    -------------------

Slack:                    inf
  Source:                 my_i2c_core/i2c_data_storage_reg[0][3]/G
                            (positive level-sensitive latch)
  Destination:            my_seven_segment_core/seg_reg_reg[0]/D
  Path Group:             (none)
  Path Type:              Max at Slow Process Corner
  Data Path Delay:        16.488ns  (logic 5.052ns (30.641%)  route 11.436ns (69.359%))
  Logic Levels:           17  (CARRY4=5 LDCE=1 LUT3=2 LUT4=2 LUT5=2 LUT6=5)

    Location             Delay type                Incr(ns)  Path(ns)    Netlist Resource(s)
  -------------------------------------------------------------------    -------------------
    SLICE_X52Y23         LDCE                         0.000     0.000 r  my_i2c_core/i2c_data_storage_reg[0][3]/G
    SLICE_X52Y23         LDCE (EnToQ_ldce_G_Q)        0.625     0.625 r  my_i2c_core/i2c_data_storage_reg[0][3]/Q
                         net (fo=45, routed)          2.323     2.948    my_i2c_core/LED_OBUF[11]
    SLICE_X50Y14         LUT3 (Prop_lut3_I2_O)        0.124     3.072 r  my_i2c_core/hundred1__1_carry__2_i_11/O
                         net (fo=1, routed)           0.670     3.743    my_i2c_core/hundred1__1_carry__2_i_11_n_0
    SLICE_X50Y14         LUT5 (Prop_lut5_I4_O)        0.124     3.867 r  my_i2c_core/hundred1__1_carry__2_i_4/O
                         net (fo=2, routed)           0.715     4.582    my_i2c_core/i2c_data_storage_reg[0][1]_0[0]
    SLICE_X51Y14         LUT6 (Prop_lut6_I0_O)        0.124     4.706 r  my_i2c_core/hundred1__1_carry__2_i_8/O
                         net (fo=1, routed)           0.000     4.706    my_binary_convert_decimal/hundred1__74_carry_i_8_0[0]
    SLICE_X51Y14         CARRY4 (Prop_carry4_S[0]_CO[3])
                                                      0.532     5.238 r  my_binary_convert_decimal/hundred1__1_carry__2/CO[3]
                         net (fo=1, routed)           0.000     5.238    my_binary_convert_decimal/hundred1__1_carry__2_n_0
    SLICE_X51Y15         CARRY4 (Prop_carry4_CI_O[1])
                                                      0.334     5.572 r  my_binary_convert_decimal/hundred1__1_carry__3/O[1]
                         net (fo=14, routed)          1.041     6.613    my_binary_convert_decimal/hundred1__1_carry__3_n_6
    SLICE_X49Y14         LUT4 (Prop_lut4_I1_O)        0.303     6.916 r  my_binary_convert_decimal/hundred1__50_carry_i_6/O
                         net (fo=1, routed)           0.000     6.916    my_binary_convert_decimal/hundred1__50_carry_i_6_n_0
    SLICE_X49Y14         CARRY4 (Prop_carry4_S[1]_CO[3])
                                                      0.550     7.466 r  my_binary_convert_decimal/hundred1__50_carry/CO[3]
                         net (fo=1, routed)           0.000     7.466    my_binary_convert_decimal/hundred1__50_carry_n_0
    SLICE_X49Y15         CARRY4 (Prop_carry4_CI_O[1])
                                                      0.334     7.800 r  my_binary_convert_decimal/hundred1__50_carry__0/O[1]
                         net (fo=3, routed)           0.865     8.665    my_i2c_core/hundred1__74_carry__1[1]
    SLICE_X48Y15         LUT4 (Prop_lut4_I1_O)        0.303     8.968 r  my_i2c_core/hundred1__74_carry__1_i_6/O
                         net (fo=1, routed)           0.000     8.968    my_binary_convert_decimal/seg_reg_reg[2]_i_15_0[0]
    SLICE_X48Y15         CARRY4 (Prop_carry4_S[0]_CO[2])
                                                      0.536     9.504 r  my_binary_convert_decimal/hundred1__74_carry__1/CO[2]
                         net (fo=6, routed)           0.971    10.475    my_binary_convert_decimal/hundred1__74_carry__1_n_1
    SLICE_X48Y16         LUT3 (Prop_lut3_I2_O)        0.341    10.816 r  my_binary_convert_decimal/seg_reg_reg[2]_i_13/O
                         net (fo=5, routed)           0.838    11.654    my_binary_convert_decimal/seg_reg_reg[2]_i_13_n_0
    SLICE_X48Y17         LUT5 (Prop_lut5_I2_O)        0.326    11.980 r  my_binary_convert_decimal/seg_reg_reg[5]_i_25/O
                         net (fo=6, routed)           0.708    12.688    my_binary_convert_decimal/hundred1__263[3]
    SLICE_X48Y17         LUT6 (Prop_lut6_I1_O)        0.124    12.812 r  my_binary_convert_decimal/seg_reg_reg[2]_i_12/O
                         net (fo=5, routed)           1.130    13.942    my_binary_convert_decimal/seg_reg_reg[2]_i_12_n_0
    SLICE_X50Y18         LUT6 (Prop_lut6_I5_O)        0.124    14.066 r  my_binary_convert_decimal/seg_reg_reg[6]_i_24/O
                         net (fo=4, routed)           0.741    14.808    my_binary_convert_decimal/seg_reg_reg[6]_i_24_n_0
    SLICE_X51Y18         LUT6 (Prop_lut6_I2_O)        0.124    14.932 r  my_binary_convert_decimal/seg_reg_reg[0]_i_4/O
                         net (fo=1, routed)           0.941    15.873    my_i2c_core/seg_reg_calculated[2]__0[0]
    SLICE_X53Y18         LUT6 (Prop_lut6_I2_O)        0.124    15.997 r  my_i2c_core/seg_reg_reg[0]_i_1/O
                         net (fo=1, routed)           0.491    16.488    my_seven_segment_core/D[0]
    SLICE_X55Y19         LDCE                                         r  my_seven_segment_core/seg_reg_reg[0]/D
  -------------------------------------------------------------------    -------------------

Slack:                    inf
  Source:                 my_i2c_core/i2c_data_storage_reg[0][3]/G
                            (positive level-sensitive latch)
  Destination:            my_seven_segment_core/seg_reg_reg[5]/D
  Path Group:             (none)
  Path Type:              Max at Slow Process Corner
  Data Path Delay:        16.399ns  (logic 5.052ns (30.806%)  route 11.347ns (69.194%))
  Logic Levels:           17  (CARRY4=5 LDCE=1 LUT3=2 LUT4=2 LUT5=1 LUT6=6)

    Location             Delay type                Incr(ns)  Path(ns)    Netlist Resource(s)
  -------------------------------------------------------------------    -------------------
    SLICE_X52Y23         LDCE                         0.000     0.000 r  my_i2c_core/i2c_data_storage_reg[0][3]/G
    SLICE_X52Y23         LDCE (EnToQ_ldce_G_Q)        0.625     0.625 r  my_i2c_core/i2c_data_storage_reg[0][3]/Q
                         net (fo=45, routed)          2.323     2.948    my_i2c_core/LED_OBUF[11]
    SLICE_X50Y14         LUT3 (Prop_lut3_I2_O)        0.124     3.072 r  my_i2c_core/hundred1__1_carry__2_i_11/O
                         net (fo=1, routed)           0.670     3.743    my_i2c_core/hundred1__1_carry__2_i_11_n_0
    SLICE_X50Y14         LUT5 (Prop_lut5_I4_O)        0.124     3.867 r  my_i2c_core/hundred1__1_carry__2_i_4/O
                         net (fo=2, routed)           0.715     4.582    my_i2c_core/i2c_data_storage_reg[0][1]_0[0]
    SLICE_X51Y14         LUT6 (Prop_lut6_I0_O)        0.124     4.706 r  my_i2c_core/hundred1__1_carry__2_i_8/O
                         net (fo=1, routed)           0.000     4.706    my_binary_convert_decimal/hundred1__74_carry_i_8_0[0]
    SLICE_X51Y14         CARRY4 (Prop_carry4_S[0]_CO[3])
                                                      0.532     5.238 r  my_binary_convert_decimal/hundred1__1_carry__2/CO[3]
                         net (fo=1, routed)           0.000     5.238    my_binary_convert_decimal/hundred1__1_carry__2_n_0
    SLICE_X51Y15         CARRY4 (Prop_carry4_CI_O[1])
                                                      0.334     5.572 r  my_binary_convert_decimal/hundred1__1_carry__3/O[1]
                         net (fo=14, routed)          1.041     6.613    my_binary_convert_decimal/hundred1__1_carry__3_n_6
    SLICE_X49Y14         LUT4 (Prop_lut4_I1_O)        0.303     6.916 r  my_binary_convert_decimal/hundred1__50_carry_i_6/O
                         net (fo=1, routed)           0.000     6.916    my_binary_convert_decimal/hundred1__50_carry_i_6_n_0
    SLICE_X49Y14         CARRY4 (Prop_carry4_S[1]_CO[3])
                                                      0.550     7.466 r  my_binary_convert_decimal/hundred1__50_carry/CO[3]
                         net (fo=1, routed)           0.000     7.466    my_binary_convert_decimal/hundred1__50_carry_n_0
    SLICE_X49Y15         CARRY4 (Prop_carry4_CI_O[1])
                                                      0.334     7.800 r  my_binary_convert_decimal/hundred1__50_carry__0/O[1]
                         net (fo=3, routed)           0.865     8.665    my_i2c_core/hundred1__74_carry__1[1]
    SLICE_X48Y15         LUT4 (Prop_lut4_I1_O)        0.303     8.968 r  my_i2c_core/hundred1__74_carry__1_i_6/O
                         net (fo=1, routed)           0.000     8.968    my_binary_convert_decimal/seg_reg_reg[2]_i_15_0[0]
    SLICE_X48Y15         CARRY4 (Prop_carry4_S[0]_CO[2])
                                                      0.536     9.504 r  my_binary_convert_decimal/hundred1__74_carry__1/CO[2]
                         net (fo=6, routed)           0.971    10.475    my_binary_convert_decimal/hundred1__74_carry__1_n_1
    SLICE_X48Y16         LUT3 (Prop_lut3_I2_O)        0.341    10.816 r  my_binary_convert_decimal/seg_reg_reg[2]_i_13/O
                         net (fo=5, routed)           0.650    11.466    my_binary_convert_decimal/seg_reg_reg[2]_i_13_n_0
    SLICE_X50Y16         LUT6 (Prop_lut6_I2_O)        0.326    11.792 r  my_binary_convert_decimal/seg_reg_reg[2]_i_17/O
                         net (fo=5, routed)           0.879    12.670    my_binary_convert_decimal/hundred1__263[4]
    SLICE_X48Y17         LUT6 (Prop_lut6_I4_O)        0.124    12.794 r  my_binary_convert_decimal/seg_reg_reg[2]_i_9/O
                         net (fo=7, routed)           0.981    13.775    my_binary_convert_decimal/seg_reg_reg[2]_i_9_n_0
    SLICE_X50Y17         LUT6 (Prop_lut6_I0_O)        0.124    13.899 r  my_binary_convert_decimal/seg_reg_reg[5]_i_17/O
                         net (fo=2, routed)           0.832    14.731    my_seven_segment_core/seg_reg_reg[1]_i_1
    SLICE_X52Y17         LUT6 (Prop_lut6_I3_O)        0.124    14.855 r  my_seven_segment_core/seg_reg_reg[5]_i_6/O
                         net (fo=3, routed)           0.852    15.707    my_i2c_core/seg_reg_reg[1]
    SLICE_X54Y17         LUT6 (Prop_lut6_I4_O)        0.124    15.831 r  my_i2c_core/seg_reg_reg[5]_i_1/O
                         net (fo=1, routed)           0.568    16.399    my_seven_segment_core/D[5]
    SLICE_X55Y17         LDCE                                         r  my_seven_segment_core/seg_reg_reg[5]/D
  -------------------------------------------------------------------    -------------------

Slack:                    inf
  Source:                 my_i2c_core/i2c_data_storage_reg[0][3]/G
                            (positive level-sensitive latch)
  Destination:            my_seven_segment_core/seg_reg_reg[1]/D
  Path Group:             (none)
  Path Type:              Max at Slow Process Corner
  Data Path Delay:        16.061ns  (logic 5.052ns (31.454%)  route 11.009ns (68.546%))
  Logic Levels:           17  (CARRY4=5 LDCE=1 LUT3=2 LUT4=2 LUT5=1 LUT6=6)

    Location             Delay type                Incr(ns)  Path(ns)    Netlist Resource(s)
  -------------------------------------------------------------------    -------------------
    SLICE_X52Y23         LDCE                         0.000     0.000 r  my_i2c_core/i2c_data_storage_reg[0][3]/G
    SLICE_X52Y23         LDCE (EnToQ_ldce_G_Q)        0.625     0.625 r  my_i2c_core/i2c_data_storage_reg[0][3]/Q
                         net (fo=45, routed)          2.323     2.948    my_i2c_core/LED_OBUF[11]
    SLICE_X50Y14         LUT3 (Prop_lut3_I2_O)        0.124     3.072 r  my_i2c_core/hundred1__1_carry__2_i_11/O
                         net (fo=1, routed)           0.670     3.743    my_i2c_core/hundred1__1_carry__2_i_11_n_0
    SLICE_X50Y14         LUT5 (Prop_lut5_I4_O)        0.124     3.867 r  my_i2c_core/hundred1__1_carry__2_i_4/O
                         net (fo=2, routed)           0.715     4.582    my_i2c_core/i2c_data_storage_reg[0][1]_0[0]
    SLICE_X51Y14         LUT6 (Prop_lut6_I0_O)        0.124     4.706 r  my_i2c_core/hundred1__1_carry__2_i_8/O
                         net (fo=1, routed)           0.000     4.706    my_binary_convert_decimal/hundred1__74_carry_i_8_0[0]
    SLICE_X51Y14         CARRY4 (Prop_carry4_S[0]_CO[3])
                                                      0.532     5.238 r  my_binary_convert_decimal/hundred1__1_carry__2/CO[3]
                         net (fo=1, routed)           0.000     5.238    my_binary_convert_decimal/hundred1__1_carry__2_n_0
    SLICE_X51Y15         CARRY4 (Prop_carry4_CI_O[1])
                                                      0.334     5.572 r  my_binary_convert_decimal/hundred1__1_carry__3/O[1]
                         net (fo=14, routed)          1.041     6.613    my_binary_convert_decimal/hundred1__1_carry__3_n_6
    SLICE_X49Y14         LUT4 (Prop_lut4_I1_O)        0.303     6.916 r  my_binary_convert_decimal/hundred1__50_carry_i_6/O
                         net (fo=1, routed)           0.000     6.916    my_binary_convert_decimal/hundred1__50_carry_i_6_n_0
    SLICE_X49Y14         CARRY4 (Prop_carry4_S[1]_CO[3])
                                                      0.550     7.466 r  my_binary_convert_decimal/hundred1__50_carry/CO[3]
                         net (fo=1, routed)           0.000     7.466    my_binary_convert_decimal/hundred1__50_carry_n_0
    SLICE_X49Y15         CARRY4 (Prop_carry4_CI_O[1])
                                                      0.334     7.800 r  my_binary_convert_decimal/hundred1__50_carry__0/O[1]
                         net (fo=3, routed)           0.865     8.665    my_i2c_core/hundred1__74_carry__1[1]
    SLICE_X48Y15         LUT4 (Prop_lut4_I1_O)        0.303     8.968 r  my_i2c_core/hundred1__74_carry__1_i_6/O
                         net (fo=1, routed)           0.000     8.968    my_binary_convert_decimal/seg_reg_reg[2]_i_15_0[0]
    SLICE_X48Y15         CARRY4 (Prop_carry4_S[0]_CO[2])
                                                      0.536     9.504 r  my_binary_convert_decimal/hundred1__74_carry__1/CO[2]
                         net (fo=6, routed)           0.971    10.475    my_binary_convert_decimal/hundred1__74_carry__1_n_1
    SLICE_X48Y16         LUT3 (Prop_lut3_I2_O)        0.341    10.816 r  my_binary_convert_decimal/seg_reg_reg[2]_i_13/O
                         net (fo=5, routed)           0.650    11.466    my_binary_convert_decimal/seg_reg_reg[2]_i_13_n_0
    SLICE_X50Y16         LUT6 (Prop_lut6_I2_O)        0.326    11.792 r  my_binary_convert_decimal/seg_reg_reg[2]_i_17/O
                         net (fo=5, routed)           0.879    12.670    my_binary_convert_decimal/hundred1__263[4]
    SLICE_X48Y17         LUT6 (Prop_lut6_I4_O)        0.124    12.794 r  my_binary_convert_decimal/seg_reg_reg[2]_i_9/O
                         net (fo=7, routed)           0.981    13.775    my_binary_convert_decimal/seg_reg_reg[2]_i_9_n_0
    SLICE_X50Y17         LUT6 (Prop_lut6_I0_O)        0.124    13.899 r  my_binary_convert_decimal/seg_reg_reg[5]_i_17/O
                         net (fo=2, routed)           0.832    14.731    my_seven_segment_core/seg_reg_reg[1]_i_1
    SLICE_X52Y17         LUT6 (Prop_lut6_I3_O)        0.124    14.855 r  my_seven_segment_core/seg_reg_reg[5]_i_6/O
                         net (fo=3, routed)           0.585    15.440    my_i2c_core/seg_reg_reg[1]
    SLICE_X53Y17         LUT6 (Prop_lut6_I3_O)        0.124    15.564 r  my_i2c_core/seg_reg_reg[1]_i_1/O
                         net (fo=1, routed)           0.497    16.061    my_seven_segment_core/D[1]
    SLICE_X55Y19         LDCE                                         r  my_seven_segment_core/seg_reg_reg[1]/D
  -------------------------------------------------------------------    -------------------

Slack:                    inf
  Source:                 my_i2c_core/i2c_data_storage_reg[0][3]/G
                            (positive level-sensitive latch)
  Destination:            my_seven_segment_core/seg_reg_reg[3]/D
  Path Group:             (none)
  Path Type:              Max at Slow Process Corner
  Data Path Delay:        16.031ns  (logic 5.052ns (31.514%)  route 10.979ns (68.486%))
  Logic Levels:           17  (CARRY4=5 LDCE=1 LUT3=2 LUT4=2 LUT5=1 LUT6=6)

    Location             Delay type                Incr(ns)  Path(ns)    Netlist Resource(s)
  -------------------------------------------------------------------    -------------------
    SLICE_X52Y23         LDCE                         0.000     0.000 r  my_i2c_core/i2c_data_storage_reg[0][3]/G
    SLICE_X52Y23         LDCE (EnToQ_ldce_G_Q)        0.625     0.625 r  my_i2c_core/i2c_data_storage_reg[0][3]/Q
                         net (fo=45, routed)          2.323     2.948    my_i2c_core/LED_OBUF[11]
    SLICE_X50Y14         LUT3 (Prop_lut3_I2_O)        0.124     3.072 r  my_i2c_core/hundred1__1_carry__2_i_11/O
                         net (fo=1, routed)           0.670     3.743    my_i2c_core/hundred1__1_carry__2_i_11_n_0
    SLICE_X50Y14         LUT5 (Prop_lut5_I4_O)        0.124     3.867 r  my_i2c_core/hundred1__1_carry__2_i_4/O
                         net (fo=2, routed)           0.715     4.582    my_i2c_core/i2c_data_storage_reg[0][1]_0[0]
    SLICE_X51Y14         LUT6 (Prop_lut6_I0_O)        0.124     4.706 r  my_i2c_core/hundred1__1_carry__2_i_8/O
                         net (fo=1, routed)           0.000     4.706    my_binary_convert_decimal/hundred1__74_carry_i_8_0[0]
    SLICE_X51Y14         CARRY4 (Prop_carry4_S[0]_CO[3])
                                                      0.532     5.238 r  my_binary_convert_decimal/hundred1__1_carry__2/CO[3]
                         net (fo=1, routed)           0.000     5.238    my_binary_convert_decimal/hundred1__1_carry__2_n_0
    SLICE_X51Y15         CARRY4 (Prop_carry4_CI_O[1])
                                                      0.334     5.572 r  my_binary_convert_decimal/hundred1__1_carry__3/O[1]
                         net (fo=14, routed)          1.041     6.613    my_binary_convert_decimal/hundred1__1_carry__3_n_6
    SLICE_X49Y14         LUT4 (Prop_lut4_I1_O)        0.303     6.916 r  my_binary_convert_decimal/hundred1__50_carry_i_6/O
                         net (fo=1, routed)           0.000     6.916    my_binary_convert_decimal/hundred1__50_carry_i_6_n_0
    SLICE_X49Y14         CARRY4 (Prop_carry4_S[1]_CO[3])
                                                      0.550     7.466 r  my_binary_convert_decimal/hundred1__50_carry/CO[3]
                         net (fo=1, routed)           0.000     7.466    my_binary_convert_decimal/hundred1__50_carry_n_0
    SLICE_X49Y15         CARRY4 (Prop_carry4_CI_O[1])
                                                      0.334     7.800 r  my_binary_convert_decimal/hundred1__50_carry__0/O[1]
                         net (fo=3, routed)           0.865     8.665    my_i2c_core/hundred1__74_carry__1[1]
    SLICE_X48Y15         LUT4 (Prop_lut4_I1_O)        0.303     8.968 r  my_i2c_core/hundred1__74_carry__1_i_6/O
                         net (fo=1, routed)           0.000     8.968    my_binary_convert_decimal/seg_reg_reg[2]_i_15_0[0]
    SLICE_X48Y15         CARRY4 (Prop_carry4_S[0]_CO[2])
                                                      0.536     9.504 r  my_binary_convert_decimal/hundred1__74_carry__1/CO[2]
                         net (fo=6, routed)           0.971    10.475    my_binary_convert_decimal/hundred1__74_carry__1_n_1
    SLICE_X48Y16         LUT3 (Prop_lut3_I2_O)        0.341    10.816 r  my_binary_convert_decimal/seg_reg_reg[2]_i_13/O
                         net (fo=5, routed)           0.650    11.466    my_binary_convert_decimal/seg_reg_reg[2]_i_13_n_0
    SLICE_X50Y16         LUT6 (Prop_lut6_I2_O)        0.326    11.792 r  my_binary_convert_decimal/seg_reg_reg[2]_i_17/O
                         net (fo=5, routed)           0.879    12.670    my_binary_convert_decimal/hundred1__263[4]
    SLICE_X48Y17         LUT6 (Prop_lut6_I4_O)        0.124    12.794 r  my_binary_convert_decimal/seg_reg_reg[2]_i_9/O
                         net (fo=7, routed)           0.981    13.775    my_binary_convert_decimal/seg_reg_reg[2]_i_9_n_0
    SLICE_X50Y17         LUT6 (Prop_lut6_I0_O)        0.124    13.899 r  my_binary_convert_decimal/seg_reg_reg[5]_i_17/O
                         net (fo=2, routed)           0.832    14.731    my_seven_segment_core/seg_reg_reg[1]_i_1
    SLICE_X52Y17         LUT6 (Prop_lut6_I3_O)        0.124    14.855 r  my_seven_segment_core/seg_reg_reg[5]_i_6/O
                         net (fo=3, routed)           0.862    15.717    my_i2c_core/seg_reg_reg[1]
    SLICE_X54Y17         LUT6 (Prop_lut6_I3_O)        0.124    15.841 r  my_i2c_core/seg_reg_reg[3]_i_1/O
                         net (fo=1, routed)           0.190    16.031    my_seven_segment_core/D[3]
    SLICE_X55Y17         LDCE                                         r  my_seven_segment_core/seg_reg_reg[3]/D
  -------------------------------------------------------------------    -------------------

Slack:                    inf
  Source:                 my_i2c_core/i2c_data_storage_reg[0][3]/G
                            (positive level-sensitive latch)
  Destination:            my_seven_segment_core/seg_reg_reg[2]/D
  Path Group:             (none)
  Path Type:              Max at Slow Process Corner
  Data Path Delay:        15.679ns  (logic 5.052ns (32.222%)  route 10.627ns (67.778%))
  Logic Levels:           17  (CARRY4=5 LDCE=1 LUT3=2 LUT4=2 LUT5=2 LUT6=5)

    Location             Delay type                Incr(ns)  Path(ns)    Netlist Resource(s)
  -------------------------------------------------------------------    -------------------
    SLICE_X52Y23         LDCE                         0.000     0.000 r  my_i2c_core/i2c_data_storage_reg[0][3]/G
    SLICE_X52Y23         LDCE (EnToQ_ldce_G_Q)        0.625     0.625 r  my_i2c_core/i2c_data_storage_reg[0][3]/Q
                         net (fo=45, routed)          2.323     2.948    my_i2c_core/LED_OBUF[11]
    SLICE_X50Y14         LUT3 (Prop_lut3_I2_O)        0.124     3.072 r  my_i2c_core/hundred1__1_carry__2_i_11/O
                         net (fo=1, routed)           0.670     3.743    my_i2c_core/hundred1__1_carry__2_i_11_n_0
    SLICE_X50Y14         LUT5 (Prop_lut5_I4_O)        0.124     3.867 r  my_i2c_core/hundred1__1_carry__2_i_4/O
                         net (fo=2, routed)           0.715     4.582    my_i2c_core/i2c_data_storage_reg[0][1]_0[0]
    SLICE_X51Y14         LUT6 (Prop_lut6_I0_O)        0.124     4.706 r  my_i2c_core/hundred1__1_carry__2_i_8/O
                         net (fo=1, routed)           0.000     4.706    my_binary_convert_decimal/hundred1__74_carry_i_8_0[0]
    SLICE_X51Y14         CARRY4 (Prop_carry4_S[0]_CO[3])
                                                      0.532     5.238 r  my_binary_convert_decimal/hundred1__1_carry__2/CO[3]
                         net (fo=1, routed)           0.000     5.238    my_binary_convert_decimal/hundred1__1_carry__2_n_0
    SLICE_X51Y15         CARRY4 (Prop_carry4_CI_O[1])
                                                      0.334     5.572 r  my_binary_convert_decimal/hundred1__1_carry__3/O[1]
                         net (fo=14, routed)          1.041     6.613    my_binary_convert_decimal/hundred1__1_carry__3_n_6
    SLICE_X49Y14         LUT4 (Prop_lut4_I1_O)        0.303     6.916 r  my_binary_convert_decimal/hundred1__50_carry_i_6/O
                         net (fo=1, routed)           0.000     6.916    my_binary_convert_decimal/hundred1__50_carry_i_6_n_0
    SLICE_X49Y14         CARRY4 (Prop_carry4_S[1]_CO[3])
                                                      0.550     7.466 r  my_binary_convert_decimal/hundred1__50_carry/CO[3]
                         net (fo=1, routed)           0.000     7.466    my_binary_convert_decimal/hundred1__50_carry_n_0
    SLICE_X49Y15         CARRY4 (Prop_carry4_CI_O[1])
                                                      0.334     7.800 r  my_binary_convert_decimal/hundred1__50_carry__0/O[1]
                         net (fo=3, routed)           0.865     8.665    my_i2c_core/hundred1__74_carry__1[1]
    SLICE_X48Y15         LUT4 (Prop_lut4_I1_O)        0.303     8.968 r  my_i2c_core/hundred1__74_carry__1_i_6/O
                         net (fo=1, routed)           0.000     8.968    my_binary_convert_decimal/seg_reg_reg[2]_i_15_0[0]
    SLICE_X48Y15         CARRY4 (Prop_carry4_S[0]_CO[2])
                                                      0.536     9.504 r  my_binary_convert_decimal/hundred1__74_carry__1/CO[2]
                         net (fo=6, routed)           0.971    10.475    my_binary_convert_decimal/hundred1__74_carry__1_n_1
    SLICE_X48Y16         LUT3 (Prop_lut3_I2_O)        0.341    10.816 r  my_binary_convert_decimal/seg_reg_reg[2]_i_13/O
                         net (fo=5, routed)           0.838    11.654    my_binary_convert_decimal/seg_reg_reg[2]_i_13_n_0
    SLICE_X48Y17         LUT5 (Prop_lut5_I2_O)        0.326    11.980 r  my_binary_convert_decimal/seg_reg_reg[5]_i_25/O
                         net (fo=6, routed)           0.788    12.768    my_binary_convert_decimal/hundred1__263[3]
    SLICE_X50Y16         LUT6 (Prop_lut6_I0_O)        0.124    12.892 r  my_binary_convert_decimal/seg_reg_reg[5]_i_26/O
                         net (fo=1, routed)           0.796    13.688    my_binary_convert_decimal/seg_reg_reg[5]_i_26_n_0
    SLICE_X50Y17         LUT6 (Prop_lut6_I2_O)        0.124    13.812 r  my_binary_convert_decimal/seg_reg_reg[5]_i_18/O
                         net (fo=2, routed)           0.811    14.623    my_binary_convert_decimal/seg_reg_reg[2]_i_10_0
    SLICE_X52Y17         LUT6 (Prop_lut6_I1_O)        0.124    14.747 r  my_binary_convert_decimal/seg_reg_reg[2]_i_6/O
                         net (fo=1, routed)           0.313    15.060    my_i2c_core/seg_reg_reg[2]
    SLICE_X52Y18         LUT6 (Prop_lut6_I4_O)        0.124    15.184 r  my_i2c_core/seg_reg_reg[2]_i_1/O
                         net (fo=1, routed)           0.495    15.679    my_seven_segment_core/D[2]
    SLICE_X55Y19         LDCE                                         r  my_seven_segment_core/seg_reg_reg[2]/D
  -------------------------------------------------------------------    -------------------

Slack:                    inf
  Source:                 my_i2c_core/i2c_sda_reg_now_reg/C
                            (rising edge-triggered cell FDSE)
  Destination:            sda
                            (output port)
  Path Group:             (none)
  Path Type:              Max at Slow Process Corner
  Data Path Delay:        10.003ns  (logic 3.976ns (39.749%)  route 6.027ns (60.251%))
  Logic Levels:           2  (FDSE=1 OBUFT=1)

    Location             Delay type                Incr(ns)  Path(ns)    Netlist Resource(s)
  -------------------------------------------------------------------    -------------------
    SLICE_X49Y28         FDSE                         0.000     0.000 r  my_i2c_core/i2c_sda_reg_now_reg/C
    SLICE_X49Y28         FDSE (Prop_fdse_C_Q)         0.456     0.456 r  my_i2c_core/i2c_sda_reg_now_reg/Q
                         net (fo=2, routed)           6.027     6.483    sda_IOBUF_inst/I
    A14                  OBUFT (Prop_obuft_I_O)       3.520    10.003 r  sda_IOBUF_inst/OBUFT/O
                         net (fo=1, unset)            0.000    10.003    sda
    A14                                                               r  sda (INOUT)
  -------------------------------------------------------------------    -------------------

Slack:                    inf
  Source:                 my_i2c_core/i2c_sclk_reg_now_reg/C
                            (rising edge-triggered cell FDSE)
  Destination:            sclk
                            (output port)
  Path Group:             (none)
  Path Type:              Max at Slow Process Corner
  Data Path Delay:        9.589ns  (logic 3.968ns (41.378%)  route 5.621ns (58.622%))
  Logic Levels:           2  (FDSE=1 OBUF=1)

    Location             Delay type                Incr(ns)  Path(ns)    Netlist Resource(s)
  -------------------------------------------------------------------    -------------------
    SLICE_X48Y26         FDSE                         0.000     0.000 r  my_i2c_core/i2c_sclk_reg_now_reg/C
    SLICE_X48Y26         FDSE (Prop_fdse_C_Q)         0.456     0.456 r  my_i2c_core/i2c_sclk_reg_now_reg/Q
                         net (fo=1, routed)           5.621     6.077    sclk_OBUF
    A16                  OBUF (Prop_obuf_I_O)         3.512     9.589 r  sclk_OBUF_inst/O
                         net (fo=0)                   0.000     9.589    sclk
    A16                                                               r  sclk (OUT)
  -------------------------------------------------------------------    -------------------

Slack:                    inf
  Source:                 my_i2c_core/i2c_data_storage_reg[1][6]/G
                            (positive level-sensitive latch)
  Destination:            LED[6]
                            (output port)
  Path Group:             (none)
  Path Type:              Max at Slow Process Corner
  Data Path Delay:        8.885ns  (logic 4.065ns (45.751%)  route 4.820ns (54.249%))
  Logic Levels:           2  (LDCE=1 OBUF=1)

    Location             Delay type                Incr(ns)  Path(ns)    Netlist Resource(s)
  -------------------------------------------------------------------    -------------------
    SLICE_X53Y27         LDCE                         0.000     0.000 r  my_i2c_core/i2c_data_storage_reg[1][6]/G
    SLICE_X53Y27         LDCE (EnToQ_ldce_G_Q)        0.559     0.559 r  my_i2c_core/i2c_data_storage_reg[1][6]/Q
                         net (fo=30, routed)          4.820     5.379    LED_OBUF[6]
    U14                  OBUF (Prop_obuf_I_O)         3.506     8.885 r  LED_OBUF[6]_inst/O
                         net (fo=0)                   0.000     8.885    LED[6]
    U14                                                               r  LED[6] (OUT)
  -------------------------------------------------------------------    -------------------





Min Delay Paths
--------------------------------------------------------------------------------------
Slack:                    inf
  Source:                 my_i2c_core/FSM_onehot_stateNow_reg[9]/C
                            (rising edge-triggered cell FDRE)
  Destination:            my_i2c_core/FSM_onehot_stateNow_reg[10]/D
  Path Group:             (none)
  Path Type:              Min at Fast Process Corner
  Data Path Delay:        0.218ns  (logic 0.128ns (58.696%)  route 0.090ns (41.304%))
  Logic Levels:           1  (FDRE=1)

    Location             Delay type                Incr(ns)  Path(ns)    Netlist Resource(s)
  -------------------------------------------------------------------    -------------------
    SLICE_X51Y26         FDRE                         0.000     0.000 r  my_i2c_core/FSM_onehot_stateNow_reg[9]/C
    SLICE_X51Y26         FDRE (Prop_fdre_C_Q)         0.128     0.128 r  my_i2c_core/FSM_onehot_stateNow_reg[9]/Q
                         net (fo=4, routed)           0.090     0.218    my_i2c_core/stateNow[9]
    SLICE_X50Y26         FDRE                                         r  my_i2c_core/FSM_onehot_stateNow_reg[10]/D
  -------------------------------------------------------------------    -------------------

Slack:                    inf
  Source:                 my_i2c_core/FSM_onehot_stateNow_reg[13]/C
                            (rising edge-triggered cell FDRE)
  Destination:            my_i2c_core/FSM_onehot_stateNow_reg[14]/D
  Path Group:             (none)
  Path Type:              Min at Fast Process Corner
  Data Path Delay:        0.267ns  (logic 0.128ns (47.878%)  route 0.139ns (52.122%))
  Logic Levels:           1  (FDRE=1)

    Location             Delay type                Incr(ns)  Path(ns)    Netlist Resource(s)
  -------------------------------------------------------------------    -------------------
    SLICE_X51Y26         FDRE                         0.000     0.000 r  my_i2c_core/FSM_onehot_stateNow_reg[13]/C
    SLICE_X51Y26         FDRE (Prop_fdre_C_Q)         0.128     0.128 r  my_i2c_core/FSM_onehot_stateNow_reg[13]/Q
                         net (fo=3, routed)           0.139     0.267    my_i2c_core/stateNow[13]
    SLICE_X51Y26         FDRE                                         r  my_i2c_core/FSM_onehot_stateNow_reg[14]/D
  -------------------------------------------------------------------    -------------------

Slack:                    inf
  Source:                 my_i2c_controller/FSM_sequential_command_next_reg/G
                            (positive level-sensitive latch)
  Destination:            my_i2c_controller/FSM_sequential_command_now_reg/D
  Path Group:             (none)
  Path Type:              Min at Fast Process Corner
  Data Path Delay:        0.277ns  (logic 0.158ns (56.949%)  route 0.119ns (43.051%))
  Logic Levels:           1  (LDCE=1)

    Location             Delay type                Incr(ns)  Path(ns)    Netlist Resource(s)
  -------------------------------------------------------------------    -------------------
    SLICE_X48Y29         LDCE                         0.000     0.000 r  my_i2c_controller/FSM_sequential_command_next_reg/G
    SLICE_X48Y29         LDCE (EnToQ_ldce_G_Q)        0.158     0.158 r  my_i2c_controller/FSM_sequential_command_next_reg/Q
                         net (fo=1, routed)           0.119     0.277    my_i2c_controller/command_next
    SLICE_X48Y28         FDRE                                         r  my_i2c_controller/FSM_sequential_command_now_reg/D
  -------------------------------------------------------------------    -------------------

Slack:                    inf
  Source:                 my_i2c_core/FSM_onehot_stateNow_reg[15]/C
                            (rising edge-triggered cell FDRE)
  Destination:            my_i2c_core/FSM_onehot_stateNow_reg[16]/D
  Path Group:             (none)
  Path Type:              Min at Fast Process Corner
  Data Path Delay:        0.280ns  (logic 0.141ns (50.284%)  route 0.139ns (49.716%))
  Logic Levels:           1  (FDRE=1)

    Location             Delay type                Incr(ns)  Path(ns)    Netlist Resource(s)
  -------------------------------------------------------------------    -------------------
    SLICE_X51Y26         FDRE                         0.000     0.000 r  my_i2c_core/FSM_onehot_stateNow_reg[15]/C
    SLICE_X51Y26         FDRE (Prop_fdre_C_Q)         0.141     0.141 r  my_i2c_core/FSM_onehot_stateNow_reg[15]/Q
                         net (fo=5, routed)           0.139     0.280    my_i2c_core/stateNow[15]
    SLICE_X50Y26         FDRE                                         r  my_i2c_core/FSM_onehot_stateNow_reg[16]/D
  -------------------------------------------------------------------    -------------------

Slack:                    inf
  Source:                 my_i2c_core/FSM_onehot_stateNow_reg[12]/C
                            (rising edge-triggered cell FDRE)
  Destination:            my_i2c_core/FSM_onehot_stateNow_reg[13]/D
  Path Group:             (none)
  Path Type:              Min at Fast Process Corner
  Data Path Delay:        0.293ns  (logic 0.141ns (48.199%)  route 0.152ns (51.801%))
  Logic Levels:           1  (FDRE=1)

    Location             Delay type                Incr(ns)  Path(ns)    Netlist Resource(s)
  -------------------------------------------------------------------    -------------------
    SLICE_X51Y26         FDRE                         0.000     0.000 r  my_i2c_core/FSM_onehot_stateNow_reg[12]/C
    SLICE_X51Y26         FDRE (Prop_fdre_C_Q)         0.141     0.141 r  my_i2c_core/FSM_onehot_stateNow_reg[12]/Q
                         net (fo=6, routed)           0.152     0.293    my_i2c_core/stateNow[12]
    SLICE_X51Y26         FDRE                                         r  my_i2c_core/FSM_onehot_stateNow_reg[13]/D
  -------------------------------------------------------------------    -------------------

Slack:                    inf
  Source:                 my_i2c_core/FSM_onehot_stateNow_reg[0]/C
                            (rising edge-triggered cell FDSE)
  Destination:            my_i2c_core/i2c_sclk_reg_now_reg/D
  Path Group:             (none)
  Path Type:              Min at Fast Process Corner
  Data Path Delay:        0.318ns  (logic 0.186ns (58.435%)  route 0.132ns (41.565%))
  Logic Levels:           2  (FDSE=1 LUT6=1)

    Location             Delay type                Incr(ns)  Path(ns)    Netlist Resource(s)
  -------------------------------------------------------------------    -------------------
    SLICE_X49Y26         FDSE                         0.000     0.000 r  my_i2c_core/FSM_onehot_stateNow_reg[0]/C
    SLICE_X49Y26         FDSE (Prop_fdse_C_Q)         0.141     0.141 r  my_i2c_core/FSM_onehot_stateNow_reg[0]/Q
                         net (fo=6, routed)           0.132     0.273    my_i2c_core/FSM_onehot_stateNow_reg_n_0_[0]
    SLICE_X48Y26         LUT6 (Prop_lut6_I5_O)        0.045     0.318 r  my_i2c_core/i2c_sclk_reg_now_i_2/O
                         net (fo=1, routed)           0.000     0.318    my_i2c_core/i2c_sclk_reg_next
    SLICE_X48Y26         FDSE                                         r  my_i2c_core/i2c_sclk_reg_now_reg/D
  -------------------------------------------------------------------    -------------------

Slack:                    inf
  Source:                 my_i2c_core/dataByte_now_reg[0]/C
                            (rising edge-triggered cell FDRE)
  Destination:            my_i2c_core/dataByte_now_reg[4]/D
  Path Group:             (none)
  Path Type:              Min at Fast Process Corner
  Data Path Delay:        0.319ns  (logic 0.186ns (58.389%)  route 0.133ns (41.611%))
  Logic Levels:           2  (FDRE=1 LUT6=1)

    Location             Delay type                Incr(ns)  Path(ns)    Netlist Resource(s)
  -------------------------------------------------------------------    -------------------
    SLICE_X53Y25         FDRE                         0.000     0.000 r  my_i2c_core/dataByte_now_reg[0]/C
    SLICE_X53Y25         FDRE (Prop_fdre_C_Q)         0.141     0.141 r  my_i2c_core/dataByte_now_reg[0]/Q
                         net (fo=8, routed)           0.133     0.274    my_i2c_core/dataByte_now[0]
    SLICE_X52Y25         LUT6 (Prop_lut6_I1_O)        0.045     0.319 r  my_i2c_core/dataByte_now[4]_i_2/O
                         net (fo=1, routed)           0.000     0.319    my_i2c_core/dataByte_now[4]_i_2_n_0
    SLICE_X52Y25         FDRE                                         r  my_i2c_core/dataByte_now_reg[4]/D
  -------------------------------------------------------------------    -------------------

Slack:                    inf
  Source:                 my_i2c_core/FSM_onehot_stateNow_reg[5]/C
                            (rising edge-triggered cell FDRE)
  Destination:            my_i2c_core/FSM_onehot_stateNow_reg[6]/D
  Path Group:             (none)
  Path Type:              Min at Fast Process Corner
  Data Path Delay:        0.325ns  (logic 0.141ns (43.353%)  route 0.184ns (56.647%))
  Logic Levels:           1  (FDRE=1)

    Location             Delay type                Incr(ns)  Path(ns)    Netlist Resource(s)
  -------------------------------------------------------------------    -------------------
    SLICE_X48Y27         FDRE                         0.000     0.000 r  my_i2c_core/FSM_onehot_stateNow_reg[5]/C
    SLICE_X48Y27         FDRE (Prop_fdre_C_Q)         0.141     0.141 r  my_i2c_core/FSM_onehot_stateNow_reg[5]/Q
                         net (fo=3, routed)           0.184     0.325    my_i2c_core/stateNow[5]
    SLICE_X48Y27         FDRE                                         r  my_i2c_core/FSM_onehot_stateNow_reg[6]/D
  -------------------------------------------------------------------    -------------------

Slack:                    inf
  Source:                 my_i2c_core/FSM_onehot_stateNow_reg[0]/C
                            (rising edge-triggered cell FDSE)
  Destination:            my_i2c_core/FSM_onehot_stateNow_reg[1]/D
  Path Group:             (none)
  Path Type:              Min at Fast Process Corner
  Data Path Delay:        0.335ns  (logic 0.141ns (42.147%)  route 0.194ns (57.853%))
  Logic Levels:           1  (FDSE=1)

    Location             Delay type                Incr(ns)  Path(ns)    Netlist Resource(s)
  -------------------------------------------------------------------    -------------------
    SLICE_X49Y26         FDSE                         0.000     0.000 r  my_i2c_core/FSM_onehot_stateNow_reg[0]/C
    SLICE_X49Y26         FDSE (Prop_fdse_C_Q)         0.141     0.141 r  my_i2c_core/FSM_onehot_stateNow_reg[0]/Q
                         net (fo=6, routed)           0.194     0.335    my_i2c_core/FSM_onehot_stateNow_reg_n_0_[0]
    SLICE_X49Y26         FDRE                                         r  my_i2c_core/FSM_onehot_stateNow_reg[1]/D
  -------------------------------------------------------------------    -------------------

Slack:                    inf
  Source:                 my_i2c_core/FSM_onehot_stateNow_reg[14]/C
                            (rising edge-triggered cell FDRE)
  Destination:            my_i2c_core/FSM_onehot_stateNow_reg[15]/D
  Path Group:             (none)
  Path Type:              Min at Fast Process Corner
  Data Path Delay:        0.344ns  (logic 0.141ns (41.042%)  route 0.203ns (58.958%))
  Logic Levels:           1  (FDRE=1)

    Location             Delay type                Incr(ns)  Path(ns)    Netlist Resource(s)
  -------------------------------------------------------------------    -------------------
    SLICE_X51Y26         FDRE                         0.000     0.000 r  my_i2c_core/FSM_onehot_stateNow_reg[14]/C
    SLICE_X51Y26         FDRE (Prop_fdre_C_Q)         0.141     0.141 r  my_i2c_core/FSM_onehot_stateNow_reg[14]/Q
                         net (fo=5, routed)           0.203     0.344    my_i2c_core/i2c_transaction_complete_next
    SLICE_X51Y26         FDRE                                         r  my_i2c_core/FSM_onehot_stateNow_reg[15]/D
  -------------------------------------------------------------------    -------------------





--------------------------------------------------------------------------------------
Path Group:  (none)
From Clock:  clkfbout_sys_pll
  To Clock:  

Max Delay             1 Endpoint
Min Delay             1 Endpoint
--------------------------------------------------------------------------------------


Max Delay Paths
--------------------------------------------------------------------------------------
Slack:                    inf
  Source:                 clock_40mhz/inst/mmcm_adv_inst/CLKFBOUT
                            (clock source 'clkfbout_sys_pll'  {rise@0.000ns fall@5.000ns period=10.000ns})
  Destination:            clock_40mhz/inst/mmcm_adv_inst/CLKFBIN
  Path Group:             (none)
  Path Type:              Max at Slow Process Corner
  Data Path Delay:        3.333ns  (logic 0.096ns (2.880%)  route 3.237ns (97.120%))
  Logic Levels:           1  (BUFG=1)
  Clock Uncertainty:      0.148ns  ((TSJ^2 + DJ^2)^1/2) / 2 + PE
    Total System Jitter     (TSJ):    0.050ns
    Discrete Jitter          (DJ):    0.086ns
    Phase Error              (PE):    0.099ns

    Location             Delay type                Incr(ns)  Path(ns)    Netlist Resource(s)
  -------------------------------------------------------------------    -------------------
                         (clock clkfbout_sys_pll fall edge)
                                                      5.000     5.000 f  
    BUFGCTRL_X0Y1        BUFG                         0.000     5.000 f  sys_clk_IBUF_BUFG_inst/O
                         net (fo=45, routed)          1.575     6.575    clock_40mhz/inst/clk_in1
  -------------------------------------------------------------------    -------------------
    MMCME2_ADV_X1Y0      MMCME2_ADV (Prop_mmcme2_adv_CLKIN1_CLKFBOUT)
                                                     -3.333     3.243 f  clock_40mhz/inst/mmcm_adv_inst/CLKFBOUT
                         net (fo=1, routed)           1.661     4.904    clock_40mhz/inst/clkfbout_sys_pll
    BUFGCTRL_X0Y3        BUFG (Prop_bufg_I_O)         0.096     5.000 f  clock_40mhz/inst/clkf_buf/O
                         net (fo=1, routed)           1.575     6.575    clock_40mhz/inst/clkfbout_buf_sys_pll
    MMCME2_ADV_X1Y0      MMCME2_ADV                                   f  clock_40mhz/inst/mmcm_adv_inst/CLKFBIN
  -------------------------------------------------------------------    -------------------





Min Delay Paths
--------------------------------------------------------------------------------------
Slack:                    inf
  Source:                 clock_40mhz/inst/mmcm_adv_inst/CLKFBOUT
                            (clock source 'clkfbout_sys_pll'  {rise@0.000ns fall@5.000ns period=10.000ns})
  Destination:            clock_40mhz/inst/mmcm_adv_inst/CLKFBIN
  Path Group:             (none)
  Path Type:              Min at Fast Process Corner
  Data Path Delay:        1.061ns  (logic 0.026ns (2.452%)  route 1.035ns (97.548%))
  Logic Levels:           1  (BUFG=1)
  Clock Uncertainty:      0.148ns  ((TSJ^2 + DJ^2)^1/2) / 2 + PE
    Total System Jitter     (TSJ):    0.050ns
    Discrete Jitter          (DJ):    0.086ns
    Phase Error              (PE):    0.099ns

    Location             Delay type                Incr(ns)  Path(ns)    Netlist Resource(s)
  -------------------------------------------------------------------    -------------------
                         (clock clkfbout_sys_pll rise edge)
                                                      0.000     0.000 r  
    BUFGCTRL_X0Y1        BUFG                         0.000     0.000 r  sys_clk_IBUF_BUFG_inst/O
                         net (fo=45, routed)          0.549     0.549    clock_40mhz/inst/clk_in1
  -------------------------------------------------------------------    -------------------
    MMCME2_ADV_X1Y0      MMCME2_ADV (Prop_mmcme2_adv_CLKIN1_CLKFBOUT)
                                                     -1.061    -0.512 r  clock_40mhz/inst/mmcm_adv_inst/CLKFBOUT
                         net (fo=1, routed)           0.486    -0.026    clock_40mhz/inst/clkfbout_sys_pll
    BUFGCTRL_X0Y3        BUFG (Prop_bufg_I_O)         0.026     0.000 r  clock_40mhz/inst/clkf_buf/O
                         net (fo=1, routed)           0.549     0.549    clock_40mhz/inst/clkfbout_buf_sys_pll
    MMCME2_ADV_X1Y0      MMCME2_ADV                                   r  clock_40mhz/inst/mmcm_adv_inst/CLKFBIN
  -------------------------------------------------------------------    -------------------





--------------------------------------------------------------------------------------
Path Group:  (none)
From Clock:  sys_clk_pin
  To Clock:  

Max Delay            64 Endpoints
Min Delay            64 Endpoints
--------------------------------------------------------------------------------------


Max Delay Paths
--------------------------------------------------------------------------------------
Slack:                    inf
  Source:                 my_debounce/debounced_result_reg/C
                            (rising edge-triggered cell FDRE clocked by sys_clk_pin  {rise@0.000ns fall@5.000ns period=10.000ns})
  Destination:            my_seven_segment_core/seg_reg_reg[4]/D
  Path Group:             (none)
  Path Type:              Max at Slow Process Corner
  Data Path Delay:        9.577ns  (logic 1.440ns (15.036%)  route 8.137ns (84.964%))
  Logic Levels:           4  (LUT2=1 LUT4=1 LUT6=2)
  Clock Uncertainty:      0.025ns  ((TSJ^2 + TIJ^2)^1/2 + DJ) / 2 + PE
    Total System Jitter     (TSJ):    0.050ns
    Total Input Jitter      (TIJ):    0.000ns
    Discrete Jitter          (DJ):    0.000ns
    Phase Error              (PE):    0.000ns

    Location             Delay type                Incr(ns)  Path(ns)    Netlist Resource(s)
  -------------------------------------------------------------------    -------------------
                         (clock sys_clk_pin rise edge)
                                                      0.000     0.000 r  
    W5                                                0.000     0.000 r  sys_clk (IN)
                         net (fo=0)                   0.000     0.000    sys_clk
    W5                   IBUF (Prop_ibuf_I_O)         1.458     1.458 r  sys_clk_IBUF_inst/O
                         net (fo=1, routed)           1.967     3.425    sys_clk_IBUF
    BUFGCTRL_X0Y1        BUFG (Prop_bufg_I_O)         0.096     3.521 r  sys_clk_IBUF_BUFG_inst/O
                         net (fo=45, routed)          1.562     5.083    my_debounce/sys_clk
    SLICE_X41Y37         FDRE                                         r  my_debounce/debounced_result_reg/C
  -------------------------------------------------------------------    -------------------
    SLICE_X41Y37         FDRE (Prop_fdre_C_Q)         0.456     5.539 f  my_debounce/debounced_result_reg/Q
                         net (fo=81, routed)          3.945     9.484    my_i2c_core/debounced_reset
    SLICE_X52Y18         LUT2 (Prop_lut2_I1_O)        0.152     9.636 r  my_i2c_core/seg_reg_reg[6]_i_23/O
                         net (fo=18, routed)          1.830    11.466    my_binary_convert_decimal/seg_reg_reg[2]_i_1
    SLICE_X51Y17         LUT4 (Prop_lut4_I0_O)        0.376    11.842 r  my_binary_convert_decimal/seg_reg_reg[2]_i_7/O
                         net (fo=7, routed)           0.857    12.699    my_binary_convert_decimal/bcd_zero_to_nine[2][0]
    SLICE_X51Y18         LUT6 (Prop_lut6_I0_O)        0.332    13.031 r  my_binary_convert_decimal/seg_reg_reg[4]_i_3/O
                         net (fo=1, routed)           0.965    13.996    my_i2c_core/seg_reg_calculated[2]__0[1]
    SLICE_X55Y18         LUT6 (Prop_lut6_I1_O)        0.124    14.120 r  my_i2c_core/seg_reg_reg[4]_i_1/O
                         net (fo=1, routed)           0.540    14.660    my_seven_segment_core/D[4]
    SLICE_X55Y17         LDCE                                         r  my_seven_segment_core/seg_reg_reg[4]/D
  -------------------------------------------------------------------    -------------------

Slack:                    inf
  Source:                 my_debounce/debounced_result_reg/C
                            (rising edge-triggered cell FDRE clocked by sys_clk_pin  {rise@0.000ns fall@5.000ns period=10.000ns})
  Destination:            my_seven_segment_core/seg_reg_reg[5]/D
  Path Group:             (none)
  Path Type:              Max at Slow Process Corner
  Data Path Delay:        9.558ns  (logic 1.186ns (12.408%)  route 8.372ns (87.592%))
  Logic Levels:           4  (LUT4=1 LUT6=3)
  Clock Uncertainty:      0.025ns  ((TSJ^2 + TIJ^2)^1/2 + DJ) / 2 + PE
    Total System Jitter     (TSJ):    0.050ns
    Total Input Jitter      (TIJ):    0.000ns
    Discrete Jitter          (DJ):    0.000ns
    Phase Error              (PE):    0.000ns

    Location             Delay type                Incr(ns)  Path(ns)    Netlist Resource(s)
  -------------------------------------------------------------------    -------------------
                         (clock sys_clk_pin rise edge)
                                                      0.000     0.000 r  
    W5                                                0.000     0.000 r  sys_clk (IN)
                         net (fo=0)                   0.000     0.000    sys_clk
    W5                   IBUF (Prop_ibuf_I_O)         1.458     1.458 r  sys_clk_IBUF_inst/O
                         net (fo=1, routed)           1.967     3.425    sys_clk_IBUF
    BUFGCTRL_X0Y1        BUFG (Prop_bufg_I_O)         0.096     3.521 r  sys_clk_IBUF_BUFG_inst/O
                         net (fo=45, routed)          1.562     5.083    my_debounce/sys_clk
    SLICE_X41Y37         FDRE                                         r  my_debounce/debounced_result_reg/C
  -------------------------------------------------------------------    -------------------
    SLICE_X41Y37         FDRE (Prop_fdre_C_Q)         0.456     5.539 f  my_debounce/debounced_result_reg/Q
                         net (fo=81, routed)          5.365    10.904    my_i2c_core/debounced_reset
    SLICE_X57Y18         LUT6 (Prop_lut6_I5_O)        0.124    11.028 r  my_i2c_core/seg_reg_reg[5]_i_13/O
                         net (fo=8, routed)           0.645    11.674    my_seven_segment_core/seg_reg_reg[5]_i_3_0[0]
    SLICE_X55Y19         LUT4 (Prop_lut4_I3_O)        0.150    11.824 r  my_seven_segment_core/seg_reg_reg[5]_i_12/O
                         net (fo=1, routed)           0.826    12.650    my_binary_convert_decimal/seg_reg_reg[5]_i_1
    SLICE_X52Y18         LUT6 (Prop_lut6_I5_O)        0.332    12.982 r  my_binary_convert_decimal/seg_reg_reg[5]_i_3/O
                         net (fo=2, routed)           0.967    13.949    my_i2c_core/seg_reg_reg[5]
    SLICE_X54Y17         LUT6 (Prop_lut6_I1_O)        0.124    14.073 r  my_i2c_core/seg_reg_reg[5]_i_1/O
                         net (fo=1, routed)           0.568    14.641    my_seven_segment_core/D[5]
    SLICE_X55Y17         LDCE                                         r  my_seven_segment_core/seg_reg_reg[5]/D
  -------------------------------------------------------------------    -------------------

Slack:                    inf
  Source:                 my_debounce/debounced_result_reg/C
                            (rising edge-triggered cell FDRE clocked by sys_clk_pin  {rise@0.000ns fall@5.000ns period=10.000ns})
  Destination:            my_seven_segment_core/seg_reg_reg[6]/D
  Path Group:             (none)
  Path Type:              Max at Slow Process Corner
  Data Path Delay:        9.512ns  (logic 1.440ns (15.139%)  route 8.072ns (84.861%))
  Logic Levels:           4  (LUT2=1 LUT4=1 LUT6=2)
  Clock Uncertainty:      0.025ns  ((TSJ^2 + TIJ^2)^1/2 + DJ) / 2 + PE
    Total System Jitter     (TSJ):    0.050ns
    Total Input Jitter      (TIJ):    0.000ns
    Discrete Jitter          (DJ):    0.000ns
    Phase Error              (PE):    0.000ns

    Location             Delay type                Incr(ns)  Path(ns)    Netlist Resource(s)
  -------------------------------------------------------------------    -------------------
                         (clock sys_clk_pin rise edge)
                                                      0.000     0.000 r  
    W5                                                0.000     0.000 r  sys_clk (IN)
                         net (fo=0)                   0.000     0.000    sys_clk
    W5                   IBUF (Prop_ibuf_I_O)         1.458     1.458 r  sys_clk_IBUF_inst/O
                         net (fo=1, routed)           1.967     3.425    sys_clk_IBUF
    BUFGCTRL_X0Y1        BUFG (Prop_bufg_I_O)         0.096     3.521 r  sys_clk_IBUF_BUFG_inst/O
                         net (fo=45, routed)          1.562     5.083    my_debounce/sys_clk
    SLICE_X41Y37         FDRE                                         r  my_debounce/debounced_result_reg/C
  -------------------------------------------------------------------    -------------------
    SLICE_X41Y37         FDRE (Prop_fdre_C_Q)         0.456     5.539 f  my_debounce/debounced_result_reg/Q
                         net (fo=81, routed)          3.945     9.484    my_i2c_core/debounced_reset
    SLICE_X52Y18         LUT2 (Prop_lut2_I1_O)        0.152     9.636 r  my_i2c_core/seg_reg_reg[6]_i_23/O
                         net (fo=18, routed)          1.830    11.466    my_binary_convert_decimal/seg_reg_reg[2]_i_1
    SLICE_X51Y17         LUT4 (Prop_lut4_I0_O)        0.376    11.842 r  my_binary_convert_decimal/seg_reg_reg[2]_i_7/O
                         net (fo=7, routed)           0.858    12.700    my_binary_convert_decimal/bcd_zero_to_nine[2][0]
    SLICE_X51Y18         LUT6 (Prop_lut6_I5_O)        0.332    13.032 r  my_binary_convert_decimal/seg_reg_reg[6]_i_6/O
                         net (fo=1, routed)           0.805    13.837    my_i2c_core/seg_reg_calculated[2]__0[2]
    SLICE_X53Y17         LUT6 (Prop_lut6_I3_O)        0.124    13.961 r  my_i2c_core/seg_reg_reg[6]_i_1/O
                         net (fo=1, routed)           0.635    14.595    my_seven_segment_core/D[6]
    SLICE_X55Y17         LDCE                                         r  my_seven_segment_core/seg_reg_reg[6]/D
  -------------------------------------------------------------------    -------------------

Slack:                    inf
  Source:                 my_debounce/debounced_result_reg/C
                            (rising edge-triggered cell FDRE clocked by sys_clk_pin  {rise@0.000ns fall@5.000ns period=10.000ns})
  Destination:            my_seven_segment_core/seg_reg_reg[0]/D
  Path Group:             (none)
  Path Type:              Max at Slow Process Corner
  Data Path Delay:        9.505ns  (logic 1.440ns (15.150%)  route 8.065ns (84.850%))
  Logic Levels:           4  (LUT2=1 LUT4=1 LUT6=2)
  Clock Uncertainty:      0.025ns  ((TSJ^2 + TIJ^2)^1/2 + DJ) / 2 + PE
    Total System Jitter     (TSJ):    0.050ns
    Total Input Jitter      (TIJ):    0.000ns
    Discrete Jitter          (DJ):    0.000ns
    Phase Error              (PE):    0.000ns

    Location             Delay type                Incr(ns)  Path(ns)    Netlist Resource(s)
  -------------------------------------------------------------------    -------------------
                         (clock sys_clk_pin rise edge)
                                                      0.000     0.000 r  
    W5                                                0.000     0.000 r  sys_clk (IN)
                         net (fo=0)                   0.000     0.000    sys_clk
    W5                   IBUF (Prop_ibuf_I_O)         1.458     1.458 r  sys_clk_IBUF_inst/O
                         net (fo=1, routed)           1.967     3.425    sys_clk_IBUF
    BUFGCTRL_X0Y1        BUFG (Prop_bufg_I_O)         0.096     3.521 r  sys_clk_IBUF_BUFG_inst/O
                         net (fo=45, routed)          1.562     5.083    my_debounce/sys_clk
    SLICE_X41Y37         FDRE                                         r  my_debounce/debounced_result_reg/C
  -------------------------------------------------------------------    -------------------
    SLICE_X41Y37         FDRE (Prop_fdre_C_Q)         0.456     5.539 f  my_debounce/debounced_result_reg/Q
                         net (fo=81, routed)          3.945     9.484    my_i2c_core/debounced_reset
    SLICE_X52Y18         LUT2 (Prop_lut2_I1_O)        0.152     9.636 r  my_i2c_core/seg_reg_reg[6]_i_23/O
                         net (fo=18, routed)          1.830    11.466    my_binary_convert_decimal/seg_reg_reg[2]_i_1
    SLICE_X51Y17         LUT4 (Prop_lut4_I0_O)        0.376    11.842 r  my_binary_convert_decimal/seg_reg_reg[2]_i_7/O
                         net (fo=7, routed)           0.858    12.700    my_binary_convert_decimal/bcd_zero_to_nine[2][0]
    SLICE_X51Y18         LUT6 (Prop_lut6_I0_O)        0.332    13.032 r  my_binary_convert_decimal/seg_reg_reg[0]_i_4/O
                         net (fo=1, routed)           0.941    13.973    my_i2c_core/seg_reg_calculated[2]__0[0]
    SLICE_X53Y18         LUT6 (Prop_lut6_I2_O)        0.124    14.097 r  my_i2c_core/seg_reg_reg[0]_i_1/O
                         net (fo=1, routed)           0.491    14.588    my_seven_segment_core/D[0]
    SLICE_X55Y19         LDCE                                         r  my_seven_segment_core/seg_reg_reg[0]/D
  -------------------------------------------------------------------    -------------------

Slack:                    inf
  Source:                 my_debounce/debounced_result_reg/C
                            (rising edge-triggered cell FDRE clocked by sys_clk_pin  {rise@0.000ns fall@5.000ns period=10.000ns})
  Destination:            my_seven_segment_core/seg_reg_reg[3]/D
  Path Group:             (none)
  Path Type:              Max at Slow Process Corner
  Data Path Delay:        9.188ns  (logic 1.186ns (12.908%)  route 8.002ns (87.092%))
  Logic Levels:           4  (LUT4=1 LUT6=3)
  Clock Uncertainty:      0.025ns  ((TSJ^2 + TIJ^2)^1/2 + DJ) / 2 + PE
    Total System Jitter     (TSJ):    0.050ns
    Total Input Jitter      (TIJ):    0.000ns
    Discrete Jitter          (DJ):    0.000ns
    Phase Error              (PE):    0.000ns

    Location             Delay type                Incr(ns)  Path(ns)    Netlist Resource(s)
  -------------------------------------------------------------------    -------------------
                         (clock sys_clk_pin rise edge)
                                                      0.000     0.000 r  
    W5                                                0.000     0.000 r  sys_clk (IN)
                         net (fo=0)                   0.000     0.000    sys_clk
    W5                   IBUF (Prop_ibuf_I_O)         1.458     1.458 r  sys_clk_IBUF_inst/O
                         net (fo=1, routed)           1.967     3.425    sys_clk_IBUF
    BUFGCTRL_X0Y1        BUFG (Prop_bufg_I_O)         0.096     3.521 r  sys_clk_IBUF_BUFG_inst/O
                         net (fo=45, routed)          1.562     5.083    my_debounce/sys_clk
    SLICE_X41Y37         FDRE                                         r  my_debounce/debounced_result_reg/C
  -------------------------------------------------------------------    -------------------
    SLICE_X41Y37         FDRE (Prop_fdre_C_Q)         0.456     5.539 f  my_debounce/debounced_result_reg/Q
                         net (fo=81, routed)          5.365    10.904    my_i2c_core/debounced_reset
    SLICE_X57Y18         LUT6 (Prop_lut6_I5_O)        0.124    11.028 r  my_i2c_core/seg_reg_reg[5]_i_13/O
                         net (fo=8, routed)           0.645    11.674    my_seven_segment_core/seg_reg_reg[5]_i_3_0[0]
    SLICE_X55Y19         LUT4 (Prop_lut4_I3_O)        0.150    11.824 r  my_seven_segment_core/seg_reg_reg[5]_i_12/O
                         net (fo=1, routed)           0.826    12.650    my_binary_convert_decimal/seg_reg_reg[5]_i_1
    SLICE_X52Y18         LUT6 (Prop_lut6_I5_O)        0.332    12.982 r  my_binary_convert_decimal/seg_reg_reg[5]_i_3/O
                         net (fo=2, routed)           0.975    13.957    my_i2c_core/seg_reg_reg[5]
    SLICE_X54Y17         LUT6 (Prop_lut6_I1_O)        0.124    14.081 r  my_i2c_core/seg_reg_reg[3]_i_1/O
                         net (fo=1, routed)           0.190    14.271    my_seven_segment_core/D[3]
    SLICE_X55Y17         LDCE                                         r  my_seven_segment_core/seg_reg_reg[3]/D
  -------------------------------------------------------------------    -------------------

Slack:                    inf
  Source:                 my_debounce/debounced_result_reg/C
                            (rising edge-triggered cell FDRE clocked by sys_clk_pin  {rise@0.000ns fall@5.000ns period=10.000ns})
  Destination:            my_seven_segment_core/seg_reg_reg[2]/D
  Path Group:             (none)
  Path Type:              Max at Slow Process Corner
  Data Path Delay:        9.066ns  (logic 1.434ns (15.817%)  route 7.632ns (84.183%))
  Logic Levels:           4  (LUT2=1 LUT4=1 LUT6=2)
  Clock Uncertainty:      0.025ns  ((TSJ^2 + TIJ^2)^1/2 + DJ) / 2 + PE
    Total System Jitter     (TSJ):    0.050ns
    Total Input Jitter      (TIJ):    0.000ns
    Discrete Jitter          (DJ):    0.000ns
    Phase Error              (PE):    0.000ns

    Location             Delay type                Incr(ns)  Path(ns)    Netlist Resource(s)
  -------------------------------------------------------------------    -------------------
                         (clock sys_clk_pin rise edge)
                                                      0.000     0.000 r  
    W5                                                0.000     0.000 r  sys_clk (IN)
                         net (fo=0)                   0.000     0.000    sys_clk
    W5                   IBUF (Prop_ibuf_I_O)         1.458     1.458 r  sys_clk_IBUF_inst/O
                         net (fo=1, routed)           1.967     3.425    sys_clk_IBUF
    BUFGCTRL_X0Y1        BUFG (Prop_bufg_I_O)         0.096     3.521 r  sys_clk_IBUF_BUFG_inst/O
                         net (fo=45, routed)          1.562     5.083    my_debounce/sys_clk
    SLICE_X41Y37         FDRE                                         r  my_debounce/debounced_result_reg/C
  -------------------------------------------------------------------    -------------------
    SLICE_X41Y37         FDRE (Prop_fdre_C_Q)         0.456     5.539 r  my_debounce/debounced_result_reg/Q
                         net (fo=81, routed)          3.945     9.484    my_i2c_core/debounced_reset
    SLICE_X52Y18         LUT2 (Prop_lut2_I1_O)        0.152     9.636 f  my_i2c_core/seg_reg_reg[6]_i_23/O
                         net (fo=18, routed)          1.006    10.643    my_i2c_core/debounced_result_reg_0
    SLICE_X56Y17         LUT6 (Prop_lut6_I5_O)        0.348    10.991 r  my_i2c_core/seg_reg_reg[6]_i_21/O
                         net (fo=8, routed)           1.513    12.504    my_i2c_core/seg_reg_reg[6]_i_21_n_0
    SLICE_X53Y18         LUT4 (Prop_lut4_I1_O)        0.152    12.656 r  my_i2c_core/seg_reg_reg[2]_i_2/O
                         net (fo=1, routed)           0.672    13.328    my_i2c_core/seg_reg_reg[2]_i_2_n_0
    SLICE_X52Y18         LUT6 (Prop_lut6_I0_O)        0.326    13.654 r  my_i2c_core/seg_reg_reg[2]_i_1/O
                         net (fo=1, routed)           0.495    14.149    my_seven_segment_core/D[2]
    SLICE_X55Y19         LDCE                                         r  my_seven_segment_core/seg_reg_reg[2]/D
  -------------------------------------------------------------------    -------------------

Slack:                    inf
  Source:                 my_debounce/debounced_result_reg/C
                            (rising edge-triggered cell FDRE clocked by sys_clk_pin  {rise@0.000ns fall@5.000ns period=10.000ns})
  Destination:            my_seven_segment_core/seg_reg_reg[1]/D
  Path Group:             (none)
  Path Type:              Max at Slow Process Corner
  Data Path Delay:        8.923ns  (logic 1.204ns (13.494%)  route 7.719ns (86.506%))
  Logic Levels:           4  (LUT2=1 LUT6=3)
  Clock Uncertainty:      0.025ns  ((TSJ^2 + TIJ^2)^1/2 + DJ) / 2 + PE
    Total System Jitter     (TSJ):    0.050ns
    Total Input Jitter      (TIJ):    0.000ns
    Discrete Jitter          (DJ):    0.000ns
    Phase Error              (PE):    0.000ns

    Location             Delay type                Incr(ns)  Path(ns)    Netlist Resource(s)
  -------------------------------------------------------------------    -------------------
                         (clock sys_clk_pin rise edge)
                                                      0.000     0.000 r  
    W5                                                0.000     0.000 r  sys_clk (IN)
                         net (fo=0)                   0.000     0.000    sys_clk
    W5                   IBUF (Prop_ibuf_I_O)         1.458     1.458 r  sys_clk_IBUF_inst/O
                         net (fo=1, routed)           1.967     3.425    sys_clk_IBUF
    BUFGCTRL_X0Y1        BUFG (Prop_bufg_I_O)         0.096     3.521 r  sys_clk_IBUF_BUFG_inst/O
                         net (fo=45, routed)          1.562     5.083    my_debounce/sys_clk
    SLICE_X41Y37         FDRE                                         r  my_debounce/debounced_result_reg/C
  -------------------------------------------------------------------    -------------------
    SLICE_X41Y37         FDRE (Prop_fdre_C_Q)         0.456     5.539 r  my_debounce/debounced_result_reg/Q
                         net (fo=81, routed)          3.945     9.484    my_i2c_core/debounced_reset
    SLICE_X52Y18         LUT2 (Prop_lut2_I1_O)        0.152     9.636 f  my_i2c_core/seg_reg_reg[6]_i_23/O
                         net (fo=18, routed)          1.006    10.643    my_i2c_core/debounced_result_reg_0
    SLICE_X56Y17         LUT6 (Prop_lut6_I5_O)        0.348    10.991 r  my_i2c_core/seg_reg_reg[6]_i_21/O
                         net (fo=8, routed)           1.564    12.555    my_i2c_core/seg_reg_reg[6]_i_21_n_0
    SLICE_X52Y17         LUT6 (Prop_lut6_I1_O)        0.124    12.679 r  my_i2c_core/seg_reg_reg[1]_i_3/O
                         net (fo=1, routed)           0.706    13.385    my_i2c_core/seg_reg_reg[1]_i_3_n_0
    SLICE_X53Y17         LUT6 (Prop_lut6_I1_O)        0.124    13.509 r  my_i2c_core/seg_reg_reg[1]_i_1/O
                         net (fo=1, routed)           0.497    14.006    my_seven_segment_core/D[1]
    SLICE_X55Y19         LDCE                                         r  my_seven_segment_core/seg_reg_reg[1]/D
  -------------------------------------------------------------------    -------------------

Slack:                    inf
  Source:                 my_debounce/debounced_result_reg/C
                            (rising edge-triggered cell FDRE clocked by sys_clk_pin  {rise@0.000ns fall@5.000ns period=10.000ns})
  Destination:            my_i2c_core/FSM_onehot_stateNow_reg[10]/R
  Path Group:             (none)
  Path Type:              Max at Slow Process Corner
  Data Path Delay:        5.269ns  (logic 0.456ns (8.654%)  route 4.813ns (91.346%))
  Logic Levels:           0  
  Clock Uncertainty:      0.025ns  ((TSJ^2 + TIJ^2)^1/2 + DJ) / 2 + PE
    Total System Jitter     (TSJ):    0.050ns
    Total Input Jitter      (TIJ):    0.000ns
    Discrete Jitter          (DJ):    0.000ns
    Phase Error              (PE):    0.000ns

    Location             Delay type                Incr(ns)  Path(ns)    Netlist Resource(s)
  -------------------------------------------------------------------    -------------------
                         (clock sys_clk_pin rise edge)
                                                      0.000     0.000 r  
    W5                                                0.000     0.000 r  sys_clk (IN)
                         net (fo=0)                   0.000     0.000    sys_clk
    W5                   IBUF (Prop_ibuf_I_O)         1.458     1.458 r  sys_clk_IBUF_inst/O
                         net (fo=1, routed)           1.967     3.425    sys_clk_IBUF
    BUFGCTRL_X0Y1        BUFG (Prop_bufg_I_O)         0.096     3.521 r  sys_clk_IBUF_BUFG_inst/O
                         net (fo=45, routed)          1.562     5.083    my_debounce/sys_clk
    SLICE_X41Y37         FDRE                                         r  my_debounce/debounced_result_reg/C
  -------------------------------------------------------------------    -------------------
    SLICE_X41Y37         FDRE (Prop_fdre_C_Q)         0.456     5.539 r  my_debounce/debounced_result_reg/Q
                         net (fo=81, routed)          4.813    10.353    my_i2c_core/debounced_reset
    SLICE_X50Y26         FDRE                                         r  my_i2c_core/FSM_onehot_stateNow_reg[10]/R
  -------------------------------------------------------------------    -------------------

Slack:                    inf
  Source:                 my_debounce/debounced_result_reg/C
                            (rising edge-triggered cell FDRE clocked by sys_clk_pin  {rise@0.000ns fall@5.000ns period=10.000ns})
  Destination:            my_i2c_core/FSM_onehot_stateNow_reg[11]/R
  Path Group:             (none)
  Path Type:              Max at Slow Process Corner
  Data Path Delay:        5.269ns  (logic 0.456ns (8.654%)  route 4.813ns (91.346%))
  Logic Levels:           0  
  Clock Uncertainty:      0.025ns  ((TSJ^2 + TIJ^2)^1/2 + DJ) / 2 + PE
    Total System Jitter     (TSJ):    0.050ns
    Total Input Jitter      (TIJ):    0.000ns
    Discrete Jitter          (DJ):    0.000ns
    Phase Error              (PE):    0.000ns

    Location             Delay type                Incr(ns)  Path(ns)    Netlist Resource(s)
  -------------------------------------------------------------------    -------------------
                         (clock sys_clk_pin rise edge)
                                                      0.000     0.000 r  
    W5                                                0.000     0.000 r  sys_clk (IN)
                         net (fo=0)                   0.000     0.000    sys_clk
    W5                   IBUF (Prop_ibuf_I_O)         1.458     1.458 r  sys_clk_IBUF_inst/O
                         net (fo=1, routed)           1.967     3.425    sys_clk_IBUF
    BUFGCTRL_X0Y1        BUFG (Prop_bufg_I_O)         0.096     3.521 r  sys_clk_IBUF_BUFG_inst/O
                         net (fo=45, routed)          1.562     5.083    my_debounce/sys_clk
    SLICE_X41Y37         FDRE                                         r  my_debounce/debounced_result_reg/C
  -------------------------------------------------------------------    -------------------
    SLICE_X41Y37         FDRE (Prop_fdre_C_Q)         0.456     5.539 r  my_debounce/debounced_result_reg/Q
                         net (fo=81, routed)          4.813    10.353    my_i2c_core/debounced_reset
    SLICE_X50Y26         FDRE                                         r  my_i2c_core/FSM_onehot_stateNow_reg[11]/R
  -------------------------------------------------------------------    -------------------

Slack:                    inf
  Source:                 my_debounce/debounced_result_reg/C
                            (rising edge-triggered cell FDRE clocked by sys_clk_pin  {rise@0.000ns fall@5.000ns period=10.000ns})
  Destination:            my_i2c_core/FSM_onehot_stateNow_reg[12]/R
  Path Group:             (none)
  Path Type:              Max at Slow Process Corner
  Data Path Delay:        5.269ns  (logic 0.456ns (8.654%)  route 4.813ns (91.346%))
  Logic Levels:           0  
  Clock Uncertainty:      0.025ns  ((TSJ^2 + TIJ^2)^1/2 + DJ) / 2 + PE
    Total System Jitter     (TSJ):    0.050ns
    Total Input Jitter      (TIJ):    0.000ns
    Discrete Jitter          (DJ):    0.000ns
    Phase Error              (PE):    0.000ns

    Location             Delay type                Incr(ns)  Path(ns)    Netlist Resource(s)
  -------------------------------------------------------------------    -------------------
                         (clock sys_clk_pin rise edge)
                                                      0.000     0.000 r  
    W5                                                0.000     0.000 r  sys_clk (IN)
                         net (fo=0)                   0.000     0.000    sys_clk
    W5                   IBUF (Prop_ibuf_I_O)         1.458     1.458 r  sys_clk_IBUF_inst/O
                         net (fo=1, routed)           1.967     3.425    sys_clk_IBUF
    BUFGCTRL_X0Y1        BUFG (Prop_bufg_I_O)         0.096     3.521 r  sys_clk_IBUF_BUFG_inst/O
                         net (fo=45, routed)          1.562     5.083    my_debounce/sys_clk
    SLICE_X41Y37         FDRE                                         r  my_debounce/debounced_result_reg/C
  -------------------------------------------------------------------    -------------------
    SLICE_X41Y37         FDRE (Prop_fdre_C_Q)         0.456     5.539 r  my_debounce/debounced_result_reg/Q
                         net (fo=81, routed)          4.813    10.353    my_i2c_core/debounced_reset
    SLICE_X51Y26         FDRE                                         r  my_i2c_core/FSM_onehot_stateNow_reg[12]/R
  -------------------------------------------------------------------    -------------------





Min Delay Paths
--------------------------------------------------------------------------------------
Slack:                    inf
  Source:                 my_debounce/debounced_result_reg/C
                            (rising edge-triggered cell FDRE clocked by sys_clk_pin  {rise@0.000ns fall@5.000ns period=10.000ns})
  Destination:            my_i2c_core/delayCountNow_reg[13]/R
  Path Group:             (none)
  Path Type:              Min at Fast Process Corner
  Data Path Delay:        0.736ns  (logic 0.141ns (19.152%)  route 0.595ns (80.848%))
  Logic Levels:           0  
  Clock Uncertainty:      0.025ns  ((TSJ^2 + TIJ^2)^1/2 + DJ) / 2 + PE
    Total System Jitter     (TSJ):    0.050ns
    Total Input Jitter      (TIJ):    0.000ns
    Discrete Jitter          (DJ):    0.000ns
    Phase Error              (PE):    0.000ns

    Location             Delay type                Incr(ns)  Path(ns)    Netlist Resource(s)
  -------------------------------------------------------------------    -------------------
                         (clock sys_clk_pin rise edge)
                                                      0.000     0.000 r  
    W5                                                0.000     0.000 r  sys_clk (IN)
                         net (fo=0)                   0.000     0.000    sys_clk
    W5                   IBUF (Prop_ibuf_I_O)         0.226     0.226 r  sys_clk_IBUF_inst/O
                         net (fo=1, routed)           0.631     0.858    sys_clk_IBUF
    BUFGCTRL_X0Y1        BUFG (Prop_bufg_I_O)         0.026     0.884 r  sys_clk_IBUF_BUFG_inst/O
                         net (fo=45, routed)          0.560     1.443    my_debounce/sys_clk
    SLICE_X41Y37         FDRE                                         r  my_debounce/debounced_result_reg/C
  -------------------------------------------------------------------    -------------------
    SLICE_X41Y37         FDRE (Prop_fdre_C_Q)         0.141     1.584 r  my_debounce/debounced_result_reg/Q
                         net (fo=81, routed)          0.595     2.179    my_i2c_core/debounced_reset
    SLICE_X48Y25         FDRE                                         r  my_i2c_core/delayCountNow_reg[13]/R
  -------------------------------------------------------------------    -------------------

Slack:                    inf
  Source:                 my_debounce/debounced_result_reg/C
                            (rising edge-triggered cell FDRE clocked by sys_clk_pin  {rise@0.000ns fall@5.000ns period=10.000ns})
  Destination:            my_i2c_core/delayCountNow_reg[14]/R
  Path Group:             (none)
  Path Type:              Min at Fast Process Corner
  Data Path Delay:        0.736ns  (logic 0.141ns (19.152%)  route 0.595ns (80.848%))
  Logic Levels:           0  
  Clock Uncertainty:      0.025ns  ((TSJ^2 + TIJ^2)^1/2 + DJ) / 2 + PE
    Total System Jitter     (TSJ):    0.050ns
    Total Input Jitter      (TIJ):    0.000ns
    Discrete Jitter          (DJ):    0.000ns
    Phase Error              (PE):    0.000ns

    Location             Delay type                Incr(ns)  Path(ns)    Netlist Resource(s)
  -------------------------------------------------------------------    -------------------
                         (clock sys_clk_pin rise edge)
                                                      0.000     0.000 r  
    W5                                                0.000     0.000 r  sys_clk (IN)
                         net (fo=0)                   0.000     0.000    sys_clk
    W5                   IBUF (Prop_ibuf_I_O)         0.226     0.226 r  sys_clk_IBUF_inst/O
                         net (fo=1, routed)           0.631     0.858    sys_clk_IBUF
    BUFGCTRL_X0Y1        BUFG (Prop_bufg_I_O)         0.026     0.884 r  sys_clk_IBUF_BUFG_inst/O
                         net (fo=45, routed)          0.560     1.443    my_debounce/sys_clk
    SLICE_X41Y37         FDRE                                         r  my_debounce/debounced_result_reg/C
  -------------------------------------------------------------------    -------------------
    SLICE_X41Y37         FDRE (Prop_fdre_C_Q)         0.141     1.584 r  my_debounce/debounced_result_reg/Q
                         net (fo=81, routed)          0.595     2.179    my_i2c_core/debounced_reset
    SLICE_X48Y25         FDRE                                         r  my_i2c_core/delayCountNow_reg[14]/R
  -------------------------------------------------------------------    -------------------

Slack:                    inf
  Source:                 my_debounce/debounced_result_reg/C
                            (rising edge-triggered cell FDRE clocked by sys_clk_pin  {rise@0.000ns fall@5.000ns period=10.000ns})
  Destination:            my_i2c_core/delayCountNow_reg[15]/R
  Path Group:             (none)
  Path Type:              Min at Fast Process Corner
  Data Path Delay:        0.736ns  (logic 0.141ns (19.152%)  route 0.595ns (80.848%))
  Logic Levels:           0  
  Clock Uncertainty:      0.025ns  ((TSJ^2 + TIJ^2)^1/2 + DJ) / 2 + PE
    Total System Jitter     (TSJ):    0.050ns
    Total Input Jitter      (TIJ):    0.000ns
    Discrete Jitter          (DJ):    0.000ns
    Phase Error              (PE):    0.000ns

    Location             Delay type                Incr(ns)  Path(ns)    Netlist Resource(s)
  -------------------------------------------------------------------    -------------------
                         (clock sys_clk_pin rise edge)
                                                      0.000     0.000 r  
    W5                                                0.000     0.000 r  sys_clk (IN)
                         net (fo=0)                   0.000     0.000    sys_clk
    W5                   IBUF (Prop_ibuf_I_O)         0.226     0.226 r  sys_clk_IBUF_inst/O
                         net (fo=1, routed)           0.631     0.858    sys_clk_IBUF
    BUFGCTRL_X0Y1        BUFG (Prop_bufg_I_O)         0.026     0.884 r  sys_clk_IBUF_BUFG_inst/O
                         net (fo=45, routed)          0.560     1.443    my_debounce/sys_clk
    SLICE_X41Y37         FDRE                                         r  my_debounce/debounced_result_reg/C
  -------------------------------------------------------------------    -------------------
    SLICE_X41Y37         FDRE (Prop_fdre_C_Q)         0.141     1.584 r  my_debounce/debounced_result_reg/Q
                         net (fo=81, routed)          0.595     2.179    my_i2c_core/debounced_reset
    SLICE_X48Y25         FDRE                                         r  my_i2c_core/delayCountNow_reg[15]/R
  -------------------------------------------------------------------    -------------------

Slack:                    inf
  Source:                 my_debounce/debounced_result_reg/C
                            (rising edge-triggered cell FDRE clocked by sys_clk_pin  {rise@0.000ns fall@5.000ns period=10.000ns})
  Destination:            my_i2c_core/delayCountNow_reg[16]/R
  Path Group:             (none)
  Path Type:              Min at Fast Process Corner
  Data Path Delay:        0.736ns  (logic 0.141ns (19.152%)  route 0.595ns (80.848%))
  Logic Levels:           0  
  Clock Uncertainty:      0.025ns  ((TSJ^2 + TIJ^2)^1/2 + DJ) / 2 + PE
    Total System Jitter     (TSJ):    0.050ns
    Total Input Jitter      (TIJ):    0.000ns
    Discrete Jitter          (DJ):    0.000ns
    Phase Error              (PE):    0.000ns

    Location             Delay type                Incr(ns)  Path(ns)    Netlist Resource(s)
  -------------------------------------------------------------------    -------------------
                         (clock sys_clk_pin rise edge)
                                                      0.000     0.000 r  
    W5                                                0.000     0.000 r  sys_clk (IN)
                         net (fo=0)                   0.000     0.000    sys_clk
    W5                   IBUF (Prop_ibuf_I_O)         0.226     0.226 r  sys_clk_IBUF_inst/O
                         net (fo=1, routed)           0.631     0.858    sys_clk_IBUF
    BUFGCTRL_X0Y1        BUFG (Prop_bufg_I_O)         0.026     0.884 r  sys_clk_IBUF_BUFG_inst/O
                         net (fo=45, routed)          0.560     1.443    my_debounce/sys_clk
    SLICE_X41Y37         FDRE                                         r  my_debounce/debounced_result_reg/C
  -------------------------------------------------------------------    -------------------
    SLICE_X41Y37         FDRE (Prop_fdre_C_Q)         0.141     1.584 r  my_debounce/debounced_result_reg/Q
                         net (fo=81, routed)          0.595     2.179    my_i2c_core/debounced_reset
    SLICE_X48Y25         FDRE                                         r  my_i2c_core/delayCountNow_reg[16]/R
  -------------------------------------------------------------------    -------------------

Slack:                    inf
  Source:                 my_debounce/debounced_result_reg/C
                            (rising edge-triggered cell FDRE clocked by sys_clk_pin  {rise@0.000ns fall@5.000ns period=10.000ns})
  Destination:            my_i2c_core/delayCountNow_reg[17]/R
  Path Group:             (none)
  Path Type:              Min at Fast Process Corner
  Data Path Delay:        0.736ns  (logic 0.141ns (19.152%)  route 0.595ns (80.848%))
  Logic Levels:           0  
  Clock Uncertainty:      0.025ns  ((TSJ^2 + TIJ^2)^1/2 + DJ) / 2 + PE
    Total System Jitter     (TSJ):    0.050ns
    Total Input Jitter      (TIJ):    0.000ns
    Discrete Jitter          (DJ):    0.000ns
    Phase Error              (PE):    0.000ns

    Location             Delay type                Incr(ns)  Path(ns)    Netlist Resource(s)
  -------------------------------------------------------------------    -------------------
                         (clock sys_clk_pin rise edge)
                                                      0.000     0.000 r  
    W5                                                0.000     0.000 r  sys_clk (IN)
                         net (fo=0)                   0.000     0.000    sys_clk
    W5                   IBUF (Prop_ibuf_I_O)         0.226     0.226 r  sys_clk_IBUF_inst/O
                         net (fo=1, routed)           0.631     0.858    sys_clk_IBUF
    BUFGCTRL_X0Y1        BUFG (Prop_bufg_I_O)         0.026     0.884 r  sys_clk_IBUF_BUFG_inst/O
                         net (fo=45, routed)          0.560     1.443    my_debounce/sys_clk
    SLICE_X41Y37         FDRE                                         r  my_debounce/debounced_result_reg/C
  -------------------------------------------------------------------    -------------------
    SLICE_X41Y37         FDRE (Prop_fdre_C_Q)         0.141     1.584 r  my_debounce/debounced_result_reg/Q
                         net (fo=81, routed)          0.595     2.179    my_i2c_core/debounced_reset
    SLICE_X48Y25         FDRE                                         r  my_i2c_core/delayCountNow_reg[17]/R
  -------------------------------------------------------------------    -------------------

Slack:                    inf
  Source:                 my_debounce/debounced_result_reg/C
                            (rising edge-triggered cell FDRE clocked by sys_clk_pin  {rise@0.000ns fall@5.000ns period=10.000ns})
  Destination:            my_i2c_core/delayCountNow_reg[18]/R
  Path Group:             (none)
  Path Type:              Min at Fast Process Corner
  Data Path Delay:        0.736ns  (logic 0.141ns (19.152%)  route 0.595ns (80.848%))
  Logic Levels:           0  
  Clock Uncertainty:      0.025ns  ((TSJ^2 + TIJ^2)^1/2 + DJ) / 2 + PE
    Total System Jitter     (TSJ):    0.050ns
    Total Input Jitter      (TIJ):    0.000ns
    Discrete Jitter          (DJ):    0.000ns
    Phase Error              (PE):    0.000ns

    Location             Delay type                Incr(ns)  Path(ns)    Netlist Resource(s)
  -------------------------------------------------------------------    -------------------
                         (clock sys_clk_pin rise edge)
                                                      0.000     0.000 r  
    W5                                                0.000     0.000 r  sys_clk (IN)
                         net (fo=0)                   0.000     0.000    sys_clk
    W5                   IBUF (Prop_ibuf_I_O)         0.226     0.226 r  sys_clk_IBUF_inst/O
                         net (fo=1, routed)           0.631     0.858    sys_clk_IBUF
    BUFGCTRL_X0Y1        BUFG (Prop_bufg_I_O)         0.026     0.884 r  sys_clk_IBUF_BUFG_inst/O
                         net (fo=45, routed)          0.560     1.443    my_debounce/sys_clk
    SLICE_X41Y37         FDRE                                         r  my_debounce/debounced_result_reg/C
  -------------------------------------------------------------------    -------------------
    SLICE_X41Y37         FDRE (Prop_fdre_C_Q)         0.141     1.584 r  my_debounce/debounced_result_reg/Q
                         net (fo=81, routed)          0.595     2.179    my_i2c_core/debounced_reset
    SLICE_X48Y25         FDRE                                         r  my_i2c_core/delayCountNow_reg[18]/R
  -------------------------------------------------------------------    -------------------

Slack:                    inf
  Source:                 my_debounce/debounced_result_reg/C
                            (rising edge-triggered cell FDRE clocked by sys_clk_pin  {rise@0.000ns fall@5.000ns period=10.000ns})
  Destination:            my_i2c_core/FSM_onehot_stateNow_reg[0]/S
  Path Group:             (none)
  Path Type:              Min at Fast Process Corner
  Data Path Delay:        0.803ns  (logic 0.141ns (17.569%)  route 0.662ns (82.431%))
  Logic Levels:           0  
  Clock Uncertainty:      0.025ns  ((TSJ^2 + TIJ^2)^1/2 + DJ) / 2 + PE
    Total System Jitter     (TSJ):    0.050ns
    Total Input Jitter      (TIJ):    0.000ns
    Discrete Jitter          (DJ):    0.000ns
    Phase Error              (PE):    0.000ns

    Location             Delay type                Incr(ns)  Path(ns)    Netlist Resource(s)
  -------------------------------------------------------------------    -------------------
                         (clock sys_clk_pin rise edge)
                                                      0.000     0.000 r  
    W5                                                0.000     0.000 r  sys_clk (IN)
                         net (fo=0)                   0.000     0.000    sys_clk
    W5                   IBUF (Prop_ibuf_I_O)         0.226     0.226 r  sys_clk_IBUF_inst/O
                         net (fo=1, routed)           0.631     0.858    sys_clk_IBUF
    BUFGCTRL_X0Y1        BUFG (Prop_bufg_I_O)         0.026     0.884 r  sys_clk_IBUF_BUFG_inst/O
                         net (fo=45, routed)          0.560     1.443    my_debounce/sys_clk
    SLICE_X41Y37         FDRE                                         r  my_debounce/debounced_result_reg/C
  -------------------------------------------------------------------    -------------------
    SLICE_X41Y37         FDRE (Prop_fdre_C_Q)         0.141     1.584 r  my_debounce/debounced_result_reg/Q
                         net (fo=81, routed)          0.662     2.246    my_i2c_core/debounced_reset
    SLICE_X49Y26         FDSE                                         r  my_i2c_core/FSM_onehot_stateNow_reg[0]/S
  -------------------------------------------------------------------    -------------------

Slack:                    inf
  Source:                 my_debounce/debounced_result_reg/C
                            (rising edge-triggered cell FDRE clocked by sys_clk_pin  {rise@0.000ns fall@5.000ns period=10.000ns})
  Destination:            my_i2c_core/FSM_onehot_stateNow_reg[1]/R
  Path Group:             (none)
  Path Type:              Min at Fast Process Corner
  Data Path Delay:        0.803ns  (logic 0.141ns (17.569%)  route 0.662ns (82.431%))
  Logic Levels:           0  
  Clock Uncertainty:      0.025ns  ((TSJ^2 + TIJ^2)^1/2 + DJ) / 2 + PE
    Total System Jitter     (TSJ):    0.050ns
    Total Input Jitter      (TIJ):    0.000ns
    Discrete Jitter          (DJ):    0.000ns
    Phase Error              (PE):    0.000ns

    Location             Delay type                Incr(ns)  Path(ns)    Netlist Resource(s)
  -------------------------------------------------------------------    -------------------
                         (clock sys_clk_pin rise edge)
                                                      0.000     0.000 r  
    W5                                                0.000     0.000 r  sys_clk (IN)
                         net (fo=0)                   0.000     0.000    sys_clk
    W5                   IBUF (Prop_ibuf_I_O)         0.226     0.226 r  sys_clk_IBUF_inst/O
                         net (fo=1, routed)           0.631     0.858    sys_clk_IBUF
    BUFGCTRL_X0Y1        BUFG (Prop_bufg_I_O)         0.026     0.884 r  sys_clk_IBUF_BUFG_inst/O
                         net (fo=45, routed)          0.560     1.443    my_debounce/sys_clk
    SLICE_X41Y37         FDRE                                         r  my_debounce/debounced_result_reg/C
  -------------------------------------------------------------------    -------------------
    SLICE_X41Y37         FDRE (Prop_fdre_C_Q)         0.141     1.584 r  my_debounce/debounced_result_reg/Q
                         net (fo=81, routed)          0.662     2.246    my_i2c_core/debounced_reset
    SLICE_X49Y26         FDRE                                         r  my_i2c_core/FSM_onehot_stateNow_reg[1]/R
  -------------------------------------------------------------------    -------------------

Slack:                    inf
  Source:                 my_debounce/debounced_result_reg/C
                            (rising edge-triggered cell FDRE clocked by sys_clk_pin  {rise@0.000ns fall@5.000ns period=10.000ns})
  Destination:            my_i2c_core/FSM_onehot_stateNow_reg[2]/R
  Path Group:             (none)
  Path Type:              Min at Fast Process Corner
  Data Path Delay:        0.803ns  (logic 0.141ns (17.569%)  route 0.662ns (82.431%))
  Logic Levels:           0  
  Clock Uncertainty:      0.025ns  ((TSJ^2 + TIJ^2)^1/2 + DJ) / 2 + PE
    Total System Jitter     (TSJ):    0.050ns
    Total Input Jitter      (TIJ):    0.000ns
    Discrete Jitter          (DJ):    0.000ns
    Phase Error              (PE):    0.000ns

    Location             Delay type                Incr(ns)  Path(ns)    Netlist Resource(s)
  -------------------------------------------------------------------    -------------------
                         (clock sys_clk_pin rise edge)
                                                      0.000     0.000 r  
    W5                                                0.000     0.000 r  sys_clk (IN)
                         net (fo=0)                   0.000     0.000    sys_clk
    W5                   IBUF (Prop_ibuf_I_O)         0.226     0.226 r  sys_clk_IBUF_inst/O
                         net (fo=1, routed)           0.631     0.858    sys_clk_IBUF
    BUFGCTRL_X0Y1        BUFG (Prop_bufg_I_O)         0.026     0.884 r  sys_clk_IBUF_BUFG_inst/O
                         net (fo=45, routed)          0.560     1.443    my_debounce/sys_clk
    SLICE_X41Y37         FDRE                                         r  my_debounce/debounced_result_reg/C
  -------------------------------------------------------------------    -------------------
    SLICE_X41Y37         FDRE (Prop_fdre_C_Q)         0.141     1.584 r  my_debounce/debounced_result_reg/Q
                         net (fo=81, routed)          0.662     2.246    my_i2c_core/debounced_reset
    SLICE_X49Y26         FDRE                                         r  my_i2c_core/FSM_onehot_stateNow_reg[2]/R
  -------------------------------------------------------------------    -------------------

Slack:                    inf
  Source:                 my_debounce/debounced_result_reg/C
                            (rising edge-triggered cell FDRE clocked by sys_clk_pin  {rise@0.000ns fall@5.000ns period=10.000ns})
  Destination:            my_i2c_core/i2c_sclk_reg_now_reg/S
  Path Group:             (none)
  Path Type:              Min at Fast Process Corner
  Data Path Delay:        0.807ns  (logic 0.141ns (17.474%)  route 0.666ns (82.526%))
  Logic Levels:           0  
  Clock Uncertainty:      0.025ns  ((TSJ^2 + TIJ^2)^1/2 + DJ) / 2 + PE
    Total System Jitter     (TSJ):    0.050ns
    Total Input Jitter      (TIJ):    0.000ns
    Discrete Jitter          (DJ):    0.000ns
    Phase Error              (PE):    0.000ns

    Location             Delay type                Incr(ns)  Path(ns)    Netlist Resource(s)
  -------------------------------------------------------------------    -------------------
                         (clock sys_clk_pin rise edge)
                                                      0.000     0.000 r  
    W5                                                0.000     0.000 r  sys_clk (IN)
                         net (fo=0)                   0.000     0.000    sys_clk
    W5                   IBUF (Prop_ibuf_I_O)         0.226     0.226 r  sys_clk_IBUF_inst/O
                         net (fo=1, routed)           0.631     0.858    sys_clk_IBUF
    BUFGCTRL_X0Y1        BUFG (Prop_bufg_I_O)         0.026     0.884 r  sys_clk_IBUF_BUFG_inst/O
                         net (fo=45, routed)          0.560     1.443    my_debounce/sys_clk
    SLICE_X41Y37         FDRE                                         r  my_debounce/debounced_result_reg/C
  -------------------------------------------------------------------    -------------------
    SLICE_X41Y37         FDRE (Prop_fdre_C_Q)         0.141     1.584 r  my_debounce/debounced_result_reg/Q
                         net (fo=81, routed)          0.666     2.250    my_i2c_core/debounced_reset
    SLICE_X48Y26         FDSE                                         r  my_i2c_core/i2c_sclk_reg_now_reg/S
  -------------------------------------------------------------------    -------------------





--------------------------------------------------------------------------------------
Path Group:  (none)
From Clock:  
  To Clock:  sys_clk_pin

Max Delay             1 Endpoint
Min Delay             1 Endpoint
--------------------------------------------------------------------------------------


Max Delay Paths
--------------------------------------------------------------------------------------
Slack:                    inf
  Source:                 reset_n
                            (input port)
  Destination:            my_debounce/sync_0_reg/D
                            (rising edge-triggered cell FDRE clocked by sys_clk_pin  {rise@0.000ns fall@5.000ns period=10.000ns})
  Path Group:             (none)
  Path Type:              Setup (Max at Slow Process Corner)
  Data Path Delay:        4.076ns  (logic 1.441ns (35.358%)  route 2.635ns (64.642%))
  Logic Levels:           1  (IBUF=1)
  Clock Path Skew:        4.783ns (DCD - SCD + CPR)
    Destination Clock Delay (DCD):    4.783ns
    Source Clock Delay      (SCD):    0.000ns
    Clock Pessimism Removal (CPR):    0.000ns
  Clock Uncertainty:      0.025ns  ((TSJ^2 + TIJ^2)^1/2 + DJ) / 2 + PE
    Total System Jitter     (TSJ):    0.050ns
    Total Input Jitter      (TIJ):    0.000ns
    Discrete Jitter          (DJ):    0.000ns
    Phase Error              (PE):    0.000ns

    Location             Delay type                Incr(ns)  Path(ns)    Netlist Resource(s)
  -------------------------------------------------------------------    -------------------
    U18                                               0.000     0.000 r  reset_n (IN)
                         net (fo=0)                   0.000     0.000    reset_n
    U18                  IBUF (Prop_ibuf_I_O)         1.441     1.441 r  reset_n_IBUF_inst/O
                         net (fo=1, routed)           2.635     4.076    my_debounce/reset_n_IBUF
    SLICE_X44Y34         FDRE                                         r  my_debounce/sync_0_reg/D
  -------------------------------------------------------------------    -------------------

                         (clock sys_clk_pin rise edge)
                                                      0.000     0.000 r  
    W5                                                0.000     0.000 r  sys_clk (IN)
                         net (fo=0)                   0.000     0.000    sys_clk
    W5                   IBUF (Prop_ibuf_I_O)         1.388     1.388 r  sys_clk_IBUF_inst/O
                         net (fo=1, routed)           1.862     3.250    sys_clk_IBUF
    BUFGCTRL_X0Y1        BUFG (Prop_bufg_I_O)         0.091     3.341 r  sys_clk_IBUF_BUFG_inst/O
                         net (fo=45, routed)          1.442     4.783    my_debounce/sys_clk
    SLICE_X44Y34         FDRE                                         r  my_debounce/sync_0_reg/C





Min Delay Paths
--------------------------------------------------------------------------------------
Slack:                    inf
  Source:                 reset_n
                            (input port)
  Destination:            my_debounce/sync_0_reg/D
                            (rising edge-triggered cell FDRE clocked by sys_clk_pin  {rise@0.000ns fall@5.000ns period=10.000ns})
  Path Group:             (none)
  Path Type:              Hold (Min at Fast Process Corner)
  Data Path Delay:        1.423ns  (logic 0.210ns (14.719%)  route 1.214ns (85.281%))
  Logic Levels:           1  (IBUF=1)
  Clock Path Skew:        1.955ns (DCD - SCD - CPR)
    Destination Clock Delay (DCD):    1.955ns
    Source Clock Delay      (SCD):    0.000ns
    Clock Pessimism Removal (CPR):    -0.000ns

    Location             Delay type                Incr(ns)  Path(ns)    Netlist Resource(s)
  -------------------------------------------------------------------    -------------------
    U18                                               0.000     0.000 r  reset_n (IN)
                         net (fo=0)                   0.000     0.000    reset_n
    U18                  IBUF (Prop_ibuf_I_O)         0.210     0.210 r  reset_n_IBUF_inst/O
                         net (fo=1, routed)           1.214     1.423    my_debounce/reset_n_IBUF
    SLICE_X44Y34         FDRE                                         r  my_debounce/sync_0_reg/D
  -------------------------------------------------------------------    -------------------

                         (clock sys_clk_pin rise edge)
                                                      0.000     0.000 r  
    W5                                                0.000     0.000 r  sys_clk (IN)
                         net (fo=0)                   0.000     0.000    sys_clk
    W5                   IBUF (Prop_ibuf_I_O)         0.414     0.414 r  sys_clk_IBUF_inst/O
                         net (fo=1, routed)           0.685     1.099    sys_clk_IBUF
    BUFGCTRL_X0Y1        BUFG (Prop_bufg_I_O)         0.029     1.128 r  sys_clk_IBUF_BUFG_inst/O
                         net (fo=45, routed)          0.828     1.955    my_debounce/sys_clk
    SLICE_X44Y34         FDRE                                         r  my_debounce/sync_0_reg/C





