Copyright 1986-2022 Xilinx, Inc. All Rights Reserved. Copyright 2022-2023 Advanced Micro Devices, Inc. All Rights Reserved.
---------------------------------------------------------------------------------------------------------------------------------------------------------------------------------------------------------------------------
| Tool Version : Vivado v.2023.2 (win64) Build 4029153 Fri Oct 13 20:14:34 MDT 2023
| Date         : Wed Aug 12 00:02:13 2026
| Host         : DennisE16 running 64-bit major release  (build 9200)
| Command      : report_timing_summary -max_paths 10 -report_unconstrained -file Top_Module_timing_summary_routed.rpt -pb Top_Module_timing_summary_routed.pb -rpx Top_Module_timing_summary_routed.rpx -warn_on_violation
| Design       : Top_Module
| Device       : 7a35t-cpg236
| Speed File   : -1  PRODUCTION 1.23 2018-06-13
| Design State : Routed
---------------------------------------------------------------------------------------------------------------------------------------------------------------------------------------------------------------------------

Timing Summary Report

------------------------------------------------------------------------------------------------
| Timer Settings
| --------------
------------------------------------------------------------------------------------------------

  Enable Multi Corner Analysis               :  Yes
  Enable Pessimism Removal                   :  Yes
  Pessimism Removal Resolution               :  Nearest Common Node
  Enable Input Delay Default Clock           :  No
  Enable Preset / Clear Arcs                 :  No
  Disable Flight Delays                      :  No
  Ignore I/O Paths                           :  No
  Timing Early Launch at Borrowing Latches   :  No
  Borrow Time for Max Delay Exceptions       :  Yes
  Merge Timing Exceptions                    :  Yes
  Inter-SLR Compensation                     :  Conservative

  Corner  Analyze    Analyze    
  Name    Max Paths  Min Paths  
  ------  ---------  ---------  
  Slow    Yes        Yes        
  Fast    Yes        Yes        


------------------------------------------------------------------------------------------------
| Report Methodology
| ------------------
------------------------------------------------------------------------------------------------

Rule       Severity          Description                                                       Violations  
---------  ----------------  ----------------------------------------------------------------  ----------  
TIMING-6   Critical Warning  No common primary clock between related clocks                    2           
TIMING-17  Critical Warning  Non-clocked sequential cell                                       18          
HPDR-1     Warning           Port pin direction inconsistency                                  1           
TIMING-56  Warning           Missing logically or physically excluded clock groups constraint  2           

Note: This report is based on the most recent report_methodology run and may not be up-to-date. Run report_methodology on the current design for the latest report.



check_timing report

Table of Contents
-----------------
1. checking no_clock (18)
2. checking constant_clock (0)
3. checking pulse_width_clock (0)
4. checking unconstrained_internal_endpoints (46)
5. checking no_input_delay (5)
6. checking no_output_delay (2)
7. checking multiple_clock (8)
8. checking generated_clocks (0)
9. checking loops (0)
10. checking partial_input_delay (0)
11. checking partial_output_delay (0)
12. checking latch_loops (0)

1. checking no_clock (18)
-------------------------
 There are 18 register/latch pins with no clock driven by root clock pin: my_baud_rate_generator/sys_tick_reg_reg/Q (HIGH)


2. checking constant_clock (0)
------------------------------
 There are 0 register/latch pins with constant_clock.


3. checking pulse_width_clock (0)
---------------------------------
 There are 0 register/latch pins which need pulse_width check


4. checking unconstrained_internal_endpoints (46)
-------------------------------------------------
 There are 46 pins that are not constrained for maximum delay. (HIGH)

 There are 0 pins that are not constrained for maximum delay due to constant clock.


5. checking no_input_delay (5)
------------------------------
 There are 5 input ports with no input delay specified. (HIGH)

 There are 0 input ports with no input delay but user has a false path constraint.


6. checking no_output_delay (2)
-------------------------------
 There are 2 ports with no output delay specified. (HIGH)

 There are 0 ports with no output delay but user has a false path constraint

 There are 0 ports with no output delay but with a timing clock defined on it or propagating through it


7. checking multiple_clock (8)
------------------------------
 There are 8 register/latch pins with multiple clocks. (HIGH)


8. checking generated_clocks (0)
--------------------------------
 There are 0 generated clocks that are not connected to a clock source.


9. checking loops (0)
---------------------
 There are 0 combinational loops in the design.


10. checking partial_input_delay (0)
------------------------------------
 There are 0 input ports with partial input delay specified.


11. checking partial_output_delay (0)
-------------------------------------
 There are 0 ports with partial output delay specified.


12. checking latch_loops (0)
----------------------------
 There are 0 combinational latch loops in the design through latch input



------------------------------------------------------------------------------------------------
| Design Timing Summary
| ---------------------
------------------------------------------------------------------------------------------------

    WNS(ns)      TNS(ns)  TNS Failing Endpoints  TNS Total Endpoints      WHS(ns)      THS(ns)  THS Failing Endpoints  THS Total Endpoints     WPWS(ns)     TPWS(ns)  TPWS Failing Endpoints  TPWS Total Endpoints  
    -------      -------  ---------------------  -------------------      -------      -------  ---------------------  -------------------     --------     --------  ----------------------  --------------------  
     22.030        0.000                      0                   15        0.193        0.000                      0                   15        3.000        0.000                       0                    14  


All user specified timing constraints are met.


------------------------------------------------------------------------------------------------
| Clock Summary
| -------------
------------------------------------------------------------------------------------------------

Clock                 Waveform(ns)       Period(ns)      Frequency(MHz)
-----                 ------------       ----------      --------------
sys_clk               {0.000 5.000}      10.000          100.000         
  clk_out1_sys_pll    {0.000 12.500}     25.000          40.000          
  clkfbout_sys_pll    {0.000 5.000}      10.000          100.000         
sys_clk_pin           {0.000 5.000}      10.000          100.000         
  clk_out1_sys_pll_1  {0.000 12.500}     25.000          40.000          
  clkfbout_sys_pll_1  {0.000 5.000}      10.000          100.000         


------------------------------------------------------------------------------------------------
| Intra Clock Table
| -----------------
------------------------------------------------------------------------------------------------

Clock                     WNS(ns)      TNS(ns)  TNS Failing Endpoints  TNS Total Endpoints      WHS(ns)      THS(ns)  THS Failing Endpoints  THS Total Endpoints     WPWS(ns)     TPWS(ns)  TPWS Failing Endpoints  TPWS Total Endpoints  
-----                     -------      -------  ---------------------  -------------------      -------      -------  ---------------------  -------------------     --------     --------  ----------------------  --------------------  
sys_clk                                                                                                                                                                 3.000        0.000                       0                     1  
  clk_out1_sys_pll         22.030        0.000                      0                   15        0.281        0.000                      0                   15       12.000        0.000                       0                    10  
  clkfbout_sys_pll                                                                                                                                                      7.845        0.000                       0                     3  
sys_clk_pin                                                                                                                                                             3.000        0.000                       0                     1  
  clk_out1_sys_pll_1       22.032        0.000                      0                   15        0.281        0.000                      0                   15       12.000        0.000                       0                    10  
  clkfbout_sys_pll_1                                                                                                                                                    7.845        0.000                       0                     3  


------------------------------------------------------------------------------------------------
| Inter Clock Table
| -----------------
------------------------------------------------------------------------------------------------

From Clock          To Clock                WNS(ns)      TNS(ns)  TNS Failing Endpoints  TNS Total Endpoints      WHS(ns)      THS(ns)  THS Failing Endpoints  THS Total Endpoints  
----------          --------                -------      -------  ---------------------  -------------------      -------      -------  ---------------------  -------------------  
clk_out1_sys_pll_1  clk_out1_sys_pll         22.030        0.000                      0                   15        0.193        0.000                      0                   15  
clk_out1_sys_pll    clk_out1_sys_pll_1       22.030        0.000                      0                   15        0.193        0.000                      0                   15  


------------------------------------------------------------------------------------------------
| Other Path Groups Table
| -----------------------
------------------------------------------------------------------------------------------------

Path Group    From Clock    To Clock          WNS(ns)      TNS(ns)  TNS Failing Endpoints  TNS Total Endpoints      WHS(ns)      THS(ns)  THS Failing Endpoints  THS Total Endpoints  
----------    ----------    --------          -------      -------  ---------------------  -------------------      -------      -------  ---------------------  -------------------  


------------------------------------------------------------------------------------------------
| User Ignored Path Table
| -----------------------
------------------------------------------------------------------------------------------------

Path Group    From Clock    To Clock    
----------    ----------    --------    


------------------------------------------------------------------------------------------------
| Unconstrained Path Table
| ------------------------
------------------------------------------------------------------------------------------------

Path Group          From Clock          To Clock          
----------          ----------          --------          
(none)                                                      
(none)              clkfbout_sys_pll                        
(none)              clkfbout_sys_pll_1                      
(none)                                  clk_out1_sys_pll    
(none)                                  clk_out1_sys_pll_1  


------------------------------------------------------------------------------------------------
| Timing Details
| --------------
------------------------------------------------------------------------------------------------


---------------------------------------------------------------------------------------------------
From Clock:  sys_clk
  To Clock:  sys_clk

Setup :           NA  Failing Endpoints,  Worst Slack           NA  ,  Total Violation           NA
Hold  :           NA  Failing Endpoints,  Worst Slack           NA  ,  Total Violation           NA
PW    :            0  Failing Endpoints,  Worst Slack        3.000ns,  Total Violation        0.000ns
---------------------------------------------------------------------------------------------------


Pulse Width Checks
--------------------------------------------------------------------------------------
Clock Name:         sys_clk
Waveform(ns):       { 0.000 5.000 }
Period(ns):         10.000
Sources:            { sys_clk }

Check Type        Corner  Lib Pin            Reference Pin  Required(ns)  Actual(ns)  Slack(ns)  Location         Pin
Min Period        n/a     MMCME2_ADV/CLKIN1  n/a            1.249         10.000      8.751      MMCME2_ADV_X1Y0  clock_40mhz/inst/mmcm_adv_inst/CLKIN1
Max Period        n/a     MMCME2_ADV/CLKIN1  n/a            100.000       10.000      90.000     MMCME2_ADV_X1Y0  clock_40mhz/inst/mmcm_adv_inst/CLKIN1
Low Pulse Width   Slow    MMCME2_ADV/CLKIN1  n/a            2.000         5.000       3.000      MMCME2_ADV_X1Y0  clock_40mhz/inst/mmcm_adv_inst/CLKIN1
Low Pulse Width   Fast    MMCME2_ADV/CLKIN1  n/a            2.000         5.000       3.000      MMCME2_ADV_X1Y0  clock_40mhz/inst/mmcm_adv_inst/CLKIN1
High Pulse Width  Slow    MMCME2_ADV/CLKIN1  n/a            2.000         5.000       3.000      MMCME2_ADV_X1Y0  clock_40mhz/inst/mmcm_adv_inst/CLKIN1
High Pulse Width  Fast    MMCME2_ADV/CLKIN1  n/a            2.000         5.000       3.000      MMCME2_ADV_X1Y0  clock_40mhz/inst/mmcm_adv_inst/CLKIN1



---------------------------------------------------------------------------------------------------
From Clock:  clk_out1_sys_pll
  To Clock:  clk_out1_sys_pll

Setup :            0  Failing Endpoints,  Worst Slack       22.030ns,  Total Violation        0.000ns
Hold  :            0  Failing Endpoints,  Worst Slack        0.281ns,  Total Violation        0.000ns
PW    :            0  Failing Endpoints,  Worst Slack       12.000ns,  Total Violation        0.000ns
---------------------------------------------------------------------------------------------------


Max Delay Paths
--------------------------------------------------------------------------------------
Slack (MET) :             22.030ns  (required time - arrival time)
  Source:                 my_baud_rate_generator/counterTick_reg[3]/C
                            (rising edge-triggered cell FDRE clocked by clk_out1_sys_pll  {rise@0.000ns fall@12.500ns period=25.000ns})
  Destination:            my_baud_rate_generator/counterTick_reg[4]/R
                            (rising edge-triggered cell FDRE clocked by clk_out1_sys_pll  {rise@0.000ns fall@12.500ns period=25.000ns})
  Path Group:             clk_out1_sys_pll
  Path Type:              Setup (Max at Slow Process Corner)
  Requirement:            25.000ns  (clk_out1_sys_pll rise@25.000ns - clk_out1_sys_pll rise@0.000ns)
  Data Path Delay:        2.429ns  (logic 0.704ns (28.982%)  route 1.725ns (71.018%))
  Logic Levels:           2  (LUT4=1 LUT5=1)
  Clock Path Skew:        -0.025ns (DCD - SCD + CPR)
    Destination Clock Delay (DCD):    -1.544ns = ( 23.456 - 25.000 ) 
    Source Clock Delay      (SCD):    -0.942ns
    Clock Pessimism Removal (CPR):    0.578ns
  Clock Uncertainty:      0.087ns  ((TSJ^2 + DJ^2)^1/2) / 2 + PE
    Total System Jitter     (TSJ):    0.071ns
    Discrete Jitter          (DJ):    0.159ns
    Phase Error              (PE):    0.000ns

    Location             Delay type                Incr(ns)  Path(ns)    Netlist Resource(s)
  -------------------------------------------------------------------    -------------------
                         (clock clk_out1_sys_pll rise edge)
                                                      0.000     0.000 r  
    W5                                                0.000     0.000 r  sys_clk (IN)
                         net (fo=0)                   0.000     0.000    clock_40mhz/inst/clk_in1
    W5                   IBUF (Prop_ibuf_I_O)         1.458     1.458 r  clock_40mhz/inst/clkin1_ibufg/O
                         net (fo=1, routed)           1.233     2.691    clock_40mhz/inst/clk_in1_sys_pll
    MMCME2_ADV_X1Y0      MMCME2_ADV (Prop_mmcme2_adv_CLKIN1_CLKOUT0)
                                                     -6.961    -4.269 r  clock_40mhz/inst/mmcm_adv_inst/CLKOUT0
                         net (fo=1, routed)           1.661    -2.608    clock_40mhz/inst/clk_out1_sys_pll
    BUFGCTRL_X0Y0        BUFG (Prop_bufg_I_O)         0.096    -2.512 r  clock_40mhz/inst/clkout1_buf/O
                         net (fo=8, routed)           1.570    -0.942    my_baud_rate_generator/clk_out1
    SLICE_X48Y43         FDRE                                         r  my_baud_rate_generator/counterTick_reg[3]/C
  -------------------------------------------------------------------    -------------------
    SLICE_X48Y43         FDRE (Prop_fdre_C_Q)         0.456    -0.486 f  my_baud_rate_generator/counterTick_reg[3]/Q
                         net (fo=2, routed)           0.680     0.195    my_baud_rate_generator/counterTick_reg[3]
    SLICE_X49Y43         LUT4 (Prop_lut4_I3_O)        0.124     0.319 f  my_baud_rate_generator/counterTick[0]_i_3/O
                         net (fo=2, routed)           0.415     0.734    my_baud_rate_generator/counterTick[0]_i_3_n_0
    SLICE_X49Y44         LUT5 (Prop_lut5_I0_O)        0.124     0.858 r  my_baud_rate_generator/counterTick[0]_i_1/O
                         net (fo=7, routed)           0.630     1.488    my_baud_rate_generator/counterTick[0]_i_1_n_0
    SLICE_X48Y44         FDRE                                         r  my_baud_rate_generator/counterTick_reg[4]/R
  -------------------------------------------------------------------    -------------------

                         (clock clk_out1_sys_pll rise edge)
                                                     25.000    25.000 r  
    W5                                                0.000    25.000 r  sys_clk (IN)
                         net (fo=0)                   0.000    25.000    clock_40mhz/inst/clk_in1
    W5                   IBUF (Prop_ibuf_I_O)         1.388    26.388 r  clock_40mhz/inst/clkin1_ibufg/O
                         net (fo=1, routed)           1.162    27.550    clock_40mhz/inst/clk_in1_sys_pll
    MMCME2_ADV_X1Y0      MMCME2_ADV (Prop_mmcme2_adv_CLKIN1_CLKOUT0)
                                                     -7.217    20.332 r  clock_40mhz/inst/mmcm_adv_inst/CLKOUT0
                         net (fo=1, routed)           1.581    21.914    clock_40mhz/inst/clk_out1_sys_pll
    BUFGCTRL_X0Y0        BUFG (Prop_bufg_I_O)         0.091    22.005 r  clock_40mhz/inst/clkout1_buf/O
                         net (fo=8, routed)           1.451    23.456    my_baud_rate_generator/clk_out1
    SLICE_X48Y44         FDRE                                         r  my_baud_rate_generator/counterTick_reg[4]/C
                         clock pessimism              0.578    24.033    
                         clock uncertainty           -0.087    23.946    
    SLICE_X48Y44         FDRE (Setup_fdre_C_R)       -0.429    23.517    my_baud_rate_generator/counterTick_reg[4]
  -------------------------------------------------------------------
                         required time                         23.517    
                         arrival time                          -1.488    
  -------------------------------------------------------------------
                         slack                                 22.030    

Slack (MET) :             22.030ns  (required time - arrival time)
  Source:                 my_baud_rate_generator/counterTick_reg[3]/C
                            (rising edge-triggered cell FDRE clocked by clk_out1_sys_pll  {rise@0.000ns fall@12.500ns period=25.000ns})
  Destination:            my_baud_rate_generator/counterTick_reg[5]/R
                            (rising edge-triggered cell FDRE clocked by clk_out1_sys_pll  {rise@0.000ns fall@12.500ns period=25.000ns})
  Path Group:             clk_out1_sys_pll
  Path Type:              Setup (Max at Slow Process Corner)
  Requirement:            25.000ns  (clk_out1_sys_pll rise@25.000ns - clk_out1_sys_pll rise@0.000ns)
  Data Path Delay:        2.429ns  (logic 0.704ns (28.982%)  route 1.725ns (71.018%))
  Logic Levels:           2  (LUT4=1 LUT5=1)
  Clock Path Skew:        -0.025ns (DCD - SCD + CPR)
    Destination Clock Delay (DCD):    -1.544ns = ( 23.456 - 25.000 ) 
    Source Clock Delay      (SCD):    -0.942ns
    Clock Pessimism Removal (CPR):    0.578ns
  Clock Uncertainty:      0.087ns  ((TSJ^2 + DJ^2)^1/2) / 2 + PE
    Total System Jitter     (TSJ):    0.071ns
    Discrete Jitter          (DJ):    0.159ns
    Phase Error              (PE):    0.000ns

    Location             Delay type                Incr(ns)  Path(ns)    Netlist Resource(s)
  -------------------------------------------------------------------    -------------------
                         (clock clk_out1_sys_pll rise edge)
                                                      0.000     0.000 r  
    W5                                                0.000     0.000 r  sys_clk (IN)
                         net (fo=0)                   0.000     0.000    clock_40mhz/inst/clk_in1
    W5                   IBUF (Prop_ibuf_I_O)         1.458     1.458 r  clock_40mhz/inst/clkin1_ibufg/O
                         net (fo=1, routed)           1.233     2.691    clock_40mhz/inst/clk_in1_sys_pll
    MMCME2_ADV_X1Y0      MMCME2_ADV (Prop_mmcme2_adv_CLKIN1_CLKOUT0)
                                                     -6.961    -4.269 r  clock_40mhz/inst/mmcm_adv_inst/CLKOUT0
                         net (fo=1, routed)           1.661    -2.608    clock_40mhz/inst/clk_out1_sys_pll
    BUFGCTRL_X0Y0        BUFG (Prop_bufg_I_O)         0.096    -2.512 r  clock_40mhz/inst/clkout1_buf/O
                         net (fo=8, routed)           1.570    -0.942    my_baud_rate_generator/clk_out1
    SLICE_X48Y43         FDRE                                         r  my_baud_rate_generator/counterTick_reg[3]/C
  -------------------------------------------------------------------    -------------------
    SLICE_X48Y43         FDRE (Prop_fdre_C_Q)         0.456    -0.486 f  my_baud_rate_generator/counterTick_reg[3]/Q
                         net (fo=2, routed)           0.680     0.195    my_baud_rate_generator/counterTick_reg[3]
    SLICE_X49Y43         LUT4 (Prop_lut4_I3_O)        0.124     0.319 f  my_baud_rate_generator/counterTick[0]_i_3/O
                         net (fo=2, routed)           0.415     0.734    my_baud_rate_generator/counterTick[0]_i_3_n_0
    SLICE_X49Y44         LUT5 (Prop_lut5_I0_O)        0.124     0.858 r  my_baud_rate_generator/counterTick[0]_i_1/O
                         net (fo=7, routed)           0.630     1.488    my_baud_rate_generator/counterTick[0]_i_1_n_0
    SLICE_X48Y44         FDRE                                         r  my_baud_rate_generator/counterTick_reg[5]/R
  -------------------------------------------------------------------    -------------------

                         (clock clk_out1_sys_pll rise edge)
                                                     25.000    25.000 r  
    W5                                                0.000    25.000 r  sys_clk (IN)
                         net (fo=0)                   0.000    25.000    clock_40mhz/inst/clk_in1
    W5                   IBUF (Prop_ibuf_I_O)         1.388    26.388 r  clock_40mhz/inst/clkin1_ibufg/O
                         net (fo=1, routed)           1.162    27.550    clock_40mhz/inst/clk_in1_sys_pll
    MMCME2_ADV_X1Y0      MMCME2_ADV (Prop_mmcme2_adv_CLKIN1_CLKOUT0)
                                                     -7.217    20.332 r  clock_40mhz/inst/mmcm_adv_inst/CLKOUT0
                         net (fo=1, routed)           1.581    21.914    clock_40mhz/inst/clk_out1_sys_pll
    BUFGCTRL_X0Y0        BUFG (Prop_bufg_I_O)         0.091    22.005 r  clock_40mhz/inst/clkout1_buf/O
                         net (fo=8, routed)           1.451    23.456    my_baud_rate_generator/clk_out1
    SLICE_X48Y44         FDRE                                         r  my_baud_rate_generator/counterTick_reg[5]/C
                         clock pessimism              0.578    24.033    
                         clock uncertainty           -0.087    23.946    
    SLICE_X48Y44         FDRE (Setup_fdre_C_R)       -0.429    23.517    my_baud_rate_generator/counterTick_reg[5]
  -------------------------------------------------------------------
                         required time                         23.517    
                         arrival time                          -1.488    
  -------------------------------------------------------------------
                         slack                                 22.030    

Slack (MET) :             22.030ns  (required time - arrival time)
  Source:                 my_baud_rate_generator/counterTick_reg[3]/C
                            (rising edge-triggered cell FDRE clocked by clk_out1_sys_pll  {rise@0.000ns fall@12.500ns period=25.000ns})
  Destination:            my_baud_rate_generator/counterTick_reg[6]/R
                            (rising edge-triggered cell FDRE clocked by clk_out1_sys_pll  {rise@0.000ns fall@12.500ns period=25.000ns})
  Path Group:             clk_out1_sys_pll
  Path Type:              Setup (Max at Slow Process Corner)
  Requirement:            25.000ns  (clk_out1_sys_pll rise@25.000ns - clk_out1_sys_pll rise@0.000ns)
  Data Path Delay:        2.429ns  (logic 0.704ns (28.982%)  route 1.725ns (71.018%))
  Logic Levels:           2  (LUT4=1 LUT5=1)
  Clock Path Skew:        -0.025ns (DCD - SCD + CPR)
    Destination Clock Delay (DCD):    -1.544ns = ( 23.456 - 25.000 ) 
    Source Clock Delay      (SCD):    -0.942ns
    Clock Pessimism Removal (CPR):    0.578ns
  Clock Uncertainty:      0.087ns  ((TSJ^2 + DJ^2)^1/2) / 2 + PE
    Total System Jitter     (TSJ):    0.071ns
    Discrete Jitter          (DJ):    0.159ns
    Phase Error              (PE):    0.000ns

    Location             Delay type                Incr(ns)  Path(ns)    Netlist Resource(s)
  -------------------------------------------------------------------    -------------------
                         (clock clk_out1_sys_pll rise edge)
                                                      0.000     0.000 r  
    W5                                                0.000     0.000 r  sys_clk (IN)
                         net (fo=0)                   0.000     0.000    clock_40mhz/inst/clk_in1
    W5                   IBUF (Prop_ibuf_I_O)         1.458     1.458 r  clock_40mhz/inst/clkin1_ibufg/O
                         net (fo=1, routed)           1.233     2.691    clock_40mhz/inst/clk_in1_sys_pll
    MMCME2_ADV_X1Y0      MMCME2_ADV (Prop_mmcme2_adv_CLKIN1_CLKOUT0)
                                                     -6.961    -4.269 r  clock_40mhz/inst/mmcm_adv_inst/CLKOUT0
                         net (fo=1, routed)           1.661    -2.608    clock_40mhz/inst/clk_out1_sys_pll
    BUFGCTRL_X0Y0        BUFG (Prop_bufg_I_O)         0.096    -2.512 r  clock_40mhz/inst/clkout1_buf/O
                         net (fo=8, routed)           1.570    -0.942    my_baud_rate_generator/clk_out1
    SLICE_X48Y43         FDRE                                         r  my_baud_rate_generator/counterTick_reg[3]/C
  -------------------------------------------------------------------    -------------------
    SLICE_X48Y43         FDRE (Prop_fdre_C_Q)         0.456    -0.486 f  my_baud_rate_generator/counterTick_reg[3]/Q
                         net (fo=2, routed)           0.680     0.195    my_baud_rate_generator/counterTick_reg[3]
    SLICE_X49Y43         LUT4 (Prop_lut4_I3_O)        0.124     0.319 f  my_baud_rate_generator/counterTick[0]_i_3/O
                         net (fo=2, routed)           0.415     0.734    my_baud_rate_generator/counterTick[0]_i_3_n_0
    SLICE_X49Y44         LUT5 (Prop_lut5_I0_O)        0.124     0.858 r  my_baud_rate_generator/counterTick[0]_i_1/O
                         net (fo=7, routed)           0.630     1.488    my_baud_rate_generator/counterTick[0]_i_1_n_0
    SLICE_X48Y44         FDRE                                         r  my_baud_rate_generator/counterTick_reg[6]/R
  -------------------------------------------------------------------    -------------------

                         (clock clk_out1_sys_pll rise edge)
                                                     25.000    25.000 r  
    W5                                                0.000    25.000 r  sys_clk (IN)
                         net (fo=0)                   0.000    25.000    clock_40mhz/inst/clk_in1
    W5                   IBUF (Prop_ibuf_I_O)         1.388    26.388 r  clock_40mhz/inst/clkin1_ibufg/O
                         net (fo=1, routed)           1.162    27.550    clock_40mhz/inst/clk_in1_sys_pll
    MMCME2_ADV_X1Y0      MMCME2_ADV (Prop_mmcme2_adv_CLKIN1_CLKOUT0)
                                                     -7.217    20.332 r  clock_40mhz/inst/mmcm_adv_inst/CLKOUT0
                         net (fo=1, routed)           1.581    21.914    clock_40mhz/inst/clk_out1_sys_pll
    BUFGCTRL_X0Y0        BUFG (Prop_bufg_I_O)         0.091    22.005 r  clock_40mhz/inst/clkout1_buf/O
                         net (fo=8, routed)           1.451    23.456    my_baud_rate_generator/clk_out1
    SLICE_X48Y44         FDRE                                         r  my_baud_rate_generator/counterTick_reg[6]/C
                         clock pessimism              0.578    24.033    
                         clock uncertainty           -0.087    23.946    
    SLICE_X48Y44         FDRE (Setup_fdre_C_R)       -0.429    23.517    my_baud_rate_generator/counterTick_reg[6]
  -------------------------------------------------------------------
                         required time                         23.517    
                         arrival time                          -1.488    
  -------------------------------------------------------------------
                         slack                                 22.030    

Slack (MET) :             22.320ns  (required time - arrival time)
  Source:                 my_baud_rate_generator/counterTick_reg[3]/C
                            (rising edge-triggered cell FDRE clocked by clk_out1_sys_pll  {rise@0.000ns fall@12.500ns period=25.000ns})
  Destination:            my_baud_rate_generator/counterTick_reg[0]/R
                            (rising edge-triggered cell FDRE clocked by clk_out1_sys_pll  {rise@0.000ns fall@12.500ns period=25.000ns})
  Path Group:             clk_out1_sys_pll
  Path Type:              Setup (Max at Slow Process Corner)
  Requirement:            25.000ns  (clk_out1_sys_pll rise@25.000ns - clk_out1_sys_pll rise@0.000ns)
  Data Path Delay:        2.164ns  (logic 0.704ns (32.531%)  route 1.460ns (67.469%))
  Logic Levels:           2  (LUT4=1 LUT5=1)
  Clock Path Skew:        0.000ns (DCD - SCD + CPR)
    Destination Clock Delay (DCD):    -1.544ns = ( 23.456 - 25.000 ) 
    Source Clock Delay      (SCD):    -0.942ns
    Clock Pessimism Removal (CPR):    0.603ns
  Clock Uncertainty:      0.087ns  ((TSJ^2 + DJ^2)^1/2) / 2 + PE
    Total System Jitter     (TSJ):    0.071ns
    Discrete Jitter          (DJ):    0.159ns
    Phase Error              (PE):    0.000ns

    Location             Delay type                Incr(ns)  Path(ns)    Netlist Resource(s)
  -------------------------------------------------------------------    -------------------
                         (clock clk_out1_sys_pll rise edge)
                                                      0.000     0.000 r  
    W5                                                0.000     0.000 r  sys_clk (IN)
                         net (fo=0)                   0.000     0.000    clock_40mhz/inst/clk_in1
    W5                   IBUF (Prop_ibuf_I_O)         1.458     1.458 r  clock_40mhz/inst/clkin1_ibufg/O
                         net (fo=1, routed)           1.233     2.691    clock_40mhz/inst/clk_in1_sys_pll
    MMCME2_ADV_X1Y0      MMCME2_ADV (Prop_mmcme2_adv_CLKIN1_CLKOUT0)
                                                     -6.961    -4.269 r  clock_40mhz/inst/mmcm_adv_inst/CLKOUT0
                         net (fo=1, routed)           1.661    -2.608    clock_40mhz/inst/clk_out1_sys_pll
    BUFGCTRL_X0Y0        BUFG (Prop_bufg_I_O)         0.096    -2.512 r  clock_40mhz/inst/clkout1_buf/O
                         net (fo=8, routed)           1.570    -0.942    my_baud_rate_generator/clk_out1
    SLICE_X48Y43         FDRE                                         r  my_baud_rate_generator/counterTick_reg[3]/C
  -------------------------------------------------------------------    -------------------
    SLICE_X48Y43         FDRE (Prop_fdre_C_Q)         0.456    -0.486 f  my_baud_rate_generator/counterTick_reg[3]/Q
                         net (fo=2, routed)           0.680     0.195    my_baud_rate_generator/counterTick_reg[3]
    SLICE_X49Y43         LUT4 (Prop_lut4_I3_O)        0.124     0.319 f  my_baud_rate_generator/counterTick[0]_i_3/O
                         net (fo=2, routed)           0.415     0.734    my_baud_rate_generator/counterTick[0]_i_3_n_0
    SLICE_X49Y44         LUT5 (Prop_lut5_I0_O)        0.124     0.858 r  my_baud_rate_generator/counterTick[0]_i_1/O
                         net (fo=7, routed)           0.365     1.223    my_baud_rate_generator/counterTick[0]_i_1_n_0
    SLICE_X48Y43         FDRE                                         r  my_baud_rate_generator/counterTick_reg[0]/R
  -------------------------------------------------------------------    -------------------

                         (clock clk_out1_sys_pll rise edge)
                                                     25.000    25.000 r  
    W5                                                0.000    25.000 r  sys_clk (IN)
                         net (fo=0)                   0.000    25.000    clock_40mhz/inst/clk_in1
    W5                   IBUF (Prop_ibuf_I_O)         1.388    26.388 r  clock_40mhz/inst/clkin1_ibufg/O
                         net (fo=1, routed)           1.162    27.550    clock_40mhz/inst/clk_in1_sys_pll
    MMCME2_ADV_X1Y0      MMCME2_ADV (Prop_mmcme2_adv_CLKIN1_CLKOUT0)
                                                     -7.217    20.332 r  clock_40mhz/inst/mmcm_adv_inst/CLKOUT0
                         net (fo=1, routed)           1.581    21.914    clock_40mhz/inst/clk_out1_sys_pll
    BUFGCTRL_X0Y0        BUFG (Prop_bufg_I_O)         0.091    22.005 r  clock_40mhz/inst/clkout1_buf/O
                         net (fo=8, routed)           1.451    23.456    my_baud_rate_generator/clk_out1
    SLICE_X48Y43         FDRE                                         r  my_baud_rate_generator/counterTick_reg[0]/C
                         clock pessimism              0.603    24.058    
                         clock uncertainty           -0.087    23.971    
    SLICE_X48Y43         FDRE (Setup_fdre_C_R)       -0.429    23.542    my_baud_rate_generator/counterTick_reg[0]
  -------------------------------------------------------------------
                         required time                         23.542    
                         arrival time                          -1.223    
  -------------------------------------------------------------------
                         slack                                 22.320    

Slack (MET) :             22.320ns  (required time - arrival time)
  Source:                 my_baud_rate_generator/counterTick_reg[3]/C
                            (rising edge-triggered cell FDRE clocked by clk_out1_sys_pll  {rise@0.000ns fall@12.500ns period=25.000ns})
  Destination:            my_baud_rate_generator/counterTick_reg[1]/R
                            (rising edge-triggered cell FDRE clocked by clk_out1_sys_pll  {rise@0.000ns fall@12.500ns period=25.000ns})
  Path Group:             clk_out1_sys_pll
  Path Type:              Setup (Max at Slow Process Corner)
  Requirement:            25.000ns  (clk_out1_sys_pll rise@25.000ns - clk_out1_sys_pll rise@0.000ns)
  Data Path Delay:        2.164ns  (logic 0.704ns (32.531%)  route 1.460ns (67.469%))
  Logic Levels:           2  (LUT4=1 LUT5=1)
  Clock Path Skew:        0.000ns (DCD - SCD + CPR)
    Destination Clock Delay (DCD):    -1.544ns = ( 23.456 - 25.000 ) 
    Source Clock Delay      (SCD):    -0.942ns
    Clock Pessimism Removal (CPR):    0.603ns
  Clock Uncertainty:      0.087ns  ((TSJ^2 + DJ^2)^1/2) / 2 + PE
    Total System Jitter     (TSJ):    0.071ns
    Discrete Jitter          (DJ):    0.159ns
    Phase Error              (PE):    0.000ns

    Location             Delay type                Incr(ns)  Path(ns)    Netlist Resource(s)
  -------------------------------------------------------------------    -------------------
                         (clock clk_out1_sys_pll rise edge)
                                                      0.000     0.000 r  
    W5                                                0.000     0.000 r  sys_clk (IN)
                         net (fo=0)                   0.000     0.000    clock_40mhz/inst/clk_in1
    W5                   IBUF (Prop_ibuf_I_O)         1.458     1.458 r  clock_40mhz/inst/clkin1_ibufg/O
                         net (fo=1, routed)           1.233     2.691    clock_40mhz/inst/clk_in1_sys_pll
    MMCME2_ADV_X1Y0      MMCME2_ADV (Prop_mmcme2_adv_CLKIN1_CLKOUT0)
                                                     -6.961    -4.269 r  clock_40mhz/inst/mmcm_adv_inst/CLKOUT0
                         net (fo=1, routed)           1.661    -2.608    clock_40mhz/inst/clk_out1_sys_pll
    BUFGCTRL_X0Y0        BUFG (Prop_bufg_I_O)         0.096    -2.512 r  clock_40mhz/inst/clkout1_buf/O
                         net (fo=8, routed)           1.570    -0.942    my_baud_rate_generator/clk_out1
    SLICE_X48Y43         FDRE                                         r  my_baud_rate_generator/counterTick_reg[3]/C
  -------------------------------------------------------------------    -------------------
    SLICE_X48Y43         FDRE (Prop_fdre_C_Q)         0.456    -0.486 f  my_baud_rate_generator/counterTick_reg[3]/Q
                         net (fo=2, routed)           0.680     0.195    my_baud_rate_generator/counterTick_reg[3]
    SLICE_X49Y43         LUT4 (Prop_lut4_I3_O)        0.124     0.319 f  my_baud_rate_generator/counterTick[0]_i_3/O
                         net (fo=2, routed)           0.415     0.734    my_baud_rate_generator/counterTick[0]_i_3_n_0
    SLICE_X49Y44         LUT5 (Prop_lut5_I0_O)        0.124     0.858 r  my_baud_rate_generator/counterTick[0]_i_1/O
                         net (fo=7, routed)           0.365     1.223    my_baud_rate_generator/counterTick[0]_i_1_n_0
    SLICE_X48Y43         FDRE                                         r  my_baud_rate_generator/counterTick_reg[1]/R
  -------------------------------------------------------------------    -------------------

                         (clock clk_out1_sys_pll rise edge)
                                                     25.000    25.000 r  
    W5                                                0.000    25.000 r  sys_clk (IN)
                         net (fo=0)                   0.000    25.000    clock_40mhz/inst/clk_in1
    W5                   IBUF (Prop_ibuf_I_O)         1.388    26.388 r  clock_40mhz/inst/clkin1_ibufg/O
                         net (fo=1, routed)           1.162    27.550    clock_40mhz/inst/clk_in1_sys_pll
    MMCME2_ADV_X1Y0      MMCME2_ADV (Prop_mmcme2_adv_CLKIN1_CLKOUT0)
                                                     -7.217    20.332 r  clock_40mhz/inst/mmcm_adv_inst/CLKOUT0
                         net (fo=1, routed)           1.581    21.914    clock_40mhz/inst/clk_out1_sys_pll
    BUFGCTRL_X0Y0        BUFG (Prop_bufg_I_O)         0.091    22.005 r  clock_40mhz/inst/clkout1_buf/O
                         net (fo=8, routed)           1.451    23.456    my_baud_rate_generator/clk_out1
    SLICE_X48Y43         FDRE                                         r  my_baud_rate_generator/counterTick_reg[1]/C
                         clock pessimism              0.603    24.058    
                         clock uncertainty           -0.087    23.971    
    SLICE_X48Y43         FDRE (Setup_fdre_C_R)       -0.429    23.542    my_baud_rate_generator/counterTick_reg[1]
  -------------------------------------------------------------------
                         required time                         23.542    
                         arrival time                          -1.223    
  -------------------------------------------------------------------
                         slack                                 22.320    

Slack (MET) :             22.320ns  (required time - arrival time)
  Source:                 my_baud_rate_generator/counterTick_reg[3]/C
                            (rising edge-triggered cell FDRE clocked by clk_out1_sys_pll  {rise@0.000ns fall@12.500ns period=25.000ns})
  Destination:            my_baud_rate_generator/counterTick_reg[2]/R
                            (rising edge-triggered cell FDRE clocked by clk_out1_sys_pll  {rise@0.000ns fall@12.500ns period=25.000ns})
  Path Group:             clk_out1_sys_pll
  Path Type:              Setup (Max at Slow Process Corner)
  Requirement:            25.000ns  (clk_out1_sys_pll rise@25.000ns - clk_out1_sys_pll rise@0.000ns)
  Data Path Delay:        2.164ns  (logic 0.704ns (32.531%)  route 1.460ns (67.469%))
  Logic Levels:           2  (LUT4=1 LUT5=1)
  Clock Path Skew:        0.000ns (DCD - SCD + CPR)
    Destination Clock Delay (DCD):    -1.544ns = ( 23.456 - 25.000 ) 
    Source Clock Delay      (SCD):    -0.942ns
    Clock Pessimism Removal (CPR):    0.603ns
  Clock Uncertainty:      0.087ns  ((TSJ^2 + DJ^2)^1/2) / 2 + PE
    Total System Jitter     (TSJ):    0.071ns
    Discrete Jitter          (DJ):    0.159ns
    Phase Error              (PE):    0.000ns

    Location             Delay type                Incr(ns)  Path(ns)    Netlist Resource(s)
  -------------------------------------------------------------------    -------------------
                         (clock clk_out1_sys_pll rise edge)
                                                      0.000     0.000 r  
    W5                                                0.000     0.000 r  sys_clk (IN)
                         net (fo=0)                   0.000     0.000    clock_40mhz/inst/clk_in1
    W5                   IBUF (Prop_ibuf_I_O)         1.458     1.458 r  clock_40mhz/inst/clkin1_ibufg/O
                         net (fo=1, routed)           1.233     2.691    clock_40mhz/inst/clk_in1_sys_pll
    MMCME2_ADV_X1Y0      MMCME2_ADV (Prop_mmcme2_adv_CLKIN1_CLKOUT0)
                                                     -6.961    -4.269 r  clock_40mhz/inst/mmcm_adv_inst/CLKOUT0
                         net (fo=1, routed)           1.661    -2.608    clock_40mhz/inst/clk_out1_sys_pll
    BUFGCTRL_X0Y0        BUFG (Prop_bufg_I_O)         0.096    -2.512 r  clock_40mhz/inst/clkout1_buf/O
                         net (fo=8, routed)           1.570    -0.942    my_baud_rate_generator/clk_out1
    SLICE_X48Y43         FDRE                                         r  my_baud_rate_generator/counterTick_reg[3]/C
  -------------------------------------------------------------------    -------------------
    SLICE_X48Y43         FDRE (Prop_fdre_C_Q)         0.456    -0.486 f  my_baud_rate_generator/counterTick_reg[3]/Q
                         net (fo=2, routed)           0.680     0.195    my_baud_rate_generator/counterTick_reg[3]
    SLICE_X49Y43         LUT4 (Prop_lut4_I3_O)        0.124     0.319 f  my_baud_rate_generator/counterTick[0]_i_3/O
                         net (fo=2, routed)           0.415     0.734    my_baud_rate_generator/counterTick[0]_i_3_n_0
    SLICE_X49Y44         LUT5 (Prop_lut5_I0_O)        0.124     0.858 r  my_baud_rate_generator/counterTick[0]_i_1/O
                         net (fo=7, routed)           0.365     1.223    my_baud_rate_generator/counterTick[0]_i_1_n_0
    SLICE_X48Y43         FDRE                                         r  my_baud_rate_generator/counterTick_reg[2]/R
  -------------------------------------------------------------------    -------------------

                         (clock clk_out1_sys_pll rise edge)
                                                     25.000    25.000 r  
    W5                                                0.000    25.000 r  sys_clk (IN)
                         net (fo=0)                   0.000    25.000    clock_40mhz/inst/clk_in1
    W5                   IBUF (Prop_ibuf_I_O)         1.388    26.388 r  clock_40mhz/inst/clkin1_ibufg/O
                         net (fo=1, routed)           1.162    27.550    clock_40mhz/inst/clk_in1_sys_pll
    MMCME2_ADV_X1Y0      MMCME2_ADV (Prop_mmcme2_adv_CLKIN1_CLKOUT0)
                                                     -7.217    20.332 r  clock_40mhz/inst/mmcm_adv_inst/CLKOUT0
                         net (fo=1, routed)           1.581    21.914    clock_40mhz/inst/clk_out1_sys_pll
    BUFGCTRL_X0Y0        BUFG (Prop_bufg_I_O)         0.091    22.005 r  clock_40mhz/inst/clkout1_buf/O
                         net (fo=8, routed)           1.451    23.456    my_baud_rate_generator/clk_out1
    SLICE_X48Y43         FDRE                                         r  my_baud_rate_generator/counterTick_reg[2]/C
                         clock pessimism              0.603    24.058    
                         clock uncertainty           -0.087    23.971    
    SLICE_X48Y43         FDRE (Setup_fdre_C_R)       -0.429    23.542    my_baud_rate_generator/counterTick_reg[2]
  -------------------------------------------------------------------
                         required time                         23.542    
                         arrival time                          -1.223    
  -------------------------------------------------------------------
                         slack                                 22.320    

Slack (MET) :             22.320ns  (required time - arrival time)
  Source:                 my_baud_rate_generator/counterTick_reg[3]/C
                            (rising edge-triggered cell FDRE clocked by clk_out1_sys_pll  {rise@0.000ns fall@12.500ns period=25.000ns})
  Destination:            my_baud_rate_generator/counterTick_reg[3]/R
                            (rising edge-triggered cell FDRE clocked by clk_out1_sys_pll  {rise@0.000ns fall@12.500ns period=25.000ns})
  Path Group:             clk_out1_sys_pll
  Path Type:              Setup (Max at Slow Process Corner)
  Requirement:            25.000ns  (clk_out1_sys_pll rise@25.000ns - clk_out1_sys_pll rise@0.000ns)
  Data Path Delay:        2.164ns  (logic 0.704ns (32.531%)  route 1.460ns (67.469%))
  Logic Levels:           2  (LUT4=1 LUT5=1)
  Clock Path Skew:        0.000ns (DCD - SCD + CPR)
    Destination Clock Delay (DCD):    -1.544ns = ( 23.456 - 25.000 ) 
    Source Clock Delay      (SCD):    -0.942ns
    Clock Pessimism Removal (CPR):    0.603ns
  Clock Uncertainty:      0.087ns  ((TSJ^2 + DJ^2)^1/2) / 2 + PE
    Total System Jitter     (TSJ):    0.071ns
    Discrete Jitter          (DJ):    0.159ns
    Phase Error              (PE):    0.000ns

    Location             Delay type                Incr(ns)  Path(ns)    Netlist Resource(s)
  -------------------------------------------------------------------    -------------------
                         (clock clk_out1_sys_pll rise edge)
                                                      0.000     0.000 r  
    W5                                                0.000     0.000 r  sys_clk (IN)
                         net (fo=0)                   0.000     0.000    clock_40mhz/inst/clk_in1
    W5                   IBUF (Prop_ibuf_I_O)         1.458     1.458 r  clock_40mhz/inst/clkin1_ibufg/O
                         net (fo=1, routed)           1.233     2.691    clock_40mhz/inst/clk_in1_sys_pll
    MMCME2_ADV_X1Y0      MMCME2_ADV (Prop_mmcme2_adv_CLKIN1_CLKOUT0)
                                                     -6.961    -4.269 r  clock_40mhz/inst/mmcm_adv_inst/CLKOUT0
                         net (fo=1, routed)           1.661    -2.608    clock_40mhz/inst/clk_out1_sys_pll
    BUFGCTRL_X0Y0        BUFG (Prop_bufg_I_O)         0.096    -2.512 r  clock_40mhz/inst/clkout1_buf/O
                         net (fo=8, routed)           1.570    -0.942    my_baud_rate_generator/clk_out1
    SLICE_X48Y43         FDRE                                         r  my_baud_rate_generator/counterTick_reg[3]/C
  -------------------------------------------------------------------    -------------------
    SLICE_X48Y43         FDRE (Prop_fdre_C_Q)         0.456    -0.486 f  my_baud_rate_generator/counterTick_reg[3]/Q
                         net (fo=2, routed)           0.680     0.195    my_baud_rate_generator/counterTick_reg[3]
    SLICE_X49Y43         LUT4 (Prop_lut4_I3_O)        0.124     0.319 f  my_baud_rate_generator/counterTick[0]_i_3/O
                         net (fo=2, routed)           0.415     0.734    my_baud_rate_generator/counterTick[0]_i_3_n_0
    SLICE_X49Y44         LUT5 (Prop_lut5_I0_O)        0.124     0.858 r  my_baud_rate_generator/counterTick[0]_i_1/O
                         net (fo=7, routed)           0.365     1.223    my_baud_rate_generator/counterTick[0]_i_1_n_0
    SLICE_X48Y43         FDRE                                         r  my_baud_rate_generator/counterTick_reg[3]/R
  -------------------------------------------------------------------    -------------------

                         (clock clk_out1_sys_pll rise edge)
                                                     25.000    25.000 r  
    W5                                                0.000    25.000 r  sys_clk (IN)
                         net (fo=0)                   0.000    25.000    clock_40mhz/inst/clk_in1
    W5                   IBUF (Prop_ibuf_I_O)         1.388    26.388 r  clock_40mhz/inst/clkin1_ibufg/O
                         net (fo=1, routed)           1.162    27.550    clock_40mhz/inst/clk_in1_sys_pll
    MMCME2_ADV_X1Y0      MMCME2_ADV (Prop_mmcme2_adv_CLKIN1_CLKOUT0)
                                                     -7.217    20.332 r  clock_40mhz/inst/mmcm_adv_inst/CLKOUT0
                         net (fo=1, routed)           1.581    21.914    clock_40mhz/inst/clk_out1_sys_pll
    BUFGCTRL_X0Y0        BUFG (Prop_bufg_I_O)         0.091    22.005 r  clock_40mhz/inst/clkout1_buf/O
                         net (fo=8, routed)           1.451    23.456    my_baud_rate_generator/clk_out1
    SLICE_X48Y43         FDRE                                         r  my_baud_rate_generator/counterTick_reg[3]/C
                         clock pessimism              0.603    24.058    
                         clock uncertainty           -0.087    23.971    
    SLICE_X48Y43         FDRE (Setup_fdre_C_R)       -0.429    23.542    my_baud_rate_generator/counterTick_reg[3]
  -------------------------------------------------------------------
                         required time                         23.542    
                         arrival time                          -1.223    
  -------------------------------------------------------------------
                         slack                                 22.320    

Slack (MET) :             22.936ns  (required time - arrival time)
  Source:                 my_baud_rate_generator/counterTick_reg[1]/C
                            (rising edge-triggered cell FDRE clocked by clk_out1_sys_pll  {rise@0.000ns fall@12.500ns period=25.000ns})
  Destination:            my_baud_rate_generator/counterTick_reg[5]/D
                            (rising edge-triggered cell FDRE clocked by clk_out1_sys_pll  {rise@0.000ns fall@12.500ns period=25.000ns})
  Path Group:             clk_out1_sys_pll
  Path Type:              Setup (Max at Slow Process Corner)
  Requirement:            25.000ns  (clk_out1_sys_pll rise@25.000ns - clk_out1_sys_pll rise@0.000ns)
  Data Path Delay:        2.014ns  (logic 1.464ns (72.693%)  route 0.550ns (27.307%))
  Logic Levels:           2  (CARRY4=2)
  Clock Path Skew:        -0.025ns (DCD - SCD + CPR)
    Destination Clock Delay (DCD):    -1.544ns = ( 23.456 - 25.000 ) 
    Source Clock Delay      (SCD):    -0.942ns
    Clock Pessimism Removal (CPR):    0.578ns
  Clock Uncertainty:      0.087ns  ((TSJ^2 + DJ^2)^1/2) / 2 + PE
    Total System Jitter     (TSJ):    0.071ns
    Discrete Jitter          (DJ):    0.159ns
    Phase Error              (PE):    0.000ns

    Location             Delay type                Incr(ns)  Path(ns)    Netlist Resource(s)
  -------------------------------------------------------------------    -------------------
                         (clock clk_out1_sys_pll rise edge)
                                                      0.000     0.000 r  
    W5                                                0.000     0.000 r  sys_clk (IN)
                         net (fo=0)                   0.000     0.000    clock_40mhz/inst/clk_in1
    W5                   IBUF (Prop_ibuf_I_O)         1.458     1.458 r  clock_40mhz/inst/clkin1_ibufg/O
                         net (fo=1, routed)           1.233     2.691    clock_40mhz/inst/clk_in1_sys_pll
    MMCME2_ADV_X1Y0      MMCME2_ADV (Prop_mmcme2_adv_CLKIN1_CLKOUT0)
                                                     -6.961    -4.269 r  clock_40mhz/inst/mmcm_adv_inst/CLKOUT0
                         net (fo=1, routed)           1.661    -2.608    clock_40mhz/inst/clk_out1_sys_pll
    BUFGCTRL_X0Y0        BUFG (Prop_bufg_I_O)         0.096    -2.512 r  clock_40mhz/inst/clkout1_buf/O
                         net (fo=8, routed)           1.570    -0.942    my_baud_rate_generator/clk_out1
    SLICE_X48Y43         FDRE                                         r  my_baud_rate_generator/counterTick_reg[1]/C
  -------------------------------------------------------------------    -------------------
    SLICE_X48Y43         FDRE (Prop_fdre_C_Q)         0.456    -0.486 r  my_baud_rate_generator/counterTick_reg[1]/Q
                         net (fo=2, routed)           0.550     0.064    my_baud_rate_generator/counterTick_reg[1]
    SLICE_X48Y43         CARRY4 (Prop_carry4_S[1]_CO[3])
                                                      0.674     0.738 r  my_baud_rate_generator/counterTick_reg[0]_i_2/CO[3]
                         net (fo=1, routed)           0.000     0.738    my_baud_rate_generator/counterTick_reg[0]_i_2_n_0
    SLICE_X48Y44         CARRY4 (Prop_carry4_CI_O[1])
                                                      0.334     1.072 r  my_baud_rate_generator/counterTick_reg[4]_i_1/O[1]
                         net (fo=1, routed)           0.000     1.072    my_baud_rate_generator/counterTick_reg[4]_i_1_n_6
    SLICE_X48Y44         FDRE                                         r  my_baud_rate_generator/counterTick_reg[5]/D
  -------------------------------------------------------------------    -------------------

                         (clock clk_out1_sys_pll rise edge)
                                                     25.000    25.000 r  
    W5                                                0.000    25.000 r  sys_clk (IN)
                         net (fo=0)                   0.000    25.000    clock_40mhz/inst/clk_in1
    W5                   IBUF (Prop_ibuf_I_O)         1.388    26.388 r  clock_40mhz/inst/clkin1_ibufg/O
                         net (fo=1, routed)           1.162    27.550    clock_40mhz/inst/clk_in1_sys_pll
    MMCME2_ADV_X1Y0      MMCME2_ADV (Prop_mmcme2_adv_CLKIN1_CLKOUT0)
                                                     -7.217    20.332 r  clock_40mhz/inst/mmcm_adv_inst/CLKOUT0
                         net (fo=1, routed)           1.581    21.914    clock_40mhz/inst/clk_out1_sys_pll
    BUFGCTRL_X0Y0        BUFG (Prop_bufg_I_O)         0.091    22.005 r  clock_40mhz/inst/clkout1_buf/O
                         net (fo=8, routed)           1.451    23.456    my_baud_rate_generator/clk_out1
    SLICE_X48Y44         FDRE                                         r  my_baud_rate_generator/counterTick_reg[5]/C
                         clock pessimism              0.578    24.033    
                         clock uncertainty           -0.087    23.946    
    SLICE_X48Y44         FDRE (Setup_fdre_C_D)        0.062    24.008    my_baud_rate_generator/counterTick_reg[5]
  -------------------------------------------------------------------
                         required time                         24.008    
                         arrival time                          -1.072    
  -------------------------------------------------------------------
                         slack                                 22.936    

Slack (MET) :             23.031ns  (required time - arrival time)
  Source:                 my_baud_rate_generator/counterTick_reg[1]/C
                            (rising edge-triggered cell FDRE clocked by clk_out1_sys_pll  {rise@0.000ns fall@12.500ns period=25.000ns})
  Destination:            my_baud_rate_generator/counterTick_reg[6]/D
                            (rising edge-triggered cell FDRE clocked by clk_out1_sys_pll  {rise@0.000ns fall@12.500ns period=25.000ns})
  Path Group:             clk_out1_sys_pll
  Path Type:              Setup (Max at Slow Process Corner)
  Requirement:            25.000ns  (clk_out1_sys_pll rise@25.000ns - clk_out1_sys_pll rise@0.000ns)
  Data Path Delay:        1.919ns  (logic 1.369ns (71.341%)  route 0.550ns (28.659%))
  Logic Levels:           2  (CARRY4=2)
  Clock Path Skew:        -0.025ns (DCD - SCD + CPR)
    Destination Clock Delay (DCD):    -1.544ns = ( 23.456 - 25.000 ) 
    Source Clock Delay      (SCD):    -0.942ns
    Clock Pessimism Removal (CPR):    0.578ns
  Clock Uncertainty:      0.087ns  ((TSJ^2 + DJ^2)^1/2) / 2 + PE
    Total System Jitter     (TSJ):    0.071ns
    Discrete Jitter          (DJ):    0.159ns
    Phase Error              (PE):    0.000ns

    Location             Delay type                Incr(ns)  Path(ns)    Netlist Resource(s)
  -------------------------------------------------------------------    -------------------
                         (clock clk_out1_sys_pll rise edge)
                                                      0.000     0.000 r  
    W5                                                0.000     0.000 r  sys_clk (IN)
                         net (fo=0)                   0.000     0.000    clock_40mhz/inst/clk_in1
    W5                   IBUF (Prop_ibuf_I_O)         1.458     1.458 r  clock_40mhz/inst/clkin1_ibufg/O
                         net (fo=1, routed)           1.233     2.691    clock_40mhz/inst/clk_in1_sys_pll
    MMCME2_ADV_X1Y0      MMCME2_ADV (Prop_mmcme2_adv_CLKIN1_CLKOUT0)
                                                     -6.961    -4.269 r  clock_40mhz/inst/mmcm_adv_inst/CLKOUT0
                         net (fo=1, routed)           1.661    -2.608    clock_40mhz/inst/clk_out1_sys_pll
    BUFGCTRL_X0Y0        BUFG (Prop_bufg_I_O)         0.096    -2.512 r  clock_40mhz/inst/clkout1_buf/O
                         net (fo=8, routed)           1.570    -0.942    my_baud_rate_generator/clk_out1
    SLICE_X48Y43         FDRE                                         r  my_baud_rate_generator/counterTick_reg[1]/C
  -------------------------------------------------------------------    -------------------
    SLICE_X48Y43         FDRE (Prop_fdre_C_Q)         0.456    -0.486 r  my_baud_rate_generator/counterTick_reg[1]/Q
                         net (fo=2, routed)           0.550     0.064    my_baud_rate_generator/counterTick_reg[1]
    SLICE_X48Y43         CARRY4 (Prop_carry4_S[1]_CO[3])
                                                      0.674     0.738 r  my_baud_rate_generator/counterTick_reg[0]_i_2/CO[3]
                         net (fo=1, routed)           0.000     0.738    my_baud_rate_generator/counterTick_reg[0]_i_2_n_0
    SLICE_X48Y44         CARRY4 (Prop_carry4_CI_O[2])
                                                      0.239     0.977 r  my_baud_rate_generator/counterTick_reg[4]_i_1/O[2]
                         net (fo=1, routed)           0.000     0.977    my_baud_rate_generator/counterTick_reg[4]_i_1_n_5
    SLICE_X48Y44         FDRE                                         r  my_baud_rate_generator/counterTick_reg[6]/D
  -------------------------------------------------------------------    -------------------

                         (clock clk_out1_sys_pll rise edge)
                                                     25.000    25.000 r  
    W5                                                0.000    25.000 r  sys_clk (IN)
                         net (fo=0)                   0.000    25.000    clock_40mhz/inst/clk_in1
    W5                   IBUF (Prop_ibuf_I_O)         1.388    26.388 r  clock_40mhz/inst/clkin1_ibufg/O
                         net (fo=1, routed)           1.162    27.550    clock_40mhz/inst/clk_in1_sys_pll
    MMCME2_ADV_X1Y0      MMCME2_ADV (Prop_mmcme2_adv_CLKIN1_CLKOUT0)
                                                     -7.217    20.332 r  clock_40mhz/inst/mmcm_adv_inst/CLKOUT0
                         net (fo=1, routed)           1.581    21.914    clock_40mhz/inst/clk_out1_sys_pll
    BUFGCTRL_X0Y0        BUFG (Prop_bufg_I_O)         0.091    22.005 r  clock_40mhz/inst/clkout1_buf/O
                         net (fo=8, routed)           1.451    23.456    my_baud_rate_generator/clk_out1
    SLICE_X48Y44         FDRE                                         r  my_baud_rate_generator/counterTick_reg[6]/C
                         clock pessimism              0.578    24.033    
                         clock uncertainty           -0.087    23.946    
    SLICE_X48Y44         FDRE (Setup_fdre_C_D)        0.062    24.008    my_baud_rate_generator/counterTick_reg[6]
  -------------------------------------------------------------------
                         required time                         24.008    
                         arrival time                          -0.977    
  -------------------------------------------------------------------
                         slack                                 23.031    

Slack (MET) :             23.047ns  (required time - arrival time)
  Source:                 my_baud_rate_generator/counterTick_reg[1]/C
                            (rising edge-triggered cell FDRE clocked by clk_out1_sys_pll  {rise@0.000ns fall@12.500ns period=25.000ns})
  Destination:            my_baud_rate_generator/counterTick_reg[4]/D
                            (rising edge-triggered cell FDRE clocked by clk_out1_sys_pll  {rise@0.000ns fall@12.500ns period=25.000ns})
  Path Group:             clk_out1_sys_pll
  Path Type:              Setup (Max at Slow Process Corner)
  Requirement:            25.000ns  (clk_out1_sys_pll rise@25.000ns - clk_out1_sys_pll rise@0.000ns)
  Data Path Delay:        1.903ns  (logic 1.353ns (71.100%)  route 0.550ns (28.900%))
  Logic Levels:           2  (CARRY4=2)
  Clock Path Skew:        -0.025ns (DCD - SCD + CPR)
    Destination Clock Delay (DCD):    -1.544ns = ( 23.456 - 25.000 ) 
    Source Clock Delay      (SCD):    -0.942ns
    Clock Pessimism Removal (CPR):    0.578ns
  Clock Uncertainty:      0.087ns  ((TSJ^2 + DJ^2)^1/2) / 2 + PE
    Total System Jitter     (TSJ):    0.071ns
    Discrete Jitter          (DJ):    0.159ns
    Phase Error              (PE):    0.000ns

    Location             Delay type                Incr(ns)  Path(ns)    Netlist Resource(s)
  -------------------------------------------------------------------    -------------------
                         (clock clk_out1_sys_pll rise edge)
                                                      0.000     0.000 r  
    W5                                                0.000     0.000 r  sys_clk (IN)
                         net (fo=0)                   0.000     0.000    clock_40mhz/inst/clk_in1
    W5                   IBUF (Prop_ibuf_I_O)         1.458     1.458 r  clock_40mhz/inst/clkin1_ibufg/O
                         net (fo=1, routed)           1.233     2.691    clock_40mhz/inst/clk_in1_sys_pll
    MMCME2_ADV_X1Y0      MMCME2_ADV (Prop_mmcme2_adv_CLKIN1_CLKOUT0)
                                                     -6.961    -4.269 r  clock_40mhz/inst/mmcm_adv_inst/CLKOUT0
                         net (fo=1, routed)           1.661    -2.608    clock_40mhz/inst/clk_out1_sys_pll
    BUFGCTRL_X0Y0        BUFG (Prop_bufg_I_O)         0.096    -2.512 r  clock_40mhz/inst/clkout1_buf/O
                         net (fo=8, routed)           1.570    -0.942    my_baud_rate_generator/clk_out1
    SLICE_X48Y43         FDRE                                         r  my_baud_rate_generator/counterTick_reg[1]/C
  -------------------------------------------------------------------    -------------------
    SLICE_X48Y43         FDRE (Prop_fdre_C_Q)         0.456    -0.486 r  my_baud_rate_generator/counterTick_reg[1]/Q
                         net (fo=2, routed)           0.550     0.064    my_baud_rate_generator/counterTick_reg[1]
    SLICE_X48Y43         CARRY4 (Prop_carry4_S[1]_CO[3])
                                                      0.674     0.738 r  my_baud_rate_generator/counterTick_reg[0]_i_2/CO[3]
                         net (fo=1, routed)           0.000     0.738    my_baud_rate_generator/counterTick_reg[0]_i_2_n_0
    SLICE_X48Y44         CARRY4 (Prop_carry4_CI_O[0])
                                                      0.223     0.961 r  my_baud_rate_generator/counterTick_reg[4]_i_1/O[0]
                         net (fo=1, routed)           0.000     0.961    my_baud_rate_generator/counterTick_reg[4]_i_1_n_7
    SLICE_X48Y44         FDRE                                         r  my_baud_rate_generator/counterTick_reg[4]/D
  -------------------------------------------------------------------    -------------------

                         (clock clk_out1_sys_pll rise edge)
                                                     25.000    25.000 r  
    W5                                                0.000    25.000 r  sys_clk (IN)
                         net (fo=0)                   0.000    25.000    clock_40mhz/inst/clk_in1
    W5                   IBUF (Prop_ibuf_I_O)         1.388    26.388 r  clock_40mhz/inst/clkin1_ibufg/O
                         net (fo=1, routed)           1.162    27.550    clock_40mhz/inst/clk_in1_sys_pll
    MMCME2_ADV_X1Y0      MMCME2_ADV (Prop_mmcme2_adv_CLKIN1_CLKOUT0)
                                                     -7.217    20.332 r  clock_40mhz/inst/mmcm_adv_inst/CLKOUT0
                         net (fo=1, routed)           1.581    21.914    clock_40mhz/inst/clk_out1_sys_pll
    BUFGCTRL_X0Y0        BUFG (Prop_bufg_I_O)         0.091    22.005 r  clock_40mhz/inst/clkout1_buf/O
                         net (fo=8, routed)           1.451    23.456    my_baud_rate_generator/clk_out1
    SLICE_X48Y44         FDRE                                         r  my_baud_rate_generator/counterTick_reg[4]/C
                         clock pessimism              0.578    24.033    
                         clock uncertainty           -0.087    23.946    
    SLICE_X48Y44         FDRE (Setup_fdre_C_D)        0.062    24.008    my_baud_rate_generator/counterTick_reg[4]
  -------------------------------------------------------------------
                         required time                         24.008    
                         arrival time                          -0.961    
  -------------------------------------------------------------------
                         slack                                 23.047    





Min Delay Paths
--------------------------------------------------------------------------------------
Slack (MET) :             0.281ns  (arrival time - required time)
  Source:                 my_baud_rate_generator/counterTick_reg[2]/C
                            (rising edge-triggered cell FDRE clocked by clk_out1_sys_pll  {rise@0.000ns fall@12.500ns period=25.000ns})
  Destination:            my_baud_rate_generator/counterTick_reg[2]/D
                            (rising edge-triggered cell FDRE clocked by clk_out1_sys_pll  {rise@0.000ns fall@12.500ns period=25.000ns})
  Path Group:             clk_out1_sys_pll
  Path Type:              Hold (Min at Fast Process Corner)
  Requirement:            0.000ns  (clk_out1_sys_pll rise@0.000ns - clk_out1_sys_pll rise@0.000ns)
  Data Path Delay:        0.386ns  (logic 0.252ns (65.354%)  route 0.134ns (34.646%))
  Logic Levels:           1  (CARRY4=1)
  Clock Path Skew:        0.000ns (DCD - SCD - CPR)
    Destination Clock Delay (DCD):    -0.854ns
    Source Clock Delay      (SCD):    -0.615ns
    Clock Pessimism Removal (CPR):    -0.238ns

    Location             Delay type                Incr(ns)  Path(ns)    Netlist Resource(s)
  -------------------------------------------------------------------    -------------------
                         (clock clk_out1_sys_pll rise edge)
                                                      0.000     0.000 r  
    W5                                                0.000     0.000 r  sys_clk (IN)
                         net (fo=0)                   0.000     0.000    clock_40mhz/inst/clk_in1
    W5                   IBUF (Prop_ibuf_I_O)         0.226     0.226 r  clock_40mhz/inst/clkin1_ibufg/O
                         net (fo=1, routed)           0.440     0.667    clock_40mhz/inst/clk_in1_sys_pll
    MMCME2_ADV_X1Y0      MMCME2_ADV (Prop_mmcme2_adv_CLKIN1_CLKOUT0)
                                                     -2.360    -1.693 r  clock_40mhz/inst/mmcm_adv_inst/CLKOUT0
                         net (fo=1, routed)           0.486    -1.207    clock_40mhz/inst/clk_out1_sys_pll
    BUFGCTRL_X0Y0        BUFG (Prop_bufg_I_O)         0.026    -1.181 r  clock_40mhz/inst/clkout1_buf/O
                         net (fo=8, routed)           0.566    -0.615    my_baud_rate_generator/clk_out1
    SLICE_X48Y43         FDRE                                         r  my_baud_rate_generator/counterTick_reg[2]/C
  -------------------------------------------------------------------    -------------------
    SLICE_X48Y43         FDRE (Prop_fdre_C_Q)         0.141    -0.474 r  my_baud_rate_generator/counterTick_reg[2]/Q
                         net (fo=3, routed)           0.134    -0.341    my_baud_rate_generator/counterTick_reg[2]
    SLICE_X48Y43         CARRY4 (Prop_carry4_S[2]_O[2])
                                                      0.111    -0.230 r  my_baud_rate_generator/counterTick_reg[0]_i_2/O[2]
                         net (fo=1, routed)           0.000    -0.230    my_baud_rate_generator/counterTick_reg[0]_i_2_n_5
    SLICE_X48Y43         FDRE                                         r  my_baud_rate_generator/counterTick_reg[2]/D
  -------------------------------------------------------------------    -------------------

                         (clock clk_out1_sys_pll rise edge)
                                                      0.000     0.000 r  
    W5                                                0.000     0.000 r  sys_clk (IN)
                         net (fo=0)                   0.000     0.000    clock_40mhz/inst/clk_in1
    W5                   IBUF (Prop_ibuf_I_O)         0.414     0.414 r  clock_40mhz/inst/clkin1_ibufg/O
                         net (fo=1, routed)           0.480     0.894    clock_40mhz/inst/clk_in1_sys_pll
    MMCME2_ADV_X1Y0      MMCME2_ADV (Prop_mmcme2_adv_CLKIN1_CLKOUT0)
                                                     -3.142    -2.248 r  clock_40mhz/inst/mmcm_adv_inst/CLKOUT0
                         net (fo=1, routed)           0.530    -1.718    clock_40mhz/inst/clk_out1_sys_pll
    BUFGCTRL_X0Y0        BUFG (Prop_bufg_I_O)         0.029    -1.689 r  clock_40mhz/inst/clkout1_buf/O
                         net (fo=8, routed)           0.836    -0.854    my_baud_rate_generator/clk_out1
    SLICE_X48Y43         FDRE                                         r  my_baud_rate_generator/counterTick_reg[2]/C
                         clock pessimism              0.238    -0.615    
    SLICE_X48Y43         FDRE (Hold_fdre_C_D)         0.105    -0.510    my_baud_rate_generator/counterTick_reg[2]
  -------------------------------------------------------------------
                         required time                          0.510    
                         arrival time                          -0.230    
  -------------------------------------------------------------------
                         slack                                  0.281    

Slack (MET) :             0.281ns  (arrival time - required time)
  Source:                 my_baud_rate_generator/counterTick_reg[6]/C
                            (rising edge-triggered cell FDRE clocked by clk_out1_sys_pll  {rise@0.000ns fall@12.500ns period=25.000ns})
  Destination:            my_baud_rate_generator/counterTick_reg[6]/D
                            (rising edge-triggered cell FDRE clocked by clk_out1_sys_pll  {rise@0.000ns fall@12.500ns period=25.000ns})
  Path Group:             clk_out1_sys_pll
  Path Type:              Hold (Min at Fast Process Corner)
  Requirement:            0.000ns  (clk_out1_sys_pll rise@0.000ns - clk_out1_sys_pll rise@0.000ns)
  Data Path Delay:        0.386ns  (logic 0.252ns (65.354%)  route 0.134ns (34.646%))
  Logic Levels:           1  (CARRY4=1)
  Clock Path Skew:        0.000ns (DCD - SCD - CPR)
    Destination Clock Delay (DCD):    -0.854ns
    Source Clock Delay      (SCD):    -0.615ns
    Clock Pessimism Removal (CPR):    -0.238ns

    Location             Delay type                Incr(ns)  Path(ns)    Netlist Resource(s)
  -------------------------------------------------------------------    -------------------
                         (clock clk_out1_sys_pll rise edge)
                                                      0.000     0.000 r  
    W5                                                0.000     0.000 r  sys_clk (IN)
                         net (fo=0)                   0.000     0.000    clock_40mhz/inst/clk_in1
    W5                   IBUF (Prop_ibuf_I_O)         0.226     0.226 r  clock_40mhz/inst/clkin1_ibufg/O
                         net (fo=1, routed)           0.440     0.667    clock_40mhz/inst/clk_in1_sys_pll
    MMCME2_ADV_X1Y0      MMCME2_ADV (Prop_mmcme2_adv_CLKIN1_CLKOUT0)
                                                     -2.360    -1.693 r  clock_40mhz/inst/mmcm_adv_inst/CLKOUT0
                         net (fo=1, routed)           0.486    -1.207    clock_40mhz/inst/clk_out1_sys_pll
    BUFGCTRL_X0Y0        BUFG (Prop_bufg_I_O)         0.026    -1.181 r  clock_40mhz/inst/clkout1_buf/O
                         net (fo=8, routed)           0.566    -0.615    my_baud_rate_generator/clk_out1
    SLICE_X48Y44         FDRE                                         r  my_baud_rate_generator/counterTick_reg[6]/C
  -------------------------------------------------------------------    -------------------
    SLICE_X48Y44         FDRE (Prop_fdre_C_Q)         0.141    -0.474 r  my_baud_rate_generator/counterTick_reg[6]/Q
                         net (fo=2, routed)           0.134    -0.341    my_baud_rate_generator/counterTick_reg[6]
    SLICE_X48Y44         CARRY4 (Prop_carry4_S[2]_O[2])
                                                      0.111    -0.230 r  my_baud_rate_generator/counterTick_reg[4]_i_1/O[2]
                         net (fo=1, routed)           0.000    -0.230    my_baud_rate_generator/counterTick_reg[4]_i_1_n_5
    SLICE_X48Y44         FDRE                                         r  my_baud_rate_generator/counterTick_reg[6]/D
  -------------------------------------------------------------------    -------------------

                         (clock clk_out1_sys_pll rise edge)
                                                      0.000     0.000 r  
    W5                                                0.000     0.000 r  sys_clk (IN)
                         net (fo=0)                   0.000     0.000    clock_40mhz/inst/clk_in1
    W5                   IBUF (Prop_ibuf_I_O)         0.414     0.414 r  clock_40mhz/inst/clkin1_ibufg/O
                         net (fo=1, routed)           0.480     0.894    clock_40mhz/inst/clk_in1_sys_pll
    MMCME2_ADV_X1Y0      MMCME2_ADV (Prop_mmcme2_adv_CLKIN1_CLKOUT0)
                                                     -3.142    -2.248 r  clock_40mhz/inst/mmcm_adv_inst/CLKOUT0
                         net (fo=1, routed)           0.530    -1.718    clock_40mhz/inst/clk_out1_sys_pll
    BUFGCTRL_X0Y0        BUFG (Prop_bufg_I_O)         0.029    -1.689 r  clock_40mhz/inst/clkout1_buf/O
                         net (fo=8, routed)           0.836    -0.854    my_baud_rate_generator/clk_out1
    SLICE_X48Y44         FDRE                                         r  my_baud_rate_generator/counterTick_reg[6]/C
                         clock pessimism              0.238    -0.615    
    SLICE_X48Y44         FDRE (Hold_fdre_C_D)         0.105    -0.510    my_baud_rate_generator/counterTick_reg[6]
  -------------------------------------------------------------------
                         required time                          0.510    
                         arrival time                          -0.230    
  -------------------------------------------------------------------
                         slack                                  0.281    

Slack (MET) :             0.291ns  (arrival time - required time)
  Source:                 my_baud_rate_generator/counterTick_reg[2]/C
                            (rising edge-triggered cell FDRE clocked by clk_out1_sys_pll  {rise@0.000ns fall@12.500ns period=25.000ns})
  Destination:            my_baud_rate_generator/sys_tick_reg_reg/D
                            (rising edge-triggered cell FDRE clocked by clk_out1_sys_pll  {rise@0.000ns fall@12.500ns period=25.000ns})
  Path Group:             clk_out1_sys_pll
  Path Type:              Hold (Min at Fast Process Corner)
  Requirement:            0.000ns  (clk_out1_sys_pll rise@0.000ns - clk_out1_sys_pll rise@0.000ns)
  Data Path Delay:        0.398ns  (logic 0.186ns (46.739%)  route 0.212ns (53.261%))
  Logic Levels:           1  (LUT6=1)
  Clock Path Skew:        0.016ns (DCD - SCD - CPR)
    Destination Clock Delay (DCD):    -0.854ns
    Source Clock Delay      (SCD):    -0.615ns
    Clock Pessimism Removal (CPR):    -0.254ns

    Location             Delay type                Incr(ns)  Path(ns)    Netlist Resource(s)
  -------------------------------------------------------------------    -------------------
                         (clock clk_out1_sys_pll rise edge)
                                                      0.000     0.000 r  
    W5                                                0.000     0.000 r  sys_clk (IN)
                         net (fo=0)                   0.000     0.000    clock_40mhz/inst/clk_in1
    W5                   IBUF (Prop_ibuf_I_O)         0.226     0.226 r  clock_40mhz/inst/clkin1_ibufg/O
                         net (fo=1, routed)           0.440     0.667    clock_40mhz/inst/clk_in1_sys_pll
    MMCME2_ADV_X1Y0      MMCME2_ADV (Prop_mmcme2_adv_CLKIN1_CLKOUT0)
                                                     -2.360    -1.693 r  clock_40mhz/inst/mmcm_adv_inst/CLKOUT0
                         net (fo=1, routed)           0.486    -1.207    clock_40mhz/inst/clk_out1_sys_pll
    BUFGCTRL_X0Y0        BUFG (Prop_bufg_I_O)         0.026    -1.181 r  clock_40mhz/inst/clkout1_buf/O
                         net (fo=8, routed)           0.566    -0.615    my_baud_rate_generator/clk_out1
    SLICE_X48Y43         FDRE                                         r  my_baud_rate_generator/counterTick_reg[2]/C
  -------------------------------------------------------------------    -------------------
    SLICE_X48Y43         FDRE (Prop_fdre_C_Q)         0.141    -0.474 f  my_baud_rate_generator/counterTick_reg[2]/Q
                         net (fo=3, routed)           0.212    -0.262    my_baud_rate_generator/counterTick_reg[2]
    SLICE_X49Y44         LUT6 (Prop_lut6_I3_O)        0.045    -0.217 r  my_baud_rate_generator/sys_tick_reg_i_1/O
                         net (fo=1, routed)           0.000    -0.217    my_baud_rate_generator/sys_tick_reg_i_1_n_0
    SLICE_X49Y44         FDRE                                         r  my_baud_rate_generator/sys_tick_reg_reg/D
  -------------------------------------------------------------------    -------------------

                         (clock clk_out1_sys_pll rise edge)
                                                      0.000     0.000 r  
    W5                                                0.000     0.000 r  sys_clk (IN)
                         net (fo=0)                   0.000     0.000    clock_40mhz/inst/clk_in1
    W5                   IBUF (Prop_ibuf_I_O)         0.414     0.414 r  clock_40mhz/inst/clkin1_ibufg/O
                         net (fo=1, routed)           0.480     0.894    clock_40mhz/inst/clk_in1_sys_pll
    MMCME2_ADV_X1Y0      MMCME2_ADV (Prop_mmcme2_adv_CLKIN1_CLKOUT0)
                                                     -3.142    -2.248 r  clock_40mhz/inst/mmcm_adv_inst/CLKOUT0
                         net (fo=1, routed)           0.530    -1.718    clock_40mhz/inst/clk_out1_sys_pll
    BUFGCTRL_X0Y0        BUFG (Prop_bufg_I_O)         0.029    -1.689 r  clock_40mhz/inst/clkout1_buf/O
                         net (fo=8, routed)           0.836    -0.854    my_baud_rate_generator/clk_out1
    SLICE_X49Y44         FDRE                                         r  my_baud_rate_generator/sys_tick_reg_reg/C
                         clock pessimism              0.254    -0.599    
    SLICE_X49Y44         FDRE (Hold_fdre_C_D)         0.091    -0.508    my_baud_rate_generator/sys_tick_reg_reg
  -------------------------------------------------------------------
                         required time                          0.508    
                         arrival time                          -0.217    
  -------------------------------------------------------------------
                         slack                                  0.291    

Slack (MET) :             0.314ns  (arrival time - required time)
  Source:                 my_baud_rate_generator/counterTick_reg[2]/C
                            (rising edge-triggered cell FDRE clocked by clk_out1_sys_pll  {rise@0.000ns fall@12.500ns period=25.000ns})
  Destination:            my_baud_rate_generator/counterTick_reg[3]/D
                            (rising edge-triggered cell FDRE clocked by clk_out1_sys_pll  {rise@0.000ns fall@12.500ns period=25.000ns})
  Path Group:             clk_out1_sys_pll
  Path Type:              Hold (Min at Fast Process Corner)
  Requirement:            0.000ns  (clk_out1_sys_pll rise@0.000ns - clk_out1_sys_pll rise@0.000ns)
  Data Path Delay:        0.419ns  (logic 0.285ns (68.085%)  route 0.134ns (31.915%))
  Logic Levels:           1  (CARRY4=1)
  Clock Path Skew:        0.000ns (DCD - SCD - CPR)
    Destination Clock Delay (DCD):    -0.854ns
    Source Clock Delay      (SCD):    -0.615ns
    Clock Pessimism Removal (CPR):    -0.238ns

    Location             Delay type                Incr(ns)  Path(ns)    Netlist Resource(s)
  -------------------------------------------------------------------    -------------------
                         (clock clk_out1_sys_pll rise edge)
                                                      0.000     0.000 r  
    W5                                                0.000     0.000 r  sys_clk (IN)
                         net (fo=0)                   0.000     0.000    clock_40mhz/inst/clk_in1
    W5                   IBUF (Prop_ibuf_I_O)         0.226     0.226 r  clock_40mhz/inst/clkin1_ibufg/O
                         net (fo=1, routed)           0.440     0.667    clock_40mhz/inst/clk_in1_sys_pll
    MMCME2_ADV_X1Y0      MMCME2_ADV (Prop_mmcme2_adv_CLKIN1_CLKOUT0)
                                                     -2.360    -1.693 r  clock_40mhz/inst/mmcm_adv_inst/CLKOUT0
                         net (fo=1, routed)           0.486    -1.207    clock_40mhz/inst/clk_out1_sys_pll
    BUFGCTRL_X0Y0        BUFG (Prop_bufg_I_O)         0.026    -1.181 r  clock_40mhz/inst/clkout1_buf/O
                         net (fo=8, routed)           0.566    -0.615    my_baud_rate_generator/clk_out1
    SLICE_X48Y43         FDRE                                         r  my_baud_rate_generator/counterTick_reg[2]/C
  -------------------------------------------------------------------    -------------------
    SLICE_X48Y43         FDRE (Prop_fdre_C_Q)         0.141    -0.474 r  my_baud_rate_generator/counterTick_reg[2]/Q
                         net (fo=3, routed)           0.134    -0.341    my_baud_rate_generator/counterTick_reg[2]
    SLICE_X48Y43         CARRY4 (Prop_carry4_S[2]_O[3])
                                                      0.144    -0.197 r  my_baud_rate_generator/counterTick_reg[0]_i_2/O[3]
                         net (fo=1, routed)           0.000    -0.197    my_baud_rate_generator/counterTick_reg[0]_i_2_n_4
    SLICE_X48Y43         FDRE                                         r  my_baud_rate_generator/counterTick_reg[3]/D
  -------------------------------------------------------------------    -------------------

                         (clock clk_out1_sys_pll rise edge)
                                                      0.000     0.000 r  
    W5                                                0.000     0.000 r  sys_clk (IN)
                         net (fo=0)                   0.000     0.000    clock_40mhz/inst/clk_in1
    W5                   IBUF (Prop_ibuf_I_O)         0.414     0.414 r  clock_40mhz/inst/clkin1_ibufg/O
                         net (fo=1, routed)           0.480     0.894    clock_40mhz/inst/clk_in1_sys_pll
    MMCME2_ADV_X1Y0      MMCME2_ADV (Prop_mmcme2_adv_CLKIN1_CLKOUT0)
                                                     -3.142    -2.248 r  clock_40mhz/inst/mmcm_adv_inst/CLKOUT0
                         net (fo=1, routed)           0.530    -1.718    clock_40mhz/inst/clk_out1_sys_pll
    BUFGCTRL_X0Y0        BUFG (Prop_bufg_I_O)         0.029    -1.689 r  clock_40mhz/inst/clkout1_buf/O
                         net (fo=8, routed)           0.836    -0.854    my_baud_rate_generator/clk_out1
    SLICE_X48Y43         FDRE                                         r  my_baud_rate_generator/counterTick_reg[3]/C
                         clock pessimism              0.238    -0.615    
    SLICE_X48Y43         FDRE (Hold_fdre_C_D)         0.105    -0.510    my_baud_rate_generator/counterTick_reg[3]
  -------------------------------------------------------------------
                         required time                          0.510    
                         arrival time                          -0.197    
  -------------------------------------------------------------------
                         slack                                  0.314    

Slack (MET) :             0.335ns  (arrival time - required time)
  Source:                 my_baud_rate_generator/counterTick_reg[0]/C
                            (rising edge-triggered cell FDRE clocked by clk_out1_sys_pll  {rise@0.000ns fall@12.500ns period=25.000ns})
  Destination:            my_baud_rate_generator/counterTick_reg[0]/D
                            (rising edge-triggered cell FDRE clocked by clk_out1_sys_pll  {rise@0.000ns fall@12.500ns period=25.000ns})
  Path Group:             clk_out1_sys_pll
  Path Type:              Hold (Min at Fast Process Corner)
  Requirement:            0.000ns  (clk_out1_sys_pll rise@0.000ns - clk_out1_sys_pll rise@0.000ns)
  Data Path Delay:        0.440ns  (logic 0.256ns (58.221%)  route 0.184ns (41.779%))
  Logic Levels:           2  (CARRY4=1 LUT1=1)
  Clock Path Skew:        0.000ns (DCD - SCD - CPR)
    Destination Clock Delay (DCD):    -0.854ns
    Source Clock Delay      (SCD):    -0.615ns
    Clock Pessimism Removal (CPR):    -0.238ns

    Location             Delay type                Incr(ns)  Path(ns)    Netlist Resource(s)
  -------------------------------------------------------------------    -------------------
                         (clock clk_out1_sys_pll rise edge)
                                                      0.000     0.000 r  
    W5                                                0.000     0.000 r  sys_clk (IN)
                         net (fo=0)                   0.000     0.000    clock_40mhz/inst/clk_in1
    W5                   IBUF (Prop_ibuf_I_O)         0.226     0.226 r  clock_40mhz/inst/clkin1_ibufg/O
                         net (fo=1, routed)           0.440     0.667    clock_40mhz/inst/clk_in1_sys_pll
    MMCME2_ADV_X1Y0      MMCME2_ADV (Prop_mmcme2_adv_CLKIN1_CLKOUT0)
                                                     -2.360    -1.693 r  clock_40mhz/inst/mmcm_adv_inst/CLKOUT0
                         net (fo=1, routed)           0.486    -1.207    clock_40mhz/inst/clk_out1_sys_pll
    BUFGCTRL_X0Y0        BUFG (Prop_bufg_I_O)         0.026    -1.181 r  clock_40mhz/inst/clkout1_buf/O
                         net (fo=8, routed)           0.566    -0.615    my_baud_rate_generator/clk_out1
    SLICE_X48Y43         FDRE                                         r  my_baud_rate_generator/counterTick_reg[0]/C
  -------------------------------------------------------------------    -------------------
    SLICE_X48Y43         FDRE (Prop_fdre_C_Q)         0.141    -0.474 f  my_baud_rate_generator/counterTick_reg[0]/Q
                         net (fo=2, routed)           0.184    -0.291    my_baud_rate_generator/counterTick_reg[0]
    SLICE_X48Y43         LUT1 (Prop_lut1_I0_O)        0.045    -0.246 r  my_baud_rate_generator/counterTick[0]_i_4/O
                         net (fo=1, routed)           0.000    -0.246    my_baud_rate_generator/counterTick[0]_i_4_n_0
    SLICE_X48Y43         CARRY4 (Prop_carry4_S[0]_O[0])
                                                      0.070    -0.176 r  my_baud_rate_generator/counterTick_reg[0]_i_2/O[0]
                         net (fo=1, routed)           0.000    -0.176    my_baud_rate_generator/counterTick_reg[0]_i_2_n_7
    SLICE_X48Y43         FDRE                                         r  my_baud_rate_generator/counterTick_reg[0]/D
  -------------------------------------------------------------------    -------------------

                         (clock clk_out1_sys_pll rise edge)
                                                      0.000     0.000 r  
    W5                                                0.000     0.000 r  sys_clk (IN)
                         net (fo=0)                   0.000     0.000    clock_40mhz/inst/clk_in1
    W5                   IBUF (Prop_ibuf_I_O)         0.414     0.414 r  clock_40mhz/inst/clkin1_ibufg/O
                         net (fo=1, routed)           0.480     0.894    clock_40mhz/inst/clk_in1_sys_pll
    MMCME2_ADV_X1Y0      MMCME2_ADV (Prop_mmcme2_adv_CLKIN1_CLKOUT0)
                                                     -3.142    -2.248 r  clock_40mhz/inst/mmcm_adv_inst/CLKOUT0
                         net (fo=1, routed)           0.530    -1.718    clock_40mhz/inst/clk_out1_sys_pll
    BUFGCTRL_X0Y0        BUFG (Prop_bufg_I_O)         0.029    -1.689 r  clock_40mhz/inst/clkout1_buf/O
                         net (fo=8, routed)           0.836    -0.854    my_baud_rate_generator/clk_out1
    SLICE_X48Y43         FDRE                                         r  my_baud_rate_generator/counterTick_reg[0]/C
                         clock pessimism              0.238    -0.615    
    SLICE_X48Y43         FDRE (Hold_fdre_C_D)         0.105    -0.510    my_baud_rate_generator/counterTick_reg[0]
  -------------------------------------------------------------------
                         required time                          0.510    
                         arrival time                          -0.176    
  -------------------------------------------------------------------
                         slack                                  0.335    

Slack (MET) :             0.337ns  (arrival time - required time)
  Source:                 my_baud_rate_generator/counterTick_reg[1]/C
                            (rising edge-triggered cell FDRE clocked by clk_out1_sys_pll  {rise@0.000ns fall@12.500ns period=25.000ns})
  Destination:            my_baud_rate_generator/counterTick_reg[1]/D
                            (rising edge-triggered cell FDRE clocked by clk_out1_sys_pll  {rise@0.000ns fall@12.500ns period=25.000ns})
  Path Group:             clk_out1_sys_pll
  Path Type:              Hold (Min at Fast Process Corner)
  Requirement:            0.000ns  (clk_out1_sys_pll rise@0.000ns - clk_out1_sys_pll rise@0.000ns)
  Data Path Delay:        0.442ns  (logic 0.251ns (56.793%)  route 0.191ns (43.207%))
  Logic Levels:           1  (CARRY4=1)
  Clock Path Skew:        0.000ns (DCD - SCD - CPR)
    Destination Clock Delay (DCD):    -0.854ns
    Source Clock Delay      (SCD):    -0.615ns
    Clock Pessimism Removal (CPR):    -0.238ns

    Location             Delay type                Incr(ns)  Path(ns)    Netlist Resource(s)
  -------------------------------------------------------------------    -------------------
                         (clock clk_out1_sys_pll rise edge)
                                                      0.000     0.000 r  
    W5                                                0.000     0.000 r  sys_clk (IN)
                         net (fo=0)                   0.000     0.000    clock_40mhz/inst/clk_in1
    W5                   IBUF (Prop_ibuf_I_O)         0.226     0.226 r  clock_40mhz/inst/clkin1_ibufg/O
                         net (fo=1, routed)           0.440     0.667    clock_40mhz/inst/clk_in1_sys_pll
    MMCME2_ADV_X1Y0      MMCME2_ADV (Prop_mmcme2_adv_CLKIN1_CLKOUT0)
                                                     -2.360    -1.693 r  clock_40mhz/inst/mmcm_adv_inst/CLKOUT0
                         net (fo=1, routed)           0.486    -1.207    clock_40mhz/inst/clk_out1_sys_pll
    BUFGCTRL_X0Y0        BUFG (Prop_bufg_I_O)         0.026    -1.181 r  clock_40mhz/inst/clkout1_buf/O
                         net (fo=8, routed)           0.566    -0.615    my_baud_rate_generator/clk_out1
    SLICE_X48Y43         FDRE                                         r  my_baud_rate_generator/counterTick_reg[1]/C
  -------------------------------------------------------------------    -------------------
    SLICE_X48Y43         FDRE (Prop_fdre_C_Q)         0.141    -0.474 r  my_baud_rate_generator/counterTick_reg[1]/Q
                         net (fo=2, routed)           0.191    -0.283    my_baud_rate_generator/counterTick_reg[1]
    SLICE_X48Y43         CARRY4 (Prop_carry4_S[1]_O[1])
                                                      0.110    -0.173 r  my_baud_rate_generator/counterTick_reg[0]_i_2/O[1]
                         net (fo=1, routed)           0.000    -0.173    my_baud_rate_generator/counterTick_reg[0]_i_2_n_6
    SLICE_X48Y43         FDRE                                         r  my_baud_rate_generator/counterTick_reg[1]/D
  -------------------------------------------------------------------    -------------------

                         (clock clk_out1_sys_pll rise edge)
                                                      0.000     0.000 r  
    W5                                                0.000     0.000 r  sys_clk (IN)
                         net (fo=0)                   0.000     0.000    clock_40mhz/inst/clk_in1
    W5                   IBUF (Prop_ibuf_I_O)         0.414     0.414 r  clock_40mhz/inst/clkin1_ibufg/O
                         net (fo=1, routed)           0.480     0.894    clock_40mhz/inst/clk_in1_sys_pll
    MMCME2_ADV_X1Y0      MMCME2_ADV (Prop_mmcme2_adv_CLKIN1_CLKOUT0)
                                                     -3.142    -2.248 r  clock_40mhz/inst/mmcm_adv_inst/CLKOUT0
                         net (fo=1, routed)           0.530    -1.718    clock_40mhz/inst/clk_out1_sys_pll
    BUFGCTRL_X0Y0        BUFG (Prop_bufg_I_O)         0.029    -1.689 r  clock_40mhz/inst/clkout1_buf/O
                         net (fo=8, routed)           0.836    -0.854    my_baud_rate_generator/clk_out1
    SLICE_X48Y43         FDRE                                         r  my_baud_rate_generator/counterTick_reg[1]/C
                         clock pessimism              0.238    -0.615    
    SLICE_X48Y43         FDRE (Hold_fdre_C_D)         0.105    -0.510    my_baud_rate_generator/counterTick_reg[1]
  -------------------------------------------------------------------
                         required time                          0.510    
                         arrival time                          -0.173    
  -------------------------------------------------------------------
                         slack                                  0.337    

Slack (MET) :             0.346ns  (arrival time - required time)
  Source:                 my_baud_rate_generator/counterTick_reg[4]/C
                            (rising edge-triggered cell FDRE clocked by clk_out1_sys_pll  {rise@0.000ns fall@12.500ns period=25.000ns})
  Destination:            my_baud_rate_generator/counterTick_reg[4]/D
                            (rising edge-triggered cell FDRE clocked by clk_out1_sys_pll  {rise@0.000ns fall@12.500ns period=25.000ns})
  Path Group:             clk_out1_sys_pll
  Path Type:              Hold (Min at Fast Process Corner)
  Requirement:            0.000ns  (clk_out1_sys_pll rise@0.000ns - clk_out1_sys_pll rise@0.000ns)
  Data Path Delay:        0.451ns  (logic 0.256ns (56.823%)  route 0.195ns (43.177%))
  Logic Levels:           1  (CARRY4=1)
  Clock Path Skew:        0.000ns (DCD - SCD - CPR)
    Destination Clock Delay (DCD):    -0.854ns
    Source Clock Delay      (SCD):    -0.615ns
    Clock Pessimism Removal (CPR):    -0.238ns

    Location             Delay type                Incr(ns)  Path(ns)    Netlist Resource(s)
  -------------------------------------------------------------------    -------------------
                         (clock clk_out1_sys_pll rise edge)
                                                      0.000     0.000 r  
    W5                                                0.000     0.000 r  sys_clk (IN)
                         net (fo=0)                   0.000     0.000    clock_40mhz/inst/clk_in1
    W5                   IBUF (Prop_ibuf_I_O)         0.226     0.226 r  clock_40mhz/inst/clkin1_ibufg/O
                         net (fo=1, routed)           0.440     0.667    clock_40mhz/inst/clk_in1_sys_pll
    MMCME2_ADV_X1Y0      MMCME2_ADV (Prop_mmcme2_adv_CLKIN1_CLKOUT0)
                                                     -2.360    -1.693 r  clock_40mhz/inst/mmcm_adv_inst/CLKOUT0
                         net (fo=1, routed)           0.486    -1.207    clock_40mhz/inst/clk_out1_sys_pll
    BUFGCTRL_X0Y0        BUFG (Prop_bufg_I_O)         0.026    -1.181 r  clock_40mhz/inst/clkout1_buf/O
                         net (fo=8, routed)           0.566    -0.615    my_baud_rate_generator/clk_out1
    SLICE_X48Y44         FDRE                                         r  my_baud_rate_generator/counterTick_reg[4]/C
  -------------------------------------------------------------------    -------------------
    SLICE_X48Y44         FDRE (Prop_fdre_C_Q)         0.141    -0.474 r  my_baud_rate_generator/counterTick_reg[4]/Q
                         net (fo=3, routed)           0.195    -0.280    my_baud_rate_generator/counterTick_reg[4]
    SLICE_X48Y44         CARRY4 (Prop_carry4_S[0]_O[0])
                                                      0.115    -0.165 r  my_baud_rate_generator/counterTick_reg[4]_i_1/O[0]
                         net (fo=1, routed)           0.000    -0.165    my_baud_rate_generator/counterTick_reg[4]_i_1_n_7
    SLICE_X48Y44         FDRE                                         r  my_baud_rate_generator/counterTick_reg[4]/D
  -------------------------------------------------------------------    -------------------

                         (clock clk_out1_sys_pll rise edge)
                                                      0.000     0.000 r  
    W5                                                0.000     0.000 r  sys_clk (IN)
                         net (fo=0)                   0.000     0.000    clock_40mhz/inst/clk_in1
    W5                   IBUF (Prop_ibuf_I_O)         0.414     0.414 r  clock_40mhz/inst/clkin1_ibufg/O
                         net (fo=1, routed)           0.480     0.894    clock_40mhz/inst/clk_in1_sys_pll
    MMCME2_ADV_X1Y0      MMCME2_ADV (Prop_mmcme2_adv_CLKIN1_CLKOUT0)
                                                     -3.142    -2.248 r  clock_40mhz/inst/mmcm_adv_inst/CLKOUT0
                         net (fo=1, routed)           0.530    -1.718    clock_40mhz/inst/clk_out1_sys_pll
    BUFGCTRL_X0Y0        BUFG (Prop_bufg_I_O)         0.029    -1.689 r  clock_40mhz/inst/clkout1_buf/O
                         net (fo=8, routed)           0.836    -0.854    my_baud_rate_generator/clk_out1
    SLICE_X48Y44         FDRE                                         r  my_baud_rate_generator/counterTick_reg[4]/C
                         clock pessimism              0.238    -0.615    
    SLICE_X48Y44         FDRE (Hold_fdre_C_D)         0.105    -0.510    my_baud_rate_generator/counterTick_reg[4]
  -------------------------------------------------------------------
                         required time                          0.510    
                         arrival time                          -0.165    
  -------------------------------------------------------------------
                         slack                                  0.346    

Slack (MET) :             0.349ns  (arrival time - required time)
  Source:                 my_baud_rate_generator/counterTick_reg[5]/C
                            (rising edge-triggered cell FDRE clocked by clk_out1_sys_pll  {rise@0.000ns fall@12.500ns period=25.000ns})
  Destination:            my_baud_rate_generator/counterTick_reg[5]/D
                            (rising edge-triggered cell FDRE clocked by clk_out1_sys_pll  {rise@0.000ns fall@12.500ns period=25.000ns})
  Path Group:             clk_out1_sys_pll
  Path Type:              Hold (Min at Fast Process Corner)
  Requirement:            0.000ns  (clk_out1_sys_pll rise@0.000ns - clk_out1_sys_pll rise@0.000ns)
  Data Path Delay:        0.454ns  (logic 0.251ns (55.309%)  route 0.203ns (44.691%))
  Logic Levels:           1  (CARRY4=1)
  Clock Path Skew:        0.000ns (DCD - SCD - CPR)
    Destination Clock Delay (DCD):    -0.854ns
    Source Clock Delay      (SCD):    -0.615ns
    Clock Pessimism Removal (CPR):    -0.238ns

    Location             Delay type                Incr(ns)  Path(ns)    Netlist Resource(s)
  -------------------------------------------------------------------    -------------------
                         (clock clk_out1_sys_pll rise edge)
                                                      0.000     0.000 r  
    W5                                                0.000     0.000 r  sys_clk (IN)
                         net (fo=0)                   0.000     0.000    clock_40mhz/inst/clk_in1
    W5                   IBUF (Prop_ibuf_I_O)         0.226     0.226 r  clock_40mhz/inst/clkin1_ibufg/O
                         net (fo=1, routed)           0.440     0.667    clock_40mhz/inst/clk_in1_sys_pll
    MMCME2_ADV_X1Y0      MMCME2_ADV (Prop_mmcme2_adv_CLKIN1_CLKOUT0)
                                                     -2.360    -1.693 r  clock_40mhz/inst/mmcm_adv_inst/CLKOUT0
                         net (fo=1, routed)           0.486    -1.207    clock_40mhz/inst/clk_out1_sys_pll
    BUFGCTRL_X0Y0        BUFG (Prop_bufg_I_O)         0.026    -1.181 r  clock_40mhz/inst/clkout1_buf/O
                         net (fo=8, routed)           0.566    -0.615    my_baud_rate_generator/clk_out1
    SLICE_X48Y44         FDRE                                         r  my_baud_rate_generator/counterTick_reg[5]/C
  -------------------------------------------------------------------    -------------------
    SLICE_X48Y44         FDRE (Prop_fdre_C_Q)         0.141    -0.474 r  my_baud_rate_generator/counterTick_reg[5]/Q
                         net (fo=3, routed)           0.203    -0.272    my_baud_rate_generator/counterTick_reg[5]
    SLICE_X48Y44         CARRY4 (Prop_carry4_S[1]_O[1])
                                                      0.110    -0.162 r  my_baud_rate_generator/counterTick_reg[4]_i_1/O[1]
                         net (fo=1, routed)           0.000    -0.162    my_baud_rate_generator/counterTick_reg[4]_i_1_n_6
    SLICE_X48Y44         FDRE                                         r  my_baud_rate_generator/counterTick_reg[5]/D
  -------------------------------------------------------------------    -------------------

                         (clock clk_out1_sys_pll rise edge)
                                                      0.000     0.000 r  
    W5                                                0.000     0.000 r  sys_clk (IN)
                         net (fo=0)                   0.000     0.000    clock_40mhz/inst/clk_in1
    W5                   IBUF (Prop_ibuf_I_O)         0.414     0.414 r  clock_40mhz/inst/clkin1_ibufg/O
                         net (fo=1, routed)           0.480     0.894    clock_40mhz/inst/clk_in1_sys_pll
    MMCME2_ADV_X1Y0      MMCME2_ADV (Prop_mmcme2_adv_CLKIN1_CLKOUT0)
                                                     -3.142    -2.248 r  clock_40mhz/inst/mmcm_adv_inst/CLKOUT0
                         net (fo=1, routed)           0.530    -1.718    clock_40mhz/inst/clk_out1_sys_pll
    BUFGCTRL_X0Y0        BUFG (Prop_bufg_I_O)         0.029    -1.689 r  clock_40mhz/inst/clkout1_buf/O
                         net (fo=8, routed)           0.836    -0.854    my_baud_rate_generator/clk_out1
    SLICE_X48Y44         FDRE                                         r  my_baud_rate_generator/counterTick_reg[5]/C
                         clock pessimism              0.238    -0.615    
    SLICE_X48Y44         FDRE (Hold_fdre_C_D)         0.105    -0.510    my_baud_rate_generator/counterTick_reg[5]
  -------------------------------------------------------------------
                         required time                          0.510    
                         arrival time                          -0.162    
  -------------------------------------------------------------------
                         slack                                  0.349    

Slack (MET) :             0.549ns  (arrival time - required time)
  Source:                 my_baud_rate_generator/counterTick_reg[2]/C
                            (rising edge-triggered cell FDRE clocked by clk_out1_sys_pll  {rise@0.000ns fall@12.500ns period=25.000ns})
  Destination:            my_baud_rate_generator/counterTick_reg[0]/R
                            (rising edge-triggered cell FDRE clocked by clk_out1_sys_pll  {rise@0.000ns fall@12.500ns period=25.000ns})
  Path Group:             clk_out1_sys_pll
  Path Type:              Hold (Min at Fast Process Corner)
  Requirement:            0.000ns  (clk_out1_sys_pll rise@0.000ns - clk_out1_sys_pll rise@0.000ns)
  Data Path Delay:        0.531ns  (logic 0.186ns (35.051%)  route 0.345ns (64.949%))
  Logic Levels:           1  (LUT5=1)
  Clock Path Skew:        0.000ns (DCD - SCD - CPR)
    Destination Clock Delay (DCD):    -0.854ns
    Source Clock Delay      (SCD):    -0.615ns
    Clock Pessimism Removal (CPR):    -0.238ns

    Location             Delay type                Incr(ns)  Path(ns)    Netlist Resource(s)
  -------------------------------------------------------------------    -------------------
                         (clock clk_out1_sys_pll rise edge)
                                                      0.000     0.000 r  
    W5                                                0.000     0.000 r  sys_clk (IN)
                         net (fo=0)                   0.000     0.000    clock_40mhz/inst/clk_in1
    W5                   IBUF (Prop_ibuf_I_O)         0.226     0.226 r  clock_40mhz/inst/clkin1_ibufg/O
                         net (fo=1, routed)           0.440     0.667    clock_40mhz/inst/clk_in1_sys_pll
    MMCME2_ADV_X1Y0      MMCME2_ADV (Prop_mmcme2_adv_CLKIN1_CLKOUT0)
                                                     -2.360    -1.693 r  clock_40mhz/inst/mmcm_adv_inst/CLKOUT0
                         net (fo=1, routed)           0.486    -1.207    clock_40mhz/inst/clk_out1_sys_pll
    BUFGCTRL_X0Y0        BUFG (Prop_bufg_I_O)         0.026    -1.181 r  clock_40mhz/inst/clkout1_buf/O
                         net (fo=8, routed)           0.566    -0.615    my_baud_rate_generator/clk_out1
    SLICE_X48Y43         FDRE                                         r  my_baud_rate_generator/counterTick_reg[2]/C
  -------------------------------------------------------------------    -------------------
    SLICE_X48Y43         FDRE (Prop_fdre_C_Q)         0.141    -0.474 f  my_baud_rate_generator/counterTick_reg[2]/Q
                         net (fo=3, routed)           0.212    -0.262    my_baud_rate_generator/counterTick_reg[2]
    SLICE_X49Y44         LUT5 (Prop_lut5_I2_O)        0.045    -0.217 r  my_baud_rate_generator/counterTick[0]_i_1/O
                         net (fo=7, routed)           0.133    -0.085    my_baud_rate_generator/counterTick[0]_i_1_n_0
    SLICE_X48Y43         FDRE                                         r  my_baud_rate_generator/counterTick_reg[0]/R
  -------------------------------------------------------------------    -------------------

                         (clock clk_out1_sys_pll rise edge)
                                                      0.000     0.000 r  
    W5                                                0.000     0.000 r  sys_clk (IN)
                         net (fo=0)                   0.000     0.000    clock_40mhz/inst/clk_in1
    W5                   IBUF (Prop_ibuf_I_O)         0.414     0.414 r  clock_40mhz/inst/clkin1_ibufg/O
                         net (fo=1, routed)           0.480     0.894    clock_40mhz/inst/clk_in1_sys_pll
    MMCME2_ADV_X1Y0      MMCME2_ADV (Prop_mmcme2_adv_CLKIN1_CLKOUT0)
                                                     -3.142    -2.248 r  clock_40mhz/inst/mmcm_adv_inst/CLKOUT0
                         net (fo=1, routed)           0.530    -1.718    clock_40mhz/inst/clk_out1_sys_pll
    BUFGCTRL_X0Y0        BUFG (Prop_bufg_I_O)         0.029    -1.689 r  clock_40mhz/inst/clkout1_buf/O
                         net (fo=8, routed)           0.836    -0.854    my_baud_rate_generator/clk_out1
    SLICE_X48Y43         FDRE                                         r  my_baud_rate_generator/counterTick_reg[0]/C
                         clock pessimism              0.238    -0.615    
    SLICE_X48Y43         FDRE (Hold_fdre_C_R)        -0.018    -0.633    my_baud_rate_generator/counterTick_reg[0]
  -------------------------------------------------------------------
                         required time                          0.633    
                         arrival time                          -0.085    
  -------------------------------------------------------------------
                         slack                                  0.549    

Slack (MET) :             0.549ns  (arrival time - required time)
  Source:                 my_baud_rate_generator/counterTick_reg[2]/C
                            (rising edge-triggered cell FDRE clocked by clk_out1_sys_pll  {rise@0.000ns fall@12.500ns period=25.000ns})
  Destination:            my_baud_rate_generator/counterTick_reg[1]/R
                            (rising edge-triggered cell FDRE clocked by clk_out1_sys_pll  {rise@0.000ns fall@12.500ns period=25.000ns})
  Path Group:             clk_out1_sys_pll
  Path Type:              Hold (Min at Fast Process Corner)
  Requirement:            0.000ns  (clk_out1_sys_pll rise@0.000ns - clk_out1_sys_pll rise@0.000ns)
  Data Path Delay:        0.531ns  (logic 0.186ns (35.051%)  route 0.345ns (64.949%))
  Logic Levels:           1  (LUT5=1)
  Clock Path Skew:        0.000ns (DCD - SCD - CPR)
    Destination Clock Delay (DCD):    -0.854ns
    Source Clock Delay      (SCD):    -0.615ns
    Clock Pessimism Removal (CPR):    -0.238ns

    Location             Delay type                Incr(ns)  Path(ns)    Netlist Resource(s)
  -------------------------------------------------------------------    -------------------
                         (clock clk_out1_sys_pll rise edge)
                                                      0.000     0.000 r  
    W5                                                0.000     0.000 r  sys_clk (IN)
                         net (fo=0)                   0.000     0.000    clock_40mhz/inst/clk_in1
    W5                   IBUF (Prop_ibuf_I_O)         0.226     0.226 r  clock_40mhz/inst/clkin1_ibufg/O
                         net (fo=1, routed)           0.440     0.667    clock_40mhz/inst/clk_in1_sys_pll
    MMCME2_ADV_X1Y0      MMCME2_ADV (Prop_mmcme2_adv_CLKIN1_CLKOUT0)
                                                     -2.360    -1.693 r  clock_40mhz/inst/mmcm_adv_inst/CLKOUT0
                         net (fo=1, routed)           0.486    -1.207    clock_40mhz/inst/clk_out1_sys_pll
    BUFGCTRL_X0Y0        BUFG (Prop_bufg_I_O)         0.026    -1.181 r  clock_40mhz/inst/clkout1_buf/O
                         net (fo=8, routed)           0.566    -0.615    my_baud_rate_generator/clk_out1
    SLICE_X48Y43         FDRE                                         r  my_baud_rate_generator/counterTick_reg[2]/C
  -------------------------------------------------------------------    -------------------
    SLICE_X48Y43         FDRE (Prop_fdre_C_Q)         0.141    -0.474 f  my_baud_rate_generator/counterTick_reg[2]/Q
                         net (fo=3, routed)           0.212    -0.262    my_baud_rate_generator/counterTick_reg[2]
    SLICE_X49Y44         LUT5 (Prop_lut5_I2_O)        0.045    -0.217 r  my_baud_rate_generator/counterTick[0]_i_1/O
                         net (fo=7, routed)           0.133    -0.085    my_baud_rate_generator/counterTick[0]_i_1_n_0
    SLICE_X48Y43         FDRE                                         r  my_baud_rate_generator/counterTick_reg[1]/R
  -------------------------------------------------------------------    -------------------

                         (clock clk_out1_sys_pll rise edge)
                                                      0.000     0.000 r  
    W5                                                0.000     0.000 r  sys_clk (IN)
                         net (fo=0)                   0.000     0.000    clock_40mhz/inst/clk_in1
    W5                   IBUF (Prop_ibuf_I_O)         0.414     0.414 r  clock_40mhz/inst/clkin1_ibufg/O
                         net (fo=1, routed)           0.480     0.894    clock_40mhz/inst/clk_in1_sys_pll
    MMCME2_ADV_X1Y0      MMCME2_ADV (Prop_mmcme2_adv_CLKIN1_CLKOUT0)
                                                     -3.142    -2.248 r  clock_40mhz/inst/mmcm_adv_inst/CLKOUT0
                         net (fo=1, routed)           0.530    -1.718    clock_40mhz/inst/clk_out1_sys_pll
    BUFGCTRL_X0Y0        BUFG (Prop_bufg_I_O)         0.029    -1.689 r  clock_40mhz/inst/clkout1_buf/O
                         net (fo=8, routed)           0.836    -0.854    my_baud_rate_generator/clk_out1
    SLICE_X48Y43         FDRE                                         r  my_baud_rate_generator/counterTick_reg[1]/C
                         clock pessimism              0.238    -0.615    
    SLICE_X48Y43         FDRE (Hold_fdre_C_R)        -0.018    -0.633    my_baud_rate_generator/counterTick_reg[1]
  -------------------------------------------------------------------
                         required time                          0.633    
                         arrival time                          -0.085    
  -------------------------------------------------------------------
                         slack                                  0.549    





Pulse Width Checks
--------------------------------------------------------------------------------------
Clock Name:         clk_out1_sys_pll
Waveform(ns):       { 0.000 12.500 }
Period(ns):         25.000
Sources:            { clock_40mhz/inst/mmcm_adv_inst/CLKOUT0 }

Check Type        Corner  Lib Pin             Reference Pin  Required(ns)  Actual(ns)  Slack(ns)  Location         Pin
Min Period        n/a     BUFG/I              n/a            2.155         25.000      22.845     BUFGCTRL_X0Y0    clock_40mhz/inst/clkout1_buf/I
Min Period        n/a     MMCME2_ADV/CLKOUT0  n/a            1.249         25.000      23.751     MMCME2_ADV_X1Y0  clock_40mhz/inst/mmcm_adv_inst/CLKOUT0
Min Period        n/a     FDRE/C              n/a            1.000         25.000      24.000     SLICE_X48Y43     my_baud_rate_generator/counterTick_reg[0]/C
Min Period        n/a     FDRE/C              n/a            1.000         25.000      24.000     SLICE_X48Y43     my_baud_rate_generator/counterTick_reg[1]/C
Min Period        n/a     FDRE/C              n/a            1.000         25.000      24.000     SLICE_X48Y43     my_baud_rate_generator/counterTick_reg[2]/C
Min Period        n/a     FDRE/C              n/a            1.000         25.000      24.000     SLICE_X48Y43     my_baud_rate_generator/counterTick_reg[3]/C
Min Period        n/a     FDRE/C              n/a            1.000         25.000      24.000     SLICE_X48Y44     my_baud_rate_generator/counterTick_reg[4]/C
Min Period        n/a     FDRE/C              n/a            1.000         25.000      24.000     SLICE_X48Y44     my_baud_rate_generator/counterTick_reg[5]/C
Min Period        n/a     FDRE/C              n/a            1.000         25.000      24.000     SLICE_X48Y44     my_baud_rate_generator/counterTick_reg[6]/C
Min Period        n/a     FDRE/C              n/a            1.000         25.000      24.000     SLICE_X49Y44     my_baud_rate_generator/sys_tick_reg_reg/C
Max Period        n/a     MMCME2_ADV/CLKOUT0  n/a            213.360       25.000      188.360    MMCME2_ADV_X1Y0  clock_40mhz/inst/mmcm_adv_inst/CLKOUT0
Low Pulse Width   Slow    FDRE/C              n/a            0.500         12.500      12.000     SLICE_X48Y43     my_baud_rate_generator/counterTick_reg[0]/C
Low Pulse Width   Fast    FDRE/C              n/a            0.500         12.500      12.000     SLICE_X48Y43     my_baud_rate_generator/counterTick_reg[0]/C
Low Pulse Width   Slow    FDRE/C              n/a            0.500         12.500      12.000     SLICE_X48Y43     my_baud_rate_generator/counterTick_reg[1]/C
Low Pulse Width   Fast    FDRE/C              n/a            0.500         12.500      12.000     SLICE_X48Y43     my_baud_rate_generator/counterTick_reg[1]/C
Low Pulse Width   Slow    FDRE/C              n/a            0.500         12.500      12.000     SLICE_X48Y43     my_baud_rate_generator/counterTick_reg[2]/C
Low Pulse Width   Fast    FDRE/C              n/a            0.500         12.500      12.000     SLICE_X48Y43     my_baud_rate_generator/counterTick_reg[2]/C
Low Pulse Width   Slow    FDRE/C              n/a            0.500         12.500      12.000     SLICE_X48Y43     my_baud_rate_generator/counterTick_reg[3]/C
Low Pulse Width   Fast    FDRE/C              n/a            0.500         12.500      12.000     SLICE_X48Y43     my_baud_rate_generator/counterTick_reg[3]/C
Low Pulse Width   Slow    FDRE/C              n/a            0.500         12.500      12.000     SLICE_X48Y44     my_baud_rate_generator/counterTick_reg[4]/C
Low Pulse Width   Fast    FDRE/C              n/a            0.500         12.500      12.000     SLICE_X48Y44     my_baud_rate_generator/counterTick_reg[4]/C
High Pulse Width  Slow    FDRE/C              n/a            0.500         12.500      12.000     SLICE_X48Y43     my_baud_rate_generator/counterTick_reg[0]/C
High Pulse Width  Fast    FDRE/C              n/a            0.500         12.500      12.000     SLICE_X48Y43     my_baud_rate_generator/counterTick_reg[0]/C
High Pulse Width  Slow    FDRE/C              n/a            0.500         12.500      12.000     SLICE_X48Y43     my_baud_rate_generator/counterTick_reg[1]/C
High Pulse Width  Fast    FDRE/C              n/a            0.500         12.500      12.000     SLICE_X48Y43     my_baud_rate_generator/counterTick_reg[1]/C
High Pulse Width  Slow    FDRE/C              n/a            0.500         12.500      12.000     SLICE_X48Y43     my_baud_rate_generator/counterTick_reg[2]/C
High Pulse Width  Fast    FDRE/C              n/a            0.500         12.500      12.000     SLICE_X48Y43     my_baud_rate_generator/counterTick_reg[2]/C
High Pulse Width  Slow    FDRE/C              n/a            0.500         12.500      12.000     SLICE_X48Y43     my_baud_rate_generator/counterTick_reg[3]/C
High Pulse Width  Fast    FDRE/C              n/a            0.500         12.500      12.000     SLICE_X48Y43     my_baud_rate_generator/counterTick_reg[3]/C
High Pulse Width  Slow    FDRE/C              n/a            0.500         12.500      12.000     SLICE_X48Y44     my_baud_rate_generator/counterTick_reg[4]/C
High Pulse Width  Fast    FDRE/C              n/a            0.500         12.500      12.000     SLICE_X48Y44     my_baud_rate_generator/counterTick_reg[4]/C



---------------------------------------------------------------------------------------------------
From Clock:  clkfbout_sys_pll
  To Clock:  clkfbout_sys_pll

Setup :           NA  Failing Endpoints,  Worst Slack           NA  ,  Total Violation           NA
Hold  :           NA  Failing Endpoints,  Worst Slack           NA  ,  Total Violation           NA
PW    :            0  Failing Endpoints,  Worst Slack        7.845ns,  Total Violation        0.000ns
---------------------------------------------------------------------------------------------------


Pulse Width Checks
--------------------------------------------------------------------------------------
Clock Name:         clkfbout_sys_pll
Waveform(ns):       { 0.000 5.000 }
Period(ns):         10.000
Sources:            { clock_40mhz/inst/mmcm_adv_inst/CLKFBOUT }

Check Type  Corner  Lib Pin              Reference Pin  Required(ns)  Actual(ns)  Slack(ns)  Location         Pin
Min Period  n/a     BUFG/I               n/a            2.155         10.000      7.845      BUFGCTRL_X0Y1    clock_40mhz/inst/clkf_buf/I
Min Period  n/a     MMCME2_ADV/CLKFBOUT  n/a            1.249         10.000      8.751      MMCME2_ADV_X1Y0  clock_40mhz/inst/mmcm_adv_inst/CLKFBOUT
Min Period  n/a     MMCME2_ADV/CLKFBIN   n/a            1.249         10.000      8.751      MMCME2_ADV_X1Y0  clock_40mhz/inst/mmcm_adv_inst/CLKFBIN
Max Period  n/a     MMCME2_ADV/CLKFBIN   n/a            100.000       10.000      90.000     MMCME2_ADV_X1Y0  clock_40mhz/inst/mmcm_adv_inst/CLKFBIN
Max Period  n/a     MMCME2_ADV/CLKFBOUT  n/a            213.360       10.000      203.360    MMCME2_ADV_X1Y0  clock_40mhz/inst/mmcm_adv_inst/CLKFBOUT



---------------------------------------------------------------------------------------------------
From Clock:  sys_clk_pin
  To Clock:  sys_clk_pin

Setup :           NA  Failing Endpoints,  Worst Slack           NA  ,  Total Violation           NA
Hold  :           NA  Failing Endpoints,  Worst Slack           NA  ,  Total Violation           NA
PW    :            0  Failing Endpoints,  Worst Slack        3.000ns,  Total Violation        0.000ns
---------------------------------------------------------------------------------------------------


Pulse Width Checks
--------------------------------------------------------------------------------------
Clock Name:         sys_clk_pin
Waveform(ns):       { 0.000 5.000 }
Period(ns):         10.000
Sources:            { sys_clk }

Check Type        Corner  Lib Pin            Reference Pin  Required(ns)  Actual(ns)  Slack(ns)  Location         Pin
Min Period        n/a     MMCME2_ADV/CLKIN1  n/a            1.249         10.000      8.751      MMCME2_ADV_X1Y0  clock_40mhz/inst/mmcm_adv_inst/CLKIN1
Max Period        n/a     MMCME2_ADV/CLKIN1  n/a            100.000       10.000      90.000     MMCME2_ADV_X1Y0  clock_40mhz/inst/mmcm_adv_inst/CLKIN1
Low Pulse Width   Slow    MMCME2_ADV/CLKIN1  n/a            2.000         5.000       3.000      MMCME2_ADV_X1Y0  clock_40mhz/inst/mmcm_adv_inst/CLKIN1
Low Pulse Width   Fast    MMCME2_ADV/CLKIN1  n/a            2.000         5.000       3.000      MMCME2_ADV_X1Y0  clock_40mhz/inst/mmcm_adv_inst/CLKIN1
High Pulse Width  Slow    MMCME2_ADV/CLKIN1  n/a            2.000         5.000       3.000      MMCME2_ADV_X1Y0  clock_40mhz/inst/mmcm_adv_inst/CLKIN1
High Pulse Width  Fast    MMCME2_ADV/CLKIN1  n/a            2.000         5.000       3.000      MMCME2_ADV_X1Y0  clock_40mhz/inst/mmcm_adv_inst/CLKIN1



---------------------------------------------------------------------------------------------------
From Clock:  clk_out1_sys_pll_1
  To Clock:  clk_out1_sys_pll_1

Setup :            0  Failing Endpoints,  Worst Slack       22.032ns,  Total Violation        0.000ns
Hold  :            0  Failing Endpoints,  Worst Slack        0.281ns,  Total Violation        0.000ns
PW    :            0  Failing Endpoints,  Worst Slack       12.000ns,  Total Violation        0.000ns
---------------------------------------------------------------------------------------------------


Max Delay Paths
--------------------------------------------------------------------------------------
Slack (MET) :             22.032ns  (required time - arrival time)
  Source:                 my_baud_rate_generator/counterTick_reg[3]/C
                            (rising edge-triggered cell FDRE clocked by clk_out1_sys_pll_1  {rise@0.000ns fall@12.500ns period=25.000ns})
  Destination:            my_baud_rate_generator/counterTick_reg[4]/R
                            (rising edge-triggered cell FDRE clocked by clk_out1_sys_pll_1  {rise@0.000ns fall@12.500ns period=25.000ns})
  Path Group:             clk_out1_sys_pll_1
  Path Type:              Setup (Max at Slow Process Corner)
  Requirement:            25.000ns  (clk_out1_sys_pll_1 rise@25.000ns - clk_out1_sys_pll_1 rise@0.000ns)
  Data Path Delay:        2.429ns  (logic 0.704ns (28.982%)  route 1.725ns (71.018%))
  Logic Levels:           2  (LUT4=1 LUT5=1)
  Clock Path Skew:        -0.025ns (DCD - SCD + CPR)
    Destination Clock Delay (DCD):    -1.544ns = ( 23.456 - 25.000 ) 
    Source Clock Delay      (SCD):    -0.942ns
    Clock Pessimism Removal (CPR):    0.578ns
  Clock Uncertainty:      0.085ns  ((TSJ^2 + DJ^2)^1/2) / 2 + PE
    Total System Jitter     (TSJ):    0.071ns
    Discrete Jitter          (DJ):    0.154ns
    Phase Error              (PE):    0.000ns

    Location             Delay type                Incr(ns)  Path(ns)    Netlist Resource(s)
  -------------------------------------------------------------------    -------------------
                         (clock clk_out1_sys_pll_1 rise edge)
                                                      0.000     0.000 r  
    W5                                                0.000     0.000 r  sys_clk (IN)
                         net (fo=0)                   0.000     0.000    clock_40mhz/inst/clk_in1
    W5                   IBUF (Prop_ibuf_I_O)         1.458     1.458 r  clock_40mhz/inst/clkin1_ibufg/O
                         net (fo=1, routed)           1.233     2.691    clock_40mhz/inst/clk_in1_sys_pll
    MMCME2_ADV_X1Y0      MMCME2_ADV (Prop_mmcme2_adv_CLKIN1_CLKOUT0)
                                                     -6.961    -4.269 r  clock_40mhz/inst/mmcm_adv_inst/CLKOUT0
                         net (fo=1, routed)           1.661    -2.608    clock_40mhz/inst/clk_out1_sys_pll
    BUFGCTRL_X0Y0        BUFG (Prop_bufg_I_O)         0.096    -2.512 r  clock_40mhz/inst/clkout1_buf/O
                         net (fo=8, routed)           1.570    -0.942    my_baud_rate_generator/clk_out1
    SLICE_X48Y43         FDRE                                         r  my_baud_rate_generator/counterTick_reg[3]/C
  -------------------------------------------------------------------    -------------------
    SLICE_X48Y43         FDRE (Prop_fdre_C_Q)         0.456    -0.486 f  my_baud_rate_generator/counterTick_reg[3]/Q
                         net (fo=2, routed)           0.680     0.195    my_baud_rate_generator/counterTick_reg[3]
    SLICE_X49Y43         LUT4 (Prop_lut4_I3_O)        0.124     0.319 f  my_baud_rate_generator/counterTick[0]_i_3/O
                         net (fo=2, routed)           0.415     0.734    my_baud_rate_generator/counterTick[0]_i_3_n_0
    SLICE_X49Y44         LUT5 (Prop_lut5_I0_O)        0.124     0.858 r  my_baud_rate_generator/counterTick[0]_i_1/O
                         net (fo=7, routed)           0.630     1.488    my_baud_rate_generator/counterTick[0]_i_1_n_0
    SLICE_X48Y44         FDRE                                         r  my_baud_rate_generator/counterTick_reg[4]/R
  -------------------------------------------------------------------    -------------------

                         (clock clk_out1_sys_pll_1 rise edge)
                                                     25.000    25.000 r  
    W5                                                0.000    25.000 r  sys_clk (IN)
                         net (fo=0)                   0.000    25.000    clock_40mhz/inst/clk_in1
    W5                   IBUF (Prop_ibuf_I_O)         1.388    26.388 r  clock_40mhz/inst/clkin1_ibufg/O
                         net (fo=1, routed)           1.162    27.550    clock_40mhz/inst/clk_in1_sys_pll
    MMCME2_ADV_X1Y0      MMCME2_ADV (Prop_mmcme2_adv_CLKIN1_CLKOUT0)
                                                     -7.217    20.332 r  clock_40mhz/inst/mmcm_adv_inst/CLKOUT0
                         net (fo=1, routed)           1.581    21.914    clock_40mhz/inst/clk_out1_sys_pll
    BUFGCTRL_X0Y0        BUFG (Prop_bufg_I_O)         0.091    22.005 r  clock_40mhz/inst/clkout1_buf/O
                         net (fo=8, routed)           1.451    23.456    my_baud_rate_generator/clk_out1
    SLICE_X48Y44         FDRE                                         r  my_baud_rate_generator/counterTick_reg[4]/C
                         clock pessimism              0.578    24.033    
                         clock uncertainty           -0.085    23.949    
    SLICE_X48Y44         FDRE (Setup_fdre_C_R)       -0.429    23.520    my_baud_rate_generator/counterTick_reg[4]
  -------------------------------------------------------------------
                         required time                         23.520    
                         arrival time                          -1.488    
  -------------------------------------------------------------------
                         slack                                 22.032    

Slack (MET) :             22.032ns  (required time - arrival time)
  Source:                 my_baud_rate_generator/counterTick_reg[3]/C
                            (rising edge-triggered cell FDRE clocked by clk_out1_sys_pll_1  {rise@0.000ns fall@12.500ns period=25.000ns})
  Destination:            my_baud_rate_generator/counterTick_reg[5]/R
                            (rising edge-triggered cell FDRE clocked by clk_out1_sys_pll_1  {rise@0.000ns fall@12.500ns period=25.000ns})
  Path Group:             clk_out1_sys_pll_1
  Path Type:              Setup (Max at Slow Process Corner)
  Requirement:            25.000ns  (clk_out1_sys_pll_1 rise@25.000ns - clk_out1_sys_pll_1 rise@0.000ns)
  Data Path Delay:        2.429ns  (logic 0.704ns (28.982%)  route 1.725ns (71.018%))
  Logic Levels:           2  (LUT4=1 LUT5=1)
  Clock Path Skew:        -0.025ns (DCD - SCD + CPR)
    Destination Clock Delay (DCD):    -1.544ns = ( 23.456 - 25.000 ) 
    Source Clock Delay      (SCD):    -0.942ns
    Clock Pessimism Removal (CPR):    0.578ns
  Clock Uncertainty:      0.085ns  ((TSJ^2 + DJ^2)^1/2) / 2 + PE
    Total System Jitter     (TSJ):    0.071ns
    Discrete Jitter          (DJ):    0.154ns
    Phase Error              (PE):    0.000ns

    Location             Delay type                Incr(ns)  Path(ns)    Netlist Resource(s)
  -------------------------------------------------------------------    -------------------
                         (clock clk_out1_sys_pll_1 rise edge)
                                                      0.000     0.000 r  
    W5                                                0.000     0.000 r  sys_clk (IN)
                         net (fo=0)                   0.000     0.000    clock_40mhz/inst/clk_in1
    W5                   IBUF (Prop_ibuf_I_O)         1.458     1.458 r  clock_40mhz/inst/clkin1_ibufg/O
                         net (fo=1, routed)           1.233     2.691    clock_40mhz/inst/clk_in1_sys_pll
    MMCME2_ADV_X1Y0      MMCME2_ADV (Prop_mmcme2_adv_CLKIN1_CLKOUT0)
                                                     -6.961    -4.269 r  clock_40mhz/inst/mmcm_adv_inst/CLKOUT0
                         net (fo=1, routed)           1.661    -2.608    clock_40mhz/inst/clk_out1_sys_pll
    BUFGCTRL_X0Y0        BUFG (Prop_bufg_I_O)         0.096    -2.512 r  clock_40mhz/inst/clkout1_buf/O
                         net (fo=8, routed)           1.570    -0.942    my_baud_rate_generator/clk_out1
    SLICE_X48Y43         FDRE                                         r  my_baud_rate_generator/counterTick_reg[3]/C
  -------------------------------------------------------------------    -------------------
    SLICE_X48Y43         FDRE (Prop_fdre_C_Q)         0.456    -0.486 f  my_baud_rate_generator/counterTick_reg[3]/Q
                         net (fo=2, routed)           0.680     0.195    my_baud_rate_generator/counterTick_reg[3]
    SLICE_X49Y43         LUT4 (Prop_lut4_I3_O)        0.124     0.319 f  my_baud_rate_generator/counterTick[0]_i_3/O
                         net (fo=2, routed)           0.415     0.734    my_baud_rate_generator/counterTick[0]_i_3_n_0
    SLICE_X49Y44         LUT5 (Prop_lut5_I0_O)        0.124     0.858 r  my_baud_rate_generator/counterTick[0]_i_1/O
                         net (fo=7, routed)           0.630     1.488    my_baud_rate_generator/counterTick[0]_i_1_n_0
    SLICE_X48Y44         FDRE                                         r  my_baud_rate_generator/counterTick_reg[5]/R
  -------------------------------------------------------------------    -------------------

                         (clock clk_out1_sys_pll_1 rise edge)
                                                     25.000    25.000 r  
    W5                                                0.000    25.000 r  sys_clk (IN)
                         net (fo=0)                   0.000    25.000    clock_40mhz/inst/clk_in1
    W5                   IBUF (Prop_ibuf_I_O)         1.388    26.388 r  clock_40mhz/inst/clkin1_ibufg/O
                         net (fo=1, routed)           1.162    27.550    clock_40mhz/inst/clk_in1_sys_pll
    MMCME2_ADV_X1Y0      MMCME2_ADV (Prop_mmcme2_adv_CLKIN1_CLKOUT0)
                                                     -7.217    20.332 r  clock_40mhz/inst/mmcm_adv_inst/CLKOUT0
                         net (fo=1, routed)           1.581    21.914    clock_40mhz/inst/clk_out1_sys_pll
    BUFGCTRL_X0Y0        BUFG (Prop_bufg_I_O)         0.091    22.005 r  clock_40mhz/inst/clkout1_buf/O
                         net (fo=8, routed)           1.451    23.456    my_baud_rate_generator/clk_out1
    SLICE_X48Y44         FDRE                                         r  my_baud_rate_generator/counterTick_reg[5]/C
                         clock pessimism              0.578    24.033    
                         clock uncertainty           -0.085    23.949    
    SLICE_X48Y44         FDRE (Setup_fdre_C_R)       -0.429    23.520    my_baud_rate_generator/counterTick_reg[5]
  -------------------------------------------------------------------
                         required time                         23.520    
                         arrival time                          -1.488    
  -------------------------------------------------------------------
                         slack                                 22.032    

Slack (MET) :             22.032ns  (required time - arrival time)
  Source:                 my_baud_rate_generator/counterTick_reg[3]/C
                            (rising edge-triggered cell FDRE clocked by clk_out1_sys_pll_1  {rise@0.000ns fall@12.500ns period=25.000ns})
  Destination:            my_baud_rate_generator/counterTick_reg[6]/R
                            (rising edge-triggered cell FDRE clocked by clk_out1_sys_pll_1  {rise@0.000ns fall@12.500ns period=25.000ns})
  Path Group:             clk_out1_sys_pll_1
  Path Type:              Setup (Max at Slow Process Corner)
  Requirement:            25.000ns  (clk_out1_sys_pll_1 rise@25.000ns - clk_out1_sys_pll_1 rise@0.000ns)
  Data Path Delay:        2.429ns  (logic 0.704ns (28.982%)  route 1.725ns (71.018%))
  Logic Levels:           2  (LUT4=1 LUT5=1)
  Clock Path Skew:        -0.025ns (DCD - SCD + CPR)
    Destination Clock Delay (DCD):    -1.544ns = ( 23.456 - 25.000 ) 
    Source Clock Delay      (SCD):    -0.942ns
    Clock Pessimism Removal (CPR):    0.578ns
  Clock Uncertainty:      0.085ns  ((TSJ^2 + DJ^2)^1/2) / 2 + PE
    Total System Jitter     (TSJ):    0.071ns
    Discrete Jitter          (DJ):    0.154ns
    Phase Error              (PE):    0.000ns

    Location             Delay type                Incr(ns)  Path(ns)    Netlist Resource(s)
  -------------------------------------------------------------------    -------------------
                         (clock clk_out1_sys_pll_1 rise edge)
                                                      0.000     0.000 r  
    W5                                                0.000     0.000 r  sys_clk (IN)
                         net (fo=0)                   0.000     0.000    clock_40mhz/inst/clk_in1
    W5                   IBUF (Prop_ibuf_I_O)         1.458     1.458 r  clock_40mhz/inst/clkin1_ibufg/O
                         net (fo=1, routed)           1.233     2.691    clock_40mhz/inst/clk_in1_sys_pll
    MMCME2_ADV_X1Y0      MMCME2_ADV (Prop_mmcme2_adv_CLKIN1_CLKOUT0)
                                                     -6.961    -4.269 r  clock_40mhz/inst/mmcm_adv_inst/CLKOUT0
                         net (fo=1, routed)           1.661    -2.608    clock_40mhz/inst/clk_out1_sys_pll
    BUFGCTRL_X0Y0        BUFG (Prop_bufg_I_O)         0.096    -2.512 r  clock_40mhz/inst/clkout1_buf/O
                         net (fo=8, routed)           1.570    -0.942    my_baud_rate_generator/clk_out1
    SLICE_X48Y43         FDRE                                         r  my_baud_rate_generator/counterTick_reg[3]/C
  -------------------------------------------------------------------    -------------------
    SLICE_X48Y43         FDRE (Prop_fdre_C_Q)         0.456    -0.486 f  my_baud_rate_generator/counterTick_reg[3]/Q
                         net (fo=2, routed)           0.680     0.195    my_baud_rate_generator/counterTick_reg[3]
    SLICE_X49Y43         LUT4 (Prop_lut4_I3_O)        0.124     0.319 f  my_baud_rate_generator/counterTick[0]_i_3/O
                         net (fo=2, routed)           0.415     0.734    my_baud_rate_generator/counterTick[0]_i_3_n_0
    SLICE_X49Y44         LUT5 (Prop_lut5_I0_O)        0.124     0.858 r  my_baud_rate_generator/counterTick[0]_i_1/O
                         net (fo=7, routed)           0.630     1.488    my_baud_rate_generator/counterTick[0]_i_1_n_0
    SLICE_X48Y44         FDRE                                         r  my_baud_rate_generator/counterTick_reg[6]/R
  -------------------------------------------------------------------    -------------------

                         (clock clk_out1_sys_pll_1 rise edge)
                                                     25.000    25.000 r  
    W5                                                0.000    25.000 r  sys_clk (IN)
                         net (fo=0)                   0.000    25.000    clock_40mhz/inst/clk_in1
    W5                   IBUF (Prop_ibuf_I_O)         1.388    26.388 r  clock_40mhz/inst/clkin1_ibufg/O
                         net (fo=1, routed)           1.162    27.550    clock_40mhz/inst/clk_in1_sys_pll
    MMCME2_ADV_X1Y0      MMCME2_ADV (Prop_mmcme2_adv_CLKIN1_CLKOUT0)
                                                     -7.217    20.332 r  clock_40mhz/inst/mmcm_adv_inst/CLKOUT0
                         net (fo=1, routed)           1.581    21.914    clock_40mhz/inst/clk_out1_sys_pll
    BUFGCTRL_X0Y0        BUFG (Prop_bufg_I_O)         0.091    22.005 r  clock_40mhz/inst/clkout1_buf/O
                         net (fo=8, routed)           1.451    23.456    my_baud_rate_generator/clk_out1
    SLICE_X48Y44         FDRE                                         r  my_baud_rate_generator/counterTick_reg[6]/C
                         clock pessimism              0.578    24.033    
                         clock uncertainty           -0.085    23.949    
    SLICE_X48Y44         FDRE (Setup_fdre_C_R)       -0.429    23.520    my_baud_rate_generator/counterTick_reg[6]
  -------------------------------------------------------------------
                         required time                         23.520    
                         arrival time                          -1.488    
  -------------------------------------------------------------------
                         slack                                 22.032    

Slack (MET) :             22.322ns  (required time - arrival time)
  Source:                 my_baud_rate_generator/counterTick_reg[3]/C
                            (rising edge-triggered cell FDRE clocked by clk_out1_sys_pll_1  {rise@0.000ns fall@12.500ns period=25.000ns})
  Destination:            my_baud_rate_generator/counterTick_reg[0]/R
                            (rising edge-triggered cell FDRE clocked by clk_out1_sys_pll_1  {rise@0.000ns fall@12.500ns period=25.000ns})
  Path Group:             clk_out1_sys_pll_1
  Path Type:              Setup (Max at Slow Process Corner)
  Requirement:            25.000ns  (clk_out1_sys_pll_1 rise@25.000ns - clk_out1_sys_pll_1 rise@0.000ns)
  Data Path Delay:        2.164ns  (logic 0.704ns (32.531%)  route 1.460ns (67.469%))
  Logic Levels:           2  (LUT4=1 LUT5=1)
  Clock Path Skew:        0.000ns (DCD - SCD + CPR)
    Destination Clock Delay (DCD):    -1.544ns = ( 23.456 - 25.000 ) 
    Source Clock Delay      (SCD):    -0.942ns
    Clock Pessimism Removal (CPR):    0.603ns
  Clock Uncertainty:      0.085ns  ((TSJ^2 + DJ^2)^1/2) / 2 + PE
    Total System Jitter     (TSJ):    0.071ns
    Discrete Jitter          (DJ):    0.154ns
    Phase Error              (PE):    0.000ns

    Location             Delay type                Incr(ns)  Path(ns)    Netlist Resource(s)
  -------------------------------------------------------------------    -------------------
                         (clock clk_out1_sys_pll_1 rise edge)
                                                      0.000     0.000 r  
    W5                                                0.000     0.000 r  sys_clk (IN)
                         net (fo=0)                   0.000     0.000    clock_40mhz/inst/clk_in1
    W5                   IBUF (Prop_ibuf_I_O)         1.458     1.458 r  clock_40mhz/inst/clkin1_ibufg/O
                         net (fo=1, routed)           1.233     2.691    clock_40mhz/inst/clk_in1_sys_pll
    MMCME2_ADV_X1Y0      MMCME2_ADV (Prop_mmcme2_adv_CLKIN1_CLKOUT0)
                                                     -6.961    -4.269 r  clock_40mhz/inst/mmcm_adv_inst/CLKOUT0
                         net (fo=1, routed)           1.661    -2.608    clock_40mhz/inst/clk_out1_sys_pll
    BUFGCTRL_X0Y0        BUFG (Prop_bufg_I_O)         0.096    -2.512 r  clock_40mhz/inst/clkout1_buf/O
                         net (fo=8, routed)           1.570    -0.942    my_baud_rate_generator/clk_out1
    SLICE_X48Y43         FDRE                                         r  my_baud_rate_generator/counterTick_reg[3]/C
  -------------------------------------------------------------------    -------------------
    SLICE_X48Y43         FDRE (Prop_fdre_C_Q)         0.456    -0.486 f  my_baud_rate_generator/counterTick_reg[3]/Q
                         net (fo=2, routed)           0.680     0.195    my_baud_rate_generator/counterTick_reg[3]
    SLICE_X49Y43         LUT4 (Prop_lut4_I3_O)        0.124     0.319 f  my_baud_rate_generator/counterTick[0]_i_3/O
                         net (fo=2, routed)           0.415     0.734    my_baud_rate_generator/counterTick[0]_i_3_n_0
    SLICE_X49Y44         LUT5 (Prop_lut5_I0_O)        0.124     0.858 r  my_baud_rate_generator/counterTick[0]_i_1/O
                         net (fo=7, routed)           0.365     1.223    my_baud_rate_generator/counterTick[0]_i_1_n_0
    SLICE_X48Y43         FDRE                                         r  my_baud_rate_generator/counterTick_reg[0]/R
  -------------------------------------------------------------------    -------------------

                         (clock clk_out1_sys_pll_1 rise edge)
                                                     25.000    25.000 r  
    W5                                                0.000    25.000 r  sys_clk (IN)
                         net (fo=0)                   0.000    25.000    clock_40mhz/inst/clk_in1
    W5                   IBUF (Prop_ibuf_I_O)         1.388    26.388 r  clock_40mhz/inst/clkin1_ibufg/O
                         net (fo=1, routed)           1.162    27.550    clock_40mhz/inst/clk_in1_sys_pll
    MMCME2_ADV_X1Y0      MMCME2_ADV (Prop_mmcme2_adv_CLKIN1_CLKOUT0)
                                                     -7.217    20.332 r  clock_40mhz/inst/mmcm_adv_inst/CLKOUT0
                         net (fo=1, routed)           1.581    21.914    clock_40mhz/inst/clk_out1_sys_pll
    BUFGCTRL_X0Y0        BUFG (Prop_bufg_I_O)         0.091    22.005 r  clock_40mhz/inst/clkout1_buf/O
                         net (fo=8, routed)           1.451    23.456    my_baud_rate_generator/clk_out1
    SLICE_X48Y43         FDRE                                         r  my_baud_rate_generator/counterTick_reg[0]/C
                         clock pessimism              0.603    24.058    
                         clock uncertainty           -0.085    23.974    
    SLICE_X48Y43         FDRE (Setup_fdre_C_R)       -0.429    23.545    my_baud_rate_generator/counterTick_reg[0]
  -------------------------------------------------------------------
                         required time                         23.545    
                         arrival time                          -1.223    
  -------------------------------------------------------------------
                         slack                                 22.322    

Slack (MET) :             22.322ns  (required time - arrival time)
  Source:                 my_baud_rate_generator/counterTick_reg[3]/C
                            (rising edge-triggered cell FDRE clocked by clk_out1_sys_pll_1  {rise@0.000ns fall@12.500ns period=25.000ns})
  Destination:            my_baud_rate_generator/counterTick_reg[1]/R
                            (rising edge-triggered cell FDRE clocked by clk_out1_sys_pll_1  {rise@0.000ns fall@12.500ns period=25.000ns})
  Path Group:             clk_out1_sys_pll_1
  Path Type:              Setup (Max at Slow Process Corner)
  Requirement:            25.000ns  (clk_out1_sys_pll_1 rise@25.000ns - clk_out1_sys_pll_1 rise@0.000ns)
  Data Path Delay:        2.164ns  (logic 0.704ns (32.531%)  route 1.460ns (67.469%))
  Logic Levels:           2  (LUT4=1 LUT5=1)
  Clock Path Skew:        0.000ns (DCD - SCD + CPR)
    Destination Clock Delay (DCD):    -1.544ns = ( 23.456 - 25.000 ) 
    Source Clock Delay      (SCD):    -0.942ns
    Clock Pessimism Removal (CPR):    0.603ns
  Clock Uncertainty:      0.085ns  ((TSJ^2 + DJ^2)^1/2) / 2 + PE
    Total System Jitter     (TSJ):    0.071ns
    Discrete Jitter          (DJ):    0.154ns
    Phase Error              (PE):    0.000ns

    Location             Delay type                Incr(ns)  Path(ns)    Netlist Resource(s)
  -------------------------------------------------------------------    -------------------
                         (clock clk_out1_sys_pll_1 rise edge)
                                                      0.000     0.000 r  
    W5                                                0.000     0.000 r  sys_clk (IN)
                         net (fo=0)                   0.000     0.000    clock_40mhz/inst/clk_in1
    W5                   IBUF (Prop_ibuf_I_O)         1.458     1.458 r  clock_40mhz/inst/clkin1_ibufg/O
                         net (fo=1, routed)           1.233     2.691    clock_40mhz/inst/clk_in1_sys_pll
    MMCME2_ADV_X1Y0      MMCME2_ADV (Prop_mmcme2_adv_CLKIN1_CLKOUT0)
                                                     -6.961    -4.269 r  clock_40mhz/inst/mmcm_adv_inst/CLKOUT0
                         net (fo=1, routed)           1.661    -2.608    clock_40mhz/inst/clk_out1_sys_pll
    BUFGCTRL_X0Y0        BUFG (Prop_bufg_I_O)         0.096    -2.512 r  clock_40mhz/inst/clkout1_buf/O
                         net (fo=8, routed)           1.570    -0.942    my_baud_rate_generator/clk_out1
    SLICE_X48Y43         FDRE                                         r  my_baud_rate_generator/counterTick_reg[3]/C
  -------------------------------------------------------------------    -------------------
    SLICE_X48Y43         FDRE (Prop_fdre_C_Q)         0.456    -0.486 f  my_baud_rate_generator/counterTick_reg[3]/Q
                         net (fo=2, routed)           0.680     0.195    my_baud_rate_generator/counterTick_reg[3]
    SLICE_X49Y43         LUT4 (Prop_lut4_I3_O)        0.124     0.319 f  my_baud_rate_generator/counterTick[0]_i_3/O
                         net (fo=2, routed)           0.415     0.734    my_baud_rate_generator/counterTick[0]_i_3_n_0
    SLICE_X49Y44         LUT5 (Prop_lut5_I0_O)        0.124     0.858 r  my_baud_rate_generator/counterTick[0]_i_1/O
                         net (fo=7, routed)           0.365     1.223    my_baud_rate_generator/counterTick[0]_i_1_n_0
    SLICE_X48Y43         FDRE                                         r  my_baud_rate_generator/counterTick_reg[1]/R
  -------------------------------------------------------------------    -------------------

                         (clock clk_out1_sys_pll_1 rise edge)
                                                     25.000    25.000 r  
    W5                                                0.000    25.000 r  sys_clk (IN)
                         net (fo=0)                   0.000    25.000    clock_40mhz/inst/clk_in1
    W5                   IBUF (Prop_ibuf_I_O)         1.388    26.388 r  clock_40mhz/inst/clkin1_ibufg/O
                         net (fo=1, routed)           1.162    27.550    clock_40mhz/inst/clk_in1_sys_pll
    MMCME2_ADV_X1Y0      MMCME2_ADV (Prop_mmcme2_adv_CLKIN1_CLKOUT0)
                                                     -7.217    20.332 r  clock_40mhz/inst/mmcm_adv_inst/CLKOUT0
                         net (fo=1, routed)           1.581    21.914    clock_40mhz/inst/clk_out1_sys_pll
    BUFGCTRL_X0Y0        BUFG (Prop_bufg_I_O)         0.091    22.005 r  clock_40mhz/inst/clkout1_buf/O
                         net (fo=8, routed)           1.451    23.456    my_baud_rate_generator/clk_out1
    SLICE_X48Y43         FDRE                                         r  my_baud_rate_generator/counterTick_reg[1]/C
                         clock pessimism              0.603    24.058    
                         clock uncertainty           -0.085    23.974    
    SLICE_X48Y43         FDRE (Setup_fdre_C_R)       -0.429    23.545    my_baud_rate_generator/counterTick_reg[1]
  -------------------------------------------------------------------
                         required time                         23.545    
                         arrival time                          -1.223    
  -------------------------------------------------------------------
                         slack                                 22.322    

Slack (MET) :             22.322ns  (required time - arrival time)
  Source:                 my_baud_rate_generator/counterTick_reg[3]/C
                            (rising edge-triggered cell FDRE clocked by clk_out1_sys_pll_1  {rise@0.000ns fall@12.500ns period=25.000ns})
  Destination:            my_baud_rate_generator/counterTick_reg[2]/R
                            (rising edge-triggered cell FDRE clocked by clk_out1_sys_pll_1  {rise@0.000ns fall@12.500ns period=25.000ns})
  Path Group:             clk_out1_sys_pll_1
  Path Type:              Setup (Max at Slow Process Corner)
  Requirement:            25.000ns  (clk_out1_sys_pll_1 rise@25.000ns - clk_out1_sys_pll_1 rise@0.000ns)
  Data Path Delay:        2.164ns  (logic 0.704ns (32.531%)  route 1.460ns (67.469%))
  Logic Levels:           2  (LUT4=1 LUT5=1)
  Clock Path Skew:        0.000ns (DCD - SCD + CPR)
    Destination Clock Delay (DCD):    -1.544ns = ( 23.456 - 25.000 ) 
    Source Clock Delay      (SCD):    -0.942ns
    Clock Pessimism Removal (CPR):    0.603ns
  Clock Uncertainty:      0.085ns  ((TSJ^2 + DJ^2)^1/2) / 2 + PE
    Total System Jitter     (TSJ):    0.071ns
    Discrete Jitter          (DJ):    0.154ns
    Phase Error              (PE):    0.000ns

    Location             Delay type                Incr(ns)  Path(ns)    Netlist Resource(s)
  -------------------------------------------------------------------    -------------------
                         (clock clk_out1_sys_pll_1 rise edge)
                                                      0.000     0.000 r  
    W5                                                0.000     0.000 r  sys_clk (IN)
                         net (fo=0)                   0.000     0.000    clock_40mhz/inst/clk_in1
    W5                   IBUF (Prop_ibuf_I_O)         1.458     1.458 r  clock_40mhz/inst/clkin1_ibufg/O
                         net (fo=1, routed)           1.233     2.691    clock_40mhz/inst/clk_in1_sys_pll
    MMCME2_ADV_X1Y0      MMCME2_ADV (Prop_mmcme2_adv_CLKIN1_CLKOUT0)
                                                     -6.961    -4.269 r  clock_40mhz/inst/mmcm_adv_inst/CLKOUT0
                         net (fo=1, routed)           1.661    -2.608    clock_40mhz/inst/clk_out1_sys_pll
    BUFGCTRL_X0Y0        BUFG (Prop_bufg_I_O)         0.096    -2.512 r  clock_40mhz/inst/clkout1_buf/O
                         net (fo=8, routed)           1.570    -0.942    my_baud_rate_generator/clk_out1
    SLICE_X48Y43         FDRE                                         r  my_baud_rate_generator/counterTick_reg[3]/C
  -------------------------------------------------------------------    -------------------
    SLICE_X48Y43         FDRE (Prop_fdre_C_Q)         0.456    -0.486 f  my_baud_rate_generator/counterTick_reg[3]/Q
                         net (fo=2, routed)           0.680     0.195    my_baud_rate_generator/counterTick_reg[3]
    SLICE_X49Y43         LUT4 (Prop_lut4_I3_O)        0.124     0.319 f  my_baud_rate_generator/counterTick[0]_i_3/O
                         net (fo=2, routed)           0.415     0.734    my_baud_rate_generator/counterTick[0]_i_3_n_0
    SLICE_X49Y44         LUT5 (Prop_lut5_I0_O)        0.124     0.858 r  my_baud_rate_generator/counterTick[0]_i_1/O
                         net (fo=7, routed)           0.365     1.223    my_baud_rate_generator/counterTick[0]_i_1_n_0
    SLICE_X48Y43         FDRE                                         r  my_baud_rate_generator/counterTick_reg[2]/R
  -------------------------------------------------------------------    -------------------

                         (clock clk_out1_sys_pll_1 rise edge)
                                                     25.000    25.000 r  
    W5                                                0.000    25.000 r  sys_clk (IN)
                         net (fo=0)                   0.000    25.000    clock_40mhz/inst/clk_in1
    W5                   IBUF (Prop_ibuf_I_O)         1.388    26.388 r  clock_40mhz/inst/clkin1_ibufg/O
                         net (fo=1, routed)           1.162    27.550    clock_40mhz/inst/clk_in1_sys_pll
    MMCME2_ADV_X1Y0      MMCME2_ADV (Prop_mmcme2_adv_CLKIN1_CLKOUT0)
                                                     -7.217    20.332 r  clock_40mhz/inst/mmcm_adv_inst/CLKOUT0
                         net (fo=1, routed)           1.581    21.914    clock_40mhz/inst/clk_out1_sys_pll
    BUFGCTRL_X0Y0        BUFG (Prop_bufg_I_O)         0.091    22.005 r  clock_40mhz/inst/clkout1_buf/O
                         net (fo=8, routed)           1.451    23.456    my_baud_rate_generator/clk_out1
    SLICE_X48Y43         FDRE                                         r  my_baud_rate_generator/counterTick_reg[2]/C
                         clock pessimism              0.603    24.058    
                         clock uncertainty           -0.085    23.974    
    SLICE_X48Y43         FDRE (Setup_fdre_C_R)       -0.429    23.545    my_baud_rate_generator/counterTick_reg[2]
  -------------------------------------------------------------------
                         required time                         23.545    
                         arrival time                          -1.223    
  -------------------------------------------------------------------
                         slack                                 22.322    

Slack (MET) :             22.322ns  (required time - arrival time)
  Source:                 my_baud_rate_generator/counterTick_reg[3]/C
                            (rising edge-triggered cell FDRE clocked by clk_out1_sys_pll_1  {rise@0.000ns fall@12.500ns period=25.000ns})
  Destination:            my_baud_rate_generator/counterTick_reg[3]/R
                            (rising edge-triggered cell FDRE clocked by clk_out1_sys_pll_1  {rise@0.000ns fall@12.500ns period=25.000ns})
  Path Group:             clk_out1_sys_pll_1
  Path Type:              Setup (Max at Slow Process Corner)
  Requirement:            25.000ns  (clk_out1_sys_pll_1 rise@25.000ns - clk_out1_sys_pll_1 rise@0.000ns)
  Data Path Delay:        2.164ns  (logic 0.704ns (32.531%)  route 1.460ns (67.469%))
  Logic Levels:           2  (LUT4=1 LUT5=1)
  Clock Path Skew:        0.000ns (DCD - SCD + CPR)
    Destination Clock Delay (DCD):    -1.544ns = ( 23.456 - 25.000 ) 
    Source Clock Delay      (SCD):    -0.942ns
    Clock Pessimism Removal (CPR):    0.603ns
  Clock Uncertainty:      0.085ns  ((TSJ^2 + DJ^2)^1/2) / 2 + PE
    Total System Jitter     (TSJ):    0.071ns
    Discrete Jitter          (DJ):    0.154ns
    Phase Error              (PE):    0.000ns

    Location             Delay type                Incr(ns)  Path(ns)    Netlist Resource(s)
  -------------------------------------------------------------------    -------------------
                         (clock clk_out1_sys_pll_1 rise edge)
                                                      0.000     0.000 r  
    W5                                                0.000     0.000 r  sys_clk (IN)
                         net (fo=0)                   0.000     0.000    clock_40mhz/inst/clk_in1
    W5                   IBUF (Prop_ibuf_I_O)         1.458     1.458 r  clock_40mhz/inst/clkin1_ibufg/O
                         net (fo=1, routed)           1.233     2.691    clock_40mhz/inst/clk_in1_sys_pll
    MMCME2_ADV_X1Y0      MMCME2_ADV (Prop_mmcme2_adv_CLKIN1_CLKOUT0)
                                                     -6.961    -4.269 r  clock_40mhz/inst/mmcm_adv_inst/CLKOUT0
                         net (fo=1, routed)           1.661    -2.608    clock_40mhz/inst/clk_out1_sys_pll
    BUFGCTRL_X0Y0        BUFG (Prop_bufg_I_O)         0.096    -2.512 r  clock_40mhz/inst/clkout1_buf/O
                         net (fo=8, routed)           1.570    -0.942    my_baud_rate_generator/clk_out1
    SLICE_X48Y43         FDRE                                         r  my_baud_rate_generator/counterTick_reg[3]/C
  -------------------------------------------------------------------    -------------------
    SLICE_X48Y43         FDRE (Prop_fdre_C_Q)         0.456    -0.486 f  my_baud_rate_generator/counterTick_reg[3]/Q
                         net (fo=2, routed)           0.680     0.195    my_baud_rate_generator/counterTick_reg[3]
    SLICE_X49Y43         LUT4 (Prop_lut4_I3_O)        0.124     0.319 f  my_baud_rate_generator/counterTick[0]_i_3/O
                         net (fo=2, routed)           0.415     0.734    my_baud_rate_generator/counterTick[0]_i_3_n_0
    SLICE_X49Y44         LUT5 (Prop_lut5_I0_O)        0.124     0.858 r  my_baud_rate_generator/counterTick[0]_i_1/O
                         net (fo=7, routed)           0.365     1.223    my_baud_rate_generator/counterTick[0]_i_1_n_0
    SLICE_X48Y43         FDRE                                         r  my_baud_rate_generator/counterTick_reg[3]/R
  -------------------------------------------------------------------    -------------------

                         (clock clk_out1_sys_pll_1 rise edge)
                                                     25.000    25.000 r  
    W5                                                0.000    25.000 r  sys_clk (IN)
                         net (fo=0)                   0.000    25.000    clock_40mhz/inst/clk_in1
    W5                   IBUF (Prop_ibuf_I_O)         1.388    26.388 r  clock_40mhz/inst/clkin1_ibufg/O
                         net (fo=1, routed)           1.162    27.550    clock_40mhz/inst/clk_in1_sys_pll
    MMCME2_ADV_X1Y0      MMCME2_ADV (Prop_mmcme2_adv_CLKIN1_CLKOUT0)
                                                     -7.217    20.332 r  clock_40mhz/inst/mmcm_adv_inst/CLKOUT0
                         net (fo=1, routed)           1.581    21.914    clock_40mhz/inst/clk_out1_sys_pll
    BUFGCTRL_X0Y0        BUFG (Prop_bufg_I_O)         0.091    22.005 r  clock_40mhz/inst/clkout1_buf/O
                         net (fo=8, routed)           1.451    23.456    my_baud_rate_generator/clk_out1
    SLICE_X48Y43         FDRE                                         r  my_baud_rate_generator/counterTick_reg[3]/C
                         clock pessimism              0.603    24.058    
                         clock uncertainty           -0.085    23.974    
    SLICE_X48Y43         FDRE (Setup_fdre_C_R)       -0.429    23.545    my_baud_rate_generator/counterTick_reg[3]
  -------------------------------------------------------------------
                         required time                         23.545    
                         arrival time                          -1.223    
  -------------------------------------------------------------------
                         slack                                 22.322    

Slack (MET) :             22.939ns  (required time - arrival time)
  Source:                 my_baud_rate_generator/counterTick_reg[1]/C
                            (rising edge-triggered cell FDRE clocked by clk_out1_sys_pll_1  {rise@0.000ns fall@12.500ns period=25.000ns})
  Destination:            my_baud_rate_generator/counterTick_reg[5]/D
                            (rising edge-triggered cell FDRE clocked by clk_out1_sys_pll_1  {rise@0.000ns fall@12.500ns period=25.000ns})
  Path Group:             clk_out1_sys_pll_1
  Path Type:              Setup (Max at Slow Process Corner)
  Requirement:            25.000ns  (clk_out1_sys_pll_1 rise@25.000ns - clk_out1_sys_pll_1 rise@0.000ns)
  Data Path Delay:        2.014ns  (logic 1.464ns (72.693%)  route 0.550ns (27.307%))
  Logic Levels:           2  (CARRY4=2)
  Clock Path Skew:        -0.025ns (DCD - SCD + CPR)
    Destination Clock Delay (DCD):    -1.544ns = ( 23.456 - 25.000 ) 
    Source Clock Delay      (SCD):    -0.942ns
    Clock Pessimism Removal (CPR):    0.578ns
  Clock Uncertainty:      0.085ns  ((TSJ^2 + DJ^2)^1/2) / 2 + PE
    Total System Jitter     (TSJ):    0.071ns
    Discrete Jitter          (DJ):    0.154ns
    Phase Error              (PE):    0.000ns

    Location             Delay type                Incr(ns)  Path(ns)    Netlist Resource(s)
  -------------------------------------------------------------------    -------------------
                         (clock clk_out1_sys_pll_1 rise edge)
                                                      0.000     0.000 r  
    W5                                                0.000     0.000 r  sys_clk (IN)
                         net (fo=0)                   0.000     0.000    clock_40mhz/inst/clk_in1
    W5                   IBUF (Prop_ibuf_I_O)         1.458     1.458 r  clock_40mhz/inst/clkin1_ibufg/O
                         net (fo=1, routed)           1.233     2.691    clock_40mhz/inst/clk_in1_sys_pll
    MMCME2_ADV_X1Y0      MMCME2_ADV (Prop_mmcme2_adv_CLKIN1_CLKOUT0)
                                                     -6.961    -4.269 r  clock_40mhz/inst/mmcm_adv_inst/CLKOUT0
                         net (fo=1, routed)           1.661    -2.608    clock_40mhz/inst/clk_out1_sys_pll
    BUFGCTRL_X0Y0        BUFG (Prop_bufg_I_O)         0.096    -2.512 r  clock_40mhz/inst/clkout1_buf/O
                         net (fo=8, routed)           1.570    -0.942    my_baud_rate_generator/clk_out1
    SLICE_X48Y43         FDRE                                         r  my_baud_rate_generator/counterTick_reg[1]/C
  -------------------------------------------------------------------    -------------------
    SLICE_X48Y43         FDRE (Prop_fdre_C_Q)         0.456    -0.486 r  my_baud_rate_generator/counterTick_reg[1]/Q
                         net (fo=2, routed)           0.550     0.064    my_baud_rate_generator/counterTick_reg[1]
    SLICE_X48Y43         CARRY4 (Prop_carry4_S[1]_CO[3])
                                                      0.674     0.738 r  my_baud_rate_generator/counterTick_reg[0]_i_2/CO[3]
                         net (fo=1, routed)           0.000     0.738    my_baud_rate_generator/counterTick_reg[0]_i_2_n_0
    SLICE_X48Y44         CARRY4 (Prop_carry4_CI_O[1])
                                                      0.334     1.072 r  my_baud_rate_generator/counterTick_reg[4]_i_1/O[1]
                         net (fo=1, routed)           0.000     1.072    my_baud_rate_generator/counterTick_reg[4]_i_1_n_6
    SLICE_X48Y44         FDRE                                         r  my_baud_rate_generator/counterTick_reg[5]/D
  -------------------------------------------------------------------    -------------------

                         (clock clk_out1_sys_pll_1 rise edge)
                                                     25.000    25.000 r  
    W5                                                0.000    25.000 r  sys_clk (IN)
                         net (fo=0)                   0.000    25.000    clock_40mhz/inst/clk_in1
    W5                   IBUF (Prop_ibuf_I_O)         1.388    26.388 r  clock_40mhz/inst/clkin1_ibufg/O
                         net (fo=1, routed)           1.162    27.550    clock_40mhz/inst/clk_in1_sys_pll
    MMCME2_ADV_X1Y0      MMCME2_ADV (Prop_mmcme2_adv_CLKIN1_CLKOUT0)
                                                     -7.217    20.332 r  clock_40mhz/inst/mmcm_adv_inst/CLKOUT0
                         net (fo=1, routed)           1.581    21.914    clock_40mhz/inst/clk_out1_sys_pll
    BUFGCTRL_X0Y0        BUFG (Prop_bufg_I_O)         0.091    22.005 r  clock_40mhz/inst/clkout1_buf/O
                         net (fo=8, routed)           1.451    23.456    my_baud_rate_generator/clk_out1
    SLICE_X48Y44         FDRE                                         r  my_baud_rate_generator/counterTick_reg[5]/C
                         clock pessimism              0.578    24.033    
                         clock uncertainty           -0.085    23.949    
    SLICE_X48Y44         FDRE (Setup_fdre_C_D)        0.062    24.011    my_baud_rate_generator/counterTick_reg[5]
  -------------------------------------------------------------------
                         required time                         24.011    
                         arrival time                          -1.072    
  -------------------------------------------------------------------
                         slack                                 22.939    

Slack (MET) :             23.034ns  (required time - arrival time)
  Source:                 my_baud_rate_generator/counterTick_reg[1]/C
                            (rising edge-triggered cell FDRE clocked by clk_out1_sys_pll_1  {rise@0.000ns fall@12.500ns period=25.000ns})
  Destination:            my_baud_rate_generator/counterTick_reg[6]/D
                            (rising edge-triggered cell FDRE clocked by clk_out1_sys_pll_1  {rise@0.000ns fall@12.500ns period=25.000ns})
  Path Group:             clk_out1_sys_pll_1
  Path Type:              Setup (Max at Slow Process Corner)
  Requirement:            25.000ns  (clk_out1_sys_pll_1 rise@25.000ns - clk_out1_sys_pll_1 rise@0.000ns)
  Data Path Delay:        1.919ns  (logic 1.369ns (71.341%)  route 0.550ns (28.659%))
  Logic Levels:           2  (CARRY4=2)
  Clock Path Skew:        -0.025ns (DCD - SCD + CPR)
    Destination Clock Delay (DCD):    -1.544ns = ( 23.456 - 25.000 ) 
    Source Clock Delay      (SCD):    -0.942ns
    Clock Pessimism Removal (CPR):    0.578ns
  Clock Uncertainty:      0.085ns  ((TSJ^2 + DJ^2)^1/2) / 2 + PE
    Total System Jitter     (TSJ):    0.071ns
    Discrete Jitter          (DJ):    0.154ns
    Phase Error              (PE):    0.000ns

    Location             Delay type                Incr(ns)  Path(ns)    Netlist Resource(s)
  -------------------------------------------------------------------    -------------------
                         (clock clk_out1_sys_pll_1 rise edge)
                                                      0.000     0.000 r  
    W5                                                0.000     0.000 r  sys_clk (IN)
                         net (fo=0)                   0.000     0.000    clock_40mhz/inst/clk_in1
    W5                   IBUF (Prop_ibuf_I_O)         1.458     1.458 r  clock_40mhz/inst/clkin1_ibufg/O
                         net (fo=1, routed)           1.233     2.691    clock_40mhz/inst/clk_in1_sys_pll
    MMCME2_ADV_X1Y0      MMCME2_ADV (Prop_mmcme2_adv_CLKIN1_CLKOUT0)
                                                     -6.961    -4.269 r  clock_40mhz/inst/mmcm_adv_inst/CLKOUT0
                         net (fo=1, routed)           1.661    -2.608    clock_40mhz/inst/clk_out1_sys_pll
    BUFGCTRL_X0Y0        BUFG (Prop_bufg_I_O)         0.096    -2.512 r  clock_40mhz/inst/clkout1_buf/O
                         net (fo=8, routed)           1.570    -0.942    my_baud_rate_generator/clk_out1
    SLICE_X48Y43         FDRE                                         r  my_baud_rate_generator/counterTick_reg[1]/C
  -------------------------------------------------------------------    -------------------
    SLICE_X48Y43         FDRE (Prop_fdre_C_Q)         0.456    -0.486 r  my_baud_rate_generator/counterTick_reg[1]/Q
                         net (fo=2, routed)           0.550     0.064    my_baud_rate_generator/counterTick_reg[1]
    SLICE_X48Y43         CARRY4 (Prop_carry4_S[1]_CO[3])
                                                      0.674     0.738 r  my_baud_rate_generator/counterTick_reg[0]_i_2/CO[3]
                         net (fo=1, routed)           0.000     0.738    my_baud_rate_generator/counterTick_reg[0]_i_2_n_0
    SLICE_X48Y44         CARRY4 (Prop_carry4_CI_O[2])
                                                      0.239     0.977 r  my_baud_rate_generator/counterTick_reg[4]_i_1/O[2]
                         net (fo=1, routed)           0.000     0.977    my_baud_rate_generator/counterTick_reg[4]_i_1_n_5
    SLICE_X48Y44         FDRE                                         r  my_baud_rate_generator/counterTick_reg[6]/D
  -------------------------------------------------------------------    -------------------

                         (clock clk_out1_sys_pll_1 rise edge)
                                                     25.000    25.000 r  
    W5                                                0.000    25.000 r  sys_clk (IN)
                         net (fo=0)                   0.000    25.000    clock_40mhz/inst/clk_in1
    W5                   IBUF (Prop_ibuf_I_O)         1.388    26.388 r  clock_40mhz/inst/clkin1_ibufg/O
                         net (fo=1, routed)           1.162    27.550    clock_40mhz/inst/clk_in1_sys_pll
    MMCME2_ADV_X1Y0      MMCME2_ADV (Prop_mmcme2_adv_CLKIN1_CLKOUT0)
                                                     -7.217    20.332 r  clock_40mhz/inst/mmcm_adv_inst/CLKOUT0
                         net (fo=1, routed)           1.581    21.914    clock_40mhz/inst/clk_out1_sys_pll
    BUFGCTRL_X0Y0        BUFG (Prop_bufg_I_O)         0.091    22.005 r  clock_40mhz/inst/clkout1_buf/O
                         net (fo=8, routed)           1.451    23.456    my_baud_rate_generator/clk_out1
    SLICE_X48Y44         FDRE                                         r  my_baud_rate_generator/counterTick_reg[6]/C
                         clock pessimism              0.578    24.033    
                         clock uncertainty           -0.085    23.949    
    SLICE_X48Y44         FDRE (Setup_fdre_C_D)        0.062    24.011    my_baud_rate_generator/counterTick_reg[6]
  -------------------------------------------------------------------
                         required time                         24.011    
                         arrival time                          -0.977    
  -------------------------------------------------------------------
                         slack                                 23.034    

Slack (MET) :             23.050ns  (required time - arrival time)
  Source:                 my_baud_rate_generator/counterTick_reg[1]/C
                            (rising edge-triggered cell FDRE clocked by clk_out1_sys_pll_1  {rise@0.000ns fall@12.500ns period=25.000ns})
  Destination:            my_baud_rate_generator/counterTick_reg[4]/D
                            (rising edge-triggered cell FDRE clocked by clk_out1_sys_pll_1  {rise@0.000ns fall@12.500ns period=25.000ns})
  Path Group:             clk_out1_sys_pll_1
  Path Type:              Setup (Max at Slow Process Corner)
  Requirement:            25.000ns  (clk_out1_sys_pll_1 rise@25.000ns - clk_out1_sys_pll_1 rise@0.000ns)
  Data Path Delay:        1.903ns  (logic 1.353ns (71.100%)  route 0.550ns (28.900%))
  Logic Levels:           2  (CARRY4=2)
  Clock Path Skew:        -0.025ns (DCD - SCD + CPR)
    Destination Clock Delay (DCD):    -1.544ns = ( 23.456 - 25.000 ) 
    Source Clock Delay      (SCD):    -0.942ns
    Clock Pessimism Removal (CPR):    0.578ns
  Clock Uncertainty:      0.085ns  ((TSJ^2 + DJ^2)^1/2) / 2 + PE
    Total System Jitter     (TSJ):    0.071ns
    Discrete Jitter          (DJ):    0.154ns
    Phase Error              (PE):    0.000ns

    Location             Delay type                Incr(ns)  Path(ns)    Netlist Resource(s)
  -------------------------------------------------------------------    -------------------
                         (clock clk_out1_sys_pll_1 rise edge)
                                                      0.000     0.000 r  
    W5                                                0.000     0.000 r  sys_clk (IN)
                         net (fo=0)                   0.000     0.000    clock_40mhz/inst/clk_in1
    W5                   IBUF (Prop_ibuf_I_O)         1.458     1.458 r  clock_40mhz/inst/clkin1_ibufg/O
                         net (fo=1, routed)           1.233     2.691    clock_40mhz/inst/clk_in1_sys_pll
    MMCME2_ADV_X1Y0      MMCME2_ADV (Prop_mmcme2_adv_CLKIN1_CLKOUT0)
                                                     -6.961    -4.269 r  clock_40mhz/inst/mmcm_adv_inst/CLKOUT0
                         net (fo=1, routed)           1.661    -2.608    clock_40mhz/inst/clk_out1_sys_pll
    BUFGCTRL_X0Y0        BUFG (Prop_bufg_I_O)         0.096    -2.512 r  clock_40mhz/inst/clkout1_buf/O
                         net (fo=8, routed)           1.570    -0.942    my_baud_rate_generator/clk_out1
    SLICE_X48Y43         FDRE                                         r  my_baud_rate_generator/counterTick_reg[1]/C
  -------------------------------------------------------------------    -------------------
    SLICE_X48Y43         FDRE (Prop_fdre_C_Q)         0.456    -0.486 r  my_baud_rate_generator/counterTick_reg[1]/Q
                         net (fo=2, routed)           0.550     0.064    my_baud_rate_generator/counterTick_reg[1]
    SLICE_X48Y43         CARRY4 (Prop_carry4_S[1]_CO[3])
                                                      0.674     0.738 r  my_baud_rate_generator/counterTick_reg[0]_i_2/CO[3]
                         net (fo=1, routed)           0.000     0.738    my_baud_rate_generator/counterTick_reg[0]_i_2_n_0
    SLICE_X48Y44         CARRY4 (Prop_carry4_CI_O[0])
                                                      0.223     0.961 r  my_baud_rate_generator/counterTick_reg[4]_i_1/O[0]
                         net (fo=1, routed)           0.000     0.961    my_baud_rate_generator/counterTick_reg[4]_i_1_n_7
    SLICE_X48Y44         FDRE                                         r  my_baud_rate_generator/counterTick_reg[4]/D
  -------------------------------------------------------------------    -------------------

                         (clock clk_out1_sys_pll_1 rise edge)
                                                     25.000    25.000 r  
    W5                                                0.000    25.000 r  sys_clk (IN)
                         net (fo=0)                   0.000    25.000    clock_40mhz/inst/clk_in1
    W5                   IBUF (Prop_ibuf_I_O)         1.388    26.388 r  clock_40mhz/inst/clkin1_ibufg/O
                         net (fo=1, routed)           1.162    27.550    clock_40mhz/inst/clk_in1_sys_pll
    MMCME2_ADV_X1Y0      MMCME2_ADV (Prop_mmcme2_adv_CLKIN1_CLKOUT0)
                                                     -7.217    20.332 r  clock_40mhz/inst/mmcm_adv_inst/CLKOUT0
                         net (fo=1, routed)           1.581    21.914    clock_40mhz/inst/clk_out1_sys_pll
    BUFGCTRL_X0Y0        BUFG (Prop_bufg_I_O)         0.091    22.005 r  clock_40mhz/inst/clkout1_buf/O
                         net (fo=8, routed)           1.451    23.456    my_baud_rate_generator/clk_out1
    SLICE_X48Y44         FDRE                                         r  my_baud_rate_generator/counterTick_reg[4]/C
                         clock pessimism              0.578    24.033    
                         clock uncertainty           -0.085    23.949    
    SLICE_X48Y44         FDRE (Setup_fdre_C_D)        0.062    24.011    my_baud_rate_generator/counterTick_reg[4]
  -------------------------------------------------------------------
                         required time                         24.011    
                         arrival time                          -0.961    
  -------------------------------------------------------------------
                         slack                                 23.050    





Min Delay Paths
--------------------------------------------------------------------------------------
Slack (MET) :             0.281ns  (arrival time - required time)
  Source:                 my_baud_rate_generator/counterTick_reg[2]/C
                            (rising edge-triggered cell FDRE clocked by clk_out1_sys_pll_1  {rise@0.000ns fall@12.500ns period=25.000ns})
  Destination:            my_baud_rate_generator/counterTick_reg[2]/D
                            (rising edge-triggered cell FDRE clocked by clk_out1_sys_pll_1  {rise@0.000ns fall@12.500ns period=25.000ns})
  Path Group:             clk_out1_sys_pll_1
  Path Type:              Hold (Min at Fast Process Corner)
  Requirement:            0.000ns  (clk_out1_sys_pll_1 rise@0.000ns - clk_out1_sys_pll_1 rise@0.000ns)
  Data Path Delay:        0.386ns  (logic 0.252ns (65.354%)  route 0.134ns (34.646%))
  Logic Levels:           1  (CARRY4=1)
  Clock Path Skew:        0.000ns (DCD - SCD - CPR)
    Destination Clock Delay (DCD):    -0.854ns
    Source Clock Delay      (SCD):    -0.615ns
    Clock Pessimism Removal (CPR):    -0.238ns

    Location             Delay type                Incr(ns)  Path(ns)    Netlist Resource(s)
  -------------------------------------------------------------------    -------------------
                         (clock clk_out1_sys_pll_1 rise edge)
                                                      0.000     0.000 r  
    W5                                                0.000     0.000 r  sys_clk (IN)
                         net (fo=0)                   0.000     0.000    clock_40mhz/inst/clk_in1
    W5                   IBUF (Prop_ibuf_I_O)         0.226     0.226 r  clock_40mhz/inst/clkin1_ibufg/O
                         net (fo=1, routed)           0.440     0.667    clock_40mhz/inst/clk_in1_sys_pll
    MMCME2_ADV_X1Y0      MMCME2_ADV (Prop_mmcme2_adv_CLKIN1_CLKOUT0)
                                                     -2.360    -1.693 r  clock_40mhz/inst/mmcm_adv_inst/CLKOUT0
                         net (fo=1, routed)           0.486    -1.207    clock_40mhz/inst/clk_out1_sys_pll
    BUFGCTRL_X0Y0        BUFG (Prop_bufg_I_O)         0.026    -1.181 r  clock_40mhz/inst/clkout1_buf/O
                         net (fo=8, routed)           0.566    -0.615    my_baud_rate_generator/clk_out1
    SLICE_X48Y43         FDRE                                         r  my_baud_rate_generator/counterTick_reg[2]/C
  -------------------------------------------------------------------    -------------------
    SLICE_X48Y43         FDRE (Prop_fdre_C_Q)         0.141    -0.474 r  my_baud_rate_generator/counterTick_reg[2]/Q
                         net (fo=3, routed)           0.134    -0.341    my_baud_rate_generator/counterTick_reg[2]
    SLICE_X48Y43         CARRY4 (Prop_carry4_S[2]_O[2])
                                                      0.111    -0.230 r  my_baud_rate_generator/counterTick_reg[0]_i_2/O[2]
                         net (fo=1, routed)           0.000    -0.230    my_baud_rate_generator/counterTick_reg[0]_i_2_n_5
    SLICE_X48Y43         FDRE                                         r  my_baud_rate_generator/counterTick_reg[2]/D
  -------------------------------------------------------------------    -------------------

                         (clock clk_out1_sys_pll_1 rise edge)
                                                      0.000     0.000 r  
    W5                                                0.000     0.000 r  sys_clk (IN)
                         net (fo=0)                   0.000     0.000    clock_40mhz/inst/clk_in1
    W5                   IBUF (Prop_ibuf_I_O)         0.414     0.414 r  clock_40mhz/inst/clkin1_ibufg/O
                         net (fo=1, routed)           0.480     0.894    clock_40mhz/inst/clk_in1_sys_pll
    MMCME2_ADV_X1Y0      MMCME2_ADV (Prop_mmcme2_adv_CLKIN1_CLKOUT0)
                                                     -3.142    -2.248 r  clock_40mhz/inst/mmcm_adv_inst/CLKOUT0
                         net (fo=1, routed)           0.530    -1.718    clock_40mhz/inst/clk_out1_sys_pll
    BUFGCTRL_X0Y0        BUFG (Prop_bufg_I_O)         0.029    -1.689 r  clock_40mhz/inst/clkout1_buf/O
                         net (fo=8, routed)           0.836    -0.854    my_baud_rate_generator/clk_out1
    SLICE_X48Y43         FDRE                                         r  my_baud_rate_generator/counterTick_reg[2]/C
                         clock pessimism              0.238    -0.615    
    SLICE_X48Y43         FDRE (Hold_fdre_C_D)         0.105    -0.510    my_baud_rate_generator/counterTick_reg[2]
  -------------------------------------------------------------------
                         required time                          0.510    
                         arrival time                          -0.230    
  -------------------------------------------------------------------
                         slack                                  0.281    

Slack (MET) :             0.281ns  (arrival time - required time)
  Source:                 my_baud_rate_generator/counterTick_reg[6]/C
                            (rising edge-triggered cell FDRE clocked by clk_out1_sys_pll_1  {rise@0.000ns fall@12.500ns period=25.000ns})
  Destination:            my_baud_rate_generator/counterTick_reg[6]/D
                            (rising edge-triggered cell FDRE clocked by clk_out1_sys_pll_1  {rise@0.000ns fall@12.500ns period=25.000ns})
  Path Group:             clk_out1_sys_pll_1
  Path Type:              Hold (Min at Fast Process Corner)
  Requirement:            0.000ns  (clk_out1_sys_pll_1 rise@0.000ns - clk_out1_sys_pll_1 rise@0.000ns)
  Data Path Delay:        0.386ns  (logic 0.252ns (65.354%)  route 0.134ns (34.646%))
  Logic Levels:           1  (CARRY4=1)
  Clock Path Skew:        0.000ns (DCD - SCD - CPR)
    Destination Clock Delay (DCD):    -0.854ns
    Source Clock Delay      (SCD):    -0.615ns
    Clock Pessimism Removal (CPR):    -0.238ns

    Location             Delay type                Incr(ns)  Path(ns)    Netlist Resource(s)
  -------------------------------------------------------------------    -------------------
                         (clock clk_out1_sys_pll_1 rise edge)
                                                      0.000     0.000 r  
    W5                                                0.000     0.000 r  sys_clk (IN)
                         net (fo=0)                   0.000     0.000    clock_40mhz/inst/clk_in1
    W5                   IBUF (Prop_ibuf_I_O)         0.226     0.226 r  clock_40mhz/inst/clkin1_ibufg/O
                         net (fo=1, routed)           0.440     0.667    clock_40mhz/inst/clk_in1_sys_pll
    MMCME2_ADV_X1Y0      MMCME2_ADV (Prop_mmcme2_adv_CLKIN1_CLKOUT0)
                                                     -2.360    -1.693 r  clock_40mhz/inst/mmcm_adv_inst/CLKOUT0
                         net (fo=1, routed)           0.486    -1.207    clock_40mhz/inst/clk_out1_sys_pll
    BUFGCTRL_X0Y0        BUFG (Prop_bufg_I_O)         0.026    -1.181 r  clock_40mhz/inst/clkout1_buf/O
                         net (fo=8, routed)           0.566    -0.615    my_baud_rate_generator/clk_out1
    SLICE_X48Y44         FDRE                                         r  my_baud_rate_generator/counterTick_reg[6]/C
  -------------------------------------------------------------------    -------------------
    SLICE_X48Y44         FDRE (Prop_fdre_C_Q)         0.141    -0.474 r  my_baud_rate_generator/counterTick_reg[6]/Q
                         net (fo=2, routed)           0.134    -0.341    my_baud_rate_generator/counterTick_reg[6]
    SLICE_X48Y44         CARRY4 (Prop_carry4_S[2]_O[2])
                                                      0.111    -0.230 r  my_baud_rate_generator/counterTick_reg[4]_i_1/O[2]
                         net (fo=1, routed)           0.000    -0.230    my_baud_rate_generator/counterTick_reg[4]_i_1_n_5
    SLICE_X48Y44         FDRE                                         r  my_baud_rate_generator/counterTick_reg[6]/D
  -------------------------------------------------------------------    -------------------

                         (clock clk_out1_sys_pll_1 rise edge)
                                                      0.000     0.000 r  
    W5                                                0.000     0.000 r  sys_clk (IN)
                         net (fo=0)                   0.000     0.000    clock_40mhz/inst/clk_in1
    W5                   IBUF (Prop_ibuf_I_O)         0.414     0.414 r  clock_40mhz/inst/clkin1_ibufg/O
                         net (fo=1, routed)           0.480     0.894    clock_40mhz/inst/clk_in1_sys_pll
    MMCME2_ADV_X1Y0      MMCME2_ADV (Prop_mmcme2_adv_CLKIN1_CLKOUT0)
                                                     -3.142    -2.248 r  clock_40mhz/inst/mmcm_adv_inst/CLKOUT0
                         net (fo=1, routed)           0.530    -1.718    clock_40mhz/inst/clk_out1_sys_pll
    BUFGCTRL_X0Y0        BUFG (Prop_bufg_I_O)         0.029    -1.689 r  clock_40mhz/inst/clkout1_buf/O
                         net (fo=8, routed)           0.836    -0.854    my_baud_rate_generator/clk_out1
    SLICE_X48Y44         FDRE                                         r  my_baud_rate_generator/counterTick_reg[6]/C
                         clock pessimism              0.238    -0.615    
    SLICE_X48Y44         FDRE (Hold_fdre_C_D)         0.105    -0.510    my_baud_rate_generator/counterTick_reg[6]
  -------------------------------------------------------------------
                         required time                          0.510    
                         arrival time                          -0.230    
  -------------------------------------------------------------------
                         slack                                  0.281    

Slack (MET) :             0.291ns  (arrival time - required time)
  Source:                 my_baud_rate_generator/counterTick_reg[2]/C
                            (rising edge-triggered cell FDRE clocked by clk_out1_sys_pll_1  {rise@0.000ns fall@12.500ns period=25.000ns})
  Destination:            my_baud_rate_generator/sys_tick_reg_reg/D
                            (rising edge-triggered cell FDRE clocked by clk_out1_sys_pll_1  {rise@0.000ns fall@12.500ns period=25.000ns})
  Path Group:             clk_out1_sys_pll_1
  Path Type:              Hold (Min at Fast Process Corner)
  Requirement:            0.000ns  (clk_out1_sys_pll_1 rise@0.000ns - clk_out1_sys_pll_1 rise@0.000ns)
  Data Path Delay:        0.398ns  (logic 0.186ns (46.739%)  route 0.212ns (53.261%))
  Logic Levels:           1  (LUT6=1)
  Clock Path Skew:        0.016ns (DCD - SCD - CPR)
    Destination Clock Delay (DCD):    -0.854ns
    Source Clock Delay      (SCD):    -0.615ns
    Clock Pessimism Removal (CPR):    -0.254ns

    Location             Delay type                Incr(ns)  Path(ns)    Netlist Resource(s)
  -------------------------------------------------------------------    -------------------
                         (clock clk_out1_sys_pll_1 rise edge)
                                                      0.000     0.000 r  
    W5                                                0.000     0.000 r  sys_clk (IN)
                         net (fo=0)                   0.000     0.000    clock_40mhz/inst/clk_in1
    W5                   IBUF (Prop_ibuf_I_O)         0.226     0.226 r  clock_40mhz/inst/clkin1_ibufg/O
                         net (fo=1, routed)           0.440     0.667    clock_40mhz/inst/clk_in1_sys_pll
    MMCME2_ADV_X1Y0      MMCME2_ADV (Prop_mmcme2_adv_CLKIN1_CLKOUT0)
                                                     -2.360    -1.693 r  clock_40mhz/inst/mmcm_adv_inst/CLKOUT0
                         net (fo=1, routed)           0.486    -1.207    clock_40mhz/inst/clk_out1_sys_pll
    BUFGCTRL_X0Y0        BUFG (Prop_bufg_I_O)         0.026    -1.181 r  clock_40mhz/inst/clkout1_buf/O
                         net (fo=8, routed)           0.566    -0.615    my_baud_rate_generator/clk_out1
    SLICE_X48Y43         FDRE                                         r  my_baud_rate_generator/counterTick_reg[2]/C
  -------------------------------------------------------------------    -------------------
    SLICE_X48Y43         FDRE (Prop_fdre_C_Q)         0.141    -0.474 f  my_baud_rate_generator/counterTick_reg[2]/Q
                         net (fo=3, routed)           0.212    -0.262    my_baud_rate_generator/counterTick_reg[2]
    SLICE_X49Y44         LUT6 (Prop_lut6_I3_O)        0.045    -0.217 r  my_baud_rate_generator/sys_tick_reg_i_1/O
                         net (fo=1, routed)           0.000    -0.217    my_baud_rate_generator/sys_tick_reg_i_1_n_0
    SLICE_X49Y44         FDRE                                         r  my_baud_rate_generator/sys_tick_reg_reg/D
  -------------------------------------------------------------------    -------------------

                         (clock clk_out1_sys_pll_1 rise edge)
                                                      0.000     0.000 r  
    W5                                                0.000     0.000 r  sys_clk (IN)
                         net (fo=0)                   0.000     0.000    clock_40mhz/inst/clk_in1
    W5                   IBUF (Prop_ibuf_I_O)         0.414     0.414 r  clock_40mhz/inst/clkin1_ibufg/O
                         net (fo=1, routed)           0.480     0.894    clock_40mhz/inst/clk_in1_sys_pll
    MMCME2_ADV_X1Y0      MMCME2_ADV (Prop_mmcme2_adv_CLKIN1_CLKOUT0)
                                                     -3.142    -2.248 r  clock_40mhz/inst/mmcm_adv_inst/CLKOUT0
                         net (fo=1, routed)           0.530    -1.718    clock_40mhz/inst/clk_out1_sys_pll
    BUFGCTRL_X0Y0        BUFG (Prop_bufg_I_O)         0.029    -1.689 r  clock_40mhz/inst/clkout1_buf/O
                         net (fo=8, routed)           0.836    -0.854    my_baud_rate_generator/clk_out1
    SLICE_X49Y44         FDRE                                         r  my_baud_rate_generator/sys_tick_reg_reg/C
                         clock pessimism              0.254    -0.599    
    SLICE_X49Y44         FDRE (Hold_fdre_C_D)         0.091    -0.508    my_baud_rate_generator/sys_tick_reg_reg
  -------------------------------------------------------------------
                         required time                          0.508    
                         arrival time                          -0.217    
  -------------------------------------------------------------------
                         slack                                  0.291    

Slack (MET) :             0.314ns  (arrival time - required time)
  Source:                 my_baud_rate_generator/counterTick_reg[2]/C
                            (rising edge-triggered cell FDRE clocked by clk_out1_sys_pll_1  {rise@0.000ns fall@12.500ns period=25.000ns})
  Destination:            my_baud_rate_generator/counterTick_reg[3]/D
                            (rising edge-triggered cell FDRE clocked by clk_out1_sys_pll_1  {rise@0.000ns fall@12.500ns period=25.000ns})
  Path Group:             clk_out1_sys_pll_1
  Path Type:              Hold (Min at Fast Process Corner)
  Requirement:            0.000ns  (clk_out1_sys_pll_1 rise@0.000ns - clk_out1_sys_pll_1 rise@0.000ns)
  Data Path Delay:        0.419ns  (logic 0.285ns (68.085%)  route 0.134ns (31.915%))
  Logic Levels:           1  (CARRY4=1)
  Clock Path Skew:        0.000ns (DCD - SCD - CPR)
    Destination Clock Delay (DCD):    -0.854ns
    Source Clock Delay      (SCD):    -0.615ns
    Clock Pessimism Removal (CPR):    -0.238ns

    Location             Delay type                Incr(ns)  Path(ns)    Netlist Resource(s)
  -------------------------------------------------------------------    -------------------
                         (clock clk_out1_sys_pll_1 rise edge)
                                                      0.000     0.000 r  
    W5                                                0.000     0.000 r  sys_clk (IN)
                         net (fo=0)                   0.000     0.000    clock_40mhz/inst/clk_in1
    W5                   IBUF (Prop_ibuf_I_O)         0.226     0.226 r  clock_40mhz/inst/clkin1_ibufg/O
                         net (fo=1, routed)           0.440     0.667    clock_40mhz/inst/clk_in1_sys_pll
    MMCME2_ADV_X1Y0      MMCME2_ADV (Prop_mmcme2_adv_CLKIN1_CLKOUT0)
                                                     -2.360    -1.693 r  clock_40mhz/inst/mmcm_adv_inst/CLKOUT0
                         net (fo=1, routed)           0.486    -1.207    clock_40mhz/inst/clk_out1_sys_pll
    BUFGCTRL_X0Y0        BUFG (Prop_bufg_I_O)         0.026    -1.181 r  clock_40mhz/inst/clkout1_buf/O
                         net (fo=8, routed)           0.566    -0.615    my_baud_rate_generator/clk_out1
    SLICE_X48Y43         FDRE                                         r  my_baud_rate_generator/counterTick_reg[2]/C
  -------------------------------------------------------------------    -------------------
    SLICE_X48Y43         FDRE (Prop_fdre_C_Q)         0.141    -0.474 r  my_baud_rate_generator/counterTick_reg[2]/Q
                         net (fo=3, routed)           0.134    -0.341    my_baud_rate_generator/counterTick_reg[2]
    SLICE_X48Y43         CARRY4 (Prop_carry4_S[2]_O[3])
                                                      0.144    -0.197 r  my_baud_rate_generator/counterTick_reg[0]_i_2/O[3]
                         net (fo=1, routed)           0.000    -0.197    my_baud_rate_generator/counterTick_reg[0]_i_2_n_4
    SLICE_X48Y43         FDRE                                         r  my_baud_rate_generator/counterTick_reg[3]/D
  -------------------------------------------------------------------    -------------------

                         (clock clk_out1_sys_pll_1 rise edge)
                                                      0.000     0.000 r  
    W5                                                0.000     0.000 r  sys_clk (IN)
                         net (fo=0)                   0.000     0.000    clock_40mhz/inst/clk_in1
    W5                   IBUF (Prop_ibuf_I_O)         0.414     0.414 r  clock_40mhz/inst/clkin1_ibufg/O
                         net (fo=1, routed)           0.480     0.894    clock_40mhz/inst/clk_in1_sys_pll
    MMCME2_ADV_X1Y0      MMCME2_ADV (Prop_mmcme2_adv_CLKIN1_CLKOUT0)
                                                     -3.142    -2.248 r  clock_40mhz/inst/mmcm_adv_inst/CLKOUT0
                         net (fo=1, routed)           0.530    -1.718    clock_40mhz/inst/clk_out1_sys_pll
    BUFGCTRL_X0Y0        BUFG (Prop_bufg_I_O)         0.029    -1.689 r  clock_40mhz/inst/clkout1_buf/O
                         net (fo=8, routed)           0.836    -0.854    my_baud_rate_generator/clk_out1
    SLICE_X48Y43         FDRE                                         r  my_baud_rate_generator/counterTick_reg[3]/C
                         clock pessimism              0.238    -0.615    
    SLICE_X48Y43         FDRE (Hold_fdre_C_D)         0.105    -0.510    my_baud_rate_generator/counterTick_reg[3]
  -------------------------------------------------------------------
                         required time                          0.510    
                         arrival time                          -0.197    
  -------------------------------------------------------------------
                         slack                                  0.314    

Slack (MET) :             0.335ns  (arrival time - required time)
  Source:                 my_baud_rate_generator/counterTick_reg[0]/C
                            (rising edge-triggered cell FDRE clocked by clk_out1_sys_pll_1  {rise@0.000ns fall@12.500ns period=25.000ns})
  Destination:            my_baud_rate_generator/counterTick_reg[0]/D
                            (rising edge-triggered cell FDRE clocked by clk_out1_sys_pll_1  {rise@0.000ns fall@12.500ns period=25.000ns})
  Path Group:             clk_out1_sys_pll_1
  Path Type:              Hold (Min at Fast Process Corner)
  Requirement:            0.000ns  (clk_out1_sys_pll_1 rise@0.000ns - clk_out1_sys_pll_1 rise@0.000ns)
  Data Path Delay:        0.440ns  (logic 0.256ns (58.221%)  route 0.184ns (41.779%))
  Logic Levels:           2  (CARRY4=1 LUT1=1)
  Clock Path Skew:        0.000ns (DCD - SCD - CPR)
    Destination Clock Delay (DCD):    -0.854ns
    Source Clock Delay      (SCD):    -0.615ns
    Clock Pessimism Removal (CPR):    -0.238ns

    Location             Delay type                Incr(ns)  Path(ns)    Netlist Resource(s)
  -------------------------------------------------------------------    -------------------
                         (clock clk_out1_sys_pll_1 rise edge)
                                                      0.000     0.000 r  
    W5                                                0.000     0.000 r  sys_clk (IN)
                         net (fo=0)                   0.000     0.000    clock_40mhz/inst/clk_in1
    W5                   IBUF (Prop_ibuf_I_O)         0.226     0.226 r  clock_40mhz/inst/clkin1_ibufg/O
                         net (fo=1, routed)           0.440     0.667    clock_40mhz/inst/clk_in1_sys_pll
    MMCME2_ADV_X1Y0      MMCME2_ADV (Prop_mmcme2_adv_CLKIN1_CLKOUT0)
                                                     -2.360    -1.693 r  clock_40mhz/inst/mmcm_adv_inst/CLKOUT0
                         net (fo=1, routed)           0.486    -1.207    clock_40mhz/inst/clk_out1_sys_pll
    BUFGCTRL_X0Y0        BUFG (Prop_bufg_I_O)         0.026    -1.181 r  clock_40mhz/inst/clkout1_buf/O
                         net (fo=8, routed)           0.566    -0.615    my_baud_rate_generator/clk_out1
    SLICE_X48Y43         FDRE                                         r  my_baud_rate_generator/counterTick_reg[0]/C
  -------------------------------------------------------------------    -------------------
    SLICE_X48Y43         FDRE (Prop_fdre_C_Q)         0.141    -0.474 f  my_baud_rate_generator/counterTick_reg[0]/Q
                         net (fo=2, routed)           0.184    -0.291    my_baud_rate_generator/counterTick_reg[0]
    SLICE_X48Y43         LUT1 (Prop_lut1_I0_O)        0.045    -0.246 r  my_baud_rate_generator/counterTick[0]_i_4/O
                         net (fo=1, routed)           0.000    -0.246    my_baud_rate_generator/counterTick[0]_i_4_n_0
    SLICE_X48Y43         CARRY4 (Prop_carry4_S[0]_O[0])
                                                      0.070    -0.176 r  my_baud_rate_generator/counterTick_reg[0]_i_2/O[0]
                         net (fo=1, routed)           0.000    -0.176    my_baud_rate_generator/counterTick_reg[0]_i_2_n_7
    SLICE_X48Y43         FDRE                                         r  my_baud_rate_generator/counterTick_reg[0]/D
  -------------------------------------------------------------------    -------------------

                         (clock clk_out1_sys_pll_1 rise edge)
                                                      0.000     0.000 r  
    W5                                                0.000     0.000 r  sys_clk (IN)
                         net (fo=0)                   0.000     0.000    clock_40mhz/inst/clk_in1
    W5                   IBUF (Prop_ibuf_I_O)         0.414     0.414 r  clock_40mhz/inst/clkin1_ibufg/O
                         net (fo=1, routed)           0.480     0.894    clock_40mhz/inst/clk_in1_sys_pll
    MMCME2_ADV_X1Y0      MMCME2_ADV (Prop_mmcme2_adv_CLKIN1_CLKOUT0)
                                                     -3.142    -2.248 r  clock_40mhz/inst/mmcm_adv_inst/CLKOUT0
                         net (fo=1, routed)           0.530    -1.718    clock_40mhz/inst/clk_out1_sys_pll
    BUFGCTRL_X0Y0        BUFG (Prop_bufg_I_O)         0.029    -1.689 r  clock_40mhz/inst/clkout1_buf/O
                         net (fo=8, routed)           0.836    -0.854    my_baud_rate_generator/clk_out1
    SLICE_X48Y43         FDRE                                         r  my_baud_rate_generator/counterTick_reg[0]/C
                         clock pessimism              0.238    -0.615    
    SLICE_X48Y43         FDRE (Hold_fdre_C_D)         0.105    -0.510    my_baud_rate_generator/counterTick_reg[0]
  -------------------------------------------------------------------
                         required time                          0.510    
                         arrival time                          -0.176    
  -------------------------------------------------------------------
                         slack                                  0.335    

Slack (MET) :             0.337ns  (arrival time - required time)
  Source:                 my_baud_rate_generator/counterTick_reg[1]/C
                            (rising edge-triggered cell FDRE clocked by clk_out1_sys_pll_1  {rise@0.000ns fall@12.500ns period=25.000ns})
  Destination:            my_baud_rate_generator/counterTick_reg[1]/D
                            (rising edge-triggered cell FDRE clocked by clk_out1_sys_pll_1  {rise@0.000ns fall@12.500ns period=25.000ns})
  Path Group:             clk_out1_sys_pll_1
  Path Type:              Hold (Min at Fast Process Corner)
  Requirement:            0.000ns  (clk_out1_sys_pll_1 rise@0.000ns - clk_out1_sys_pll_1 rise@0.000ns)
  Data Path Delay:        0.442ns  (logic 0.251ns (56.793%)  route 0.191ns (43.207%))
  Logic Levels:           1  (CARRY4=1)
  Clock Path Skew:        0.000ns (DCD - SCD - CPR)
    Destination Clock Delay (DCD):    -0.854ns
    Source Clock Delay      (SCD):    -0.615ns
    Clock Pessimism Removal (CPR):    -0.238ns

    Location             Delay type                Incr(ns)  Path(ns)    Netlist Resource(s)
  -------------------------------------------------------------------    -------------------
                         (clock clk_out1_sys_pll_1 rise edge)
                                                      0.000     0.000 r  
    W5                                                0.000     0.000 r  sys_clk (IN)
                         net (fo=0)                   0.000     0.000    clock_40mhz/inst/clk_in1
    W5                   IBUF (Prop_ibuf_I_O)         0.226     0.226 r  clock_40mhz/inst/clkin1_ibufg/O
                         net (fo=1, routed)           0.440     0.667    clock_40mhz/inst/clk_in1_sys_pll
    MMCME2_ADV_X1Y0      MMCME2_ADV (Prop_mmcme2_adv_CLKIN1_CLKOUT0)
                                                     -2.360    -1.693 r  clock_40mhz/inst/mmcm_adv_inst/CLKOUT0
                         net (fo=1, routed)           0.486    -1.207    clock_40mhz/inst/clk_out1_sys_pll
    BUFGCTRL_X0Y0        BUFG (Prop_bufg_I_O)         0.026    -1.181 r  clock_40mhz/inst/clkout1_buf/O
                         net (fo=8, routed)           0.566    -0.615    my_baud_rate_generator/clk_out1
    SLICE_X48Y43         FDRE                                         r  my_baud_rate_generator/counterTick_reg[1]/C
  -------------------------------------------------------------------    -------------------
    SLICE_X48Y43         FDRE (Prop_fdre_C_Q)         0.141    -0.474 r  my_baud_rate_generator/counterTick_reg[1]/Q
                         net (fo=2, routed)           0.191    -0.283    my_baud_rate_generator/counterTick_reg[1]
    SLICE_X48Y43         CARRY4 (Prop_carry4_S[1]_O[1])
                                                      0.110    -0.173 r  my_baud_rate_generator/counterTick_reg[0]_i_2/O[1]
                         net (fo=1, routed)           0.000    -0.173    my_baud_rate_generator/counterTick_reg[0]_i_2_n_6
    SLICE_X48Y43         FDRE                                         r  my_baud_rate_generator/counterTick_reg[1]/D
  -------------------------------------------------------------------    -------------------

                         (clock clk_out1_sys_pll_1 rise edge)
                                                      0.000     0.000 r  
    W5                                                0.000     0.000 r  sys_clk (IN)
                         net (fo=0)                   0.000     0.000    clock_40mhz/inst/clk_in1
    W5                   IBUF (Prop_ibuf_I_O)         0.414     0.414 r  clock_40mhz/inst/clkin1_ibufg/O
                         net (fo=1, routed)           0.480     0.894    clock_40mhz/inst/clk_in1_sys_pll
    MMCME2_ADV_X1Y0      MMCME2_ADV (Prop_mmcme2_adv_CLKIN1_CLKOUT0)
                                                     -3.142    -2.248 r  clock_40mhz/inst/mmcm_adv_inst/CLKOUT0
                         net (fo=1, routed)           0.530    -1.718    clock_40mhz/inst/clk_out1_sys_pll
    BUFGCTRL_X0Y0        BUFG (Prop_bufg_I_O)         0.029    -1.689 r  clock_40mhz/inst/clkout1_buf/O
                         net (fo=8, routed)           0.836    -0.854    my_baud_rate_generator/clk_out1
    SLICE_X48Y43         FDRE                                         r  my_baud_rate_generator/counterTick_reg[1]/C
                         clock pessimism              0.238    -0.615    
    SLICE_X48Y43         FDRE (Hold_fdre_C_D)         0.105    -0.510    my_baud_rate_generator/counterTick_reg[1]
  -------------------------------------------------------------------
                         required time                          0.510    
                         arrival time                          -0.173    
  -------------------------------------------------------------------
                         slack                                  0.337    

Slack (MET) :             0.346ns  (arrival time - required time)
  Source:                 my_baud_rate_generator/counterTick_reg[4]/C
                            (rising edge-triggered cell FDRE clocked by clk_out1_sys_pll_1  {rise@0.000ns fall@12.500ns period=25.000ns})
  Destination:            my_baud_rate_generator/counterTick_reg[4]/D
                            (rising edge-triggered cell FDRE clocked by clk_out1_sys_pll_1  {rise@0.000ns fall@12.500ns period=25.000ns})
  Path Group:             clk_out1_sys_pll_1
  Path Type:              Hold (Min at Fast Process Corner)
  Requirement:            0.000ns  (clk_out1_sys_pll_1 rise@0.000ns - clk_out1_sys_pll_1 rise@0.000ns)
  Data Path Delay:        0.451ns  (logic 0.256ns (56.823%)  route 0.195ns (43.177%))
  Logic Levels:           1  (CARRY4=1)
  Clock Path Skew:        0.000ns (DCD - SCD - CPR)
    Destination Clock Delay (DCD):    -0.854ns
    Source Clock Delay      (SCD):    -0.615ns
    Clock Pessimism Removal (CPR):    -0.238ns

    Location             Delay type                Incr(ns)  Path(ns)    Netlist Resource(s)
  -------------------------------------------------------------------    -------------------
                         (clock clk_out1_sys_pll_1 rise edge)
                                                      0.000     0.000 r  
    W5                                                0.000     0.000 r  sys_clk (IN)
                         net (fo=0)                   0.000     0.000    clock_40mhz/inst/clk_in1
    W5                   IBUF (Prop_ibuf_I_O)         0.226     0.226 r  clock_40mhz/inst/clkin1_ibufg/O
                         net (fo=1, routed)           0.440     0.667    clock_40mhz/inst/clk_in1_sys_pll
    MMCME2_ADV_X1Y0      MMCME2_ADV (Prop_mmcme2_adv_CLKIN1_CLKOUT0)
                                                     -2.360    -1.693 r  clock_40mhz/inst/mmcm_adv_inst/CLKOUT0
                         net (fo=1, routed)           0.486    -1.207    clock_40mhz/inst/clk_out1_sys_pll
    BUFGCTRL_X0Y0        BUFG (Prop_bufg_I_O)         0.026    -1.181 r  clock_40mhz/inst/clkout1_buf/O
                         net (fo=8, routed)           0.566    -0.615    my_baud_rate_generator/clk_out1
    SLICE_X48Y44         FDRE                                         r  my_baud_rate_generator/counterTick_reg[4]/C
  -------------------------------------------------------------------    -------------------
    SLICE_X48Y44         FDRE (Prop_fdre_C_Q)         0.141    -0.474 r  my_baud_rate_generator/counterTick_reg[4]/Q
                         net (fo=3, routed)           0.195    -0.280    my_baud_rate_generator/counterTick_reg[4]
    SLICE_X48Y44         CARRY4 (Prop_carry4_S[0]_O[0])
                                                      0.115    -0.165 r  my_baud_rate_generator/counterTick_reg[4]_i_1/O[0]
                         net (fo=1, routed)           0.000    -0.165    my_baud_rate_generator/counterTick_reg[4]_i_1_n_7
    SLICE_X48Y44         FDRE                                         r  my_baud_rate_generator/counterTick_reg[4]/D
  -------------------------------------------------------------------    -------------------

                         (clock clk_out1_sys_pll_1 rise edge)
                                                      0.000     0.000 r  
    W5                                                0.000     0.000 r  sys_clk (IN)
                         net (fo=0)                   0.000     0.000    clock_40mhz/inst/clk_in1
    W5                   IBUF (Prop_ibuf_I_O)         0.414     0.414 r  clock_40mhz/inst/clkin1_ibufg/O
                         net (fo=1, routed)           0.480     0.894    clock_40mhz/inst/clk_in1_sys_pll
    MMCME2_ADV_X1Y0      MMCME2_ADV (Prop_mmcme2_adv_CLKIN1_CLKOUT0)
                                                     -3.142    -2.248 r  clock_40mhz/inst/mmcm_adv_inst/CLKOUT0
                         net (fo=1, routed)           0.530    -1.718    clock_40mhz/inst/clk_out1_sys_pll
    BUFGCTRL_X0Y0        BUFG (Prop_bufg_I_O)         0.029    -1.689 r  clock_40mhz/inst/clkout1_buf/O
                         net (fo=8, routed)           0.836    -0.854    my_baud_rate_generator/clk_out1
    SLICE_X48Y44         FDRE                                         r  my_baud_rate_generator/counterTick_reg[4]/C
                         clock pessimism              0.238    -0.615    
    SLICE_X48Y44         FDRE (Hold_fdre_C_D)         0.105    -0.510    my_baud_rate_generator/counterTick_reg[4]
  -------------------------------------------------------------------
                         required time                          0.510    
                         arrival time                          -0.165    
  -------------------------------------------------------------------
                         slack                                  0.346    

Slack (MET) :             0.349ns  (arrival time - required time)
  Source:                 my_baud_rate_generator/counterTick_reg[5]/C
                            (rising edge-triggered cell FDRE clocked by clk_out1_sys_pll_1  {rise@0.000ns fall@12.500ns period=25.000ns})
  Destination:            my_baud_rate_generator/counterTick_reg[5]/D
                            (rising edge-triggered cell FDRE clocked by clk_out1_sys_pll_1  {rise@0.000ns fall@12.500ns period=25.000ns})
  Path Group:             clk_out1_sys_pll_1
  Path Type:              Hold (Min at Fast Process Corner)
  Requirement:            0.000ns  (clk_out1_sys_pll_1 rise@0.000ns - clk_out1_sys_pll_1 rise@0.000ns)
  Data Path Delay:        0.454ns  (logic 0.251ns (55.309%)  route 0.203ns (44.691%))
  Logic Levels:           1  (CARRY4=1)
  Clock Path Skew:        0.000ns (DCD - SCD - CPR)
    Destination Clock Delay (DCD):    -0.854ns
    Source Clock Delay      (SCD):    -0.615ns
    Clock Pessimism Removal (CPR):    -0.238ns

    Location             Delay type                Incr(ns)  Path(ns)    Netlist Resource(s)
  -------------------------------------------------------------------    -------------------
                         (clock clk_out1_sys_pll_1 rise edge)
                                                      0.000     0.000 r  
    W5                                                0.000     0.000 r  sys_clk (IN)
                         net (fo=0)                   0.000     0.000    clock_40mhz/inst/clk_in1
    W5                   IBUF (Prop_ibuf_I_O)         0.226     0.226 r  clock_40mhz/inst/clkin1_ibufg/O
                         net (fo=1, routed)           0.440     0.667    clock_40mhz/inst/clk_in1_sys_pll
    MMCME2_ADV_X1Y0      MMCME2_ADV (Prop_mmcme2_adv_CLKIN1_CLKOUT0)
                                                     -2.360    -1.693 r  clock_40mhz/inst/mmcm_adv_inst/CLKOUT0
                         net (fo=1, routed)           0.486    -1.207    clock_40mhz/inst/clk_out1_sys_pll
    BUFGCTRL_X0Y0        BUFG (Prop_bufg_I_O)         0.026    -1.181 r  clock_40mhz/inst/clkout1_buf/O
                         net (fo=8, routed)           0.566    -0.615    my_baud_rate_generator/clk_out1
    SLICE_X48Y44         FDRE                                         r  my_baud_rate_generator/counterTick_reg[5]/C
  -------------------------------------------------------------------    -------------------
    SLICE_X48Y44         FDRE (Prop_fdre_C_Q)         0.141    -0.474 r  my_baud_rate_generator/counterTick_reg[5]/Q
                         net (fo=3, routed)           0.203    -0.272    my_baud_rate_generator/counterTick_reg[5]
    SLICE_X48Y44         CARRY4 (Prop_carry4_S[1]_O[1])
                                                      0.110    -0.162 r  my_baud_rate_generator/counterTick_reg[4]_i_1/O[1]
                         net (fo=1, routed)           0.000    -0.162    my_baud_rate_generator/counterTick_reg[4]_i_1_n_6
    SLICE_X48Y44         FDRE                                         r  my_baud_rate_generator/counterTick_reg[5]/D
  -------------------------------------------------------------------    -------------------

                         (clock clk_out1_sys_pll_1 rise edge)
                                                      0.000     0.000 r  
    W5                                                0.000     0.000 r  sys_clk (IN)
                         net (fo=0)                   0.000     0.000    clock_40mhz/inst/clk_in1
    W5                   IBUF (Prop_ibuf_I_O)         0.414     0.414 r  clock_40mhz/inst/clkin1_ibufg/O
                         net (fo=1, routed)           0.480     0.894    clock_40mhz/inst/clk_in1_sys_pll
    MMCME2_ADV_X1Y0      MMCME2_ADV (Prop_mmcme2_adv_CLKIN1_CLKOUT0)
                                                     -3.142    -2.248 r  clock_40mhz/inst/mmcm_adv_inst/CLKOUT0
                         net (fo=1, routed)           0.530    -1.718    clock_40mhz/inst/clk_out1_sys_pll
    BUFGCTRL_X0Y0        BUFG (Prop_bufg_I_O)         0.029    -1.689 r  clock_40mhz/inst/clkout1_buf/O
                         net (fo=8, routed)           0.836    -0.854    my_baud_rate_generator/clk_out1
    SLICE_X48Y44         FDRE                                         r  my_baud_rate_generator/counterTick_reg[5]/C
                         clock pessimism              0.238    -0.615    
    SLICE_X48Y44         FDRE (Hold_fdre_C_D)         0.105    -0.510    my_baud_rate_generator/counterTick_reg[5]
  -------------------------------------------------------------------
                         required time                          0.510    
                         arrival time                          -0.162    
  -------------------------------------------------------------------
                         slack                                  0.349    

Slack (MET) :             0.549ns  (arrival time - required time)
  Source:                 my_baud_rate_generator/counterTick_reg[2]/C
                            (rising edge-triggered cell FDRE clocked by clk_out1_sys_pll_1  {rise@0.000ns fall@12.500ns period=25.000ns})
  Destination:            my_baud_rate_generator/counterTick_reg[0]/R
                            (rising edge-triggered cell FDRE clocked by clk_out1_sys_pll_1  {rise@0.000ns fall@12.500ns period=25.000ns})
  Path Group:             clk_out1_sys_pll_1
  Path Type:              Hold (Min at Fast Process Corner)
  Requirement:            0.000ns  (clk_out1_sys_pll_1 rise@0.000ns - clk_out1_sys_pll_1 rise@0.000ns)
  Data Path Delay:        0.531ns  (logic 0.186ns (35.051%)  route 0.345ns (64.949%))
  Logic Levels:           1  (LUT5=1)
  Clock Path Skew:        0.000ns (DCD - SCD - CPR)
    Destination Clock Delay (DCD):    -0.854ns
    Source Clock Delay      (SCD):    -0.615ns
    Clock Pessimism Removal (CPR):    -0.238ns

    Location             Delay type                Incr(ns)  Path(ns)    Netlist Resource(s)
  -------------------------------------------------------------------    -------------------
                         (clock clk_out1_sys_pll_1 rise edge)
                                                      0.000     0.000 r  
    W5                                                0.000     0.000 r  sys_clk (IN)
                         net (fo=0)                   0.000     0.000    clock_40mhz/inst/clk_in1
    W5                   IBUF (Prop_ibuf_I_O)         0.226     0.226 r  clock_40mhz/inst/clkin1_ibufg/O
                         net (fo=1, routed)           0.440     0.667    clock_40mhz/inst/clk_in1_sys_pll
    MMCME2_ADV_X1Y0      MMCME2_ADV (Prop_mmcme2_adv_CLKIN1_CLKOUT0)
                                                     -2.360    -1.693 r  clock_40mhz/inst/mmcm_adv_inst/CLKOUT0
                         net (fo=1, routed)           0.486    -1.207    clock_40mhz/inst/clk_out1_sys_pll
    BUFGCTRL_X0Y0        BUFG (Prop_bufg_I_O)         0.026    -1.181 r  clock_40mhz/inst/clkout1_buf/O
                         net (fo=8, routed)           0.566    -0.615    my_baud_rate_generator/clk_out1
    SLICE_X48Y43         FDRE                                         r  my_baud_rate_generator/counterTick_reg[2]/C
  -------------------------------------------------------------------    -------------------
    SLICE_X48Y43         FDRE (Prop_fdre_C_Q)         0.141    -0.474 f  my_baud_rate_generator/counterTick_reg[2]/Q
                         net (fo=3, routed)           0.212    -0.262    my_baud_rate_generator/counterTick_reg[2]
    SLICE_X49Y44         LUT5 (Prop_lut5_I2_O)        0.045    -0.217 r  my_baud_rate_generator/counterTick[0]_i_1/O
                         net (fo=7, routed)           0.133    -0.085    my_baud_rate_generator/counterTick[0]_i_1_n_0
    SLICE_X48Y43         FDRE                                         r  my_baud_rate_generator/counterTick_reg[0]/R
  -------------------------------------------------------------------    -------------------

                         (clock clk_out1_sys_pll_1 rise edge)
                                                      0.000     0.000 r  
    W5                                                0.000     0.000 r  sys_clk (IN)
                         net (fo=0)                   0.000     0.000    clock_40mhz/inst/clk_in1
    W5                   IBUF (Prop_ibuf_I_O)         0.414     0.414 r  clock_40mhz/inst/clkin1_ibufg/O
                         net (fo=1, routed)           0.480     0.894    clock_40mhz/inst/clk_in1_sys_pll
    MMCME2_ADV_X1Y0      MMCME2_ADV (Prop_mmcme2_adv_CLKIN1_CLKOUT0)
                                                     -3.142    -2.248 r  clock_40mhz/inst/mmcm_adv_inst/CLKOUT0
                         net (fo=1, routed)           0.530    -1.718    clock_40mhz/inst/clk_out1_sys_pll
    BUFGCTRL_X0Y0        BUFG (Prop_bufg_I_O)         0.029    -1.689 r  clock_40mhz/inst/clkout1_buf/O
                         net (fo=8, routed)           0.836    -0.854    my_baud_rate_generator/clk_out1
    SLICE_X48Y43         FDRE                                         r  my_baud_rate_generator/counterTick_reg[0]/C
                         clock pessimism              0.238    -0.615    
    SLICE_X48Y43         FDRE (Hold_fdre_C_R)        -0.018    -0.633    my_baud_rate_generator/counterTick_reg[0]
  -------------------------------------------------------------------
                         required time                          0.633    
                         arrival time                          -0.085    
  -------------------------------------------------------------------
                         slack                                  0.549    

Slack (MET) :             0.549ns  (arrival time - required time)
  Source:                 my_baud_rate_generator/counterTick_reg[2]/C
                            (rising edge-triggered cell FDRE clocked by clk_out1_sys_pll_1  {rise@0.000ns fall@12.500ns period=25.000ns})
  Destination:            my_baud_rate_generator/counterTick_reg[1]/R
                            (rising edge-triggered cell FDRE clocked by clk_out1_sys_pll_1  {rise@0.000ns fall@12.500ns period=25.000ns})
  Path Group:             clk_out1_sys_pll_1
  Path Type:              Hold (Min at Fast Process Corner)
  Requirement:            0.000ns  (clk_out1_sys_pll_1 rise@0.000ns - clk_out1_sys_pll_1 rise@0.000ns)
  Data Path Delay:        0.531ns  (logic 0.186ns (35.051%)  route 0.345ns (64.949%))
  Logic Levels:           1  (LUT5=1)
  Clock Path Skew:        0.000ns (DCD - SCD - CPR)
    Destination Clock Delay (DCD):    -0.854ns
    Source Clock Delay      (SCD):    -0.615ns
    Clock Pessimism Removal (CPR):    -0.238ns

    Location             Delay type                Incr(ns)  Path(ns)    Netlist Resource(s)
  -------------------------------------------------------------------    -------------------
                         (clock clk_out1_sys_pll_1 rise edge)
                                                      0.000     0.000 r  
    W5                                                0.000     0.000 r  sys_clk (IN)
                         net (fo=0)                   0.000     0.000    clock_40mhz/inst/clk_in1
    W5                   IBUF (Prop_ibuf_I_O)         0.226     0.226 r  clock_40mhz/inst/clkin1_ibufg/O
                         net (fo=1, routed)           0.440     0.667    clock_40mhz/inst/clk_in1_sys_pll
    MMCME2_ADV_X1Y0      MMCME2_ADV (Prop_mmcme2_adv_CLKIN1_CLKOUT0)
                                                     -2.360    -1.693 r  clock_40mhz/inst/mmcm_adv_inst/CLKOUT0
                         net (fo=1, routed)           0.486    -1.207    clock_40mhz/inst/clk_out1_sys_pll
    BUFGCTRL_X0Y0        BUFG (Prop_bufg_I_O)         0.026    -1.181 r  clock_40mhz/inst/clkout1_buf/O
                         net (fo=8, routed)           0.566    -0.615    my_baud_rate_generator/clk_out1
    SLICE_X48Y43         FDRE                                         r  my_baud_rate_generator/counterTick_reg[2]/C
  -------------------------------------------------------------------    -------------------
    SLICE_X48Y43         FDRE (Prop_fdre_C_Q)         0.141    -0.474 f  my_baud_rate_generator/counterTick_reg[2]/Q
                         net (fo=3, routed)           0.212    -0.262    my_baud_rate_generator/counterTick_reg[2]
    SLICE_X49Y44         LUT5 (Prop_lut5_I2_O)        0.045    -0.217 r  my_baud_rate_generator/counterTick[0]_i_1/O
                         net (fo=7, routed)           0.133    -0.085    my_baud_rate_generator/counterTick[0]_i_1_n_0
    SLICE_X48Y43         FDRE                                         r  my_baud_rate_generator/counterTick_reg[1]/R
  -------------------------------------------------------------------    -------------------

                         (clock clk_out1_sys_pll_1 rise edge)
                                                      0.000     0.000 r  
    W5                                                0.000     0.000 r  sys_clk (IN)
                         net (fo=0)                   0.000     0.000    clock_40mhz/inst/clk_in1
    W5                   IBUF (Prop_ibuf_I_O)         0.414     0.414 r  clock_40mhz/inst/clkin1_ibufg/O
                         net (fo=1, routed)           0.480     0.894    clock_40mhz/inst/clk_in1_sys_pll
    MMCME2_ADV_X1Y0      MMCME2_ADV (Prop_mmcme2_adv_CLKIN1_CLKOUT0)
                                                     -3.142    -2.248 r  clock_40mhz/inst/mmcm_adv_inst/CLKOUT0
                         net (fo=1, routed)           0.530    -1.718    clock_40mhz/inst/clk_out1_sys_pll
    BUFGCTRL_X0Y0        BUFG (Prop_bufg_I_O)         0.029    -1.689 r  clock_40mhz/inst/clkout1_buf/O
                         net (fo=8, routed)           0.836    -0.854    my_baud_rate_generator/clk_out1
    SLICE_X48Y43         FDRE                                         r  my_baud_rate_generator/counterTick_reg[1]/C
                         clock pessimism              0.238    -0.615    
    SLICE_X48Y43         FDRE (Hold_fdre_C_R)        -0.018    -0.633    my_baud_rate_generator/counterTick_reg[1]
  -------------------------------------------------------------------
                         required time                          0.633    
                         arrival time                          -0.085    
  -------------------------------------------------------------------
                         slack                                  0.549    





Pulse Width Checks
--------------------------------------------------------------------------------------
Clock Name:         clk_out1_sys_pll_1
Waveform(ns):       { 0.000 12.500 }
Period(ns):         25.000
Sources:            { clock_40mhz/inst/mmcm_adv_inst/CLKOUT0 }

Check Type        Corner  Lib Pin             Reference Pin  Required(ns)  Actual(ns)  Slack(ns)  Location         Pin
Min Period        n/a     BUFG/I              n/a            2.155         25.000      22.845     BUFGCTRL_X0Y0    clock_40mhz/inst/clkout1_buf/I
Min Period        n/a     MMCME2_ADV/CLKOUT0  n/a            1.249         25.000      23.751     MMCME2_ADV_X1Y0  clock_40mhz/inst/mmcm_adv_inst/CLKOUT0
Min Period        n/a     FDRE/C              n/a            1.000         25.000      24.000     SLICE_X48Y43     my_baud_rate_generator/counterTick_reg[0]/C
Min Period        n/a     FDRE/C              n/a            1.000         25.000      24.000     SLICE_X48Y43     my_baud_rate_generator/counterTick_reg[1]/C
Min Period        n/a     FDRE/C              n/a            1.000         25.000      24.000     SLICE_X48Y43     my_baud_rate_generator/counterTick_reg[2]/C
Min Period        n/a     FDRE/C              n/a            1.000         25.000      24.000     SLICE_X48Y43     my_baud_rate_generator/counterTick_reg[3]/C
Min Period        n/a     FDRE/C              n/a            1.000         25.000      24.000     SLICE_X48Y44     my_baud_rate_generator/counterTick_reg[4]/C
Min Period        n/a     FDRE/C              n/a            1.000         25.000      24.000     SLICE_X48Y44     my_baud_rate_generator/counterTick_reg[5]/C
Min Period        n/a     FDRE/C              n/a            1.000         25.000      24.000     SLICE_X48Y44     my_baud_rate_generator/counterTick_reg[6]/C
Min Period        n/a     FDRE/C              n/a            1.000         25.000      24.000     SLICE_X49Y44     my_baud_rate_generator/sys_tick_reg_reg/C
Max Period        n/a     MMCME2_ADV/CLKOUT0  n/a            213.360       25.000      188.360    MMCME2_ADV_X1Y0  clock_40mhz/inst/mmcm_adv_inst/CLKOUT0
Low Pulse Width   Slow    FDRE/C              n/a            0.500         12.500      12.000     SLICE_X48Y43     my_baud_rate_generator/counterTick_reg[0]/C
Low Pulse Width   Fast    FDRE/C              n/a            0.500         12.500      12.000     SLICE_X48Y43     my_baud_rate_generator/counterTick_reg[0]/C
Low Pulse Width   Slow    FDRE/C              n/a            0.500         12.500      12.000     SLICE_X48Y43     my_baud_rate_generator/counterTick_reg[1]/C
Low Pulse Width   Fast    FDRE/C              n/a            0.500         12.500      12.000     SLICE_X48Y43     my_baud_rate_generator/counterTick_reg[1]/C
Low Pulse Width   Slow    FDRE/C              n/a            0.500         12.500      12.000     SLICE_X48Y43     my_baud_rate_generator/counterTick_reg[2]/C
Low Pulse Width   Fast    FDRE/C              n/a            0.500         12.500      12.000     SLICE_X48Y43     my_baud_rate_generator/counterTick_reg[2]/C
Low Pulse Width   Slow    FDRE/C              n/a            0.500         12.500      12.000     SLICE_X48Y43     my_baud_rate_generator/counterTick_reg[3]/C
Low Pulse Width   Fast    FDRE/C              n/a            0.500         12.500      12.000     SLICE_X48Y43     my_baud_rate_generator/counterTick_reg[3]/C
Low Pulse Width   Slow    FDRE/C              n/a            0.500         12.500      12.000     SLICE_X48Y44     my_baud_rate_generator/counterTick_reg[4]/C
Low Pulse Width   Fast    FDRE/C              n/a            0.500         12.500      12.000     SLICE_X48Y44     my_baud_rate_generator/counterTick_reg[4]/C
High Pulse Width  Slow    FDRE/C              n/a            0.500         12.500      12.000     SLICE_X48Y43     my_baud_rate_generator/counterTick_reg[0]/C
High Pulse Width  Fast    FDRE/C              n/a            0.500         12.500      12.000     SLICE_X48Y43     my_baud_rate_generator/counterTick_reg[0]/C
High Pulse Width  Slow    FDRE/C              n/a            0.500         12.500      12.000     SLICE_X48Y43     my_baud_rate_generator/counterTick_reg[1]/C
High Pulse Width  Fast    FDRE/C              n/a            0.500         12.500      12.000     SLICE_X48Y43     my_baud_rate_generator/counterTick_reg[1]/C
High Pulse Width  Slow    FDRE/C              n/a            0.500         12.500      12.000     SLICE_X48Y43     my_baud_rate_generator/counterTick_reg[2]/C
High Pulse Width  Fast    FDRE/C              n/a            0.500         12.500      12.000     SLICE_X48Y43     my_baud_rate_generator/counterTick_reg[2]/C
High Pulse Width  Slow    FDRE/C              n/a            0.500         12.500      12.000     SLICE_X48Y43     my_baud_rate_generator/counterTick_reg[3]/C
High Pulse Width  Fast    FDRE/C              n/a            0.500         12.500      12.000     SLICE_X48Y43     my_baud_rate_generator/counterTick_reg[3]/C
High Pulse Width  Slow    FDRE/C              n/a            0.500         12.500      12.000     SLICE_X48Y44     my_baud_rate_generator/counterTick_reg[4]/C
High Pulse Width  Fast    FDRE/C              n/a            0.500         12.500      12.000     SLICE_X48Y44     my_baud_rate_generator/counterTick_reg[4]/C



---------------------------------------------------------------------------------------------------
From Clock:  clkfbout_sys_pll_1
  To Clock:  clkfbout_sys_pll_1

Setup :           NA  Failing Endpoints,  Worst Slack           NA  ,  Total Violation           NA
Hold  :           NA  Failing Endpoints,  Worst Slack           NA  ,  Total Violation           NA
PW    :            0  Failing Endpoints,  Worst Slack        7.845ns,  Total Violation        0.000ns
---------------------------------------------------------------------------------------------------


Pulse Width Checks
--------------------------------------------------------------------------------------
Clock Name:         clkfbout_sys_pll_1
Waveform(ns):       { 0.000 5.000 }
Period(ns):         10.000
Sources:            { clock_40mhz/inst/mmcm_adv_inst/CLKFBOUT }

Check Type  Corner  Lib Pin              Reference Pin  Required(ns)  Actual(ns)  Slack(ns)  Location         Pin
Min Period  n/a     BUFG/I               n/a            2.155         10.000      7.845      BUFGCTRL_X0Y1    clock_40mhz/inst/clkf_buf/I
Min Period  n/a     MMCME2_ADV/CLKFBOUT  n/a            1.249         10.000      8.751      MMCME2_ADV_X1Y0  clock_40mhz/inst/mmcm_adv_inst/CLKFBOUT
Min Period  n/a     MMCME2_ADV/CLKFBIN   n/a            1.249         10.000      8.751      MMCME2_ADV_X1Y0  clock_40mhz/inst/mmcm_adv_inst/CLKFBIN
Max Period  n/a     MMCME2_ADV/CLKFBIN   n/a            100.000       10.000      90.000     MMCME2_ADV_X1Y0  clock_40mhz/inst/mmcm_adv_inst/CLKFBIN
Max Period  n/a     MMCME2_ADV/CLKFBOUT  n/a            213.360       10.000      203.360    MMCME2_ADV_X1Y0  clock_40mhz/inst/mmcm_adv_inst/CLKFBOUT



---------------------------------------------------------------------------------------------------
From Clock:  clk_out1_sys_pll_1
  To Clock:  clk_out1_sys_pll

Setup :            0  Failing Endpoints,  Worst Slack       22.030ns,  Total Violation        0.000ns
Hold  :            0  Failing Endpoints,  Worst Slack        0.193ns,  Total Violation        0.000ns
---------------------------------------------------------------------------------------------------


Max Delay Paths
--------------------------------------------------------------------------------------
Slack (MET) :             22.030ns  (required time - arrival time)
  Source:                 my_baud_rate_generator/counterTick_reg[3]/C
                            (rising edge-triggered cell FDRE clocked by clk_out1_sys_pll_1  {rise@0.000ns fall@12.500ns period=25.000ns})
  Destination:            my_baud_rate_generator/counterTick_reg[4]/R
                            (rising edge-triggered cell FDRE clocked by clk_out1_sys_pll  {rise@0.000ns fall@12.500ns period=25.000ns})
  Path Group:             clk_out1_sys_pll
  Path Type:              Setup (Max at Slow Process Corner)
  Requirement:            25.000ns  (clk_out1_sys_pll rise@25.000ns - clk_out1_sys_pll_1 rise@0.000ns)
  Data Path Delay:        2.429ns  (logic 0.704ns (28.982%)  route 1.725ns (71.018%))
  Logic Levels:           2  (LUT4=1 LUT5=1)
  Clock Path Skew:        -0.025ns (DCD - SCD + CPR)
    Destination Clock Delay (DCD):    -1.544ns = ( 23.456 - 25.000 ) 
    Source Clock Delay      (SCD):    -0.942ns
    Clock Pessimism Removal (CPR):    0.578ns
  Clock Uncertainty:      0.087ns  ((TSJ^2 + DJ^2)^1/2) / 2 + PE
    Total System Jitter     (TSJ):    0.071ns
    Discrete Jitter          (DJ):    0.159ns
    Phase Error              (PE):    0.000ns
  Clock Domain Crossing:  Inter clock paths are considered valid unless explicitly excluded by timing constraints such as set_clock_groups or set_false_path.

    Location             Delay type                Incr(ns)  Path(ns)    Netlist Resource(s)
  -------------------------------------------------------------------    -------------------
                         (clock clk_out1_sys_pll_1 rise edge)
                                                      0.000     0.000 r  
    W5                                                0.000     0.000 r  sys_clk (IN)
                         net (fo=0)                   0.000     0.000    clock_40mhz/inst/clk_in1
    W5                   IBUF (Prop_ibuf_I_O)         1.458     1.458 r  clock_40mhz/inst/clkin1_ibufg/O
                         net (fo=1, routed)           1.233     2.691    clock_40mhz/inst/clk_in1_sys_pll
    MMCME2_ADV_X1Y0      MMCME2_ADV (Prop_mmcme2_adv_CLKIN1_CLKOUT0)
                                                     -6.961    -4.269 r  clock_40mhz/inst/mmcm_adv_inst/CLKOUT0
                         net (fo=1, routed)           1.661    -2.608    clock_40mhz/inst/clk_out1_sys_pll
    BUFGCTRL_X0Y0        BUFG (Prop_bufg_I_O)         0.096    -2.512 r  clock_40mhz/inst/clkout1_buf/O
                         net (fo=8, routed)           1.570    -0.942    my_baud_rate_generator/clk_out1
    SLICE_X48Y43         FDRE                                         r  my_baud_rate_generator/counterTick_reg[3]/C
  -------------------------------------------------------------------    -------------------
    SLICE_X48Y43         FDRE (Prop_fdre_C_Q)         0.456    -0.486 f  my_baud_rate_generator/counterTick_reg[3]/Q
                         net (fo=2, routed)           0.680     0.195    my_baud_rate_generator/counterTick_reg[3]
    SLICE_X49Y43         LUT4 (Prop_lut4_I3_O)        0.124     0.319 f  my_baud_rate_generator/counterTick[0]_i_3/O
                         net (fo=2, routed)           0.415     0.734    my_baud_rate_generator/counterTick[0]_i_3_n_0
    SLICE_X49Y44         LUT5 (Prop_lut5_I0_O)        0.124     0.858 r  my_baud_rate_generator/counterTick[0]_i_1/O
                         net (fo=7, routed)           0.630     1.488    my_baud_rate_generator/counterTick[0]_i_1_n_0
    SLICE_X48Y44         FDRE                                         r  my_baud_rate_generator/counterTick_reg[4]/R
  -------------------------------------------------------------------    -------------------

                         (clock clk_out1_sys_pll rise edge)
                                                     25.000    25.000 r  
    W5                                                0.000    25.000 r  sys_clk (IN)
                         net (fo=0)                   0.000    25.000    clock_40mhz/inst/clk_in1
    W5                   IBUF (Prop_ibuf_I_O)         1.388    26.388 r  clock_40mhz/inst/clkin1_ibufg/O
                         net (fo=1, routed)           1.162    27.550    clock_40mhz/inst/clk_in1_sys_pll
    MMCME2_ADV_X1Y0      MMCME2_ADV (Prop_mmcme2_adv_CLKIN1_CLKOUT0)
                                                     -7.217    20.332 r  clock_40mhz/inst/mmcm_adv_inst/CLKOUT0
                         net (fo=1, routed)           1.581    21.914    clock_40mhz/inst/clk_out1_sys_pll
    BUFGCTRL_X0Y0        BUFG (Prop_bufg_I_O)         0.091    22.005 r  clock_40mhz/inst/clkout1_buf/O
                         net (fo=8, routed)           1.451    23.456    my_baud_rate_generator/clk_out1
    SLICE_X48Y44         FDRE                                         r  my_baud_rate_generator/counterTick_reg[4]/C
                         clock pessimism              0.578    24.033    
                         clock uncertainty           -0.087    23.946    
    SLICE_X48Y44         FDRE (Setup_fdre_C_R)       -0.429    23.517    my_baud_rate_generator/counterTick_reg[4]
  -------------------------------------------------------------------
                         required time                         23.517    
                         arrival time                          -1.488    
  -------------------------------------------------------------------
                         slack                                 22.030    

Slack (MET) :             22.030ns  (required time - arrival time)
  Source:                 my_baud_rate_generator/counterTick_reg[3]/C
                            (rising edge-triggered cell FDRE clocked by clk_out1_sys_pll_1  {rise@0.000ns fall@12.500ns period=25.000ns})
  Destination:            my_baud_rate_generator/counterTick_reg[5]/R
                            (rising edge-triggered cell FDRE clocked by clk_out1_sys_pll  {rise@0.000ns fall@12.500ns period=25.000ns})
  Path Group:             clk_out1_sys_pll
  Path Type:              Setup (Max at Slow Process Corner)
  Requirement:            25.000ns  (clk_out1_sys_pll rise@25.000ns - clk_out1_sys_pll_1 rise@0.000ns)
  Data Path Delay:        2.429ns  (logic 0.704ns (28.982%)  route 1.725ns (71.018%))
  Logic Levels:           2  (LUT4=1 LUT5=1)
  Clock Path Skew:        -0.025ns (DCD - SCD + CPR)
    Destination Clock Delay (DCD):    -1.544ns = ( 23.456 - 25.000 ) 
    Source Clock Delay      (SCD):    -0.942ns
    Clock Pessimism Removal (CPR):    0.578ns
  Clock Uncertainty:      0.087ns  ((TSJ^2 + DJ^2)^1/2) / 2 + PE
    Total System Jitter     (TSJ):    0.071ns
    Discrete Jitter          (DJ):    0.159ns
    Phase Error              (PE):    0.000ns
  Clock Domain Crossing:  Inter clock paths are considered valid unless explicitly excluded by timing constraints such as set_clock_groups or set_false_path.

    Location             Delay type                Incr(ns)  Path(ns)    Netlist Resource(s)
  -------------------------------------------------------------------    -------------------
                         (clock clk_out1_sys_pll_1 rise edge)
                                                      0.000     0.000 r  
    W5                                                0.000     0.000 r  sys_clk (IN)
                         net (fo=0)                   0.000     0.000    clock_40mhz/inst/clk_in1
    W5                   IBUF (Prop_ibuf_I_O)         1.458     1.458 r  clock_40mhz/inst/clkin1_ibufg/O
                         net (fo=1, routed)           1.233     2.691    clock_40mhz/inst/clk_in1_sys_pll
    MMCME2_ADV_X1Y0      MMCME2_ADV (Prop_mmcme2_adv_CLKIN1_CLKOUT0)
                                                     -6.961    -4.269 r  clock_40mhz/inst/mmcm_adv_inst/CLKOUT0
                         net (fo=1, routed)           1.661    -2.608    clock_40mhz/inst/clk_out1_sys_pll
    BUFGCTRL_X0Y0        BUFG (Prop_bufg_I_O)         0.096    -2.512 r  clock_40mhz/inst/clkout1_buf/O
                         net (fo=8, routed)           1.570    -0.942    my_baud_rate_generator/clk_out1
    SLICE_X48Y43         FDRE                                         r  my_baud_rate_generator/counterTick_reg[3]/C
  -------------------------------------------------------------------    -------------------
    SLICE_X48Y43         FDRE (Prop_fdre_C_Q)         0.456    -0.486 f  my_baud_rate_generator/counterTick_reg[3]/Q
                         net (fo=2, routed)           0.680     0.195    my_baud_rate_generator/counterTick_reg[3]
    SLICE_X49Y43         LUT4 (Prop_lut4_I3_O)        0.124     0.319 f  my_baud_rate_generator/counterTick[0]_i_3/O
                         net (fo=2, routed)           0.415     0.734    my_baud_rate_generator/counterTick[0]_i_3_n_0
    SLICE_X49Y44         LUT5 (Prop_lut5_I0_O)        0.124     0.858 r  my_baud_rate_generator/counterTick[0]_i_1/O
                         net (fo=7, routed)           0.630     1.488    my_baud_rate_generator/counterTick[0]_i_1_n_0
    SLICE_X48Y44         FDRE                                         r  my_baud_rate_generator/counterTick_reg[5]/R
  -------------------------------------------------------------------    -------------------

                         (clock clk_out1_sys_pll rise edge)
                                                     25.000    25.000 r  
    W5                                                0.000    25.000 r  sys_clk (IN)
                         net (fo=0)                   0.000    25.000    clock_40mhz/inst/clk_in1
    W5                   IBUF (Prop_ibuf_I_O)         1.388    26.388 r  clock_40mhz/inst/clkin1_ibufg/O
                         net (fo=1, routed)           1.162    27.550    clock_40mhz/inst/clk_in1_sys_pll
    MMCME2_ADV_X1Y0      MMCME2_ADV (Prop_mmcme2_adv_CLKIN1_CLKOUT0)
                                                     -7.217    20.332 r  clock_40mhz/inst/mmcm_adv_inst/CLKOUT0
                         net (fo=1, routed)           1.581    21.914    clock_40mhz/inst/clk_out1_sys_pll
    BUFGCTRL_X0Y0        BUFG (Prop_bufg_I_O)         0.091    22.005 r  clock_40mhz/inst/clkout1_buf/O
                         net (fo=8, routed)           1.451    23.456    my_baud_rate_generator/clk_out1
    SLICE_X48Y44         FDRE                                         r  my_baud_rate_generator/counterTick_reg[5]/C
                         clock pessimism              0.578    24.033    
                         clock uncertainty           -0.087    23.946    
    SLICE_X48Y44         FDRE (Setup_fdre_C_R)       -0.429    23.517    my_baud_rate_generator/counterTick_reg[5]
  -------------------------------------------------------------------
                         required time                         23.517    
                         arrival time                          -1.488    
  -------------------------------------------------------------------
                         slack                                 22.030    

Slack (MET) :             22.030ns  (required time - arrival time)
  Source:                 my_baud_rate_generator/counterTick_reg[3]/C
                            (rising edge-triggered cell FDRE clocked by clk_out1_sys_pll_1  {rise@0.000ns fall@12.500ns period=25.000ns})
  Destination:            my_baud_rate_generator/counterTick_reg[6]/R
                            (rising edge-triggered cell FDRE clocked by clk_out1_sys_pll  {rise@0.000ns fall@12.500ns period=25.000ns})
  Path Group:             clk_out1_sys_pll
  Path Type:              Setup (Max at Slow Process Corner)
  Requirement:            25.000ns  (clk_out1_sys_pll rise@25.000ns - clk_out1_sys_pll_1 rise@0.000ns)
  Data Path Delay:        2.429ns  (logic 0.704ns (28.982%)  route 1.725ns (71.018%))
  Logic Levels:           2  (LUT4=1 LUT5=1)
  Clock Path Skew:        -0.025ns (DCD - SCD + CPR)
    Destination Clock Delay (DCD):    -1.544ns = ( 23.456 - 25.000 ) 
    Source Clock Delay      (SCD):    -0.942ns
    Clock Pessimism Removal (CPR):    0.578ns
  Clock Uncertainty:      0.087ns  ((TSJ^2 + DJ^2)^1/2) / 2 + PE
    Total System Jitter     (TSJ):    0.071ns
    Discrete Jitter          (DJ):    0.159ns
    Phase Error              (PE):    0.000ns
  Clock Domain Crossing:  Inter clock paths are considered valid unless explicitly excluded by timing constraints such as set_clock_groups or set_false_path.

    Location             Delay type                Incr(ns)  Path(ns)    Netlist Resource(s)
  -------------------------------------------------------------------    -------------------
                         (clock clk_out1_sys_pll_1 rise edge)
                                                      0.000     0.000 r  
    W5                                                0.000     0.000 r  sys_clk (IN)
                         net (fo=0)                   0.000     0.000    clock_40mhz/inst/clk_in1
    W5                   IBUF (Prop_ibuf_I_O)         1.458     1.458 r  clock_40mhz/inst/clkin1_ibufg/O
                         net (fo=1, routed)           1.233     2.691    clock_40mhz/inst/clk_in1_sys_pll
    MMCME2_ADV_X1Y0      MMCME2_ADV (Prop_mmcme2_adv_CLKIN1_CLKOUT0)
                                                     -6.961    -4.269 r  clock_40mhz/inst/mmcm_adv_inst/CLKOUT0
                         net (fo=1, routed)           1.661    -2.608    clock_40mhz/inst/clk_out1_sys_pll
    BUFGCTRL_X0Y0        BUFG (Prop_bufg_I_O)         0.096    -2.512 r  clock_40mhz/inst/clkout1_buf/O
                         net (fo=8, routed)           1.570    -0.942    my_baud_rate_generator/clk_out1
    SLICE_X48Y43         FDRE                                         r  my_baud_rate_generator/counterTick_reg[3]/C
  -------------------------------------------------------------------    -------------------
    SLICE_X48Y43         FDRE (Prop_fdre_C_Q)         0.456    -0.486 f  my_baud_rate_generator/counterTick_reg[3]/Q
                         net (fo=2, routed)           0.680     0.195    my_baud_rate_generator/counterTick_reg[3]
    SLICE_X49Y43         LUT4 (Prop_lut4_I3_O)        0.124     0.319 f  my_baud_rate_generator/counterTick[0]_i_3/O
                         net (fo=2, routed)           0.415     0.734    my_baud_rate_generator/counterTick[0]_i_3_n_0
    SLICE_X49Y44         LUT5 (Prop_lut5_I0_O)        0.124     0.858 r  my_baud_rate_generator/counterTick[0]_i_1/O
                         net (fo=7, routed)           0.630     1.488    my_baud_rate_generator/counterTick[0]_i_1_n_0
    SLICE_X48Y44         FDRE                                         r  my_baud_rate_generator/counterTick_reg[6]/R
  -------------------------------------------------------------------    -------------------

                         (clock clk_out1_sys_pll rise edge)
                                                     25.000    25.000 r  
    W5                                                0.000    25.000 r  sys_clk (IN)
                         net (fo=0)                   0.000    25.000    clock_40mhz/inst/clk_in1
    W5                   IBUF (Prop_ibuf_I_O)         1.388    26.388 r  clock_40mhz/inst/clkin1_ibufg/O
                         net (fo=1, routed)           1.162    27.550    clock_40mhz/inst/clk_in1_sys_pll
    MMCME2_ADV_X1Y0      MMCME2_ADV (Prop_mmcme2_adv_CLKIN1_CLKOUT0)
                                                     -7.217    20.332 r  clock_40mhz/inst/mmcm_adv_inst/CLKOUT0
                         net (fo=1, routed)           1.581    21.914    clock_40mhz/inst/clk_out1_sys_pll
    BUFGCTRL_X0Y0        BUFG (Prop_bufg_I_O)         0.091    22.005 r  clock_40mhz/inst/clkout1_buf/O
                         net (fo=8, routed)           1.451    23.456    my_baud_rate_generator/clk_out1
    SLICE_X48Y44         FDRE                                         r  my_baud_rate_generator/counterTick_reg[6]/C
                         clock pessimism              0.578    24.033    
                         clock uncertainty           -0.087    23.946    
    SLICE_X48Y44         FDRE (Setup_fdre_C_R)       -0.429    23.517    my_baud_rate_generator/counterTick_reg[6]
  -------------------------------------------------------------------
                         required time                         23.517    
                         arrival time                          -1.488    
  -------------------------------------------------------------------
                         slack                                 22.030    

Slack (MET) :             22.320ns  (required time - arrival time)
  Source:                 my_baud_rate_generator/counterTick_reg[3]/C
                            (rising edge-triggered cell FDRE clocked by clk_out1_sys_pll_1  {rise@0.000ns fall@12.500ns period=25.000ns})
  Destination:            my_baud_rate_generator/counterTick_reg[0]/R
                            (rising edge-triggered cell FDRE clocked by clk_out1_sys_pll  {rise@0.000ns fall@12.500ns period=25.000ns})
  Path Group:             clk_out1_sys_pll
  Path Type:              Setup (Max at Slow Process Corner)
  Requirement:            25.000ns  (clk_out1_sys_pll rise@25.000ns - clk_out1_sys_pll_1 rise@0.000ns)
  Data Path Delay:        2.164ns  (logic 0.704ns (32.531%)  route 1.460ns (67.469%))
  Logic Levels:           2  (LUT4=1 LUT5=1)
  Clock Path Skew:        0.000ns (DCD - SCD + CPR)
    Destination Clock Delay (DCD):    -1.544ns = ( 23.456 - 25.000 ) 
    Source Clock Delay      (SCD):    -0.942ns
    Clock Pessimism Removal (CPR):    0.603ns
  Clock Uncertainty:      0.087ns  ((TSJ^2 + DJ^2)^1/2) / 2 + PE
    Total System Jitter     (TSJ):    0.071ns
    Discrete Jitter          (DJ):    0.159ns
    Phase Error              (PE):    0.000ns
  Clock Domain Crossing:  Inter clock paths are considered valid unless explicitly excluded by timing constraints such as set_clock_groups or set_false_path.

    Location             Delay type                Incr(ns)  Path(ns)    Netlist Resource(s)
  -------------------------------------------------------------------    -------------------
                         (clock clk_out1_sys_pll_1 rise edge)
                                                      0.000     0.000 r  
    W5                                                0.000     0.000 r  sys_clk (IN)
                         net (fo=0)                   0.000     0.000    clock_40mhz/inst/clk_in1
    W5                   IBUF (Prop_ibuf_I_O)         1.458     1.458 r  clock_40mhz/inst/clkin1_ibufg/O
                         net (fo=1, routed)           1.233     2.691    clock_40mhz/inst/clk_in1_sys_pll
    MMCME2_ADV_X1Y0      MMCME2_ADV (Prop_mmcme2_adv_CLKIN1_CLKOUT0)
                                                     -6.961    -4.269 r  clock_40mhz/inst/mmcm_adv_inst/CLKOUT0
                         net (fo=1, routed)           1.661    -2.608    clock_40mhz/inst/clk_out1_sys_pll
    BUFGCTRL_X0Y0        BUFG (Prop_bufg_I_O)         0.096    -2.512 r  clock_40mhz/inst/clkout1_buf/O
                         net (fo=8, routed)           1.570    -0.942    my_baud_rate_generator/clk_out1
    SLICE_X48Y43         FDRE                                         r  my_baud_rate_generator/counterTick_reg[3]/C
  -------------------------------------------------------------------    -------------------
    SLICE_X48Y43         FDRE (Prop_fdre_C_Q)         0.456    -0.486 f  my_baud_rate_generator/counterTick_reg[3]/Q
                         net (fo=2, routed)           0.680     0.195    my_baud_rate_generator/counterTick_reg[3]
    SLICE_X49Y43         LUT4 (Prop_lut4_I3_O)        0.124     0.319 f  my_baud_rate_generator/counterTick[0]_i_3/O
                         net (fo=2, routed)           0.415     0.734    my_baud_rate_generator/counterTick[0]_i_3_n_0
    SLICE_X49Y44         LUT5 (Prop_lut5_I0_O)        0.124     0.858 r  my_baud_rate_generator/counterTick[0]_i_1/O
                         net (fo=7, routed)           0.365     1.223    my_baud_rate_generator/counterTick[0]_i_1_n_0
    SLICE_X48Y43         FDRE                                         r  my_baud_rate_generator/counterTick_reg[0]/R
  -------------------------------------------------------------------    -------------------

                         (clock clk_out1_sys_pll rise edge)
                                                     25.000    25.000 r  
    W5                                                0.000    25.000 r  sys_clk (IN)
                         net (fo=0)                   0.000    25.000    clock_40mhz/inst/clk_in1
    W5                   IBUF (Prop_ibuf_I_O)         1.388    26.388 r  clock_40mhz/inst/clkin1_ibufg/O
                         net (fo=1, routed)           1.162    27.550    clock_40mhz/inst/clk_in1_sys_pll
    MMCME2_ADV_X1Y0      MMCME2_ADV (Prop_mmcme2_adv_CLKIN1_CLKOUT0)
                                                     -7.217    20.332 r  clock_40mhz/inst/mmcm_adv_inst/CLKOUT0
                         net (fo=1, routed)           1.581    21.914    clock_40mhz/inst/clk_out1_sys_pll
    BUFGCTRL_X0Y0        BUFG (Prop_bufg_I_O)         0.091    22.005 r  clock_40mhz/inst/clkout1_buf/O
                         net (fo=8, routed)           1.451    23.456    my_baud_rate_generator/clk_out1
    SLICE_X48Y43         FDRE                                         r  my_baud_rate_generator/counterTick_reg[0]/C
                         clock pessimism              0.603    24.058    
                         clock uncertainty           -0.087    23.971    
    SLICE_X48Y43         FDRE (Setup_fdre_C_R)       -0.429    23.542    my_baud_rate_generator/counterTick_reg[0]
  -------------------------------------------------------------------
                         required time                         23.542    
                         arrival time                          -1.223    
  -------------------------------------------------------------------
                         slack                                 22.320    

Slack (MET) :             22.320ns  (required time - arrival time)
  Source:                 my_baud_rate_generator/counterTick_reg[3]/C
                            (rising edge-triggered cell FDRE clocked by clk_out1_sys_pll_1  {rise@0.000ns fall@12.500ns period=25.000ns})
  Destination:            my_baud_rate_generator/counterTick_reg[1]/R
                            (rising edge-triggered cell FDRE clocked by clk_out1_sys_pll  {rise@0.000ns fall@12.500ns period=25.000ns})
  Path Group:             clk_out1_sys_pll
  Path Type:              Setup (Max at Slow Process Corner)
  Requirement:            25.000ns  (clk_out1_sys_pll rise@25.000ns - clk_out1_sys_pll_1 rise@0.000ns)
  Data Path Delay:        2.164ns  (logic 0.704ns (32.531%)  route 1.460ns (67.469%))
  Logic Levels:           2  (LUT4=1 LUT5=1)
  Clock Path Skew:        0.000ns (DCD - SCD + CPR)
    Destination Clock Delay (DCD):    -1.544ns = ( 23.456 - 25.000 ) 
    Source Clock Delay      (SCD):    -0.942ns
    Clock Pessimism Removal (CPR):    0.603ns
  Clock Uncertainty:      0.087ns  ((TSJ^2 + DJ^2)^1/2) / 2 + PE
    Total System Jitter     (TSJ):    0.071ns
    Discrete Jitter          (DJ):    0.159ns
    Phase Error              (PE):    0.000ns
  Clock Domain Crossing:  Inter clock paths are considered valid unless explicitly excluded by timing constraints such as set_clock_groups or set_false_path.

    Location             Delay type                Incr(ns)  Path(ns)    Netlist Resource(s)
  -------------------------------------------------------------------    -------------------
                         (clock clk_out1_sys_pll_1 rise edge)
                                                      0.000     0.000 r  
    W5                                                0.000     0.000 r  sys_clk (IN)
                         net (fo=0)                   0.000     0.000    clock_40mhz/inst/clk_in1
    W5                   IBUF (Prop_ibuf_I_O)         1.458     1.458 r  clock_40mhz/inst/clkin1_ibufg/O
                         net (fo=1, routed)           1.233     2.691    clock_40mhz/inst/clk_in1_sys_pll
    MMCME2_ADV_X1Y0      MMCME2_ADV (Prop_mmcme2_adv_CLKIN1_CLKOUT0)
                                                     -6.961    -4.269 r  clock_40mhz/inst/mmcm_adv_inst/CLKOUT0
                         net (fo=1, routed)           1.661    -2.608    clock_40mhz/inst/clk_out1_sys_pll
    BUFGCTRL_X0Y0        BUFG (Prop_bufg_I_O)         0.096    -2.512 r  clock_40mhz/inst/clkout1_buf/O
                         net (fo=8, routed)           1.570    -0.942    my_baud_rate_generator/clk_out1
    SLICE_X48Y43         FDRE                                         r  my_baud_rate_generator/counterTick_reg[3]/C
  -------------------------------------------------------------------    -------------------
    SLICE_X48Y43         FDRE (Prop_fdre_C_Q)         0.456    -0.486 f  my_baud_rate_generator/counterTick_reg[3]/Q
                         net (fo=2, routed)           0.680     0.195    my_baud_rate_generator/counterTick_reg[3]
    SLICE_X49Y43         LUT4 (Prop_lut4_I3_O)        0.124     0.319 f  my_baud_rate_generator/counterTick[0]_i_3/O
                         net (fo=2, routed)           0.415     0.734    my_baud_rate_generator/counterTick[0]_i_3_n_0
    SLICE_X49Y44         LUT5 (Prop_lut5_I0_O)        0.124     0.858 r  my_baud_rate_generator/counterTick[0]_i_1/O
                         net (fo=7, routed)           0.365     1.223    my_baud_rate_generator/counterTick[0]_i_1_n_0
    SLICE_X48Y43         FDRE                                         r  my_baud_rate_generator/counterTick_reg[1]/R
  -------------------------------------------------------------------    -------------------

                         (clock clk_out1_sys_pll rise edge)
                                                     25.000    25.000 r  
    W5                                                0.000    25.000 r  sys_clk (IN)
                         net (fo=0)                   0.000    25.000    clock_40mhz/inst/clk_in1
    W5                   IBUF (Prop_ibuf_I_O)         1.388    26.388 r  clock_40mhz/inst/clkin1_ibufg/O
                         net (fo=1, routed)           1.162    27.550    clock_40mhz/inst/clk_in1_sys_pll
    MMCME2_ADV_X1Y0      MMCME2_ADV (Prop_mmcme2_adv_CLKIN1_CLKOUT0)
                                                     -7.217    20.332 r  clock_40mhz/inst/mmcm_adv_inst/CLKOUT0
                         net (fo=1, routed)           1.581    21.914    clock_40mhz/inst/clk_out1_sys_pll
    BUFGCTRL_X0Y0        BUFG (Prop_bufg_I_O)         0.091    22.005 r  clock_40mhz/inst/clkout1_buf/O
                         net (fo=8, routed)           1.451    23.456    my_baud_rate_generator/clk_out1
    SLICE_X48Y43         FDRE                                         r  my_baud_rate_generator/counterTick_reg[1]/C
                         clock pessimism              0.603    24.058    
                         clock uncertainty           -0.087    23.971    
    SLICE_X48Y43         FDRE (Setup_fdre_C_R)       -0.429    23.542    my_baud_rate_generator/counterTick_reg[1]
  -------------------------------------------------------------------
                         required time                         23.542    
                         arrival time                          -1.223    
  -------------------------------------------------------------------
                         slack                                 22.320    

Slack (MET) :             22.320ns  (required time - arrival time)
  Source:                 my_baud_rate_generator/counterTick_reg[3]/C
                            (rising edge-triggered cell FDRE clocked by clk_out1_sys_pll_1  {rise@0.000ns fall@12.500ns period=25.000ns})
  Destination:            my_baud_rate_generator/counterTick_reg[2]/R
                            (rising edge-triggered cell FDRE clocked by clk_out1_sys_pll  {rise@0.000ns fall@12.500ns period=25.000ns})
  Path Group:             clk_out1_sys_pll
  Path Type:              Setup (Max at Slow Process Corner)
  Requirement:            25.000ns  (clk_out1_sys_pll rise@25.000ns - clk_out1_sys_pll_1 rise@0.000ns)
  Data Path Delay:        2.164ns  (logic 0.704ns (32.531%)  route 1.460ns (67.469%))
  Logic Levels:           2  (LUT4=1 LUT5=1)
  Clock Path Skew:        0.000ns (DCD - SCD + CPR)
    Destination Clock Delay (DCD):    -1.544ns = ( 23.456 - 25.000 ) 
    Source Clock Delay      (SCD):    -0.942ns
    Clock Pessimism Removal (CPR):    0.603ns
  Clock Uncertainty:      0.087ns  ((TSJ^2 + DJ^2)^1/2) / 2 + PE
    Total System Jitter     (TSJ):    0.071ns
    Discrete Jitter          (DJ):    0.159ns
    Phase Error              (PE):    0.000ns
  Clock Domain Crossing:  Inter clock paths are considered valid unless explicitly excluded by timing constraints such as set_clock_groups or set_false_path.

    Location             Delay type                Incr(ns)  Path(ns)    Netlist Resource(s)
  -------------------------------------------------------------------    -------------------
                         (clock clk_out1_sys_pll_1 rise edge)
                                                      0.000     0.000 r  
    W5                                                0.000     0.000 r  sys_clk (IN)
                         net (fo=0)                   0.000     0.000    clock_40mhz/inst/clk_in1
    W5                   IBUF (Prop_ibuf_I_O)         1.458     1.458 r  clock_40mhz/inst/clkin1_ibufg/O
                         net (fo=1, routed)           1.233     2.691    clock_40mhz/inst/clk_in1_sys_pll
    MMCME2_ADV_X1Y0      MMCME2_ADV (Prop_mmcme2_adv_CLKIN1_CLKOUT0)
                                                     -6.961    -4.269 r  clock_40mhz/inst/mmcm_adv_inst/CLKOUT0
                         net (fo=1, routed)           1.661    -2.608    clock_40mhz/inst/clk_out1_sys_pll
    BUFGCTRL_X0Y0        BUFG (Prop_bufg_I_O)         0.096    -2.512 r  clock_40mhz/inst/clkout1_buf/O
                         net (fo=8, routed)           1.570    -0.942    my_baud_rate_generator/clk_out1
    SLICE_X48Y43         FDRE                                         r  my_baud_rate_generator/counterTick_reg[3]/C
  -------------------------------------------------------------------    -------------------
    SLICE_X48Y43         FDRE (Prop_fdre_C_Q)         0.456    -0.486 f  my_baud_rate_generator/counterTick_reg[3]/Q
                         net (fo=2, routed)           0.680     0.195    my_baud_rate_generator/counterTick_reg[3]
    SLICE_X49Y43         LUT4 (Prop_lut4_I3_O)        0.124     0.319 f  my_baud_rate_generator/counterTick[0]_i_3/O
                         net (fo=2, routed)           0.415     0.734    my_baud_rate_generator/counterTick[0]_i_3_n_0
    SLICE_X49Y44         LUT5 (Prop_lut5_I0_O)        0.124     0.858 r  my_baud_rate_generator/counterTick[0]_i_1/O
                         net (fo=7, routed)           0.365     1.223    my_baud_rate_generator/counterTick[0]_i_1_n_0
    SLICE_X48Y43         FDRE                                         r  my_baud_rate_generator/counterTick_reg[2]/R
  -------------------------------------------------------------------    -------------------

                         (clock clk_out1_sys_pll rise edge)
                                                     25.000    25.000 r  
    W5                                                0.000    25.000 r  sys_clk (IN)
                         net (fo=0)                   0.000    25.000    clock_40mhz/inst/clk_in1
    W5                   IBUF (Prop_ibuf_I_O)         1.388    26.388 r  clock_40mhz/inst/clkin1_ibufg/O
                         net (fo=1, routed)           1.162    27.550    clock_40mhz/inst/clk_in1_sys_pll
    MMCME2_ADV_X1Y0      MMCME2_ADV (Prop_mmcme2_adv_CLKIN1_CLKOUT0)
                                                     -7.217    20.332 r  clock_40mhz/inst/mmcm_adv_inst/CLKOUT0
                         net (fo=1, routed)           1.581    21.914    clock_40mhz/inst/clk_out1_sys_pll
    BUFGCTRL_X0Y0        BUFG (Prop_bufg_I_O)         0.091    22.005 r  clock_40mhz/inst/clkout1_buf/O
                         net (fo=8, routed)           1.451    23.456    my_baud_rate_generator/clk_out1
    SLICE_X48Y43         FDRE                                         r  my_baud_rate_generator/counterTick_reg[2]/C
                         clock pessimism              0.603    24.058    
                         clock uncertainty           -0.087    23.971    
    SLICE_X48Y43         FDRE (Setup_fdre_C_R)       -0.429    23.542    my_baud_rate_generator/counterTick_reg[2]
  -------------------------------------------------------------------
                         required time                         23.542    
                         arrival time                          -1.223    
  -------------------------------------------------------------------
                         slack                                 22.320    

Slack (MET) :             22.320ns  (required time - arrival time)
  Source:                 my_baud_rate_generator/counterTick_reg[3]/C
                            (rising edge-triggered cell FDRE clocked by clk_out1_sys_pll_1  {rise@0.000ns fall@12.500ns period=25.000ns})
  Destination:            my_baud_rate_generator/counterTick_reg[3]/R
                            (rising edge-triggered cell FDRE clocked by clk_out1_sys_pll  {rise@0.000ns fall@12.500ns period=25.000ns})
  Path Group:             clk_out1_sys_pll
  Path Type:              Setup (Max at Slow Process Corner)
  Requirement:            25.000ns  (clk_out1_sys_pll rise@25.000ns - clk_out1_sys_pll_1 rise@0.000ns)
  Data Path Delay:        2.164ns  (logic 0.704ns (32.531%)  route 1.460ns (67.469%))
  Logic Levels:           2  (LUT4=1 LUT5=1)
  Clock Path Skew:        0.000ns (DCD - SCD + CPR)
    Destination Clock Delay (DCD):    -1.544ns = ( 23.456 - 25.000 ) 
    Source Clock Delay      (SCD):    -0.942ns
    Clock Pessimism Removal (CPR):    0.603ns
  Clock Uncertainty:      0.087ns  ((TSJ^2 + DJ^2)^1/2) / 2 + PE
    Total System Jitter     (TSJ):    0.071ns
    Discrete Jitter          (DJ):    0.159ns
    Phase Error              (PE):    0.000ns
  Clock Domain Crossing:  Inter clock paths are considered valid unless explicitly excluded by timing constraints such as set_clock_groups or set_false_path.

    Location             Delay type                Incr(ns)  Path(ns)    Netlist Resource(s)
  -------------------------------------------------------------------    -------------------
                         (clock clk_out1_sys_pll_1 rise edge)
                                                      0.000     0.000 r  
    W5                                                0.000     0.000 r  sys_clk (IN)
                         net (fo=0)                   0.000     0.000    clock_40mhz/inst/clk_in1
    W5                   IBUF (Prop_ibuf_I_O)         1.458     1.458 r  clock_40mhz/inst/clkin1_ibufg/O
                         net (fo=1, routed)           1.233     2.691    clock_40mhz/inst/clk_in1_sys_pll
    MMCME2_ADV_X1Y0      MMCME2_ADV (Prop_mmcme2_adv_CLKIN1_CLKOUT0)
                                                     -6.961    -4.269 r  clock_40mhz/inst/mmcm_adv_inst/CLKOUT0
                         net (fo=1, routed)           1.661    -2.608    clock_40mhz/inst/clk_out1_sys_pll
    BUFGCTRL_X0Y0        BUFG (Prop_bufg_I_O)         0.096    -2.512 r  clock_40mhz/inst/clkout1_buf/O
                         net (fo=8, routed)           1.570    -0.942    my_baud_rate_generator/clk_out1
    SLICE_X48Y43         FDRE                                         r  my_baud_rate_generator/counterTick_reg[3]/C
  -------------------------------------------------------------------    -------------------
    SLICE_X48Y43         FDRE (Prop_fdre_C_Q)         0.456    -0.486 f  my_baud_rate_generator/counterTick_reg[3]/Q
                         net (fo=2, routed)           0.680     0.195    my_baud_rate_generator/counterTick_reg[3]
    SLICE_X49Y43         LUT4 (Prop_lut4_I3_O)        0.124     0.319 f  my_baud_rate_generator/counterTick[0]_i_3/O
                         net (fo=2, routed)           0.415     0.734    my_baud_rate_generator/counterTick[0]_i_3_n_0
    SLICE_X49Y44         LUT5 (Prop_lut5_I0_O)        0.124     0.858 r  my_baud_rate_generator/counterTick[0]_i_1/O
                         net (fo=7, routed)           0.365     1.223    my_baud_rate_generator/counterTick[0]_i_1_n_0
    SLICE_X48Y43         FDRE                                         r  my_baud_rate_generator/counterTick_reg[3]/R
  -------------------------------------------------------------------    -------------------

                         (clock clk_out1_sys_pll rise edge)
                                                     25.000    25.000 r  
    W5                                                0.000    25.000 r  sys_clk (IN)
                         net (fo=0)                   0.000    25.000    clock_40mhz/inst/clk_in1
    W5                   IBUF (Prop_ibuf_I_O)         1.388    26.388 r  clock_40mhz/inst/clkin1_ibufg/O
                         net (fo=1, routed)           1.162    27.550    clock_40mhz/inst/clk_in1_sys_pll
    MMCME2_ADV_X1Y0      MMCME2_ADV (Prop_mmcme2_adv_CLKIN1_CLKOUT0)
                                                     -7.217    20.332 r  clock_40mhz/inst/mmcm_adv_inst/CLKOUT0
                         net (fo=1, routed)           1.581    21.914    clock_40mhz/inst/clk_out1_sys_pll
    BUFGCTRL_X0Y0        BUFG (Prop_bufg_I_O)         0.091    22.005 r  clock_40mhz/inst/clkout1_buf/O
                         net (fo=8, routed)           1.451    23.456    my_baud_rate_generator/clk_out1
    SLICE_X48Y43         FDRE                                         r  my_baud_rate_generator/counterTick_reg[3]/C
                         clock pessimism              0.603    24.058    
                         clock uncertainty           -0.087    23.971    
    SLICE_X48Y43         FDRE (Setup_fdre_C_R)       -0.429    23.542    my_baud_rate_generator/counterTick_reg[3]
  -------------------------------------------------------------------
                         required time                         23.542    
                         arrival time                          -1.223    
  -------------------------------------------------------------------
                         slack                                 22.320    

Slack (MET) :             22.936ns  (required time - arrival time)
  Source:                 my_baud_rate_generator/counterTick_reg[1]/C
                            (rising edge-triggered cell FDRE clocked by clk_out1_sys_pll_1  {rise@0.000ns fall@12.500ns period=25.000ns})
  Destination:            my_baud_rate_generator/counterTick_reg[5]/D
                            (rising edge-triggered cell FDRE clocked by clk_out1_sys_pll  {rise@0.000ns fall@12.500ns period=25.000ns})
  Path Group:             clk_out1_sys_pll
  Path Type:              Setup (Max at Slow Process Corner)
  Requirement:            25.000ns  (clk_out1_sys_pll rise@25.000ns - clk_out1_sys_pll_1 rise@0.000ns)
  Data Path Delay:        2.014ns  (logic 1.464ns (72.693%)  route 0.550ns (27.307%))
  Logic Levels:           2  (CARRY4=2)
  Clock Path Skew:        -0.025ns (DCD - SCD + CPR)
    Destination Clock Delay (DCD):    -1.544ns = ( 23.456 - 25.000 ) 
    Source Clock Delay      (SCD):    -0.942ns
    Clock Pessimism Removal (CPR):    0.578ns
  Clock Uncertainty:      0.087ns  ((TSJ^2 + DJ^2)^1/2) / 2 + PE
    Total System Jitter     (TSJ):    0.071ns
    Discrete Jitter          (DJ):    0.159ns
    Phase Error              (PE):    0.000ns
  Clock Domain Crossing:  Inter clock paths are considered valid unless explicitly excluded by timing constraints such as set_clock_groups or set_false_path.

    Location             Delay type                Incr(ns)  Path(ns)    Netlist Resource(s)
  -------------------------------------------------------------------    -------------------
                         (clock clk_out1_sys_pll_1 rise edge)
                                                      0.000     0.000 r  
    W5                                                0.000     0.000 r  sys_clk (IN)
                         net (fo=0)                   0.000     0.000    clock_40mhz/inst/clk_in1
    W5                   IBUF (Prop_ibuf_I_O)         1.458     1.458 r  clock_40mhz/inst/clkin1_ibufg/O
                         net (fo=1, routed)           1.233     2.691    clock_40mhz/inst/clk_in1_sys_pll
    MMCME2_ADV_X1Y0      MMCME2_ADV (Prop_mmcme2_adv_CLKIN1_CLKOUT0)
                                                     -6.961    -4.269 r  clock_40mhz/inst/mmcm_adv_inst/CLKOUT0
                         net (fo=1, routed)           1.661    -2.608    clock_40mhz/inst/clk_out1_sys_pll
    BUFGCTRL_X0Y0        BUFG (Prop_bufg_I_O)         0.096    -2.512 r  clock_40mhz/inst/clkout1_buf/O
                         net (fo=8, routed)           1.570    -0.942    my_baud_rate_generator/clk_out1
    SLICE_X48Y43         FDRE                                         r  my_baud_rate_generator/counterTick_reg[1]/C
  -------------------------------------------------------------------    -------------------
    SLICE_X48Y43         FDRE (Prop_fdre_C_Q)         0.456    -0.486 r  my_baud_rate_generator/counterTick_reg[1]/Q
                         net (fo=2, routed)           0.550     0.064    my_baud_rate_generator/counterTick_reg[1]
    SLICE_X48Y43         CARRY4 (Prop_carry4_S[1]_CO[3])
                                                      0.674     0.738 r  my_baud_rate_generator/counterTick_reg[0]_i_2/CO[3]
                         net (fo=1, routed)           0.000     0.738    my_baud_rate_generator/counterTick_reg[0]_i_2_n_0
    SLICE_X48Y44         CARRY4 (Prop_carry4_CI_O[1])
                                                      0.334     1.072 r  my_baud_rate_generator/counterTick_reg[4]_i_1/O[1]
                         net (fo=1, routed)           0.000     1.072    my_baud_rate_generator/counterTick_reg[4]_i_1_n_6
    SLICE_X48Y44         FDRE                                         r  my_baud_rate_generator/counterTick_reg[5]/D
  -------------------------------------------------------------------    -------------------

                         (clock clk_out1_sys_pll rise edge)
                                                     25.000    25.000 r  
    W5                                                0.000    25.000 r  sys_clk (IN)
                         net (fo=0)                   0.000    25.000    clock_40mhz/inst/clk_in1
    W5                   IBUF (Prop_ibuf_I_O)         1.388    26.388 r  clock_40mhz/inst/clkin1_ibufg/O
                         net (fo=1, routed)           1.162    27.550    clock_40mhz/inst/clk_in1_sys_pll
    MMCME2_ADV_X1Y0      MMCME2_ADV (Prop_mmcme2_adv_CLKIN1_CLKOUT0)
                                                     -7.217    20.332 r  clock_40mhz/inst/mmcm_adv_inst/CLKOUT0
                         net (fo=1, routed)           1.581    21.914    clock_40mhz/inst/clk_out1_sys_pll
    BUFGCTRL_X0Y0        BUFG (Prop_bufg_I_O)         0.091    22.005 r  clock_40mhz/inst/clkout1_buf/O
                         net (fo=8, routed)           1.451    23.456    my_baud_rate_generator/clk_out1
    SLICE_X48Y44         FDRE                                         r  my_baud_rate_generator/counterTick_reg[5]/C
                         clock pessimism              0.578    24.033    
                         clock uncertainty           -0.087    23.946    
    SLICE_X48Y44         FDRE (Setup_fdre_C_D)        0.062    24.008    my_baud_rate_generator/counterTick_reg[5]
  -------------------------------------------------------------------
                         required time                         24.008    
                         arrival time                          -1.072    
  -------------------------------------------------------------------
                         slack                                 22.936    

Slack (MET) :             23.031ns  (required time - arrival time)
  Source:                 my_baud_rate_generator/counterTick_reg[1]/C
                            (rising edge-triggered cell FDRE clocked by clk_out1_sys_pll_1  {rise@0.000ns fall@12.500ns period=25.000ns})
  Destination:            my_baud_rate_generator/counterTick_reg[6]/D
                            (rising edge-triggered cell FDRE clocked by clk_out1_sys_pll  {rise@0.000ns fall@12.500ns period=25.000ns})
  Path Group:             clk_out1_sys_pll
  Path Type:              Setup (Max at Slow Process Corner)
  Requirement:            25.000ns  (clk_out1_sys_pll rise@25.000ns - clk_out1_sys_pll_1 rise@0.000ns)
  Data Path Delay:        1.919ns  (logic 1.369ns (71.341%)  route 0.550ns (28.659%))
  Logic Levels:           2  (CARRY4=2)
  Clock Path Skew:        -0.025ns (DCD - SCD + CPR)
    Destination Clock Delay (DCD):    -1.544ns = ( 23.456 - 25.000 ) 
    Source Clock Delay      (SCD):    -0.942ns
    Clock Pessimism Removal (CPR):    0.578ns
  Clock Uncertainty:      0.087ns  ((TSJ^2 + DJ^2)^1/2) / 2 + PE
    Total System Jitter     (TSJ):    0.071ns
    Discrete Jitter          (DJ):    0.159ns
    Phase Error              (PE):    0.000ns
  Clock Domain Crossing:  Inter clock paths are considered valid unless explicitly excluded by timing constraints such as set_clock_groups or set_false_path.

    Location             Delay type                Incr(ns)  Path(ns)    Netlist Resource(s)
  -------------------------------------------------------------------    -------------------
                         (clock clk_out1_sys_pll_1 rise edge)
                                                      0.000     0.000 r  
    W5                                                0.000     0.000 r  sys_clk (IN)
                         net (fo=0)                   0.000     0.000    clock_40mhz/inst/clk_in1
    W5                   IBUF (Prop_ibuf_I_O)         1.458     1.458 r  clock_40mhz/inst/clkin1_ibufg/O
                         net (fo=1, routed)           1.233     2.691    clock_40mhz/inst/clk_in1_sys_pll
    MMCME2_ADV_X1Y0      MMCME2_ADV (Prop_mmcme2_adv_CLKIN1_CLKOUT0)
                                                     -6.961    -4.269 r  clock_40mhz/inst/mmcm_adv_inst/CLKOUT0
                         net (fo=1, routed)           1.661    -2.608    clock_40mhz/inst/clk_out1_sys_pll
    BUFGCTRL_X0Y0        BUFG (Prop_bufg_I_O)         0.096    -2.512 r  clock_40mhz/inst/clkout1_buf/O
                         net (fo=8, routed)           1.570    -0.942    my_baud_rate_generator/clk_out1
    SLICE_X48Y43         FDRE                                         r  my_baud_rate_generator/counterTick_reg[1]/C
  -------------------------------------------------------------------    -------------------
    SLICE_X48Y43         FDRE (Prop_fdre_C_Q)         0.456    -0.486 r  my_baud_rate_generator/counterTick_reg[1]/Q
                         net (fo=2, routed)           0.550     0.064    my_baud_rate_generator/counterTick_reg[1]
    SLICE_X48Y43         CARRY4 (Prop_carry4_S[1]_CO[3])
                                                      0.674     0.738 r  my_baud_rate_generator/counterTick_reg[0]_i_2/CO[3]
                         net (fo=1, routed)           0.000     0.738    my_baud_rate_generator/counterTick_reg[0]_i_2_n_0
    SLICE_X48Y44         CARRY4 (Prop_carry4_CI_O[2])
                                                      0.239     0.977 r  my_baud_rate_generator/counterTick_reg[4]_i_1/O[2]
                         net (fo=1, routed)           0.000     0.977    my_baud_rate_generator/counterTick_reg[4]_i_1_n_5
    SLICE_X48Y44         FDRE                                         r  my_baud_rate_generator/counterTick_reg[6]/D
  -------------------------------------------------------------------    -------------------

                         (clock clk_out1_sys_pll rise edge)
                                                     25.000    25.000 r  
    W5                                                0.000    25.000 r  sys_clk (IN)
                         net (fo=0)                   0.000    25.000    clock_40mhz/inst/clk_in1
    W5                   IBUF (Prop_ibuf_I_O)         1.388    26.388 r  clock_40mhz/inst/clkin1_ibufg/O
                         net (fo=1, routed)           1.162    27.550    clock_40mhz/inst/clk_in1_sys_pll
    MMCME2_ADV_X1Y0      MMCME2_ADV (Prop_mmcme2_adv_CLKIN1_CLKOUT0)
                                                     -7.217    20.332 r  clock_40mhz/inst/mmcm_adv_inst/CLKOUT0
                         net (fo=1, routed)           1.581    21.914    clock_40mhz/inst/clk_out1_sys_pll
    BUFGCTRL_X0Y0        BUFG (Prop_bufg_I_O)         0.091    22.005 r  clock_40mhz/inst/clkout1_buf/O
                         net (fo=8, routed)           1.451    23.456    my_baud_rate_generator/clk_out1
    SLICE_X48Y44         FDRE                                         r  my_baud_rate_generator/counterTick_reg[6]/C
                         clock pessimism              0.578    24.033    
                         clock uncertainty           -0.087    23.946    
    SLICE_X48Y44         FDRE (Setup_fdre_C_D)        0.062    24.008    my_baud_rate_generator/counterTick_reg[6]
  -------------------------------------------------------------------
                         required time                         24.008    
                         arrival time                          -0.977    
  -------------------------------------------------------------------
                         slack                                 23.031    

Slack (MET) :             23.047ns  (required time - arrival time)
  Source:                 my_baud_rate_generator/counterTick_reg[1]/C
                            (rising edge-triggered cell FDRE clocked by clk_out1_sys_pll_1  {rise@0.000ns fall@12.500ns period=25.000ns})
  Destination:            my_baud_rate_generator/counterTick_reg[4]/D
                            (rising edge-triggered cell FDRE clocked by clk_out1_sys_pll  {rise@0.000ns fall@12.500ns period=25.000ns})
  Path Group:             clk_out1_sys_pll
  Path Type:              Setup (Max at Slow Process Corner)
  Requirement:            25.000ns  (clk_out1_sys_pll rise@25.000ns - clk_out1_sys_pll_1 rise@0.000ns)
  Data Path Delay:        1.903ns  (logic 1.353ns (71.100%)  route 0.550ns (28.900%))
  Logic Levels:           2  (CARRY4=2)
  Clock Path Skew:        -0.025ns (DCD - SCD + CPR)
    Destination Clock Delay (DCD):    -1.544ns = ( 23.456 - 25.000 ) 
    Source Clock Delay      (SCD):    -0.942ns
    Clock Pessimism Removal (CPR):    0.578ns
  Clock Uncertainty:      0.087ns  ((TSJ^2 + DJ^2)^1/2) / 2 + PE
    Total System Jitter     (TSJ):    0.071ns
    Discrete Jitter          (DJ):    0.159ns
    Phase Error              (PE):    0.000ns
  Clock Domain Crossing:  Inter clock paths are considered valid unless explicitly excluded by timing constraints such as set_clock_groups or set_false_path.

    Location             Delay type                Incr(ns)  Path(ns)    Netlist Resource(s)
  -------------------------------------------------------------------    -------------------
                         (clock clk_out1_sys_pll_1 rise edge)
                                                      0.000     0.000 r  
    W5                                                0.000     0.000 r  sys_clk (IN)
                         net (fo=0)                   0.000     0.000    clock_40mhz/inst/clk_in1
    W5                   IBUF (Prop_ibuf_I_O)         1.458     1.458 r  clock_40mhz/inst/clkin1_ibufg/O
                         net (fo=1, routed)           1.233     2.691    clock_40mhz/inst/clk_in1_sys_pll
    MMCME2_ADV_X1Y0      MMCME2_ADV (Prop_mmcme2_adv_CLKIN1_CLKOUT0)
                                                     -6.961    -4.269 r  clock_40mhz/inst/mmcm_adv_inst/CLKOUT0
                         net (fo=1, routed)           1.661    -2.608    clock_40mhz/inst/clk_out1_sys_pll
    BUFGCTRL_X0Y0        BUFG (Prop_bufg_I_O)         0.096    -2.512 r  clock_40mhz/inst/clkout1_buf/O
                         net (fo=8, routed)           1.570    -0.942    my_baud_rate_generator/clk_out1
    SLICE_X48Y43         FDRE                                         r  my_baud_rate_generator/counterTick_reg[1]/C
  -------------------------------------------------------------------    -------------------
    SLICE_X48Y43         FDRE (Prop_fdre_C_Q)         0.456    -0.486 r  my_baud_rate_generator/counterTick_reg[1]/Q
                         net (fo=2, routed)           0.550     0.064    my_baud_rate_generator/counterTick_reg[1]
    SLICE_X48Y43         CARRY4 (Prop_carry4_S[1]_CO[3])
                                                      0.674     0.738 r  my_baud_rate_generator/counterTick_reg[0]_i_2/CO[3]
                         net (fo=1, routed)           0.000     0.738    my_baud_rate_generator/counterTick_reg[0]_i_2_n_0
    SLICE_X48Y44         CARRY4 (Prop_carry4_CI_O[0])
                                                      0.223     0.961 r  my_baud_rate_generator/counterTick_reg[4]_i_1/O[0]
                         net (fo=1, routed)           0.000     0.961    my_baud_rate_generator/counterTick_reg[4]_i_1_n_7
    SLICE_X48Y44         FDRE                                         r  my_baud_rate_generator/counterTick_reg[4]/D
  -------------------------------------------------------------------    -------------------

                         (clock clk_out1_sys_pll rise edge)
                                                     25.000    25.000 r  
    W5                                                0.000    25.000 r  sys_clk (IN)
                         net (fo=0)                   0.000    25.000    clock_40mhz/inst/clk_in1
    W5                   IBUF (Prop_ibuf_I_O)         1.388    26.388 r  clock_40mhz/inst/clkin1_ibufg/O
                         net (fo=1, routed)           1.162    27.550    clock_40mhz/inst/clk_in1_sys_pll
    MMCME2_ADV_X1Y0      MMCME2_ADV (Prop_mmcme2_adv_CLKIN1_CLKOUT0)
                                                     -7.217    20.332 r  clock_40mhz/inst/mmcm_adv_inst/CLKOUT0
                         net (fo=1, routed)           1.581    21.914    clock_40mhz/inst/clk_out1_sys_pll
    BUFGCTRL_X0Y0        BUFG (Prop_bufg_I_O)         0.091    22.005 r  clock_40mhz/inst/clkout1_buf/O
                         net (fo=8, routed)           1.451    23.456    my_baud_rate_generator/clk_out1
    SLICE_X48Y44         FDRE                                         r  my_baud_rate_generator/counterTick_reg[4]/C
                         clock pessimism              0.578    24.033    
                         clock uncertainty           -0.087    23.946    
    SLICE_X48Y44         FDRE (Setup_fdre_C_D)        0.062    24.008    my_baud_rate_generator/counterTick_reg[4]
  -------------------------------------------------------------------
                         required time                         24.008    
                         arrival time                          -0.961    
  -------------------------------------------------------------------
                         slack                                 23.047    





Min Delay Paths
--------------------------------------------------------------------------------------
Slack (MET) :             0.193ns  (arrival time - required time)
  Source:                 my_baud_rate_generator/counterTick_reg[2]/C
                            (rising edge-triggered cell FDRE clocked by clk_out1_sys_pll_1  {rise@0.000ns fall@12.500ns period=25.000ns})
  Destination:            my_baud_rate_generator/counterTick_reg[2]/D
                            (rising edge-triggered cell FDRE clocked by clk_out1_sys_pll  {rise@0.000ns fall@12.500ns period=25.000ns})
  Path Group:             clk_out1_sys_pll
  Path Type:              Hold (Min at Fast Process Corner)
  Requirement:            0.000ns  (clk_out1_sys_pll rise@0.000ns - clk_out1_sys_pll_1 rise@0.000ns)
  Data Path Delay:        0.386ns  (logic 0.252ns (65.354%)  route 0.134ns (34.646%))
  Logic Levels:           1  (CARRY4=1)
  Clock Path Skew:        0.000ns (DCD - SCD - CPR)
    Destination Clock Delay (DCD):    -0.854ns
    Source Clock Delay      (SCD):    -0.615ns
    Clock Pessimism Removal (CPR):    -0.238ns
  Clock Uncertainty:      0.087ns  ((TSJ^2 + DJ^2)^1/2) / 2 + PE
    Total System Jitter     (TSJ):    0.071ns
    Discrete Jitter          (DJ):    0.159ns
    Phase Error              (PE):    0.000ns
  Clock Domain Crossing:  Inter clock paths are considered valid unless explicitly excluded by timing constraints such as set_clock_groups or set_false_path.

    Location             Delay type                Incr(ns)  Path(ns)    Netlist Resource(s)
  -------------------------------------------------------------------    -------------------
                         (clock clk_out1_sys_pll_1 rise edge)
                                                      0.000     0.000 r  
    W5                                                0.000     0.000 r  sys_clk (IN)
                         net (fo=0)                   0.000     0.000    clock_40mhz/inst/clk_in1
    W5                   IBUF (Prop_ibuf_I_O)         0.226     0.226 r  clock_40mhz/inst/clkin1_ibufg/O
                         net (fo=1, routed)           0.440     0.667    clock_40mhz/inst/clk_in1_sys_pll
    MMCME2_ADV_X1Y0      MMCME2_ADV (Prop_mmcme2_adv_CLKIN1_CLKOUT0)
                                                     -2.360    -1.693 r  clock_40mhz/inst/mmcm_adv_inst/CLKOUT0
                         net (fo=1, routed)           0.486    -1.207    clock_40mhz/inst/clk_out1_sys_pll
    BUFGCTRL_X0Y0        BUFG (Prop_bufg_I_O)         0.026    -1.181 r  clock_40mhz/inst/clkout1_buf/O
                         net (fo=8, routed)           0.566    -0.615    my_baud_rate_generator/clk_out1
    SLICE_X48Y43         FDRE                                         r  my_baud_rate_generator/counterTick_reg[2]/C
  -------------------------------------------------------------------    -------------------
    SLICE_X48Y43         FDRE (Prop_fdre_C_Q)         0.141    -0.474 r  my_baud_rate_generator/counterTick_reg[2]/Q
                         net (fo=3, routed)           0.134    -0.341    my_baud_rate_generator/counterTick_reg[2]
    SLICE_X48Y43         CARRY4 (Prop_carry4_S[2]_O[2])
                                                      0.111    -0.230 r  my_baud_rate_generator/counterTick_reg[0]_i_2/O[2]
                         net (fo=1, routed)           0.000    -0.230    my_baud_rate_generator/counterTick_reg[0]_i_2_n_5
    SLICE_X48Y43         FDRE                                         r  my_baud_rate_generator/counterTick_reg[2]/D
  -------------------------------------------------------------------    -------------------

                         (clock clk_out1_sys_pll rise edge)
                                                      0.000     0.000 r  
    W5                                                0.000     0.000 r  sys_clk (IN)
                         net (fo=0)                   0.000     0.000    clock_40mhz/inst/clk_in1
    W5                   IBUF (Prop_ibuf_I_O)         0.414     0.414 r  clock_40mhz/inst/clkin1_ibufg/O
                         net (fo=1, routed)           0.480     0.894    clock_40mhz/inst/clk_in1_sys_pll
    MMCME2_ADV_X1Y0      MMCME2_ADV (Prop_mmcme2_adv_CLKIN1_CLKOUT0)
                                                     -3.142    -2.248 r  clock_40mhz/inst/mmcm_adv_inst/CLKOUT0
                         net (fo=1, routed)           0.530    -1.718    clock_40mhz/inst/clk_out1_sys_pll
    BUFGCTRL_X0Y0        BUFG (Prop_bufg_I_O)         0.029    -1.689 r  clock_40mhz/inst/clkout1_buf/O
                         net (fo=8, routed)           0.836    -0.854    my_baud_rate_generator/clk_out1
    SLICE_X48Y43         FDRE                                         r  my_baud_rate_generator/counterTick_reg[2]/C
                         clock pessimism              0.238    -0.615    
                         clock uncertainty            0.087    -0.528    
    SLICE_X48Y43         FDRE (Hold_fdre_C_D)         0.105    -0.423    my_baud_rate_generator/counterTick_reg[2]
  -------------------------------------------------------------------
                         required time                          0.423    
                         arrival time                          -0.230    
  -------------------------------------------------------------------
                         slack                                  0.193    

Slack (MET) :             0.193ns  (arrival time - required time)
  Source:                 my_baud_rate_generator/counterTick_reg[6]/C
                            (rising edge-triggered cell FDRE clocked by clk_out1_sys_pll_1  {rise@0.000ns fall@12.500ns period=25.000ns})
  Destination:            my_baud_rate_generator/counterTick_reg[6]/D
                            (rising edge-triggered cell FDRE clocked by clk_out1_sys_pll  {rise@0.000ns fall@12.500ns period=25.000ns})
  Path Group:             clk_out1_sys_pll
  Path Type:              Hold (Min at Fast Process Corner)
  Requirement:            0.000ns  (clk_out1_sys_pll rise@0.000ns - clk_out1_sys_pll_1 rise@0.000ns)
  Data Path Delay:        0.386ns  (logic 0.252ns (65.354%)  route 0.134ns (34.646%))
  Logic Levels:           1  (CARRY4=1)
  Clock Path Skew:        0.000ns (DCD - SCD - CPR)
    Destination Clock Delay (DCD):    -0.854ns
    Source Clock Delay      (SCD):    -0.615ns
    Clock Pessimism Removal (CPR):    -0.238ns
  Clock Uncertainty:      0.087ns  ((TSJ^2 + DJ^2)^1/2) / 2 + PE
    Total System Jitter     (TSJ):    0.071ns
    Discrete Jitter          (DJ):    0.159ns
    Phase Error              (PE):    0.000ns
  Clock Domain Crossing:  Inter clock paths are considered valid unless explicitly excluded by timing constraints such as set_clock_groups or set_false_path.

    Location             Delay type                Incr(ns)  Path(ns)    Netlist Resource(s)
  -------------------------------------------------------------------    -------------------
                         (clock clk_out1_sys_pll_1 rise edge)
                                                      0.000     0.000 r  
    W5                                                0.000     0.000 r  sys_clk (IN)
                         net (fo=0)                   0.000     0.000    clock_40mhz/inst/clk_in1
    W5                   IBUF (Prop_ibuf_I_O)         0.226     0.226 r  clock_40mhz/inst/clkin1_ibufg/O
                         net (fo=1, routed)           0.440     0.667    clock_40mhz/inst/clk_in1_sys_pll
    MMCME2_ADV_X1Y0      MMCME2_ADV (Prop_mmcme2_adv_CLKIN1_CLKOUT0)
                                                     -2.360    -1.693 r  clock_40mhz/inst/mmcm_adv_inst/CLKOUT0
                         net (fo=1, routed)           0.486    -1.207    clock_40mhz/inst/clk_out1_sys_pll
    BUFGCTRL_X0Y0        BUFG (Prop_bufg_I_O)         0.026    -1.181 r  clock_40mhz/inst/clkout1_buf/O
                         net (fo=8, routed)           0.566    -0.615    my_baud_rate_generator/clk_out1
    SLICE_X48Y44         FDRE                                         r  my_baud_rate_generator/counterTick_reg[6]/C
  -------------------------------------------------------------------    -------------------
    SLICE_X48Y44         FDRE (Prop_fdre_C_Q)         0.141    -0.474 r  my_baud_rate_generator/counterTick_reg[6]/Q
                         net (fo=2, routed)           0.134    -0.341    my_baud_rate_generator/counterTick_reg[6]
    SLICE_X48Y44         CARRY4 (Prop_carry4_S[2]_O[2])
                                                      0.111    -0.230 r  my_baud_rate_generator/counterTick_reg[4]_i_1/O[2]
                         net (fo=1, routed)           0.000    -0.230    my_baud_rate_generator/counterTick_reg[4]_i_1_n_5
    SLICE_X48Y44         FDRE                                         r  my_baud_rate_generator/counterTick_reg[6]/D
  -------------------------------------------------------------------    -------------------

                         (clock clk_out1_sys_pll rise edge)
                                                      0.000     0.000 r  
    W5                                                0.000     0.000 r  sys_clk (IN)
                         net (fo=0)                   0.000     0.000    clock_40mhz/inst/clk_in1
    W5                   IBUF (Prop_ibuf_I_O)         0.414     0.414 r  clock_40mhz/inst/clkin1_ibufg/O
                         net (fo=1, routed)           0.480     0.894    clock_40mhz/inst/clk_in1_sys_pll
    MMCME2_ADV_X1Y0      MMCME2_ADV (Prop_mmcme2_adv_CLKIN1_CLKOUT0)
                                                     -3.142    -2.248 r  clock_40mhz/inst/mmcm_adv_inst/CLKOUT0
                         net (fo=1, routed)           0.530    -1.718    clock_40mhz/inst/clk_out1_sys_pll
    BUFGCTRL_X0Y0        BUFG (Prop_bufg_I_O)         0.029    -1.689 r  clock_40mhz/inst/clkout1_buf/O
                         net (fo=8, routed)           0.836    -0.854    my_baud_rate_generator/clk_out1
    SLICE_X48Y44         FDRE                                         r  my_baud_rate_generator/counterTick_reg[6]/C
                         clock pessimism              0.238    -0.615    
                         clock uncertainty            0.087    -0.528    
    SLICE_X48Y44         FDRE (Hold_fdre_C_D)         0.105    -0.423    my_baud_rate_generator/counterTick_reg[6]
  -------------------------------------------------------------------
                         required time                          0.423    
                         arrival time                          -0.230    
  -------------------------------------------------------------------
                         slack                                  0.193    

Slack (MET) :             0.204ns  (arrival time - required time)
  Source:                 my_baud_rate_generator/counterTick_reg[2]/C
                            (rising edge-triggered cell FDRE clocked by clk_out1_sys_pll_1  {rise@0.000ns fall@12.500ns period=25.000ns})
  Destination:            my_baud_rate_generator/sys_tick_reg_reg/D
                            (rising edge-triggered cell FDRE clocked by clk_out1_sys_pll  {rise@0.000ns fall@12.500ns period=25.000ns})
  Path Group:             clk_out1_sys_pll
  Path Type:              Hold (Min at Fast Process Corner)
  Requirement:            0.000ns  (clk_out1_sys_pll rise@0.000ns - clk_out1_sys_pll_1 rise@0.000ns)
  Data Path Delay:        0.398ns  (logic 0.186ns (46.739%)  route 0.212ns (53.261%))
  Logic Levels:           1  (LUT6=1)
  Clock Path Skew:        0.016ns (DCD - SCD - CPR)
    Destination Clock Delay (DCD):    -0.854ns
    Source Clock Delay      (SCD):    -0.615ns
    Clock Pessimism Removal (CPR):    -0.254ns
  Clock Uncertainty:      0.087ns  ((TSJ^2 + DJ^2)^1/2) / 2 + PE
    Total System Jitter     (TSJ):    0.071ns
    Discrete Jitter          (DJ):    0.159ns
    Phase Error              (PE):    0.000ns
  Clock Domain Crossing:  Inter clock paths are considered valid unless explicitly excluded by timing constraints such as set_clock_groups or set_false_path.

    Location             Delay type                Incr(ns)  Path(ns)    Netlist Resource(s)
  -------------------------------------------------------------------    -------------------
                         (clock clk_out1_sys_pll_1 rise edge)
                                                      0.000     0.000 r  
    W5                                                0.000     0.000 r  sys_clk (IN)
                         net (fo=0)                   0.000     0.000    clock_40mhz/inst/clk_in1
    W5                   IBUF (Prop_ibuf_I_O)         0.226     0.226 r  clock_40mhz/inst/clkin1_ibufg/O
                         net (fo=1, routed)           0.440     0.667    clock_40mhz/inst/clk_in1_sys_pll
    MMCME2_ADV_X1Y0      MMCME2_ADV (Prop_mmcme2_adv_CLKIN1_CLKOUT0)
                                                     -2.360    -1.693 r  clock_40mhz/inst/mmcm_adv_inst/CLKOUT0
                         net (fo=1, routed)           0.486    -1.207    clock_40mhz/inst/clk_out1_sys_pll
    BUFGCTRL_X0Y0        BUFG (Prop_bufg_I_O)         0.026    -1.181 r  clock_40mhz/inst/clkout1_buf/O
                         net (fo=8, routed)           0.566    -0.615    my_baud_rate_generator/clk_out1
    SLICE_X48Y43         FDRE                                         r  my_baud_rate_generator/counterTick_reg[2]/C
  -------------------------------------------------------------------    -------------------
    SLICE_X48Y43         FDRE (Prop_fdre_C_Q)         0.141    -0.474 f  my_baud_rate_generator/counterTick_reg[2]/Q
                         net (fo=3, routed)           0.212    -0.262    my_baud_rate_generator/counterTick_reg[2]
    SLICE_X49Y44         LUT6 (Prop_lut6_I3_O)        0.045    -0.217 r  my_baud_rate_generator/sys_tick_reg_i_1/O
                         net (fo=1, routed)           0.000    -0.217    my_baud_rate_generator/sys_tick_reg_i_1_n_0
    SLICE_X49Y44         FDRE                                         r  my_baud_rate_generator/sys_tick_reg_reg/D
  -------------------------------------------------------------------    -------------------

                         (clock clk_out1_sys_pll rise edge)
                                                      0.000     0.000 r  
    W5                                                0.000     0.000 r  sys_clk (IN)
                         net (fo=0)                   0.000     0.000    clock_40mhz/inst/clk_in1
    W5                   IBUF (Prop_ibuf_I_O)         0.414     0.414 r  clock_40mhz/inst/clkin1_ibufg/O
                         net (fo=1, routed)           0.480     0.894    clock_40mhz/inst/clk_in1_sys_pll
    MMCME2_ADV_X1Y0      MMCME2_ADV (Prop_mmcme2_adv_CLKIN1_CLKOUT0)
                                                     -3.142    -2.248 r  clock_40mhz/inst/mmcm_adv_inst/CLKOUT0
                         net (fo=1, routed)           0.530    -1.718    clock_40mhz/inst/clk_out1_sys_pll
    BUFGCTRL_X0Y0        BUFG (Prop_bufg_I_O)         0.029    -1.689 r  clock_40mhz/inst/clkout1_buf/O
                         net (fo=8, routed)           0.836    -0.854    my_baud_rate_generator/clk_out1
    SLICE_X49Y44         FDRE                                         r  my_baud_rate_generator/sys_tick_reg_reg/C
                         clock pessimism              0.254    -0.599    
                         clock uncertainty            0.087    -0.512    
    SLICE_X49Y44         FDRE (Hold_fdre_C_D)         0.091    -0.421    my_baud_rate_generator/sys_tick_reg_reg
  -------------------------------------------------------------------
                         required time                          0.421    
                         arrival time                          -0.217    
  -------------------------------------------------------------------
                         slack                                  0.204    

Slack (MET) :             0.226ns  (arrival time - required time)
  Source:                 my_baud_rate_generator/counterTick_reg[2]/C
                            (rising edge-triggered cell FDRE clocked by clk_out1_sys_pll_1  {rise@0.000ns fall@12.500ns period=25.000ns})
  Destination:            my_baud_rate_generator/counterTick_reg[3]/D
                            (rising edge-triggered cell FDRE clocked by clk_out1_sys_pll  {rise@0.000ns fall@12.500ns period=25.000ns})
  Path Group:             clk_out1_sys_pll
  Path Type:              Hold (Min at Fast Process Corner)
  Requirement:            0.000ns  (clk_out1_sys_pll rise@0.000ns - clk_out1_sys_pll_1 rise@0.000ns)
  Data Path Delay:        0.419ns  (logic 0.285ns (68.085%)  route 0.134ns (31.915%))
  Logic Levels:           1  (CARRY4=1)
  Clock Path Skew:        0.000ns (DCD - SCD - CPR)
    Destination Clock Delay (DCD):    -0.854ns
    Source Clock Delay      (SCD):    -0.615ns
    Clock Pessimism Removal (CPR):    -0.238ns
  Clock Uncertainty:      0.087ns  ((TSJ^2 + DJ^2)^1/2) / 2 + PE
    Total System Jitter     (TSJ):    0.071ns
    Discrete Jitter          (DJ):    0.159ns
    Phase Error              (PE):    0.000ns
  Clock Domain Crossing:  Inter clock paths are considered valid unless explicitly excluded by timing constraints such as set_clock_groups or set_false_path.

    Location             Delay type                Incr(ns)  Path(ns)    Netlist Resource(s)
  -------------------------------------------------------------------    -------------------
                         (clock clk_out1_sys_pll_1 rise edge)
                                                      0.000     0.000 r  
    W5                                                0.000     0.000 r  sys_clk (IN)
                         net (fo=0)                   0.000     0.000    clock_40mhz/inst/clk_in1
    W5                   IBUF (Prop_ibuf_I_O)         0.226     0.226 r  clock_40mhz/inst/clkin1_ibufg/O
                         net (fo=1, routed)           0.440     0.667    clock_40mhz/inst/clk_in1_sys_pll
    MMCME2_ADV_X1Y0      MMCME2_ADV (Prop_mmcme2_adv_CLKIN1_CLKOUT0)
                                                     -2.360    -1.693 r  clock_40mhz/inst/mmcm_adv_inst/CLKOUT0
                         net (fo=1, routed)           0.486    -1.207    clock_40mhz/inst/clk_out1_sys_pll
    BUFGCTRL_X0Y0        BUFG (Prop_bufg_I_O)         0.026    -1.181 r  clock_40mhz/inst/clkout1_buf/O
                         net (fo=8, routed)           0.566    -0.615    my_baud_rate_generator/clk_out1
    SLICE_X48Y43         FDRE                                         r  my_baud_rate_generator/counterTick_reg[2]/C
  -------------------------------------------------------------------    -------------------
    SLICE_X48Y43         FDRE (Prop_fdre_C_Q)         0.141    -0.474 r  my_baud_rate_generator/counterTick_reg[2]/Q
                         net (fo=3, routed)           0.134    -0.341    my_baud_rate_generator/counterTick_reg[2]
    SLICE_X48Y43         CARRY4 (Prop_carry4_S[2]_O[3])
                                                      0.144    -0.197 r  my_baud_rate_generator/counterTick_reg[0]_i_2/O[3]
                         net (fo=1, routed)           0.000    -0.197    my_baud_rate_generator/counterTick_reg[0]_i_2_n_4
    SLICE_X48Y43         FDRE                                         r  my_baud_rate_generator/counterTick_reg[3]/D
  -------------------------------------------------------------------    -------------------

                         (clock clk_out1_sys_pll rise edge)
                                                      0.000     0.000 r  
    W5                                                0.000     0.000 r  sys_clk (IN)
                         net (fo=0)                   0.000     0.000    clock_40mhz/inst/clk_in1
    W5                   IBUF (Prop_ibuf_I_O)         0.414     0.414 r  clock_40mhz/inst/clkin1_ibufg/O
                         net (fo=1, routed)           0.480     0.894    clock_40mhz/inst/clk_in1_sys_pll
    MMCME2_ADV_X1Y0      MMCME2_ADV (Prop_mmcme2_adv_CLKIN1_CLKOUT0)
                                                     -3.142    -2.248 r  clock_40mhz/inst/mmcm_adv_inst/CLKOUT0
                         net (fo=1, routed)           0.530    -1.718    clock_40mhz/inst/clk_out1_sys_pll
    BUFGCTRL_X0Y0        BUFG (Prop_bufg_I_O)         0.029    -1.689 r  clock_40mhz/inst/clkout1_buf/O
                         net (fo=8, routed)           0.836    -0.854    my_baud_rate_generator/clk_out1
    SLICE_X48Y43         FDRE                                         r  my_baud_rate_generator/counterTick_reg[3]/C
                         clock pessimism              0.238    -0.615    
                         clock uncertainty            0.087    -0.528    
    SLICE_X48Y43         FDRE (Hold_fdre_C_D)         0.105    -0.423    my_baud_rate_generator/counterTick_reg[3]
  -------------------------------------------------------------------
                         required time                          0.423    
                         arrival time                          -0.197    
  -------------------------------------------------------------------
                         slack                                  0.226    

Slack (MET) :             0.248ns  (arrival time - required time)
  Source:                 my_baud_rate_generator/counterTick_reg[0]/C
                            (rising edge-triggered cell FDRE clocked by clk_out1_sys_pll_1  {rise@0.000ns fall@12.500ns period=25.000ns})
  Destination:            my_baud_rate_generator/counterTick_reg[0]/D
                            (rising edge-triggered cell FDRE clocked by clk_out1_sys_pll  {rise@0.000ns fall@12.500ns period=25.000ns})
  Path Group:             clk_out1_sys_pll
  Path Type:              Hold (Min at Fast Process Corner)
  Requirement:            0.000ns  (clk_out1_sys_pll rise@0.000ns - clk_out1_sys_pll_1 rise@0.000ns)
  Data Path Delay:        0.440ns  (logic 0.256ns (58.221%)  route 0.184ns (41.779%))
  Logic Levels:           2  (CARRY4=1 LUT1=1)
  Clock Path Skew:        0.000ns (DCD - SCD - CPR)
    Destination Clock Delay (DCD):    -0.854ns
    Source Clock Delay      (SCD):    -0.615ns
    Clock Pessimism Removal (CPR):    -0.238ns
  Clock Uncertainty:      0.087ns  ((TSJ^2 + DJ^2)^1/2) / 2 + PE
    Total System Jitter     (TSJ):    0.071ns
    Discrete Jitter          (DJ):    0.159ns
    Phase Error              (PE):    0.000ns
  Clock Domain Crossing:  Inter clock paths are considered valid unless explicitly excluded by timing constraints such as set_clock_groups or set_false_path.

    Location             Delay type                Incr(ns)  Path(ns)    Netlist Resource(s)
  -------------------------------------------------------------------    -------------------
                         (clock clk_out1_sys_pll_1 rise edge)
                                                      0.000     0.000 r  
    W5                                                0.000     0.000 r  sys_clk (IN)
                         net (fo=0)                   0.000     0.000    clock_40mhz/inst/clk_in1
    W5                   IBUF (Prop_ibuf_I_O)         0.226     0.226 r  clock_40mhz/inst/clkin1_ibufg/O
                         net (fo=1, routed)           0.440     0.667    clock_40mhz/inst/clk_in1_sys_pll
    MMCME2_ADV_X1Y0      MMCME2_ADV (Prop_mmcme2_adv_CLKIN1_CLKOUT0)
                                                     -2.360    -1.693 r  clock_40mhz/inst/mmcm_adv_inst/CLKOUT0
                         net (fo=1, routed)           0.486    -1.207    clock_40mhz/inst/clk_out1_sys_pll
    BUFGCTRL_X0Y0        BUFG (Prop_bufg_I_O)         0.026    -1.181 r  clock_40mhz/inst/clkout1_buf/O
                         net (fo=8, routed)           0.566    -0.615    my_baud_rate_generator/clk_out1
    SLICE_X48Y43         FDRE                                         r  my_baud_rate_generator/counterTick_reg[0]/C
  -------------------------------------------------------------------    -------------------
    SLICE_X48Y43         FDRE (Prop_fdre_C_Q)         0.141    -0.474 f  my_baud_rate_generator/counterTick_reg[0]/Q
                         net (fo=2, routed)           0.184    -0.291    my_baud_rate_generator/counterTick_reg[0]
    SLICE_X48Y43         LUT1 (Prop_lut1_I0_O)        0.045    -0.246 r  my_baud_rate_generator/counterTick[0]_i_4/O
                         net (fo=1, routed)           0.000    -0.246    my_baud_rate_generator/counterTick[0]_i_4_n_0
    SLICE_X48Y43         CARRY4 (Prop_carry4_S[0]_O[0])
                                                      0.070    -0.176 r  my_baud_rate_generator/counterTick_reg[0]_i_2/O[0]
                         net (fo=1, routed)           0.000    -0.176    my_baud_rate_generator/counterTick_reg[0]_i_2_n_7
    SLICE_X48Y43         FDRE                                         r  my_baud_rate_generator/counterTick_reg[0]/D
  -------------------------------------------------------------------    -------------------

                         (clock clk_out1_sys_pll rise edge)
                                                      0.000     0.000 r  
    W5                                                0.000     0.000 r  sys_clk (IN)
                         net (fo=0)                   0.000     0.000    clock_40mhz/inst/clk_in1
    W5                   IBUF (Prop_ibuf_I_O)         0.414     0.414 r  clock_40mhz/inst/clkin1_ibufg/O
                         net (fo=1, routed)           0.480     0.894    clock_40mhz/inst/clk_in1_sys_pll
    MMCME2_ADV_X1Y0      MMCME2_ADV (Prop_mmcme2_adv_CLKIN1_CLKOUT0)
                                                     -3.142    -2.248 r  clock_40mhz/inst/mmcm_adv_inst/CLKOUT0
                         net (fo=1, routed)           0.530    -1.718    clock_40mhz/inst/clk_out1_sys_pll
    BUFGCTRL_X0Y0        BUFG (Prop_bufg_I_O)         0.029    -1.689 r  clock_40mhz/inst/clkout1_buf/O
                         net (fo=8, routed)           0.836    -0.854    my_baud_rate_generator/clk_out1
    SLICE_X48Y43         FDRE                                         r  my_baud_rate_generator/counterTick_reg[0]/C
                         clock pessimism              0.238    -0.615    
                         clock uncertainty            0.087    -0.528    
    SLICE_X48Y43         FDRE (Hold_fdre_C_D)         0.105    -0.423    my_baud_rate_generator/counterTick_reg[0]
  -------------------------------------------------------------------
                         required time                          0.423    
                         arrival time                          -0.176    
  -------------------------------------------------------------------
                         slack                                  0.248    

Slack (MET) :             0.250ns  (arrival time - required time)
  Source:                 my_baud_rate_generator/counterTick_reg[1]/C
                            (rising edge-triggered cell FDRE clocked by clk_out1_sys_pll_1  {rise@0.000ns fall@12.500ns period=25.000ns})
  Destination:            my_baud_rate_generator/counterTick_reg[1]/D
                            (rising edge-triggered cell FDRE clocked by clk_out1_sys_pll  {rise@0.000ns fall@12.500ns period=25.000ns})
  Path Group:             clk_out1_sys_pll
  Path Type:              Hold (Min at Fast Process Corner)
  Requirement:            0.000ns  (clk_out1_sys_pll rise@0.000ns - clk_out1_sys_pll_1 rise@0.000ns)
  Data Path Delay:        0.442ns  (logic 0.251ns (56.793%)  route 0.191ns (43.207%))
  Logic Levels:           1  (CARRY4=1)
  Clock Path Skew:        0.000ns (DCD - SCD - CPR)
    Destination Clock Delay (DCD):    -0.854ns
    Source Clock Delay      (SCD):    -0.615ns
    Clock Pessimism Removal (CPR):    -0.238ns
  Clock Uncertainty:      0.087ns  ((TSJ^2 + DJ^2)^1/2) / 2 + PE
    Total System Jitter     (TSJ):    0.071ns
    Discrete Jitter          (DJ):    0.159ns
    Phase Error              (PE):    0.000ns
  Clock Domain Crossing:  Inter clock paths are considered valid unless explicitly excluded by timing constraints such as set_clock_groups or set_false_path.

    Location             Delay type                Incr(ns)  Path(ns)    Netlist Resource(s)
  -------------------------------------------------------------------    -------------------
                         (clock clk_out1_sys_pll_1 rise edge)
                                                      0.000     0.000 r  
    W5                                                0.000     0.000 r  sys_clk (IN)
                         net (fo=0)                   0.000     0.000    clock_40mhz/inst/clk_in1
    W5                   IBUF (Prop_ibuf_I_O)         0.226     0.226 r  clock_40mhz/inst/clkin1_ibufg/O
                         net (fo=1, routed)           0.440     0.667    clock_40mhz/inst/clk_in1_sys_pll
    MMCME2_ADV_X1Y0      MMCME2_ADV (Prop_mmcme2_adv_CLKIN1_CLKOUT0)
                                                     -2.360    -1.693 r  clock_40mhz/inst/mmcm_adv_inst/CLKOUT0
                         net (fo=1, routed)           0.486    -1.207    clock_40mhz/inst/clk_out1_sys_pll
    BUFGCTRL_X0Y0        BUFG (Prop_bufg_I_O)         0.026    -1.181 r  clock_40mhz/inst/clkout1_buf/O
                         net (fo=8, routed)           0.566    -0.615    my_baud_rate_generator/clk_out1
    SLICE_X48Y43         FDRE                                         r  my_baud_rate_generator/counterTick_reg[1]/C
  -------------------------------------------------------------------    -------------------
    SLICE_X48Y43         FDRE (Prop_fdre_C_Q)         0.141    -0.474 r  my_baud_rate_generator/counterTick_reg[1]/Q
                         net (fo=2, routed)           0.191    -0.283    my_baud_rate_generator/counterTick_reg[1]
    SLICE_X48Y43         CARRY4 (Prop_carry4_S[1]_O[1])
                                                      0.110    -0.173 r  my_baud_rate_generator/counterTick_reg[0]_i_2/O[1]
                         net (fo=1, routed)           0.000    -0.173    my_baud_rate_generator/counterTick_reg[0]_i_2_n_6
    SLICE_X48Y43         FDRE                                         r  my_baud_rate_generator/counterTick_reg[1]/D
  -------------------------------------------------------------------    -------------------

                         (clock clk_out1_sys_pll rise edge)
                                                      0.000     0.000 r  
    W5                                                0.000     0.000 r  sys_clk (IN)
                         net (fo=0)                   0.000     0.000    clock_40mhz/inst/clk_in1
    W5                   IBUF (Prop_ibuf_I_O)         0.414     0.414 r  clock_40mhz/inst/clkin1_ibufg/O
                         net (fo=1, routed)           0.480     0.894    clock_40mhz/inst/clk_in1_sys_pll
    MMCME2_ADV_X1Y0      MMCME2_ADV (Prop_mmcme2_adv_CLKIN1_CLKOUT0)
                                                     -3.142    -2.248 r  clock_40mhz/inst/mmcm_adv_inst/CLKOUT0
                         net (fo=1, routed)           0.530    -1.718    clock_40mhz/inst/clk_out1_sys_pll
    BUFGCTRL_X0Y0        BUFG (Prop_bufg_I_O)         0.029    -1.689 r  clock_40mhz/inst/clkout1_buf/O
                         net (fo=8, routed)           0.836    -0.854    my_baud_rate_generator/clk_out1
    SLICE_X48Y43         FDRE                                         r  my_baud_rate_generator/counterTick_reg[1]/C
                         clock pessimism              0.238    -0.615    
                         clock uncertainty            0.087    -0.528    
    SLICE_X48Y43         FDRE (Hold_fdre_C_D)         0.105    -0.423    my_baud_rate_generator/counterTick_reg[1]
  -------------------------------------------------------------------
                         required time                          0.423    
                         arrival time                          -0.173    
  -------------------------------------------------------------------
                         slack                                  0.250    

Slack (MET) :             0.258ns  (arrival time - required time)
  Source:                 my_baud_rate_generator/counterTick_reg[4]/C
                            (rising edge-triggered cell FDRE clocked by clk_out1_sys_pll_1  {rise@0.000ns fall@12.500ns period=25.000ns})
  Destination:            my_baud_rate_generator/counterTick_reg[4]/D
                            (rising edge-triggered cell FDRE clocked by clk_out1_sys_pll  {rise@0.000ns fall@12.500ns period=25.000ns})
  Path Group:             clk_out1_sys_pll
  Path Type:              Hold (Min at Fast Process Corner)
  Requirement:            0.000ns  (clk_out1_sys_pll rise@0.000ns - clk_out1_sys_pll_1 rise@0.000ns)
  Data Path Delay:        0.451ns  (logic 0.256ns (56.823%)  route 0.195ns (43.177%))
  Logic Levels:           1  (CARRY4=1)
  Clock Path Skew:        0.000ns (DCD - SCD - CPR)
    Destination Clock Delay (DCD):    -0.854ns
    Source Clock Delay      (SCD):    -0.615ns
    Clock Pessimism Removal (CPR):    -0.238ns
  Clock Uncertainty:      0.087ns  ((TSJ^2 + DJ^2)^1/2) / 2 + PE
    Total System Jitter     (TSJ):    0.071ns
    Discrete Jitter          (DJ):    0.159ns
    Phase Error              (PE):    0.000ns
  Clock Domain Crossing:  Inter clock paths are considered valid unless explicitly excluded by timing constraints such as set_clock_groups or set_false_path.

    Location             Delay type                Incr(ns)  Path(ns)    Netlist Resource(s)
  -------------------------------------------------------------------    -------------------
                         (clock clk_out1_sys_pll_1 rise edge)
                                                      0.000     0.000 r  
    W5                                                0.000     0.000 r  sys_clk (IN)
                         net (fo=0)                   0.000     0.000    clock_40mhz/inst/clk_in1
    W5                   IBUF (Prop_ibuf_I_O)         0.226     0.226 r  clock_40mhz/inst/clkin1_ibufg/O
                         net (fo=1, routed)           0.440     0.667    clock_40mhz/inst/clk_in1_sys_pll
    MMCME2_ADV_X1Y0      MMCME2_ADV (Prop_mmcme2_adv_CLKIN1_CLKOUT0)
                                                     -2.360    -1.693 r  clock_40mhz/inst/mmcm_adv_inst/CLKOUT0
                         net (fo=1, routed)           0.486    -1.207    clock_40mhz/inst/clk_out1_sys_pll
    BUFGCTRL_X0Y0        BUFG (Prop_bufg_I_O)         0.026    -1.181 r  clock_40mhz/inst/clkout1_buf/O
                         net (fo=8, routed)           0.566    -0.615    my_baud_rate_generator/clk_out1
    SLICE_X48Y44         FDRE                                         r  my_baud_rate_generator/counterTick_reg[4]/C
  -------------------------------------------------------------------    -------------------
    SLICE_X48Y44         FDRE (Prop_fdre_C_Q)         0.141    -0.474 r  my_baud_rate_generator/counterTick_reg[4]/Q
                         net (fo=3, routed)           0.195    -0.280    my_baud_rate_generator/counterTick_reg[4]
    SLICE_X48Y44         CARRY4 (Prop_carry4_S[0]_O[0])
                                                      0.115    -0.165 r  my_baud_rate_generator/counterTick_reg[4]_i_1/O[0]
                         net (fo=1, routed)           0.000    -0.165    my_baud_rate_generator/counterTick_reg[4]_i_1_n_7
    SLICE_X48Y44         FDRE                                         r  my_baud_rate_generator/counterTick_reg[4]/D
  -------------------------------------------------------------------    -------------------

                         (clock clk_out1_sys_pll rise edge)
                                                      0.000     0.000 r  
    W5                                                0.000     0.000 r  sys_clk (IN)
                         net (fo=0)                   0.000     0.000    clock_40mhz/inst/clk_in1
    W5                   IBUF (Prop_ibuf_I_O)         0.414     0.414 r  clock_40mhz/inst/clkin1_ibufg/O
                         net (fo=1, routed)           0.480     0.894    clock_40mhz/inst/clk_in1_sys_pll
    MMCME2_ADV_X1Y0      MMCME2_ADV (Prop_mmcme2_adv_CLKIN1_CLKOUT0)
                                                     -3.142    -2.248 r  clock_40mhz/inst/mmcm_adv_inst/CLKOUT0
                         net (fo=1, routed)           0.530    -1.718    clock_40mhz/inst/clk_out1_sys_pll
    BUFGCTRL_X0Y0        BUFG (Prop_bufg_I_O)         0.029    -1.689 r  clock_40mhz/inst/clkout1_buf/O
                         net (fo=8, routed)           0.836    -0.854    my_baud_rate_generator/clk_out1
    SLICE_X48Y44         FDRE                                         r  my_baud_rate_generator/counterTick_reg[4]/C
                         clock pessimism              0.238    -0.615    
                         clock uncertainty            0.087    -0.528    
    SLICE_X48Y44         FDRE (Hold_fdre_C_D)         0.105    -0.423    my_baud_rate_generator/counterTick_reg[4]
  -------------------------------------------------------------------
                         required time                          0.423    
                         arrival time                          -0.165    
  -------------------------------------------------------------------
                         slack                                  0.258    

Slack (MET) :             0.262ns  (arrival time - required time)
  Source:                 my_baud_rate_generator/counterTick_reg[5]/C
                            (rising edge-triggered cell FDRE clocked by clk_out1_sys_pll_1  {rise@0.000ns fall@12.500ns period=25.000ns})
  Destination:            my_baud_rate_generator/counterTick_reg[5]/D
                            (rising edge-triggered cell FDRE clocked by clk_out1_sys_pll  {rise@0.000ns fall@12.500ns period=25.000ns})
  Path Group:             clk_out1_sys_pll
  Path Type:              Hold (Min at Fast Process Corner)
  Requirement:            0.000ns  (clk_out1_sys_pll rise@0.000ns - clk_out1_sys_pll_1 rise@0.000ns)
  Data Path Delay:        0.454ns  (logic 0.251ns (55.309%)  route 0.203ns (44.691%))
  Logic Levels:           1  (CARRY4=1)
  Clock Path Skew:        0.000ns (DCD - SCD - CPR)
    Destination Clock Delay (DCD):    -0.854ns
    Source Clock Delay      (SCD):    -0.615ns
    Clock Pessimism Removal (CPR):    -0.238ns
  Clock Uncertainty:      0.087ns  ((TSJ^2 + DJ^2)^1/2) / 2 + PE
    Total System Jitter     (TSJ):    0.071ns
    Discrete Jitter          (DJ):    0.159ns
    Phase Error              (PE):    0.000ns
  Clock Domain Crossing:  Inter clock paths are considered valid unless explicitly excluded by timing constraints such as set_clock_groups or set_false_path.

    Location             Delay type                Incr(ns)  Path(ns)    Netlist Resource(s)
  -------------------------------------------------------------------    -------------------
                         (clock clk_out1_sys_pll_1 rise edge)
                                                      0.000     0.000 r  
    W5                                                0.000     0.000 r  sys_clk (IN)
                         net (fo=0)                   0.000     0.000    clock_40mhz/inst/clk_in1
    W5                   IBUF (Prop_ibuf_I_O)         0.226     0.226 r  clock_40mhz/inst/clkin1_ibufg/O
                         net (fo=1, routed)           0.440     0.667    clock_40mhz/inst/clk_in1_sys_pll
    MMCME2_ADV_X1Y0      MMCME2_ADV (Prop_mmcme2_adv_CLKIN1_CLKOUT0)
                                                     -2.360    -1.693 r  clock_40mhz/inst/mmcm_adv_inst/CLKOUT0
                         net (fo=1, routed)           0.486    -1.207    clock_40mhz/inst/clk_out1_sys_pll
    BUFGCTRL_X0Y0        BUFG (Prop_bufg_I_O)         0.026    -1.181 r  clock_40mhz/inst/clkout1_buf/O
                         net (fo=8, routed)           0.566    -0.615    my_baud_rate_generator/clk_out1
    SLICE_X48Y44         FDRE                                         r  my_baud_rate_generator/counterTick_reg[5]/C
  -------------------------------------------------------------------    -------------------
    SLICE_X48Y44         FDRE (Prop_fdre_C_Q)         0.141    -0.474 r  my_baud_rate_generator/counterTick_reg[5]/Q
                         net (fo=3, routed)           0.203    -0.272    my_baud_rate_generator/counterTick_reg[5]
    SLICE_X48Y44         CARRY4 (Prop_carry4_S[1]_O[1])
                                                      0.110    -0.162 r  my_baud_rate_generator/counterTick_reg[4]_i_1/O[1]
                         net (fo=1, routed)           0.000    -0.162    my_baud_rate_generator/counterTick_reg[4]_i_1_n_6
    SLICE_X48Y44         FDRE                                         r  my_baud_rate_generator/counterTick_reg[5]/D
  -------------------------------------------------------------------    -------------------

                         (clock clk_out1_sys_pll rise edge)
                                                      0.000     0.000 r  
    W5                                                0.000     0.000 r  sys_clk (IN)
                         net (fo=0)                   0.000     0.000    clock_40mhz/inst/clk_in1
    W5                   IBUF (Prop_ibuf_I_O)         0.414     0.414 r  clock_40mhz/inst/clkin1_ibufg/O
                         net (fo=1, routed)           0.480     0.894    clock_40mhz/inst/clk_in1_sys_pll
    MMCME2_ADV_X1Y0      MMCME2_ADV (Prop_mmcme2_adv_CLKIN1_CLKOUT0)
                                                     -3.142    -2.248 r  clock_40mhz/inst/mmcm_adv_inst/CLKOUT0
                         net (fo=1, routed)           0.530    -1.718    clock_40mhz/inst/clk_out1_sys_pll
    BUFGCTRL_X0Y0        BUFG (Prop_bufg_I_O)         0.029    -1.689 r  clock_40mhz/inst/clkout1_buf/O
                         net (fo=8, routed)           0.836    -0.854    my_baud_rate_generator/clk_out1
    SLICE_X48Y44         FDRE                                         r  my_baud_rate_generator/counterTick_reg[5]/C
                         clock pessimism              0.238    -0.615    
                         clock uncertainty            0.087    -0.528    
    SLICE_X48Y44         FDRE (Hold_fdre_C_D)         0.105    -0.423    my_baud_rate_generator/counterTick_reg[5]
  -------------------------------------------------------------------
                         required time                          0.423    
                         arrival time                          -0.162    
  -------------------------------------------------------------------
                         slack                                  0.262    

Slack (MET) :             0.461ns  (arrival time - required time)
  Source:                 my_baud_rate_generator/counterTick_reg[2]/C
                            (rising edge-triggered cell FDRE clocked by clk_out1_sys_pll_1  {rise@0.000ns fall@12.500ns period=25.000ns})
  Destination:            my_baud_rate_generator/counterTick_reg[0]/R
                            (rising edge-triggered cell FDRE clocked by clk_out1_sys_pll  {rise@0.000ns fall@12.500ns period=25.000ns})
  Path Group:             clk_out1_sys_pll
  Path Type:              Hold (Min at Fast Process Corner)
  Requirement:            0.000ns  (clk_out1_sys_pll rise@0.000ns - clk_out1_sys_pll_1 rise@0.000ns)
  Data Path Delay:        0.531ns  (logic 0.186ns (35.051%)  route 0.345ns (64.949%))
  Logic Levels:           1  (LUT5=1)
  Clock Path Skew:        0.000ns (DCD - SCD - CPR)
    Destination Clock Delay (DCD):    -0.854ns
    Source Clock Delay      (SCD):    -0.615ns
    Clock Pessimism Removal (CPR):    -0.238ns
  Clock Uncertainty:      0.087ns  ((TSJ^2 + DJ^2)^1/2) / 2 + PE
    Total System Jitter     (TSJ):    0.071ns
    Discrete Jitter          (DJ):    0.159ns
    Phase Error              (PE):    0.000ns
  Clock Domain Crossing:  Inter clock paths are considered valid unless explicitly excluded by timing constraints such as set_clock_groups or set_false_path.

    Location             Delay type                Incr(ns)  Path(ns)    Netlist Resource(s)
  -------------------------------------------------------------------    -------------------
                         (clock clk_out1_sys_pll_1 rise edge)
                                                      0.000     0.000 r  
    W5                                                0.000     0.000 r  sys_clk (IN)
                         net (fo=0)                   0.000     0.000    clock_40mhz/inst/clk_in1
    W5                   IBUF (Prop_ibuf_I_O)         0.226     0.226 r  clock_40mhz/inst/clkin1_ibufg/O
                         net (fo=1, routed)           0.440     0.667    clock_40mhz/inst/clk_in1_sys_pll
    MMCME2_ADV_X1Y0      MMCME2_ADV (Prop_mmcme2_adv_CLKIN1_CLKOUT0)
                                                     -2.360    -1.693 r  clock_40mhz/inst/mmcm_adv_inst/CLKOUT0
                         net (fo=1, routed)           0.486    -1.207    clock_40mhz/inst/clk_out1_sys_pll
    BUFGCTRL_X0Y0        BUFG (Prop_bufg_I_O)         0.026    -1.181 r  clock_40mhz/inst/clkout1_buf/O
                         net (fo=8, routed)           0.566    -0.615    my_baud_rate_generator/clk_out1
    SLICE_X48Y43         FDRE                                         r  my_baud_rate_generator/counterTick_reg[2]/C
  -------------------------------------------------------------------    -------------------
    SLICE_X48Y43         FDRE (Prop_fdre_C_Q)         0.141    -0.474 f  my_baud_rate_generator/counterTick_reg[2]/Q
                         net (fo=3, routed)           0.212    -0.262    my_baud_rate_generator/counterTick_reg[2]
    SLICE_X49Y44         LUT5 (Prop_lut5_I2_O)        0.045    -0.217 r  my_baud_rate_generator/counterTick[0]_i_1/O
                         net (fo=7, routed)           0.133    -0.085    my_baud_rate_generator/counterTick[0]_i_1_n_0
    SLICE_X48Y43         FDRE                                         r  my_baud_rate_generator/counterTick_reg[0]/R
  -------------------------------------------------------------------    -------------------

                         (clock clk_out1_sys_pll rise edge)
                                                      0.000     0.000 r  
    W5                                                0.000     0.000 r  sys_clk (IN)
                         net (fo=0)                   0.000     0.000    clock_40mhz/inst/clk_in1
    W5                   IBUF (Prop_ibuf_I_O)         0.414     0.414 r  clock_40mhz/inst/clkin1_ibufg/O
                         net (fo=1, routed)           0.480     0.894    clock_40mhz/inst/clk_in1_sys_pll
    MMCME2_ADV_X1Y0      MMCME2_ADV (Prop_mmcme2_adv_CLKIN1_CLKOUT0)
                                                     -3.142    -2.248 r  clock_40mhz/inst/mmcm_adv_inst/CLKOUT0
                         net (fo=1, routed)           0.530    -1.718    clock_40mhz/inst/clk_out1_sys_pll
    BUFGCTRL_X0Y0        BUFG (Prop_bufg_I_O)         0.029    -1.689 r  clock_40mhz/inst/clkout1_buf/O
                         net (fo=8, routed)           0.836    -0.854    my_baud_rate_generator/clk_out1
    SLICE_X48Y43         FDRE                                         r  my_baud_rate_generator/counterTick_reg[0]/C
                         clock pessimism              0.238    -0.615    
                         clock uncertainty            0.087    -0.528    
    SLICE_X48Y43         FDRE (Hold_fdre_C_R)        -0.018    -0.546    my_baud_rate_generator/counterTick_reg[0]
  -------------------------------------------------------------------
                         required time                          0.546    
                         arrival time                          -0.085    
  -------------------------------------------------------------------
                         slack                                  0.461    

Slack (MET) :             0.461ns  (arrival time - required time)
  Source:                 my_baud_rate_generator/counterTick_reg[2]/C
                            (rising edge-triggered cell FDRE clocked by clk_out1_sys_pll_1  {rise@0.000ns fall@12.500ns period=25.000ns})
  Destination:            my_baud_rate_generator/counterTick_reg[1]/R
                            (rising edge-triggered cell FDRE clocked by clk_out1_sys_pll  {rise@0.000ns fall@12.500ns period=25.000ns})
  Path Group:             clk_out1_sys_pll
  Path Type:              Hold (Min at Fast Process Corner)
  Requirement:            0.000ns  (clk_out1_sys_pll rise@0.000ns - clk_out1_sys_pll_1 rise@0.000ns)
  Data Path Delay:        0.531ns  (logic 0.186ns (35.051%)  route 0.345ns (64.949%))
  Logic Levels:           1  (LUT5=1)
  Clock Path Skew:        0.000ns (DCD - SCD - CPR)
    Destination Clock Delay (DCD):    -0.854ns
    Source Clock Delay      (SCD):    -0.615ns
    Clock Pessimism Removal (CPR):    -0.238ns
  Clock Uncertainty:      0.087ns  ((TSJ^2 + DJ^2)^1/2) / 2 + PE
    Total System Jitter     (TSJ):    0.071ns
    Discrete Jitter          (DJ):    0.159ns
    Phase Error              (PE):    0.000ns
  Clock Domain Crossing:  Inter clock paths are considered valid unless explicitly excluded by timing constraints such as set_clock_groups or set_false_path.

    Location             Delay type                Incr(ns)  Path(ns)    Netlist Resource(s)
  -------------------------------------------------------------------    -------------------
                         (clock clk_out1_sys_pll_1 rise edge)
                                                      0.000     0.000 r  
    W5                                                0.000     0.000 r  sys_clk (IN)
                         net (fo=0)                   0.000     0.000    clock_40mhz/inst/clk_in1
    W5                   IBUF (Prop_ibuf_I_O)         0.226     0.226 r  clock_40mhz/inst/clkin1_ibufg/O
                         net (fo=1, routed)           0.440     0.667    clock_40mhz/inst/clk_in1_sys_pll
    MMCME2_ADV_X1Y0      MMCME2_ADV (Prop_mmcme2_adv_CLKIN1_CLKOUT0)
                                                     -2.360    -1.693 r  clock_40mhz/inst/mmcm_adv_inst/CLKOUT0
                         net (fo=1, routed)           0.486    -1.207    clock_40mhz/inst/clk_out1_sys_pll
    BUFGCTRL_X0Y0        BUFG (Prop_bufg_I_O)         0.026    -1.181 r  clock_40mhz/inst/clkout1_buf/O
                         net (fo=8, routed)           0.566    -0.615    my_baud_rate_generator/clk_out1
    SLICE_X48Y43         FDRE                                         r  my_baud_rate_generator/counterTick_reg[2]/C
  -------------------------------------------------------------------    -------------------
    SLICE_X48Y43         FDRE (Prop_fdre_C_Q)         0.141    -0.474 f  my_baud_rate_generator/counterTick_reg[2]/Q
                         net (fo=3, routed)           0.212    -0.262    my_baud_rate_generator/counterTick_reg[2]
    SLICE_X49Y44         LUT5 (Prop_lut5_I2_O)        0.045    -0.217 r  my_baud_rate_generator/counterTick[0]_i_1/O
                         net (fo=7, routed)           0.133    -0.085    my_baud_rate_generator/counterTick[0]_i_1_n_0
    SLICE_X48Y43         FDRE                                         r  my_baud_rate_generator/counterTick_reg[1]/R
  -------------------------------------------------------------------    -------------------

                         (clock clk_out1_sys_pll rise edge)
                                                      0.000     0.000 r  
    W5                                                0.000     0.000 r  sys_clk (IN)
                         net (fo=0)                   0.000     0.000    clock_40mhz/inst/clk_in1
    W5                   IBUF (Prop_ibuf_I_O)         0.414     0.414 r  clock_40mhz/inst/clkin1_ibufg/O
                         net (fo=1, routed)           0.480     0.894    clock_40mhz/inst/clk_in1_sys_pll
    MMCME2_ADV_X1Y0      MMCME2_ADV (Prop_mmcme2_adv_CLKIN1_CLKOUT0)
                                                     -3.142    -2.248 r  clock_40mhz/inst/mmcm_adv_inst/CLKOUT0
                         net (fo=1, routed)           0.530    -1.718    clock_40mhz/inst/clk_out1_sys_pll
    BUFGCTRL_X0Y0        BUFG (Prop_bufg_I_O)         0.029    -1.689 r  clock_40mhz/inst/clkout1_buf/O
                         net (fo=8, routed)           0.836    -0.854    my_baud_rate_generator/clk_out1
    SLICE_X48Y43         FDRE                                         r  my_baud_rate_generator/counterTick_reg[1]/C
                         clock pessimism              0.238    -0.615    
                         clock uncertainty            0.087    -0.528    
    SLICE_X48Y43         FDRE (Hold_fdre_C_R)        -0.018    -0.546    my_baud_rate_generator/counterTick_reg[1]
  -------------------------------------------------------------------
                         required time                          0.546    
                         arrival time                          -0.085    
  -------------------------------------------------------------------
                         slack                                  0.461    





---------------------------------------------------------------------------------------------------
From Clock:  clk_out1_sys_pll
  To Clock:  clk_out1_sys_pll_1

Setup :            0  Failing Endpoints,  Worst Slack       22.030ns,  Total Violation        0.000ns
Hold  :            0  Failing Endpoints,  Worst Slack        0.193ns,  Total Violation        0.000ns
---------------------------------------------------------------------------------------------------


Max Delay Paths
--------------------------------------------------------------------------------------
Slack (MET) :             22.030ns  (required time - arrival time)
  Source:                 my_baud_rate_generator/counterTick_reg[3]/C
                            (rising edge-triggered cell FDRE clocked by clk_out1_sys_pll  {rise@0.000ns fall@12.500ns period=25.000ns})
  Destination:            my_baud_rate_generator/counterTick_reg[4]/R
                            (rising edge-triggered cell FDRE clocked by clk_out1_sys_pll_1  {rise@0.000ns fall@12.500ns period=25.000ns})
  Path Group:             clk_out1_sys_pll_1
  Path Type:              Setup (Max at Slow Process Corner)
  Requirement:            25.000ns  (clk_out1_sys_pll_1 rise@25.000ns - clk_out1_sys_pll rise@0.000ns)
  Data Path Delay:        2.429ns  (logic 0.704ns (28.982%)  route 1.725ns (71.018%))
  Logic Levels:           2  (LUT4=1 LUT5=1)
  Clock Path Skew:        -0.025ns (DCD - SCD + CPR)
    Destination Clock Delay (DCD):    -1.544ns = ( 23.456 - 25.000 ) 
    Source Clock Delay      (SCD):    -0.942ns
    Clock Pessimism Removal (CPR):    0.578ns
  Clock Uncertainty:      0.087ns  ((TSJ^2 + DJ^2)^1/2) / 2 + PE
    Total System Jitter     (TSJ):    0.071ns
    Discrete Jitter          (DJ):    0.159ns
    Phase Error              (PE):    0.000ns
  Clock Domain Crossing:  Inter clock paths are considered valid unless explicitly excluded by timing constraints such as set_clock_groups or set_false_path.

    Location             Delay type                Incr(ns)  Path(ns)    Netlist Resource(s)
  -------------------------------------------------------------------    -------------------
                         (clock clk_out1_sys_pll rise edge)
                                                      0.000     0.000 r  
    W5                                                0.000     0.000 r  sys_clk (IN)
                         net (fo=0)                   0.000     0.000    clock_40mhz/inst/clk_in1
    W5                   IBUF (Prop_ibuf_I_O)         1.458     1.458 r  clock_40mhz/inst/clkin1_ibufg/O
                         net (fo=1, routed)           1.233     2.691    clock_40mhz/inst/clk_in1_sys_pll
    MMCME2_ADV_X1Y0      MMCME2_ADV (Prop_mmcme2_adv_CLKIN1_CLKOUT0)
                                                     -6.961    -4.269 r  clock_40mhz/inst/mmcm_adv_inst/CLKOUT0
                         net (fo=1, routed)           1.661    -2.608    clock_40mhz/inst/clk_out1_sys_pll
    BUFGCTRL_X0Y0        BUFG (Prop_bufg_I_O)         0.096    -2.512 r  clock_40mhz/inst/clkout1_buf/O
                         net (fo=8, routed)           1.570    -0.942    my_baud_rate_generator/clk_out1
    SLICE_X48Y43         FDRE                                         r  my_baud_rate_generator/counterTick_reg[3]/C
  -------------------------------------------------------------------    -------------------
    SLICE_X48Y43         FDRE (Prop_fdre_C_Q)         0.456    -0.486 f  my_baud_rate_generator/counterTick_reg[3]/Q
                         net (fo=2, routed)           0.680     0.195    my_baud_rate_generator/counterTick_reg[3]
    SLICE_X49Y43         LUT4 (Prop_lut4_I3_O)        0.124     0.319 f  my_baud_rate_generator/counterTick[0]_i_3/O
                         net (fo=2, routed)           0.415     0.734    my_baud_rate_generator/counterTick[0]_i_3_n_0
    SLICE_X49Y44         LUT5 (Prop_lut5_I0_O)        0.124     0.858 r  my_baud_rate_generator/counterTick[0]_i_1/O
                         net (fo=7, routed)           0.630     1.488    my_baud_rate_generator/counterTick[0]_i_1_n_0
    SLICE_X48Y44         FDRE                                         r  my_baud_rate_generator/counterTick_reg[4]/R
  -------------------------------------------------------------------    -------------------

                         (clock clk_out1_sys_pll_1 rise edge)
                                                     25.000    25.000 r  
    W5                                                0.000    25.000 r  sys_clk (IN)
                         net (fo=0)                   0.000    25.000    clock_40mhz/inst/clk_in1
    W5                   IBUF (Prop_ibuf_I_O)         1.388    26.388 r  clock_40mhz/inst/clkin1_ibufg/O
                         net (fo=1, routed)           1.162    27.550    clock_40mhz/inst/clk_in1_sys_pll
    MMCME2_ADV_X1Y0      MMCME2_ADV (Prop_mmcme2_adv_CLKIN1_CLKOUT0)
                                                     -7.217    20.332 r  clock_40mhz/inst/mmcm_adv_inst/CLKOUT0
                         net (fo=1, routed)           1.581    21.914    clock_40mhz/inst/clk_out1_sys_pll
    BUFGCTRL_X0Y0        BUFG (Prop_bufg_I_O)         0.091    22.005 r  clock_40mhz/inst/clkout1_buf/O
                         net (fo=8, routed)           1.451    23.456    my_baud_rate_generator/clk_out1
    SLICE_X48Y44         FDRE                                         r  my_baud_rate_generator/counterTick_reg[4]/C
                         clock pessimism              0.578    24.033    
                         clock uncertainty           -0.087    23.946    
    SLICE_X48Y44         FDRE (Setup_fdre_C_R)       -0.429    23.517    my_baud_rate_generator/counterTick_reg[4]
  -------------------------------------------------------------------
                         required time                         23.517    
                         arrival time                          -1.488    
  -------------------------------------------------------------------
                         slack                                 22.030    

Slack (MET) :             22.030ns  (required time - arrival time)
  Source:                 my_baud_rate_generator/counterTick_reg[3]/C
                            (rising edge-triggered cell FDRE clocked by clk_out1_sys_pll  {rise@0.000ns fall@12.500ns period=25.000ns})
  Destination:            my_baud_rate_generator/counterTick_reg[5]/R
                            (rising edge-triggered cell FDRE clocked by clk_out1_sys_pll_1  {rise@0.000ns fall@12.500ns period=25.000ns})
  Path Group:             clk_out1_sys_pll_1
  Path Type:              Setup (Max at Slow Process Corner)
  Requirement:            25.000ns  (clk_out1_sys_pll_1 rise@25.000ns - clk_out1_sys_pll rise@0.000ns)
  Data Path Delay:        2.429ns  (logic 0.704ns (28.982%)  route 1.725ns (71.018%))
  Logic Levels:           2  (LUT4=1 LUT5=1)
  Clock Path Skew:        -0.025ns (DCD - SCD + CPR)
    Destination Clock Delay (DCD):    -1.544ns = ( 23.456 - 25.000 ) 
    Source Clock Delay      (SCD):    -0.942ns
    Clock Pessimism Removal (CPR):    0.578ns
  Clock Uncertainty:      0.087ns  ((TSJ^2 + DJ^2)^1/2) / 2 + PE
    Total System Jitter     (TSJ):    0.071ns
    Discrete Jitter          (DJ):    0.159ns
    Phase Error              (PE):    0.000ns
  Clock Domain Crossing:  Inter clock paths are considered valid unless explicitly excluded by timing constraints such as set_clock_groups or set_false_path.

    Location             Delay type                Incr(ns)  Path(ns)    Netlist Resource(s)
  -------------------------------------------------------------------    -------------------
                         (clock clk_out1_sys_pll rise edge)
                                                      0.000     0.000 r  
    W5                                                0.000     0.000 r  sys_clk (IN)
                         net (fo=0)                   0.000     0.000    clock_40mhz/inst/clk_in1
    W5                   IBUF (Prop_ibuf_I_O)         1.458     1.458 r  clock_40mhz/inst/clkin1_ibufg/O
                         net (fo=1, routed)           1.233     2.691    clock_40mhz/inst/clk_in1_sys_pll
    MMCME2_ADV_X1Y0      MMCME2_ADV (Prop_mmcme2_adv_CLKIN1_CLKOUT0)
                                                     -6.961    -4.269 r  clock_40mhz/inst/mmcm_adv_inst/CLKOUT0
                         net (fo=1, routed)           1.661    -2.608    clock_40mhz/inst/clk_out1_sys_pll
    BUFGCTRL_X0Y0        BUFG (Prop_bufg_I_O)         0.096    -2.512 r  clock_40mhz/inst/clkout1_buf/O
                         net (fo=8, routed)           1.570    -0.942    my_baud_rate_generator/clk_out1
    SLICE_X48Y43         FDRE                                         r  my_baud_rate_generator/counterTick_reg[3]/C
  -------------------------------------------------------------------    -------------------
    SLICE_X48Y43         FDRE (Prop_fdre_C_Q)         0.456    -0.486 f  my_baud_rate_generator/counterTick_reg[3]/Q
                         net (fo=2, routed)           0.680     0.195    my_baud_rate_generator/counterTick_reg[3]
    SLICE_X49Y43         LUT4 (Prop_lut4_I3_O)        0.124     0.319 f  my_baud_rate_generator/counterTick[0]_i_3/O
                         net (fo=2, routed)           0.415     0.734    my_baud_rate_generator/counterTick[0]_i_3_n_0
    SLICE_X49Y44         LUT5 (Prop_lut5_I0_O)        0.124     0.858 r  my_baud_rate_generator/counterTick[0]_i_1/O
                         net (fo=7, routed)           0.630     1.488    my_baud_rate_generator/counterTick[0]_i_1_n_0
    SLICE_X48Y44         FDRE                                         r  my_baud_rate_generator/counterTick_reg[5]/R
  -------------------------------------------------------------------    -------------------

                         (clock clk_out1_sys_pll_1 rise edge)
                                                     25.000    25.000 r  
    W5                                                0.000    25.000 r  sys_clk (IN)
                         net (fo=0)                   0.000    25.000    clock_40mhz/inst/clk_in1
    W5                   IBUF (Prop_ibuf_I_O)         1.388    26.388 r  clock_40mhz/inst/clkin1_ibufg/O
                         net (fo=1, routed)           1.162    27.550    clock_40mhz/inst/clk_in1_sys_pll
    MMCME2_ADV_X1Y0      MMCME2_ADV (Prop_mmcme2_adv_CLKIN1_CLKOUT0)
                                                     -7.217    20.332 r  clock_40mhz/inst/mmcm_adv_inst/CLKOUT0
                         net (fo=1, routed)           1.581    21.914    clock_40mhz/inst/clk_out1_sys_pll
    BUFGCTRL_X0Y0        BUFG (Prop_bufg_I_O)         0.091    22.005 r  clock_40mhz/inst/clkout1_buf/O
                         net (fo=8, routed)           1.451    23.456    my_baud_rate_generator/clk_out1
    SLICE_X48Y44         FDRE                                         r  my_baud_rate_generator/counterTick_reg[5]/C
                         clock pessimism              0.578    24.033    
                         clock uncertainty           -0.087    23.946    
    SLICE_X48Y44         FDRE (Setup_fdre_C_R)       -0.429    23.517    my_baud_rate_generator/counterTick_reg[5]
  -------------------------------------------------------------------
                         required time                         23.517    
                         arrival time                          -1.488    
  -------------------------------------------------------------------
                         slack                                 22.030    

Slack (MET) :             22.030ns  (required time - arrival time)
  Source:                 my_baud_rate_generator/counterTick_reg[3]/C
                            (rising edge-triggered cell FDRE clocked by clk_out1_sys_pll  {rise@0.000ns fall@12.500ns period=25.000ns})
  Destination:            my_baud_rate_generator/counterTick_reg[6]/R
                            (rising edge-triggered cell FDRE clocked by clk_out1_sys_pll_1  {rise@0.000ns fall@12.500ns period=25.000ns})
  Path Group:             clk_out1_sys_pll_1
  Path Type:              Setup (Max at Slow Process Corner)
  Requirement:            25.000ns  (clk_out1_sys_pll_1 rise@25.000ns - clk_out1_sys_pll rise@0.000ns)
  Data Path Delay:        2.429ns  (logic 0.704ns (28.982%)  route 1.725ns (71.018%))
  Logic Levels:           2  (LUT4=1 LUT5=1)
  Clock Path Skew:        -0.025ns (DCD - SCD + CPR)
    Destination Clock Delay (DCD):    -1.544ns = ( 23.456 - 25.000 ) 
    Source Clock Delay      (SCD):    -0.942ns
    Clock Pessimism Removal (CPR):    0.578ns
  Clock Uncertainty:      0.087ns  ((TSJ^2 + DJ^2)^1/2) / 2 + PE
    Total System Jitter     (TSJ):    0.071ns
    Discrete Jitter          (DJ):    0.159ns
    Phase Error              (PE):    0.000ns
  Clock Domain Crossing:  Inter clock paths are considered valid unless explicitly excluded by timing constraints such as set_clock_groups or set_false_path.

    Location             Delay type                Incr(ns)  Path(ns)    Netlist Resource(s)
  -------------------------------------------------------------------    -------------------
                         (clock clk_out1_sys_pll rise edge)
                                                      0.000     0.000 r  
    W5                                                0.000     0.000 r  sys_clk (IN)
                         net (fo=0)                   0.000     0.000    clock_40mhz/inst/clk_in1
    W5                   IBUF (Prop_ibuf_I_O)         1.458     1.458 r  clock_40mhz/inst/clkin1_ibufg/O
                         net (fo=1, routed)           1.233     2.691    clock_40mhz/inst/clk_in1_sys_pll
    MMCME2_ADV_X1Y0      MMCME2_ADV (Prop_mmcme2_adv_CLKIN1_CLKOUT0)
                                                     -6.961    -4.269 r  clock_40mhz/inst/mmcm_adv_inst/CLKOUT0
                         net (fo=1, routed)           1.661    -2.608    clock_40mhz/inst/clk_out1_sys_pll
    BUFGCTRL_X0Y0        BUFG (Prop_bufg_I_O)         0.096    -2.512 r  clock_40mhz/inst/clkout1_buf/O
                         net (fo=8, routed)           1.570    -0.942    my_baud_rate_generator/clk_out1
    SLICE_X48Y43         FDRE                                         r  my_baud_rate_generator/counterTick_reg[3]/C
  -------------------------------------------------------------------    -------------------
    SLICE_X48Y43         FDRE (Prop_fdre_C_Q)         0.456    -0.486 f  my_baud_rate_generator/counterTick_reg[3]/Q
                         net (fo=2, routed)           0.680     0.195    my_baud_rate_generator/counterTick_reg[3]
    SLICE_X49Y43         LUT4 (Prop_lut4_I3_O)        0.124     0.319 f  my_baud_rate_generator/counterTick[0]_i_3/O
                         net (fo=2, routed)           0.415     0.734    my_baud_rate_generator/counterTick[0]_i_3_n_0
    SLICE_X49Y44         LUT5 (Prop_lut5_I0_O)        0.124     0.858 r  my_baud_rate_generator/counterTick[0]_i_1/O
                         net (fo=7, routed)           0.630     1.488    my_baud_rate_generator/counterTick[0]_i_1_n_0
    SLICE_X48Y44         FDRE                                         r  my_baud_rate_generator/counterTick_reg[6]/R
  -------------------------------------------------------------------    -------------------

                         (clock clk_out1_sys_pll_1 rise edge)
                                                     25.000    25.000 r  
    W5                                                0.000    25.000 r  sys_clk (IN)
                         net (fo=0)                   0.000    25.000    clock_40mhz/inst/clk_in1
    W5                   IBUF (Prop_ibuf_I_O)         1.388    26.388 r  clock_40mhz/inst/clkin1_ibufg/O
                         net (fo=1, routed)           1.162    27.550    clock_40mhz/inst/clk_in1_sys_pll
    MMCME2_ADV_X1Y0      MMCME2_ADV (Prop_mmcme2_adv_CLKIN1_CLKOUT0)
                                                     -7.217    20.332 r  clock_40mhz/inst/mmcm_adv_inst/CLKOUT0
                         net (fo=1, routed)           1.581    21.914    clock_40mhz/inst/clk_out1_sys_pll
    BUFGCTRL_X0Y0        BUFG (Prop_bufg_I_O)         0.091    22.005 r  clock_40mhz/inst/clkout1_buf/O
                         net (fo=8, routed)           1.451    23.456    my_baud_rate_generator/clk_out1
    SLICE_X48Y44         FDRE                                         r  my_baud_rate_generator/counterTick_reg[6]/C
                         clock pessimism              0.578    24.033    
                         clock uncertainty           -0.087    23.946    
    SLICE_X48Y44         FDRE (Setup_fdre_C_R)       -0.429    23.517    my_baud_rate_generator/counterTick_reg[6]
  -------------------------------------------------------------------
                         required time                         23.517    
                         arrival time                          -1.488    
  -------------------------------------------------------------------
                         slack                                 22.030    

Slack (MET) :             22.320ns  (required time - arrival time)
  Source:                 my_baud_rate_generator/counterTick_reg[3]/C
                            (rising edge-triggered cell FDRE clocked by clk_out1_sys_pll  {rise@0.000ns fall@12.500ns period=25.000ns})
  Destination:            my_baud_rate_generator/counterTick_reg[0]/R
                            (rising edge-triggered cell FDRE clocked by clk_out1_sys_pll_1  {rise@0.000ns fall@12.500ns period=25.000ns})
  Path Group:             clk_out1_sys_pll_1
  Path Type:              Setup (Max at Slow Process Corner)
  Requirement:            25.000ns  (clk_out1_sys_pll_1 rise@25.000ns - clk_out1_sys_pll rise@0.000ns)
  Data Path Delay:        2.164ns  (logic 0.704ns (32.531%)  route 1.460ns (67.469%))
  Logic Levels:           2  (LUT4=1 LUT5=1)
  Clock Path Skew:        0.000ns (DCD - SCD + CPR)
    Destination Clock Delay (DCD):    -1.544ns = ( 23.456 - 25.000 ) 
    Source Clock Delay      (SCD):    -0.942ns
    Clock Pessimism Removal (CPR):    0.603ns
  Clock Uncertainty:      0.087ns  ((TSJ^2 + DJ^2)^1/2) / 2 + PE
    Total System Jitter     (TSJ):    0.071ns
    Discrete Jitter          (DJ):    0.159ns
    Phase Error              (PE):    0.000ns
  Clock Domain Crossing:  Inter clock paths are considered valid unless explicitly excluded by timing constraints such as set_clock_groups or set_false_path.

    Location             Delay type                Incr(ns)  Path(ns)    Netlist Resource(s)
  -------------------------------------------------------------------    -------------------
                         (clock clk_out1_sys_pll rise edge)
                                                      0.000     0.000 r  
    W5                                                0.000     0.000 r  sys_clk (IN)
                         net (fo=0)                   0.000     0.000    clock_40mhz/inst/clk_in1
    W5                   IBUF (Prop_ibuf_I_O)         1.458     1.458 r  clock_40mhz/inst/clkin1_ibufg/O
                         net (fo=1, routed)           1.233     2.691    clock_40mhz/inst/clk_in1_sys_pll
    MMCME2_ADV_X1Y0      MMCME2_ADV (Prop_mmcme2_adv_CLKIN1_CLKOUT0)
                                                     -6.961    -4.269 r  clock_40mhz/inst/mmcm_adv_inst/CLKOUT0
                         net (fo=1, routed)           1.661    -2.608    clock_40mhz/inst/clk_out1_sys_pll
    BUFGCTRL_X0Y0        BUFG (Prop_bufg_I_O)         0.096    -2.512 r  clock_40mhz/inst/clkout1_buf/O
                         net (fo=8, routed)           1.570    -0.942    my_baud_rate_generator/clk_out1
    SLICE_X48Y43         FDRE                                         r  my_baud_rate_generator/counterTick_reg[3]/C
  -------------------------------------------------------------------    -------------------
    SLICE_X48Y43         FDRE (Prop_fdre_C_Q)         0.456    -0.486 f  my_baud_rate_generator/counterTick_reg[3]/Q
                         net (fo=2, routed)           0.680     0.195    my_baud_rate_generator/counterTick_reg[3]
    SLICE_X49Y43         LUT4 (Prop_lut4_I3_O)        0.124     0.319 f  my_baud_rate_generator/counterTick[0]_i_3/O
                         net (fo=2, routed)           0.415     0.734    my_baud_rate_generator/counterTick[0]_i_3_n_0
    SLICE_X49Y44         LUT5 (Prop_lut5_I0_O)        0.124     0.858 r  my_baud_rate_generator/counterTick[0]_i_1/O
                         net (fo=7, routed)           0.365     1.223    my_baud_rate_generator/counterTick[0]_i_1_n_0
    SLICE_X48Y43         FDRE                                         r  my_baud_rate_generator/counterTick_reg[0]/R
  -------------------------------------------------------------------    -------------------

                         (clock clk_out1_sys_pll_1 rise edge)
                                                     25.000    25.000 r  
    W5                                                0.000    25.000 r  sys_clk (IN)
                         net (fo=0)                   0.000    25.000    clock_40mhz/inst/clk_in1
    W5                   IBUF (Prop_ibuf_I_O)         1.388    26.388 r  clock_40mhz/inst/clkin1_ibufg/O
                         net (fo=1, routed)           1.162    27.550    clock_40mhz/inst/clk_in1_sys_pll
    MMCME2_ADV_X1Y0      MMCME2_ADV (Prop_mmcme2_adv_CLKIN1_CLKOUT0)
                                                     -7.217    20.332 r  clock_40mhz/inst/mmcm_adv_inst/CLKOUT0
                         net (fo=1, routed)           1.581    21.914    clock_40mhz/inst/clk_out1_sys_pll
    BUFGCTRL_X0Y0        BUFG (Prop_bufg_I_O)         0.091    22.005 r  clock_40mhz/inst/clkout1_buf/O
                         net (fo=8, routed)           1.451    23.456    my_baud_rate_generator/clk_out1
    SLICE_X48Y43         FDRE                                         r  my_baud_rate_generator/counterTick_reg[0]/C
                         clock pessimism              0.603    24.058    
                         clock uncertainty           -0.087    23.971    
    SLICE_X48Y43         FDRE (Setup_fdre_C_R)       -0.429    23.542    my_baud_rate_generator/counterTick_reg[0]
  -------------------------------------------------------------------
                         required time                         23.542    
                         arrival time                          -1.223    
  -------------------------------------------------------------------
                         slack                                 22.320    

Slack (MET) :             22.320ns  (required time - arrival time)
  Source:                 my_baud_rate_generator/counterTick_reg[3]/C
                            (rising edge-triggered cell FDRE clocked by clk_out1_sys_pll  {rise@0.000ns fall@12.500ns period=25.000ns})
  Destination:            my_baud_rate_generator/counterTick_reg[1]/R
                            (rising edge-triggered cell FDRE clocked by clk_out1_sys_pll_1  {rise@0.000ns fall@12.500ns period=25.000ns})
  Path Group:             clk_out1_sys_pll_1
  Path Type:              Setup (Max at Slow Process Corner)
  Requirement:            25.000ns  (clk_out1_sys_pll_1 rise@25.000ns - clk_out1_sys_pll rise@0.000ns)
  Data Path Delay:        2.164ns  (logic 0.704ns (32.531%)  route 1.460ns (67.469%))
  Logic Levels:           2  (LUT4=1 LUT5=1)
  Clock Path Skew:        0.000ns (DCD - SCD + CPR)
    Destination Clock Delay (DCD):    -1.544ns = ( 23.456 - 25.000 ) 
    Source Clock Delay      (SCD):    -0.942ns
    Clock Pessimism Removal (CPR):    0.603ns
  Clock Uncertainty:      0.087ns  ((TSJ^2 + DJ^2)^1/2) / 2 + PE
    Total System Jitter     (TSJ):    0.071ns
    Discrete Jitter          (DJ):    0.159ns
    Phase Error              (PE):    0.000ns
  Clock Domain Crossing:  Inter clock paths are considered valid unless explicitly excluded by timing constraints such as set_clock_groups or set_false_path.

    Location             Delay type                Incr(ns)  Path(ns)    Netlist Resource(s)
  -------------------------------------------------------------------    -------------------
                         (clock clk_out1_sys_pll rise edge)
                                                      0.000     0.000 r  
    W5                                                0.000     0.000 r  sys_clk (IN)
                         net (fo=0)                   0.000     0.000    clock_40mhz/inst/clk_in1
    W5                   IBUF (Prop_ibuf_I_O)         1.458     1.458 r  clock_40mhz/inst/clkin1_ibufg/O
                         net (fo=1, routed)           1.233     2.691    clock_40mhz/inst/clk_in1_sys_pll
    MMCME2_ADV_X1Y0      MMCME2_ADV (Prop_mmcme2_adv_CLKIN1_CLKOUT0)
                                                     -6.961    -4.269 r  clock_40mhz/inst/mmcm_adv_inst/CLKOUT0
                         net (fo=1, routed)           1.661    -2.608    clock_40mhz/inst/clk_out1_sys_pll
    BUFGCTRL_X0Y0        BUFG (Prop_bufg_I_O)         0.096    -2.512 r  clock_40mhz/inst/clkout1_buf/O
                         net (fo=8, routed)           1.570    -0.942    my_baud_rate_generator/clk_out1
    SLICE_X48Y43         FDRE                                         r  my_baud_rate_generator/counterTick_reg[3]/C
  -------------------------------------------------------------------    -------------------
    SLICE_X48Y43         FDRE (Prop_fdre_C_Q)         0.456    -0.486 f  my_baud_rate_generator/counterTick_reg[3]/Q
                         net (fo=2, routed)           0.680     0.195    my_baud_rate_generator/counterTick_reg[3]
    SLICE_X49Y43         LUT4 (Prop_lut4_I3_O)        0.124     0.319 f  my_baud_rate_generator/counterTick[0]_i_3/O
                         net (fo=2, routed)           0.415     0.734    my_baud_rate_generator/counterTick[0]_i_3_n_0
    SLICE_X49Y44         LUT5 (Prop_lut5_I0_O)        0.124     0.858 r  my_baud_rate_generator/counterTick[0]_i_1/O
                         net (fo=7, routed)           0.365     1.223    my_baud_rate_generator/counterTick[0]_i_1_n_0
    SLICE_X48Y43         FDRE                                         r  my_baud_rate_generator/counterTick_reg[1]/R
  -------------------------------------------------------------------    -------------------

                         (clock clk_out1_sys_pll_1 rise edge)
                                                     25.000    25.000 r  
    W5                                                0.000    25.000 r  sys_clk (IN)
                         net (fo=0)                   0.000    25.000    clock_40mhz/inst/clk_in1
    W5                   IBUF (Prop_ibuf_I_O)         1.388    26.388 r  clock_40mhz/inst/clkin1_ibufg/O
                         net (fo=1, routed)           1.162    27.550    clock_40mhz/inst/clk_in1_sys_pll
    MMCME2_ADV_X1Y0      MMCME2_ADV (Prop_mmcme2_adv_CLKIN1_CLKOUT0)
                                                     -7.217    20.332 r  clock_40mhz/inst/mmcm_adv_inst/CLKOUT0
                         net (fo=1, routed)           1.581    21.914    clock_40mhz/inst/clk_out1_sys_pll
    BUFGCTRL_X0Y0        BUFG (Prop_bufg_I_O)         0.091    22.005 r  clock_40mhz/inst/clkout1_buf/O
                         net (fo=8, routed)           1.451    23.456    my_baud_rate_generator/clk_out1
    SLICE_X48Y43         FDRE                                         r  my_baud_rate_generator/counterTick_reg[1]/C
                         clock pessimism              0.603    24.058    
                         clock uncertainty           -0.087    23.971    
    SLICE_X48Y43         FDRE (Setup_fdre_C_R)       -0.429    23.542    my_baud_rate_generator/counterTick_reg[1]
  -------------------------------------------------------------------
                         required time                         23.542    
                         arrival time                          -1.223    
  -------------------------------------------------------------------
                         slack                                 22.320    

Slack (MET) :             22.320ns  (required time - arrival time)
  Source:                 my_baud_rate_generator/counterTick_reg[3]/C
                            (rising edge-triggered cell FDRE clocked by clk_out1_sys_pll  {rise@0.000ns fall@12.500ns period=25.000ns})
  Destination:            my_baud_rate_generator/counterTick_reg[2]/R
                            (rising edge-triggered cell FDRE clocked by clk_out1_sys_pll_1  {rise@0.000ns fall@12.500ns period=25.000ns})
  Path Group:             clk_out1_sys_pll_1
  Path Type:              Setup (Max at Slow Process Corner)
  Requirement:            25.000ns  (clk_out1_sys_pll_1 rise@25.000ns - clk_out1_sys_pll rise@0.000ns)
  Data Path Delay:        2.164ns  (logic 0.704ns (32.531%)  route 1.460ns (67.469%))
  Logic Levels:           2  (LUT4=1 LUT5=1)
  Clock Path Skew:        0.000ns (DCD - SCD + CPR)
    Destination Clock Delay (DCD):    -1.544ns = ( 23.456 - 25.000 ) 
    Source Clock Delay      (SCD):    -0.942ns
    Clock Pessimism Removal (CPR):    0.603ns
  Clock Uncertainty:      0.087ns  ((TSJ^2 + DJ^2)^1/2) / 2 + PE
    Total System Jitter     (TSJ):    0.071ns
    Discrete Jitter          (DJ):    0.159ns
    Phase Error              (PE):    0.000ns
  Clock Domain Crossing:  Inter clock paths are considered valid unless explicitly excluded by timing constraints such as set_clock_groups or set_false_path.

    Location             Delay type                Incr(ns)  Path(ns)    Netlist Resource(s)
  -------------------------------------------------------------------    -------------------
                         (clock clk_out1_sys_pll rise edge)
                                                      0.000     0.000 r  
    W5                                                0.000     0.000 r  sys_clk (IN)
                         net (fo=0)                   0.000     0.000    clock_40mhz/inst/clk_in1
    W5                   IBUF (Prop_ibuf_I_O)         1.458     1.458 r  clock_40mhz/inst/clkin1_ibufg/O
                         net (fo=1, routed)           1.233     2.691    clock_40mhz/inst/clk_in1_sys_pll
    MMCME2_ADV_X1Y0      MMCME2_ADV (Prop_mmcme2_adv_CLKIN1_CLKOUT0)
                                                     -6.961    -4.269 r  clock_40mhz/inst/mmcm_adv_inst/CLKOUT0
                         net (fo=1, routed)           1.661    -2.608    clock_40mhz/inst/clk_out1_sys_pll
    BUFGCTRL_X0Y0        BUFG (Prop_bufg_I_O)         0.096    -2.512 r  clock_40mhz/inst/clkout1_buf/O
                         net (fo=8, routed)           1.570    -0.942    my_baud_rate_generator/clk_out1
    SLICE_X48Y43         FDRE                                         r  my_baud_rate_generator/counterTick_reg[3]/C
  -------------------------------------------------------------------    -------------------
    SLICE_X48Y43         FDRE (Prop_fdre_C_Q)         0.456    -0.486 f  my_baud_rate_generator/counterTick_reg[3]/Q
                         net (fo=2, routed)           0.680     0.195    my_baud_rate_generator/counterTick_reg[3]
    SLICE_X49Y43         LUT4 (Prop_lut4_I3_O)        0.124     0.319 f  my_baud_rate_generator/counterTick[0]_i_3/O
                         net (fo=2, routed)           0.415     0.734    my_baud_rate_generator/counterTick[0]_i_3_n_0
    SLICE_X49Y44         LUT5 (Prop_lut5_I0_O)        0.124     0.858 r  my_baud_rate_generator/counterTick[0]_i_1/O
                         net (fo=7, routed)           0.365     1.223    my_baud_rate_generator/counterTick[0]_i_1_n_0
    SLICE_X48Y43         FDRE                                         r  my_baud_rate_generator/counterTick_reg[2]/R
  -------------------------------------------------------------------    -------------------

                         (clock clk_out1_sys_pll_1 rise edge)
                                                     25.000    25.000 r  
    W5                                                0.000    25.000 r  sys_clk (IN)
                         net (fo=0)                   0.000    25.000    clock_40mhz/inst/clk_in1
    W5                   IBUF (Prop_ibuf_I_O)         1.388    26.388 r  clock_40mhz/inst/clkin1_ibufg/O
                         net (fo=1, routed)           1.162    27.550    clock_40mhz/inst/clk_in1_sys_pll
    MMCME2_ADV_X1Y0      MMCME2_ADV (Prop_mmcme2_adv_CLKIN1_CLKOUT0)
                                                     -7.217    20.332 r  clock_40mhz/inst/mmcm_adv_inst/CLKOUT0
                         net (fo=1, routed)           1.581    21.914    clock_40mhz/inst/clk_out1_sys_pll
    BUFGCTRL_X0Y0        BUFG (Prop_bufg_I_O)         0.091    22.005 r  clock_40mhz/inst/clkout1_buf/O
                         net (fo=8, routed)           1.451    23.456    my_baud_rate_generator/clk_out1
    SLICE_X48Y43         FDRE                                         r  my_baud_rate_generator/counterTick_reg[2]/C
                         clock pessimism              0.603    24.058    
                         clock uncertainty           -0.087    23.971    
    SLICE_X48Y43         FDRE (Setup_fdre_C_R)       -0.429    23.542    my_baud_rate_generator/counterTick_reg[2]
  -------------------------------------------------------------------
                         required time                         23.542    
                         arrival time                          -1.223    
  -------------------------------------------------------------------
                         slack                                 22.320    

Slack (MET) :             22.320ns  (required time - arrival time)
  Source:                 my_baud_rate_generator/counterTick_reg[3]/C
                            (rising edge-triggered cell FDRE clocked by clk_out1_sys_pll  {rise@0.000ns fall@12.500ns period=25.000ns})
  Destination:            my_baud_rate_generator/counterTick_reg[3]/R
                            (rising edge-triggered cell FDRE clocked by clk_out1_sys_pll_1  {rise@0.000ns fall@12.500ns period=25.000ns})
  Path Group:             clk_out1_sys_pll_1
  Path Type:              Setup (Max at Slow Process Corner)
  Requirement:            25.000ns  (clk_out1_sys_pll_1 rise@25.000ns - clk_out1_sys_pll rise@0.000ns)
  Data Path Delay:        2.164ns  (logic 0.704ns (32.531%)  route 1.460ns (67.469%))
  Logic Levels:           2  (LUT4=1 LUT5=1)
  Clock Path Skew:        0.000ns (DCD - SCD + CPR)
    Destination Clock Delay (DCD):    -1.544ns = ( 23.456 - 25.000 ) 
    Source Clock Delay      (SCD):    -0.942ns
    Clock Pessimism Removal (CPR):    0.603ns
  Clock Uncertainty:      0.087ns  ((TSJ^2 + DJ^2)^1/2) / 2 + PE
    Total System Jitter     (TSJ):    0.071ns
    Discrete Jitter          (DJ):    0.159ns
    Phase Error              (PE):    0.000ns
  Clock Domain Crossing:  Inter clock paths are considered valid unless explicitly excluded by timing constraints such as set_clock_groups or set_false_path.

    Location             Delay type                Incr(ns)  Path(ns)    Netlist Resource(s)
  -------------------------------------------------------------------    -------------------
                         (clock clk_out1_sys_pll rise edge)
                                                      0.000     0.000 r  
    W5                                                0.000     0.000 r  sys_clk (IN)
                         net (fo=0)                   0.000     0.000    clock_40mhz/inst/clk_in1
    W5                   IBUF (Prop_ibuf_I_O)         1.458     1.458 r  clock_40mhz/inst/clkin1_ibufg/O
                         net (fo=1, routed)           1.233     2.691    clock_40mhz/inst/clk_in1_sys_pll
    MMCME2_ADV_X1Y0      MMCME2_ADV (Prop_mmcme2_adv_CLKIN1_CLKOUT0)
                                                     -6.961    -4.269 r  clock_40mhz/inst/mmcm_adv_inst/CLKOUT0
                         net (fo=1, routed)           1.661    -2.608    clock_40mhz/inst/clk_out1_sys_pll
    BUFGCTRL_X0Y0        BUFG (Prop_bufg_I_O)         0.096    -2.512 r  clock_40mhz/inst/clkout1_buf/O
                         net (fo=8, routed)           1.570    -0.942    my_baud_rate_generator/clk_out1
    SLICE_X48Y43         FDRE                                         r  my_baud_rate_generator/counterTick_reg[3]/C
  -------------------------------------------------------------------    -------------------
    SLICE_X48Y43         FDRE (Prop_fdre_C_Q)         0.456    -0.486 f  my_baud_rate_generator/counterTick_reg[3]/Q
                         net (fo=2, routed)           0.680     0.195    my_baud_rate_generator/counterTick_reg[3]
    SLICE_X49Y43         LUT4 (Prop_lut4_I3_O)        0.124     0.319 f  my_baud_rate_generator/counterTick[0]_i_3/O
                         net (fo=2, routed)           0.415     0.734    my_baud_rate_generator/counterTick[0]_i_3_n_0
    SLICE_X49Y44         LUT5 (Prop_lut5_I0_O)        0.124     0.858 r  my_baud_rate_generator/counterTick[0]_i_1/O
                         net (fo=7, routed)           0.365     1.223    my_baud_rate_generator/counterTick[0]_i_1_n_0
    SLICE_X48Y43         FDRE                                         r  my_baud_rate_generator/counterTick_reg[3]/R
  -------------------------------------------------------------------    -------------------

                         (clock clk_out1_sys_pll_1 rise edge)
                                                     25.000    25.000 r  
    W5                                                0.000    25.000 r  sys_clk (IN)
                         net (fo=0)                   0.000    25.000    clock_40mhz/inst/clk_in1
    W5                   IBUF (Prop_ibuf_I_O)         1.388    26.388 r  clock_40mhz/inst/clkin1_ibufg/O
                         net (fo=1, routed)           1.162    27.550    clock_40mhz/inst/clk_in1_sys_pll
    MMCME2_ADV_X1Y0      MMCME2_ADV (Prop_mmcme2_adv_CLKIN1_CLKOUT0)
                                                     -7.217    20.332 r  clock_40mhz/inst/mmcm_adv_inst/CLKOUT0
                         net (fo=1, routed)           1.581    21.914    clock_40mhz/inst/clk_out1_sys_pll
    BUFGCTRL_X0Y0        BUFG (Prop_bufg_I_O)         0.091    22.005 r  clock_40mhz/inst/clkout1_buf/O
                         net (fo=8, routed)           1.451    23.456    my_baud_rate_generator/clk_out1
    SLICE_X48Y43         FDRE                                         r  my_baud_rate_generator/counterTick_reg[3]/C
                         clock pessimism              0.603    24.058    
                         clock uncertainty           -0.087    23.971    
    SLICE_X48Y43         FDRE (Setup_fdre_C_R)       -0.429    23.542    my_baud_rate_generator/counterTick_reg[3]
  -------------------------------------------------------------------
                         required time                         23.542    
                         arrival time                          -1.223    
  -------------------------------------------------------------------
                         slack                                 22.320    

Slack (MET) :             22.936ns  (required time - arrival time)
  Source:                 my_baud_rate_generator/counterTick_reg[1]/C
                            (rising edge-triggered cell FDRE clocked by clk_out1_sys_pll  {rise@0.000ns fall@12.500ns period=25.000ns})
  Destination:            my_baud_rate_generator/counterTick_reg[5]/D
                            (rising edge-triggered cell FDRE clocked by clk_out1_sys_pll_1  {rise@0.000ns fall@12.500ns period=25.000ns})
  Path Group:             clk_out1_sys_pll_1
  Path Type:              Setup (Max at Slow Process Corner)
  Requirement:            25.000ns  (clk_out1_sys_pll_1 rise@25.000ns - clk_out1_sys_pll rise@0.000ns)
  Data Path Delay:        2.014ns  (logic 1.464ns (72.693%)  route 0.550ns (27.307%))
  Logic Levels:           2  (CARRY4=2)
  Clock Path Skew:        -0.025ns (DCD - SCD + CPR)
    Destination Clock Delay (DCD):    -1.544ns = ( 23.456 - 25.000 ) 
    Source Clock Delay      (SCD):    -0.942ns
    Clock Pessimism Removal (CPR):    0.578ns
  Clock Uncertainty:      0.087ns  ((TSJ^2 + DJ^2)^1/2) / 2 + PE
    Total System Jitter     (TSJ):    0.071ns
    Discrete Jitter          (DJ):    0.159ns
    Phase Error              (PE):    0.000ns
  Clock Domain Crossing:  Inter clock paths are considered valid unless explicitly excluded by timing constraints such as set_clock_groups or set_false_path.

    Location             Delay type                Incr(ns)  Path(ns)    Netlist Resource(s)
  -------------------------------------------------------------------    -------------------
                         (clock clk_out1_sys_pll rise edge)
                                                      0.000     0.000 r  
    W5                                                0.000     0.000 r  sys_clk (IN)
                         net (fo=0)                   0.000     0.000    clock_40mhz/inst/clk_in1
    W5                   IBUF (Prop_ibuf_I_O)         1.458     1.458 r  clock_40mhz/inst/clkin1_ibufg/O
                         net (fo=1, routed)           1.233     2.691    clock_40mhz/inst/clk_in1_sys_pll
    MMCME2_ADV_X1Y0      MMCME2_ADV (Prop_mmcme2_adv_CLKIN1_CLKOUT0)
                                                     -6.961    -4.269 r  clock_40mhz/inst/mmcm_adv_inst/CLKOUT0
                         net (fo=1, routed)           1.661    -2.608    clock_40mhz/inst/clk_out1_sys_pll
    BUFGCTRL_X0Y0        BUFG (Prop_bufg_I_O)         0.096    -2.512 r  clock_40mhz/inst/clkout1_buf/O
                         net (fo=8, routed)           1.570    -0.942    my_baud_rate_generator/clk_out1
    SLICE_X48Y43         FDRE                                         r  my_baud_rate_generator/counterTick_reg[1]/C
  -------------------------------------------------------------------    -------------------
    SLICE_X48Y43         FDRE (Prop_fdre_C_Q)         0.456    -0.486 r  my_baud_rate_generator/counterTick_reg[1]/Q
                         net (fo=2, routed)           0.550     0.064    my_baud_rate_generator/counterTick_reg[1]
    SLICE_X48Y43         CARRY4 (Prop_carry4_S[1]_CO[3])
                                                      0.674     0.738 r  my_baud_rate_generator/counterTick_reg[0]_i_2/CO[3]
                         net (fo=1, routed)           0.000     0.738    my_baud_rate_generator/counterTick_reg[0]_i_2_n_0
    SLICE_X48Y44         CARRY4 (Prop_carry4_CI_O[1])
                                                      0.334     1.072 r  my_baud_rate_generator/counterTick_reg[4]_i_1/O[1]
                         net (fo=1, routed)           0.000     1.072    my_baud_rate_generator/counterTick_reg[4]_i_1_n_6
    SLICE_X48Y44         FDRE                                         r  my_baud_rate_generator/counterTick_reg[5]/D
  -------------------------------------------------------------------    -------------------

                         (clock clk_out1_sys_pll_1 rise edge)
                                                     25.000    25.000 r  
    W5                                                0.000    25.000 r  sys_clk (IN)
                         net (fo=0)                   0.000    25.000    clock_40mhz/inst/clk_in1
    W5                   IBUF (Prop_ibuf_I_O)         1.388    26.388 r  clock_40mhz/inst/clkin1_ibufg/O
                         net (fo=1, routed)           1.162    27.550    clock_40mhz/inst/clk_in1_sys_pll
    MMCME2_ADV_X1Y0      MMCME2_ADV (Prop_mmcme2_adv_CLKIN1_CLKOUT0)
                                                     -7.217    20.332 r  clock_40mhz/inst/mmcm_adv_inst/CLKOUT0
                         net (fo=1, routed)           1.581    21.914    clock_40mhz/inst/clk_out1_sys_pll
    BUFGCTRL_X0Y0        BUFG (Prop_bufg_I_O)         0.091    22.005 r  clock_40mhz/inst/clkout1_buf/O
                         net (fo=8, routed)           1.451    23.456    my_baud_rate_generator/clk_out1
    SLICE_X48Y44         FDRE                                         r  my_baud_rate_generator/counterTick_reg[5]/C
                         clock pessimism              0.578    24.033    
                         clock uncertainty           -0.087    23.946    
    SLICE_X48Y44         FDRE (Setup_fdre_C_D)        0.062    24.008    my_baud_rate_generator/counterTick_reg[5]
  -------------------------------------------------------------------
                         required time                         24.008    
                         arrival time                          -1.072    
  -------------------------------------------------------------------
                         slack                                 22.936    

Slack (MET) :             23.031ns  (required time - arrival time)
  Source:                 my_baud_rate_generator/counterTick_reg[1]/C
                            (rising edge-triggered cell FDRE clocked by clk_out1_sys_pll  {rise@0.000ns fall@12.500ns period=25.000ns})
  Destination:            my_baud_rate_generator/counterTick_reg[6]/D
                            (rising edge-triggered cell FDRE clocked by clk_out1_sys_pll_1  {rise@0.000ns fall@12.500ns period=25.000ns})
  Path Group:             clk_out1_sys_pll_1
  Path Type:              Setup (Max at Slow Process Corner)
  Requirement:            25.000ns  (clk_out1_sys_pll_1 rise@25.000ns - clk_out1_sys_pll rise@0.000ns)
  Data Path Delay:        1.919ns  (logic 1.369ns (71.341%)  route 0.550ns (28.659%))
  Logic Levels:           2  (CARRY4=2)
  Clock Path Skew:        -0.025ns (DCD - SCD + CPR)
    Destination Clock Delay (DCD):    -1.544ns = ( 23.456 - 25.000 ) 
    Source Clock Delay      (SCD):    -0.942ns
    Clock Pessimism Removal (CPR):    0.578ns
  Clock Uncertainty:      0.087ns  ((TSJ^2 + DJ^2)^1/2) / 2 + PE
    Total System Jitter     (TSJ):    0.071ns
    Discrete Jitter          (DJ):    0.159ns
    Phase Error              (PE):    0.000ns
  Clock Domain Crossing:  Inter clock paths are considered valid unless explicitly excluded by timing constraints such as set_clock_groups or set_false_path.

    Location             Delay type                Incr(ns)  Path(ns)    Netlist Resource(s)
  -------------------------------------------------------------------    -------------------
                         (clock clk_out1_sys_pll rise edge)
                                                      0.000     0.000 r  
    W5                                                0.000     0.000 r  sys_clk (IN)
                         net (fo=0)                   0.000     0.000    clock_40mhz/inst/clk_in1
    W5                   IBUF (Prop_ibuf_I_O)         1.458     1.458 r  clock_40mhz/inst/clkin1_ibufg/O
                         net (fo=1, routed)           1.233     2.691    clock_40mhz/inst/clk_in1_sys_pll
    MMCME2_ADV_X1Y0      MMCME2_ADV (Prop_mmcme2_adv_CLKIN1_CLKOUT0)
                                                     -6.961    -4.269 r  clock_40mhz/inst/mmcm_adv_inst/CLKOUT0
                         net (fo=1, routed)           1.661    -2.608    clock_40mhz/inst/clk_out1_sys_pll
    BUFGCTRL_X0Y0        BUFG (Prop_bufg_I_O)         0.096    -2.512 r  clock_40mhz/inst/clkout1_buf/O
                         net (fo=8, routed)           1.570    -0.942    my_baud_rate_generator/clk_out1
    SLICE_X48Y43         FDRE                                         r  my_baud_rate_generator/counterTick_reg[1]/C
  -------------------------------------------------------------------    -------------------
    SLICE_X48Y43         FDRE (Prop_fdre_C_Q)         0.456    -0.486 r  my_baud_rate_generator/counterTick_reg[1]/Q
                         net (fo=2, routed)           0.550     0.064    my_baud_rate_generator/counterTick_reg[1]
    SLICE_X48Y43         CARRY4 (Prop_carry4_S[1]_CO[3])
                                                      0.674     0.738 r  my_baud_rate_generator/counterTick_reg[0]_i_2/CO[3]
                         net (fo=1, routed)           0.000     0.738    my_baud_rate_generator/counterTick_reg[0]_i_2_n_0
    SLICE_X48Y44         CARRY4 (Prop_carry4_CI_O[2])
                                                      0.239     0.977 r  my_baud_rate_generator/counterTick_reg[4]_i_1/O[2]
                         net (fo=1, routed)           0.000     0.977    my_baud_rate_generator/counterTick_reg[4]_i_1_n_5
    SLICE_X48Y44         FDRE                                         r  my_baud_rate_generator/counterTick_reg[6]/D
  -------------------------------------------------------------------    -------------------

                         (clock clk_out1_sys_pll_1 rise edge)
                                                     25.000    25.000 r  
    W5                                                0.000    25.000 r  sys_clk (IN)
                         net (fo=0)                   0.000    25.000    clock_40mhz/inst/clk_in1
    W5                   IBUF (Prop_ibuf_I_O)         1.388    26.388 r  clock_40mhz/inst/clkin1_ibufg/O
                         net (fo=1, routed)           1.162    27.550    clock_40mhz/inst/clk_in1_sys_pll
    MMCME2_ADV_X1Y0      MMCME2_ADV (Prop_mmcme2_adv_CLKIN1_CLKOUT0)
                                                     -7.217    20.332 r  clock_40mhz/inst/mmcm_adv_inst/CLKOUT0
                         net (fo=1, routed)           1.581    21.914    clock_40mhz/inst/clk_out1_sys_pll
    BUFGCTRL_X0Y0        BUFG (Prop_bufg_I_O)         0.091    22.005 r  clock_40mhz/inst/clkout1_buf/O
                         net (fo=8, routed)           1.451    23.456    my_baud_rate_generator/clk_out1
    SLICE_X48Y44         FDRE                                         r  my_baud_rate_generator/counterTick_reg[6]/C
                         clock pessimism              0.578    24.033    
                         clock uncertainty           -0.087    23.946    
    SLICE_X48Y44         FDRE (Setup_fdre_C_D)        0.062    24.008    my_baud_rate_generator/counterTick_reg[6]
  -------------------------------------------------------------------
                         required time                         24.008    
                         arrival time                          -0.977    
  -------------------------------------------------------------------
                         slack                                 23.031    

Slack (MET) :             23.047ns  (required time - arrival time)
  Source:                 my_baud_rate_generator/counterTick_reg[1]/C
                            (rising edge-triggered cell FDRE clocked by clk_out1_sys_pll  {rise@0.000ns fall@12.500ns period=25.000ns})
  Destination:            my_baud_rate_generator/counterTick_reg[4]/D
                            (rising edge-triggered cell FDRE clocked by clk_out1_sys_pll_1  {rise@0.000ns fall@12.500ns period=25.000ns})
  Path Group:             clk_out1_sys_pll_1
  Path Type:              Setup (Max at Slow Process Corner)
  Requirement:            25.000ns  (clk_out1_sys_pll_1 rise@25.000ns - clk_out1_sys_pll rise@0.000ns)
  Data Path Delay:        1.903ns  (logic 1.353ns (71.100%)  route 0.550ns (28.900%))
  Logic Levels:           2  (CARRY4=2)
  Clock Path Skew:        -0.025ns (DCD - SCD + CPR)
    Destination Clock Delay (DCD):    -1.544ns = ( 23.456 - 25.000 ) 
    Source Clock Delay      (SCD):    -0.942ns
    Clock Pessimism Removal (CPR):    0.578ns
  Clock Uncertainty:      0.087ns  ((TSJ^2 + DJ^2)^1/2) / 2 + PE
    Total System Jitter     (TSJ):    0.071ns
    Discrete Jitter          (DJ):    0.159ns
    Phase Error              (PE):    0.000ns
  Clock Domain Crossing:  Inter clock paths are considered valid unless explicitly excluded by timing constraints such as set_clock_groups or set_false_path.

    Location             Delay type                Incr(ns)  Path(ns)    Netlist Resource(s)
  -------------------------------------------------------------------    -------------------
                         (clock clk_out1_sys_pll rise edge)
                                                      0.000     0.000 r  
    W5                                                0.000     0.000 r  sys_clk (IN)
                         net (fo=0)                   0.000     0.000    clock_40mhz/inst/clk_in1
    W5                   IBUF (Prop_ibuf_I_O)         1.458     1.458 r  clock_40mhz/inst/clkin1_ibufg/O
                         net (fo=1, routed)           1.233     2.691    clock_40mhz/inst/clk_in1_sys_pll
    MMCME2_ADV_X1Y0      MMCME2_ADV (Prop_mmcme2_adv_CLKIN1_CLKOUT0)
                                                     -6.961    -4.269 r  clock_40mhz/inst/mmcm_adv_inst/CLKOUT0
                         net (fo=1, routed)           1.661    -2.608    clock_40mhz/inst/clk_out1_sys_pll
    BUFGCTRL_X0Y0        BUFG (Prop_bufg_I_O)         0.096    -2.512 r  clock_40mhz/inst/clkout1_buf/O
                         net (fo=8, routed)           1.570    -0.942    my_baud_rate_generator/clk_out1
    SLICE_X48Y43         FDRE                                         r  my_baud_rate_generator/counterTick_reg[1]/C
  -------------------------------------------------------------------    -------------------
    SLICE_X48Y43         FDRE (Prop_fdre_C_Q)         0.456    -0.486 r  my_baud_rate_generator/counterTick_reg[1]/Q
                         net (fo=2, routed)           0.550     0.064    my_baud_rate_generator/counterTick_reg[1]
    SLICE_X48Y43         CARRY4 (Prop_carry4_S[1]_CO[3])
                                                      0.674     0.738 r  my_baud_rate_generator/counterTick_reg[0]_i_2/CO[3]
                         net (fo=1, routed)           0.000     0.738    my_baud_rate_generator/counterTick_reg[0]_i_2_n_0
    SLICE_X48Y44         CARRY4 (Prop_carry4_CI_O[0])
                                                      0.223     0.961 r  my_baud_rate_generator/counterTick_reg[4]_i_1/O[0]
                         net (fo=1, routed)           0.000     0.961    my_baud_rate_generator/counterTick_reg[4]_i_1_n_7
    SLICE_X48Y44         FDRE                                         r  my_baud_rate_generator/counterTick_reg[4]/D
  -------------------------------------------------------------------    -------------------

                         (clock clk_out1_sys_pll_1 rise edge)
                                                     25.000    25.000 r  
    W5                                                0.000    25.000 r  sys_clk (IN)
                         net (fo=0)                   0.000    25.000    clock_40mhz/inst/clk_in1
    W5                   IBUF (Prop_ibuf_I_O)         1.388    26.388 r  clock_40mhz/inst/clkin1_ibufg/O
                         net (fo=1, routed)           1.162    27.550    clock_40mhz/inst/clk_in1_sys_pll
    MMCME2_ADV_X1Y0      MMCME2_ADV (Prop_mmcme2_adv_CLKIN1_CLKOUT0)
                                                     -7.217    20.332 r  clock_40mhz/inst/mmcm_adv_inst/CLKOUT0
                         net (fo=1, routed)           1.581    21.914    clock_40mhz/inst/clk_out1_sys_pll
    BUFGCTRL_X0Y0        BUFG (Prop_bufg_I_O)         0.091    22.005 r  clock_40mhz/inst/clkout1_buf/O
                         net (fo=8, routed)           1.451    23.456    my_baud_rate_generator/clk_out1
    SLICE_X48Y44         FDRE                                         r  my_baud_rate_generator/counterTick_reg[4]/C
                         clock pessimism              0.578    24.033    
                         clock uncertainty           -0.087    23.946    
    SLICE_X48Y44         FDRE (Setup_fdre_C_D)        0.062    24.008    my_baud_rate_generator/counterTick_reg[4]
  -------------------------------------------------------------------
                         required time                         24.008    
                         arrival time                          -0.961    
  -------------------------------------------------------------------
                         slack                                 23.047    





Min Delay Paths
--------------------------------------------------------------------------------------
Slack (MET) :             0.193ns  (arrival time - required time)
  Source:                 my_baud_rate_generator/counterTick_reg[2]/C
                            (rising edge-triggered cell FDRE clocked by clk_out1_sys_pll  {rise@0.000ns fall@12.500ns period=25.000ns})
  Destination:            my_baud_rate_generator/counterTick_reg[2]/D
                            (rising edge-triggered cell FDRE clocked by clk_out1_sys_pll_1  {rise@0.000ns fall@12.500ns period=25.000ns})
  Path Group:             clk_out1_sys_pll_1
  Path Type:              Hold (Min at Fast Process Corner)
  Requirement:            0.000ns  (clk_out1_sys_pll_1 rise@0.000ns - clk_out1_sys_pll rise@0.000ns)
  Data Path Delay:        0.386ns  (logic 0.252ns (65.354%)  route 0.134ns (34.646%))
  Logic Levels:           1  (CARRY4=1)
  Clock Path Skew:        0.000ns (DCD - SCD - CPR)
    Destination Clock Delay (DCD):    -0.854ns
    Source Clock Delay      (SCD):    -0.615ns
    Clock Pessimism Removal (CPR):    -0.238ns
  Clock Uncertainty:      0.087ns  ((TSJ^2 + DJ^2)^1/2) / 2 + PE
    Total System Jitter     (TSJ):    0.071ns
    Discrete Jitter          (DJ):    0.159ns
    Phase Error              (PE):    0.000ns
  Clock Domain Crossing:  Inter clock paths are considered valid unless explicitly excluded by timing constraints such as set_clock_groups or set_false_path.

    Location             Delay type                Incr(ns)  Path(ns)    Netlist Resource(s)
  -------------------------------------------------------------------    -------------------
                         (clock clk_out1_sys_pll rise edge)
                                                      0.000     0.000 r  
    W5                                                0.000     0.000 r  sys_clk (IN)
                         net (fo=0)                   0.000     0.000    clock_40mhz/inst/clk_in1
    W5                   IBUF (Prop_ibuf_I_O)         0.226     0.226 r  clock_40mhz/inst/clkin1_ibufg/O
                         net (fo=1, routed)           0.440     0.667    clock_40mhz/inst/clk_in1_sys_pll
    MMCME2_ADV_X1Y0      MMCME2_ADV (Prop_mmcme2_adv_CLKIN1_CLKOUT0)
                                                     -2.360    -1.693 r  clock_40mhz/inst/mmcm_adv_inst/CLKOUT0
                         net (fo=1, routed)           0.486    -1.207    clock_40mhz/inst/clk_out1_sys_pll
    BUFGCTRL_X0Y0        BUFG (Prop_bufg_I_O)         0.026    -1.181 r  clock_40mhz/inst/clkout1_buf/O
                         net (fo=8, routed)           0.566    -0.615    my_baud_rate_generator/clk_out1
    SLICE_X48Y43         FDRE                                         r  my_baud_rate_generator/counterTick_reg[2]/C
  -------------------------------------------------------------------    -------------------
    SLICE_X48Y43         FDRE (Prop_fdre_C_Q)         0.141    -0.474 r  my_baud_rate_generator/counterTick_reg[2]/Q
                         net (fo=3, routed)           0.134    -0.341    my_baud_rate_generator/counterTick_reg[2]
    SLICE_X48Y43         CARRY4 (Prop_carry4_S[2]_O[2])
                                                      0.111    -0.230 r  my_baud_rate_generator/counterTick_reg[0]_i_2/O[2]
                         net (fo=1, routed)           0.000    -0.230    my_baud_rate_generator/counterTick_reg[0]_i_2_n_5
    SLICE_X48Y43         FDRE                                         r  my_baud_rate_generator/counterTick_reg[2]/D
  -------------------------------------------------------------------    -------------------

                         (clock clk_out1_sys_pll_1 rise edge)
                                                      0.000     0.000 r  
    W5                                                0.000     0.000 r  sys_clk (IN)
                         net (fo=0)                   0.000     0.000    clock_40mhz/inst/clk_in1
    W5                   IBUF (Prop_ibuf_I_O)         0.414     0.414 r  clock_40mhz/inst/clkin1_ibufg/O
                         net (fo=1, routed)           0.480     0.894    clock_40mhz/inst/clk_in1_sys_pll
    MMCME2_ADV_X1Y0      MMCME2_ADV (Prop_mmcme2_adv_CLKIN1_CLKOUT0)
                                                     -3.142    -2.248 r  clock_40mhz/inst/mmcm_adv_inst/CLKOUT0
                         net (fo=1, routed)           0.530    -1.718    clock_40mhz/inst/clk_out1_sys_pll
    BUFGCTRL_X0Y0        BUFG (Prop_bufg_I_O)         0.029    -1.689 r  clock_40mhz/inst/clkout1_buf/O
                         net (fo=8, routed)           0.836    -0.854    my_baud_rate_generator/clk_out1
    SLICE_X48Y43         FDRE                                         r  my_baud_rate_generator/counterTick_reg[2]/C
                         clock pessimism              0.238    -0.615    
                         clock uncertainty            0.087    -0.528    
    SLICE_X48Y43         FDRE (Hold_fdre_C_D)         0.105    -0.423    my_baud_rate_generator/counterTick_reg[2]
  -------------------------------------------------------------------
                         required time                          0.423    
                         arrival time                          -0.230    
  -------------------------------------------------------------------
                         slack                                  0.193    

Slack (MET) :             0.193ns  (arrival time - required time)
  Source:                 my_baud_rate_generator/counterTick_reg[6]/C
                            (rising edge-triggered cell FDRE clocked by clk_out1_sys_pll  {rise@0.000ns fall@12.500ns period=25.000ns})
  Destination:            my_baud_rate_generator/counterTick_reg[6]/D
                            (rising edge-triggered cell FDRE clocked by clk_out1_sys_pll_1  {rise@0.000ns fall@12.500ns period=25.000ns})
  Path Group:             clk_out1_sys_pll_1
  Path Type:              Hold (Min at Fast Process Corner)
  Requirement:            0.000ns  (clk_out1_sys_pll_1 rise@0.000ns - clk_out1_sys_pll rise@0.000ns)
  Data Path Delay:        0.386ns  (logic 0.252ns (65.354%)  route 0.134ns (34.646%))
  Logic Levels:           1  (CARRY4=1)
  Clock Path Skew:        0.000ns (DCD - SCD - CPR)
    Destination Clock Delay (DCD):    -0.854ns
    Source Clock Delay      (SCD):    -0.615ns
    Clock Pessimism Removal (CPR):    -0.238ns
  Clock Uncertainty:      0.087ns  ((TSJ^2 + DJ^2)^1/2) / 2 + PE
    Total System Jitter     (TSJ):    0.071ns
    Discrete Jitter          (DJ):    0.159ns
    Phase Error              (PE):    0.000ns
  Clock Domain Crossing:  Inter clock paths are considered valid unless explicitly excluded by timing constraints such as set_clock_groups or set_false_path.

    Location             Delay type                Incr(ns)  Path(ns)    Netlist Resource(s)
  -------------------------------------------------------------------    -------------------
                         (clock clk_out1_sys_pll rise edge)
                                                      0.000     0.000 r  
    W5                                                0.000     0.000 r  sys_clk (IN)
                         net (fo=0)                   0.000     0.000    clock_40mhz/inst/clk_in1
    W5                   IBUF (Prop_ibuf_I_O)         0.226     0.226 r  clock_40mhz/inst/clkin1_ibufg/O
                         net (fo=1, routed)           0.440     0.667    clock_40mhz/inst/clk_in1_sys_pll
    MMCME2_ADV_X1Y0      MMCME2_ADV (Prop_mmcme2_adv_CLKIN1_CLKOUT0)
                                                     -2.360    -1.693 r  clock_40mhz/inst/mmcm_adv_inst/CLKOUT0
                         net (fo=1, routed)           0.486    -1.207    clock_40mhz/inst/clk_out1_sys_pll
    BUFGCTRL_X0Y0        BUFG (Prop_bufg_I_O)         0.026    -1.181 r  clock_40mhz/inst/clkout1_buf/O
                         net (fo=8, routed)           0.566    -0.615    my_baud_rate_generator/clk_out1
    SLICE_X48Y44         FDRE                                         r  my_baud_rate_generator/counterTick_reg[6]/C
  -------------------------------------------------------------------    -------------------
    SLICE_X48Y44         FDRE (Prop_fdre_C_Q)         0.141    -0.474 r  my_baud_rate_generator/counterTick_reg[6]/Q
                         net (fo=2, routed)           0.134    -0.341    my_baud_rate_generator/counterTick_reg[6]
    SLICE_X48Y44         CARRY4 (Prop_carry4_S[2]_O[2])
                                                      0.111    -0.230 r  my_baud_rate_generator/counterTick_reg[4]_i_1/O[2]
                         net (fo=1, routed)           0.000    -0.230    my_baud_rate_generator/counterTick_reg[4]_i_1_n_5
    SLICE_X48Y44         FDRE                                         r  my_baud_rate_generator/counterTick_reg[6]/D
  -------------------------------------------------------------------    -------------------

                         (clock clk_out1_sys_pll_1 rise edge)
                                                      0.000     0.000 r  
    W5                                                0.000     0.000 r  sys_clk (IN)
                         net (fo=0)                   0.000     0.000    clock_40mhz/inst/clk_in1
    W5                   IBUF (Prop_ibuf_I_O)         0.414     0.414 r  clock_40mhz/inst/clkin1_ibufg/O
                         net (fo=1, routed)           0.480     0.894    clock_40mhz/inst/clk_in1_sys_pll
    MMCME2_ADV_X1Y0      MMCME2_ADV (Prop_mmcme2_adv_CLKIN1_CLKOUT0)
                                                     -3.142    -2.248 r  clock_40mhz/inst/mmcm_adv_inst/CLKOUT0
                         net (fo=1, routed)           0.530    -1.718    clock_40mhz/inst/clk_out1_sys_pll
    BUFGCTRL_X0Y0        BUFG (Prop_bufg_I_O)         0.029    -1.689 r  clock_40mhz/inst/clkout1_buf/O
                         net (fo=8, routed)           0.836    -0.854    my_baud_rate_generator/clk_out1
    SLICE_X48Y44         FDRE                                         r  my_baud_rate_generator/counterTick_reg[6]/C
                         clock pessimism              0.238    -0.615    
                         clock uncertainty            0.087    -0.528    
    SLICE_X48Y44         FDRE (Hold_fdre_C_D)         0.105    -0.423    my_baud_rate_generator/counterTick_reg[6]
  -------------------------------------------------------------------
                         required time                          0.423    
                         arrival time                          -0.230    
  -------------------------------------------------------------------
                         slack                                  0.193    

Slack (MET) :             0.204ns  (arrival time - required time)
  Source:                 my_baud_rate_generator/counterTick_reg[2]/C
                            (rising edge-triggered cell FDRE clocked by clk_out1_sys_pll  {rise@0.000ns fall@12.500ns period=25.000ns})
  Destination:            my_baud_rate_generator/sys_tick_reg_reg/D
                            (rising edge-triggered cell FDRE clocked by clk_out1_sys_pll_1  {rise@0.000ns fall@12.500ns period=25.000ns})
  Path Group:             clk_out1_sys_pll_1
  Path Type:              Hold (Min at Fast Process Corner)
  Requirement:            0.000ns  (clk_out1_sys_pll_1 rise@0.000ns - clk_out1_sys_pll rise@0.000ns)
  Data Path Delay:        0.398ns  (logic 0.186ns (46.739%)  route 0.212ns (53.261%))
  Logic Levels:           1  (LUT6=1)
  Clock Path Skew:        0.016ns (DCD - SCD - CPR)
    Destination Clock Delay (DCD):    -0.854ns
    Source Clock Delay      (SCD):    -0.615ns
    Clock Pessimism Removal (CPR):    -0.254ns
  Clock Uncertainty:      0.087ns  ((TSJ^2 + DJ^2)^1/2) / 2 + PE
    Total System Jitter     (TSJ):    0.071ns
    Discrete Jitter          (DJ):    0.159ns
    Phase Error              (PE):    0.000ns
  Clock Domain Crossing:  Inter clock paths are considered valid unless explicitly excluded by timing constraints such as set_clock_groups or set_false_path.

    Location             Delay type                Incr(ns)  Path(ns)    Netlist Resource(s)
  -------------------------------------------------------------------    -------------------
                         (clock clk_out1_sys_pll rise edge)
                                                      0.000     0.000 r  
    W5                                                0.000     0.000 r  sys_clk (IN)
                         net (fo=0)                   0.000     0.000    clock_40mhz/inst/clk_in1
    W5                   IBUF (Prop_ibuf_I_O)         0.226     0.226 r  clock_40mhz/inst/clkin1_ibufg/O
                         net (fo=1, routed)           0.440     0.667    clock_40mhz/inst/clk_in1_sys_pll
    MMCME2_ADV_X1Y0      MMCME2_ADV (Prop_mmcme2_adv_CLKIN1_CLKOUT0)
                                                     -2.360    -1.693 r  clock_40mhz/inst/mmcm_adv_inst/CLKOUT0
                         net (fo=1, routed)           0.486    -1.207    clock_40mhz/inst/clk_out1_sys_pll
    BUFGCTRL_X0Y0        BUFG (Prop_bufg_I_O)         0.026    -1.181 r  clock_40mhz/inst/clkout1_buf/O
                         net (fo=8, routed)           0.566    -0.615    my_baud_rate_generator/clk_out1
    SLICE_X48Y43         FDRE                                         r  my_baud_rate_generator/counterTick_reg[2]/C
  -------------------------------------------------------------------    -------------------
    SLICE_X48Y43         FDRE (Prop_fdre_C_Q)         0.141    -0.474 f  my_baud_rate_generator/counterTick_reg[2]/Q
                         net (fo=3, routed)           0.212    -0.262    my_baud_rate_generator/counterTick_reg[2]
    SLICE_X49Y44         LUT6 (Prop_lut6_I3_O)        0.045    -0.217 r  my_baud_rate_generator/sys_tick_reg_i_1/O
                         net (fo=1, routed)           0.000    -0.217    my_baud_rate_generator/sys_tick_reg_i_1_n_0
    SLICE_X49Y44         FDRE                                         r  my_baud_rate_generator/sys_tick_reg_reg/D
  -------------------------------------------------------------------    -------------------

                         (clock clk_out1_sys_pll_1 rise edge)
                                                      0.000     0.000 r  
    W5                                                0.000     0.000 r  sys_clk (IN)
                         net (fo=0)                   0.000     0.000    clock_40mhz/inst/clk_in1
    W5                   IBUF (Prop_ibuf_I_O)         0.414     0.414 r  clock_40mhz/inst/clkin1_ibufg/O
                         net (fo=1, routed)           0.480     0.894    clock_40mhz/inst/clk_in1_sys_pll
    MMCME2_ADV_X1Y0      MMCME2_ADV (Prop_mmcme2_adv_CLKIN1_CLKOUT0)
                                                     -3.142    -2.248 r  clock_40mhz/inst/mmcm_adv_inst/CLKOUT0
                         net (fo=1, routed)           0.530    -1.718    clock_40mhz/inst/clk_out1_sys_pll
    BUFGCTRL_X0Y0        BUFG (Prop_bufg_I_O)         0.029    -1.689 r  clock_40mhz/inst/clkout1_buf/O
                         net (fo=8, routed)           0.836    -0.854    my_baud_rate_generator/clk_out1
    SLICE_X49Y44         FDRE                                         r  my_baud_rate_generator/sys_tick_reg_reg/C
                         clock pessimism              0.254    -0.599    
                         clock uncertainty            0.087    -0.512    
    SLICE_X49Y44         FDRE (Hold_fdre_C_D)         0.091    -0.421    my_baud_rate_generator/sys_tick_reg_reg
  -------------------------------------------------------------------
                         required time                          0.421    
                         arrival time                          -0.217    
  -------------------------------------------------------------------
                         slack                                  0.204    

Slack (MET) :             0.226ns  (arrival time - required time)
  Source:                 my_baud_rate_generator/counterTick_reg[2]/C
                            (rising edge-triggered cell FDRE clocked by clk_out1_sys_pll  {rise@0.000ns fall@12.500ns period=25.000ns})
  Destination:            my_baud_rate_generator/counterTick_reg[3]/D
                            (rising edge-triggered cell FDRE clocked by clk_out1_sys_pll_1  {rise@0.000ns fall@12.500ns period=25.000ns})
  Path Group:             clk_out1_sys_pll_1
  Path Type:              Hold (Min at Fast Process Corner)
  Requirement:            0.000ns  (clk_out1_sys_pll_1 rise@0.000ns - clk_out1_sys_pll rise@0.000ns)
  Data Path Delay:        0.419ns  (logic 0.285ns (68.085%)  route 0.134ns (31.915%))
  Logic Levels:           1  (CARRY4=1)
  Clock Path Skew:        0.000ns (DCD - SCD - CPR)
    Destination Clock Delay (DCD):    -0.854ns
    Source Clock Delay      (SCD):    -0.615ns
    Clock Pessimism Removal (CPR):    -0.238ns
  Clock Uncertainty:      0.087ns  ((TSJ^2 + DJ^2)^1/2) / 2 + PE
    Total System Jitter     (TSJ):    0.071ns
    Discrete Jitter          (DJ):    0.159ns
    Phase Error              (PE):    0.000ns
  Clock Domain Crossing:  Inter clock paths are considered valid unless explicitly excluded by timing constraints such as set_clock_groups or set_false_path.

    Location             Delay type                Incr(ns)  Path(ns)    Netlist Resource(s)
  -------------------------------------------------------------------    -------------------
                         (clock clk_out1_sys_pll rise edge)
                                                      0.000     0.000 r  
    W5                                                0.000     0.000 r  sys_clk (IN)
                         net (fo=0)                   0.000     0.000    clock_40mhz/inst/clk_in1
    W5                   IBUF (Prop_ibuf_I_O)         0.226     0.226 r  clock_40mhz/inst/clkin1_ibufg/O
                         net (fo=1, routed)           0.440     0.667    clock_40mhz/inst/clk_in1_sys_pll
    MMCME2_ADV_X1Y0      MMCME2_ADV (Prop_mmcme2_adv_CLKIN1_CLKOUT0)
                                                     -2.360    -1.693 r  clock_40mhz/inst/mmcm_adv_inst/CLKOUT0
                         net (fo=1, routed)           0.486    -1.207    clock_40mhz/inst/clk_out1_sys_pll
    BUFGCTRL_X0Y0        BUFG (Prop_bufg_I_O)         0.026    -1.181 r  clock_40mhz/inst/clkout1_buf/O
                         net (fo=8, routed)           0.566    -0.615    my_baud_rate_generator/clk_out1
    SLICE_X48Y43         FDRE                                         r  my_baud_rate_generator/counterTick_reg[2]/C
  -------------------------------------------------------------------    -------------------
    SLICE_X48Y43         FDRE (Prop_fdre_C_Q)         0.141    -0.474 r  my_baud_rate_generator/counterTick_reg[2]/Q
                         net (fo=3, routed)           0.134    -0.341    my_baud_rate_generator/counterTick_reg[2]
    SLICE_X48Y43         CARRY4 (Prop_carry4_S[2]_O[3])
                                                      0.144    -0.197 r  my_baud_rate_generator/counterTick_reg[0]_i_2/O[3]
                         net (fo=1, routed)           0.000    -0.197    my_baud_rate_generator/counterTick_reg[0]_i_2_n_4
    SLICE_X48Y43         FDRE                                         r  my_baud_rate_generator/counterTick_reg[3]/D
  -------------------------------------------------------------------    -------------------

                         (clock clk_out1_sys_pll_1 rise edge)
                                                      0.000     0.000 r  
    W5                                                0.000     0.000 r  sys_clk (IN)
                         net (fo=0)                   0.000     0.000    clock_40mhz/inst/clk_in1
    W5                   IBUF (Prop_ibuf_I_O)         0.414     0.414 r  clock_40mhz/inst/clkin1_ibufg/O
                         net (fo=1, routed)           0.480     0.894    clock_40mhz/inst/clk_in1_sys_pll
    MMCME2_ADV_X1Y0      MMCME2_ADV (Prop_mmcme2_adv_CLKIN1_CLKOUT0)
                                                     -3.142    -2.248 r  clock_40mhz/inst/mmcm_adv_inst/CLKOUT0
                         net (fo=1, routed)           0.530    -1.718    clock_40mhz/inst/clk_out1_sys_pll
    BUFGCTRL_X0Y0        BUFG (Prop_bufg_I_O)         0.029    -1.689 r  clock_40mhz/inst/clkout1_buf/O
                         net (fo=8, routed)           0.836    -0.854    my_baud_rate_generator/clk_out1
    SLICE_X48Y43         FDRE                                         r  my_baud_rate_generator/counterTick_reg[3]/C
                         clock pessimism              0.238    -0.615    
                         clock uncertainty            0.087    -0.528    
    SLICE_X48Y43         FDRE (Hold_fdre_C_D)         0.105    -0.423    my_baud_rate_generator/counterTick_reg[3]
  -------------------------------------------------------------------
                         required time                          0.423    
                         arrival time                          -0.197    
  -------------------------------------------------------------------
                         slack                                  0.226    

Slack (MET) :             0.248ns  (arrival time - required time)
  Source:                 my_baud_rate_generator/counterTick_reg[0]/C
                            (rising edge-triggered cell FDRE clocked by clk_out1_sys_pll  {rise@0.000ns fall@12.500ns period=25.000ns})
  Destination:            my_baud_rate_generator/counterTick_reg[0]/D
                            (rising edge-triggered cell FDRE clocked by clk_out1_sys_pll_1  {rise@0.000ns fall@12.500ns period=25.000ns})
  Path Group:             clk_out1_sys_pll_1
  Path Type:              Hold (Min at Fast Process Corner)
  Requirement:            0.000ns  (clk_out1_sys_pll_1 rise@0.000ns - clk_out1_sys_pll rise@0.000ns)
  Data Path Delay:        0.440ns  (logic 0.256ns (58.221%)  route 0.184ns (41.779%))
  Logic Levels:           2  (CARRY4=1 LUT1=1)
  Clock Path Skew:        0.000ns (DCD - SCD - CPR)
    Destination Clock Delay (DCD):    -0.854ns
    Source Clock Delay      (SCD):    -0.615ns
    Clock Pessimism Removal (CPR):    -0.238ns
  Clock Uncertainty:      0.087ns  ((TSJ^2 + DJ^2)^1/2) / 2 + PE
    Total System Jitter     (TSJ):    0.071ns
    Discrete Jitter          (DJ):    0.159ns
    Phase Error              (PE):    0.000ns
  Clock Domain Crossing:  Inter clock paths are considered valid unless explicitly excluded by timing constraints such as set_clock_groups or set_false_path.

    Location             Delay type                Incr(ns)  Path(ns)    Netlist Resource(s)
  -------------------------------------------------------------------    -------------------
                         (clock clk_out1_sys_pll rise edge)
                                                      0.000     0.000 r  
    W5                                                0.000     0.000 r  sys_clk (IN)
                         net (fo=0)                   0.000     0.000    clock_40mhz/inst/clk_in1
    W5                   IBUF (Prop_ibuf_I_O)         0.226     0.226 r  clock_40mhz/inst/clkin1_ibufg/O
                         net (fo=1, routed)           0.440     0.667    clock_40mhz/inst/clk_in1_sys_pll
    MMCME2_ADV_X1Y0      MMCME2_ADV (Prop_mmcme2_adv_CLKIN1_CLKOUT0)
                                                     -2.360    -1.693 r  clock_40mhz/inst/mmcm_adv_inst/CLKOUT0
                         net (fo=1, routed)           0.486    -1.207    clock_40mhz/inst/clk_out1_sys_pll
    BUFGCTRL_X0Y0        BUFG (Prop_bufg_I_O)         0.026    -1.181 r  clock_40mhz/inst/clkout1_buf/O
                         net (fo=8, routed)           0.566    -0.615    my_baud_rate_generator/clk_out1
    SLICE_X48Y43         FDRE                                         r  my_baud_rate_generator/counterTick_reg[0]/C
  -------------------------------------------------------------------    -------------------
    SLICE_X48Y43         FDRE (Prop_fdre_C_Q)         0.141    -0.474 f  my_baud_rate_generator/counterTick_reg[0]/Q
                         net (fo=2, routed)           0.184    -0.291    my_baud_rate_generator/counterTick_reg[0]
    SLICE_X48Y43         LUT1 (Prop_lut1_I0_O)        0.045    -0.246 r  my_baud_rate_generator/counterTick[0]_i_4/O
                         net (fo=1, routed)           0.000    -0.246    my_baud_rate_generator/counterTick[0]_i_4_n_0
    SLICE_X48Y43         CARRY4 (Prop_carry4_S[0]_O[0])
                                                      0.070    -0.176 r  my_baud_rate_generator/counterTick_reg[0]_i_2/O[0]
                         net (fo=1, routed)           0.000    -0.176    my_baud_rate_generator/counterTick_reg[0]_i_2_n_7
    SLICE_X48Y43         FDRE                                         r  my_baud_rate_generator/counterTick_reg[0]/D
  -------------------------------------------------------------------    -------------------

                         (clock clk_out1_sys_pll_1 rise edge)
                                                      0.000     0.000 r  
    W5                                                0.000     0.000 r  sys_clk (IN)
                         net (fo=0)                   0.000     0.000    clock_40mhz/inst/clk_in1
    W5                   IBUF (Prop_ibuf_I_O)         0.414     0.414 r  clock_40mhz/inst/clkin1_ibufg/O
                         net (fo=1, routed)           0.480     0.894    clock_40mhz/inst/clk_in1_sys_pll
    MMCME2_ADV_X1Y0      MMCME2_ADV (Prop_mmcme2_adv_CLKIN1_CLKOUT0)
                                                     -3.142    -2.248 r  clock_40mhz/inst/mmcm_adv_inst/CLKOUT0
                         net (fo=1, routed)           0.530    -1.718    clock_40mhz/inst/clk_out1_sys_pll
    BUFGCTRL_X0Y0        BUFG (Prop_bufg_I_O)         0.029    -1.689 r  clock_40mhz/inst/clkout1_buf/O
                         net (fo=8, routed)           0.836    -0.854    my_baud_rate_generator/clk_out1
    SLICE_X48Y43         FDRE                                         r  my_baud_rate_generator/counterTick_reg[0]/C
                         clock pessimism              0.238    -0.615    
                         clock uncertainty            0.087    -0.528    
    SLICE_X48Y43         FDRE (Hold_fdre_C_D)         0.105    -0.423    my_baud_rate_generator/counterTick_reg[0]
  -------------------------------------------------------------------
                         required time                          0.423    
                         arrival time                          -0.176    
  -------------------------------------------------------------------
                         slack                                  0.248    

Slack (MET) :             0.250ns  (arrival time - required time)
  Source:                 my_baud_rate_generator/counterTick_reg[1]/C
                            (rising edge-triggered cell FDRE clocked by clk_out1_sys_pll  {rise@0.000ns fall@12.500ns period=25.000ns})
  Destination:            my_baud_rate_generator/counterTick_reg[1]/D
                            (rising edge-triggered cell FDRE clocked by clk_out1_sys_pll_1  {rise@0.000ns fall@12.500ns period=25.000ns})
  Path Group:             clk_out1_sys_pll_1
  Path Type:              Hold (Min at Fast Process Corner)
  Requirement:            0.000ns  (clk_out1_sys_pll_1 rise@0.000ns - clk_out1_sys_pll rise@0.000ns)
  Data Path Delay:        0.442ns  (logic 0.251ns (56.793%)  route 0.191ns (43.207%))
  Logic Levels:           1  (CARRY4=1)
  Clock Path Skew:        0.000ns (DCD - SCD - CPR)
    Destination Clock Delay (DCD):    -0.854ns
    Source Clock Delay      (SCD):    -0.615ns
    Clock Pessimism Removal (CPR):    -0.238ns
  Clock Uncertainty:      0.087ns  ((TSJ^2 + DJ^2)^1/2) / 2 + PE
    Total System Jitter     (TSJ):    0.071ns
    Discrete Jitter          (DJ):    0.159ns
    Phase Error              (PE):    0.000ns
  Clock Domain Crossing:  Inter clock paths are considered valid unless explicitly excluded by timing constraints such as set_clock_groups or set_false_path.

    Location             Delay type                Incr(ns)  Path(ns)    Netlist Resource(s)
  -------------------------------------------------------------------    -------------------
                         (clock clk_out1_sys_pll rise edge)
                                                      0.000     0.000 r  
    W5                                                0.000     0.000 r  sys_clk (IN)
                         net (fo=0)                   0.000     0.000    clock_40mhz/inst/clk_in1
    W5                   IBUF (Prop_ibuf_I_O)         0.226     0.226 r  clock_40mhz/inst/clkin1_ibufg/O
                         net (fo=1, routed)           0.440     0.667    clock_40mhz/inst/clk_in1_sys_pll
    MMCME2_ADV_X1Y0      MMCME2_ADV (Prop_mmcme2_adv_CLKIN1_CLKOUT0)
                                                     -2.360    -1.693 r  clock_40mhz/inst/mmcm_adv_inst/CLKOUT0
                         net (fo=1, routed)           0.486    -1.207    clock_40mhz/inst/clk_out1_sys_pll
    BUFGCTRL_X0Y0        BUFG (Prop_bufg_I_O)         0.026    -1.181 r  clock_40mhz/inst/clkout1_buf/O
                         net (fo=8, routed)           0.566    -0.615    my_baud_rate_generator/clk_out1
    SLICE_X48Y43         FDRE                                         r  my_baud_rate_generator/counterTick_reg[1]/C
  -------------------------------------------------------------------    -------------------
    SLICE_X48Y43         FDRE (Prop_fdre_C_Q)         0.141    -0.474 r  my_baud_rate_generator/counterTick_reg[1]/Q
                         net (fo=2, routed)           0.191    -0.283    my_baud_rate_generator/counterTick_reg[1]
    SLICE_X48Y43         CARRY4 (Prop_carry4_S[1]_O[1])
                                                      0.110    -0.173 r  my_baud_rate_generator/counterTick_reg[0]_i_2/O[1]
                         net (fo=1, routed)           0.000    -0.173    my_baud_rate_generator/counterTick_reg[0]_i_2_n_6
    SLICE_X48Y43         FDRE                                         r  my_baud_rate_generator/counterTick_reg[1]/D
  -------------------------------------------------------------------    -------------------

                         (clock clk_out1_sys_pll_1 rise edge)
                                                      0.000     0.000 r  
    W5                                                0.000     0.000 r  sys_clk (IN)
                         net (fo=0)                   0.000     0.000    clock_40mhz/inst/clk_in1
    W5                   IBUF (Prop_ibuf_I_O)         0.414     0.414 r  clock_40mhz/inst/clkin1_ibufg/O
                         net (fo=1, routed)           0.480     0.894    clock_40mhz/inst/clk_in1_sys_pll
    MMCME2_ADV_X1Y0      MMCME2_ADV (Prop_mmcme2_adv_CLKIN1_CLKOUT0)
                                                     -3.142    -2.248 r  clock_40mhz/inst/mmcm_adv_inst/CLKOUT0
                         net (fo=1, routed)           0.530    -1.718    clock_40mhz/inst/clk_out1_sys_pll
    BUFGCTRL_X0Y0        BUFG (Prop_bufg_I_O)         0.029    -1.689 r  clock_40mhz/inst/clkout1_buf/O
                         net (fo=8, routed)           0.836    -0.854    my_baud_rate_generator/clk_out1
    SLICE_X48Y43         FDRE                                         r  my_baud_rate_generator/counterTick_reg[1]/C
                         clock pessimism              0.238    -0.615    
                         clock uncertainty            0.087    -0.528    
    SLICE_X48Y43         FDRE (Hold_fdre_C_D)         0.105    -0.423    my_baud_rate_generator/counterTick_reg[1]
  -------------------------------------------------------------------
                         required time                          0.423    
                         arrival time                          -0.173    
  -------------------------------------------------------------------
                         slack                                  0.250    

Slack (MET) :             0.258ns  (arrival time - required time)
  Source:                 my_baud_rate_generator/counterTick_reg[4]/C
                            (rising edge-triggered cell FDRE clocked by clk_out1_sys_pll  {rise@0.000ns fall@12.500ns period=25.000ns})
  Destination:            my_baud_rate_generator/counterTick_reg[4]/D
                            (rising edge-triggered cell FDRE clocked by clk_out1_sys_pll_1  {rise@0.000ns fall@12.500ns period=25.000ns})
  Path Group:             clk_out1_sys_pll_1
  Path Type:              Hold (Min at Fast Process Corner)
  Requirement:            0.000ns  (clk_out1_sys_pll_1 rise@0.000ns - clk_out1_sys_pll rise@0.000ns)
  Data Path Delay:        0.451ns  (logic 0.256ns (56.823%)  route 0.195ns (43.177%))
  Logic Levels:           1  (CARRY4=1)
  Clock Path Skew:        0.000ns (DCD - SCD - CPR)
    Destination Clock Delay (DCD):    -0.854ns
    Source Clock Delay      (SCD):    -0.615ns
    Clock Pessimism Removal (CPR):    -0.238ns
  Clock Uncertainty:      0.087ns  ((TSJ^2 + DJ^2)^1/2) / 2 + PE
    Total System Jitter     (TSJ):    0.071ns
    Discrete Jitter          (DJ):    0.159ns
    Phase Error              (PE):    0.000ns
  Clock Domain Crossing:  Inter clock paths are considered valid unless explicitly excluded by timing constraints such as set_clock_groups or set_false_path.

    Location             Delay type                Incr(ns)  Path(ns)    Netlist Resource(s)
  -------------------------------------------------------------------    -------------------
                         (clock clk_out1_sys_pll rise edge)
                                                      0.000     0.000 r  
    W5                                                0.000     0.000 r  sys_clk (IN)
                         net (fo=0)                   0.000     0.000    clock_40mhz/inst/clk_in1
    W5                   IBUF (Prop_ibuf_I_O)         0.226     0.226 r  clock_40mhz/inst/clkin1_ibufg/O
                         net (fo=1, routed)           0.440     0.667    clock_40mhz/inst/clk_in1_sys_pll
    MMCME2_ADV_X1Y0      MMCME2_ADV (Prop_mmcme2_adv_CLKIN1_CLKOUT0)
                                                     -2.360    -1.693 r  clock_40mhz/inst/mmcm_adv_inst/CLKOUT0
                         net (fo=1, routed)           0.486    -1.207    clock_40mhz/inst/clk_out1_sys_pll
    BUFGCTRL_X0Y0        BUFG (Prop_bufg_I_O)         0.026    -1.181 r  clock_40mhz/inst/clkout1_buf/O
                         net (fo=8, routed)           0.566    -0.615    my_baud_rate_generator/clk_out1
    SLICE_X48Y44         FDRE                                         r  my_baud_rate_generator/counterTick_reg[4]/C
  -------------------------------------------------------------------    -------------------
    SLICE_X48Y44         FDRE (Prop_fdre_C_Q)         0.141    -0.474 r  my_baud_rate_generator/counterTick_reg[4]/Q
                         net (fo=3, routed)           0.195    -0.280    my_baud_rate_generator/counterTick_reg[4]
    SLICE_X48Y44         CARRY4 (Prop_carry4_S[0]_O[0])
                                                      0.115    -0.165 r  my_baud_rate_generator/counterTick_reg[4]_i_1/O[0]
                         net (fo=1, routed)           0.000    -0.165    my_baud_rate_generator/counterTick_reg[4]_i_1_n_7
    SLICE_X48Y44         FDRE                                         r  my_baud_rate_generator/counterTick_reg[4]/D
  -------------------------------------------------------------------    -------------------

                         (clock clk_out1_sys_pll_1 rise edge)
                                                      0.000     0.000 r  
    W5                                                0.000     0.000 r  sys_clk (IN)
                         net (fo=0)                   0.000     0.000    clock_40mhz/inst/clk_in1
    W5                   IBUF (Prop_ibuf_I_O)         0.414     0.414 r  clock_40mhz/inst/clkin1_ibufg/O
                         net (fo=1, routed)           0.480     0.894    clock_40mhz/inst/clk_in1_sys_pll
    MMCME2_ADV_X1Y0      MMCME2_ADV (Prop_mmcme2_adv_CLKIN1_CLKOUT0)
                                                     -3.142    -2.248 r  clock_40mhz/inst/mmcm_adv_inst/CLKOUT0
                         net (fo=1, routed)           0.530    -1.718    clock_40mhz/inst/clk_out1_sys_pll
    BUFGCTRL_X0Y0        BUFG (Prop_bufg_I_O)         0.029    -1.689 r  clock_40mhz/inst/clkout1_buf/O
                         net (fo=8, routed)           0.836    -0.854    my_baud_rate_generator/clk_out1
    SLICE_X48Y44         FDRE                                         r  my_baud_rate_generator/counterTick_reg[4]/C
                         clock pessimism              0.238    -0.615    
                         clock uncertainty            0.087    -0.528    
    SLICE_X48Y44         FDRE (Hold_fdre_C_D)         0.105    -0.423    my_baud_rate_generator/counterTick_reg[4]
  -------------------------------------------------------------------
                         required time                          0.423    
                         arrival time                          -0.165    
  -------------------------------------------------------------------
                         slack                                  0.258    

Slack (MET) :             0.262ns  (arrival time - required time)
  Source:                 my_baud_rate_generator/counterTick_reg[5]/C
                            (rising edge-triggered cell FDRE clocked by clk_out1_sys_pll  {rise@0.000ns fall@12.500ns period=25.000ns})
  Destination:            my_baud_rate_generator/counterTick_reg[5]/D
                            (rising edge-triggered cell FDRE clocked by clk_out1_sys_pll_1  {rise@0.000ns fall@12.500ns period=25.000ns})
  Path Group:             clk_out1_sys_pll_1
  Path Type:              Hold (Min at Fast Process Corner)
  Requirement:            0.000ns  (clk_out1_sys_pll_1 rise@0.000ns - clk_out1_sys_pll rise@0.000ns)
  Data Path Delay:        0.454ns  (logic 0.251ns (55.309%)  route 0.203ns (44.691%))
  Logic Levels:           1  (CARRY4=1)
  Clock Path Skew:        0.000ns (DCD - SCD - CPR)
    Destination Clock Delay (DCD):    -0.854ns
    Source Clock Delay      (SCD):    -0.615ns
    Clock Pessimism Removal (CPR):    -0.238ns
  Clock Uncertainty:      0.087ns  ((TSJ^2 + DJ^2)^1/2) / 2 + PE
    Total System Jitter     (TSJ):    0.071ns
    Discrete Jitter          (DJ):    0.159ns
    Phase Error              (PE):    0.000ns
  Clock Domain Crossing:  Inter clock paths are considered valid unless explicitly excluded by timing constraints such as set_clock_groups or set_false_path.

    Location             Delay type                Incr(ns)  Path(ns)    Netlist Resource(s)
  -------------------------------------------------------------------    -------------------
                         (clock clk_out1_sys_pll rise edge)
                                                      0.000     0.000 r  
    W5                                                0.000     0.000 r  sys_clk (IN)
                         net (fo=0)                   0.000     0.000    clock_40mhz/inst/clk_in1
    W5                   IBUF (Prop_ibuf_I_O)         0.226     0.226 r  clock_40mhz/inst/clkin1_ibufg/O
                         net (fo=1, routed)           0.440     0.667    clock_40mhz/inst/clk_in1_sys_pll
    MMCME2_ADV_X1Y0      MMCME2_ADV (Prop_mmcme2_adv_CLKIN1_CLKOUT0)
                                                     -2.360    -1.693 r  clock_40mhz/inst/mmcm_adv_inst/CLKOUT0
                         net (fo=1, routed)           0.486    -1.207    clock_40mhz/inst/clk_out1_sys_pll
    BUFGCTRL_X0Y0        BUFG (Prop_bufg_I_O)         0.026    -1.181 r  clock_40mhz/inst/clkout1_buf/O
                         net (fo=8, routed)           0.566    -0.615    my_baud_rate_generator/clk_out1
    SLICE_X48Y44         FDRE                                         r  my_baud_rate_generator/counterTick_reg[5]/C
  -------------------------------------------------------------------    -------------------
    SLICE_X48Y44         FDRE (Prop_fdre_C_Q)         0.141    -0.474 r  my_baud_rate_generator/counterTick_reg[5]/Q
                         net (fo=3, routed)           0.203    -0.272    my_baud_rate_generator/counterTick_reg[5]
    SLICE_X48Y44         CARRY4 (Prop_carry4_S[1]_O[1])
                                                      0.110    -0.162 r  my_baud_rate_generator/counterTick_reg[4]_i_1/O[1]
                         net (fo=1, routed)           0.000    -0.162    my_baud_rate_generator/counterTick_reg[4]_i_1_n_6
    SLICE_X48Y44         FDRE                                         r  my_baud_rate_generator/counterTick_reg[5]/D
  -------------------------------------------------------------------    -------------------

                         (clock clk_out1_sys_pll_1 rise edge)
                                                      0.000     0.000 r  
    W5                                                0.000     0.000 r  sys_clk (IN)
                         net (fo=0)                   0.000     0.000    clock_40mhz/inst/clk_in1
    W5                   IBUF (Prop_ibuf_I_O)         0.414     0.414 r  clock_40mhz/inst/clkin1_ibufg/O
                         net (fo=1, routed)           0.480     0.894    clock_40mhz/inst/clk_in1_sys_pll
    MMCME2_ADV_X1Y0      MMCME2_ADV (Prop_mmcme2_adv_CLKIN1_CLKOUT0)
                                                     -3.142    -2.248 r  clock_40mhz/inst/mmcm_adv_inst/CLKOUT0
                         net (fo=1, routed)           0.530    -1.718    clock_40mhz/inst/clk_out1_sys_pll
    BUFGCTRL_X0Y0        BUFG (Prop_bufg_I_O)         0.029    -1.689 r  clock_40mhz/inst/clkout1_buf/O
                         net (fo=8, routed)           0.836    -0.854    my_baud_rate_generator/clk_out1
    SLICE_X48Y44         FDRE                                         r  my_baud_rate_generator/counterTick_reg[5]/C
                         clock pessimism              0.238    -0.615    
                         clock uncertainty            0.087    -0.528    
    SLICE_X48Y44         FDRE (Hold_fdre_C_D)         0.105    -0.423    my_baud_rate_generator/counterTick_reg[5]
  -------------------------------------------------------------------
                         required time                          0.423    
                         arrival time                          -0.162    
  -------------------------------------------------------------------
                         slack                                  0.262    

Slack (MET) :             0.461ns  (arrival time - required time)
  Source:                 my_baud_rate_generator/counterTick_reg[2]/C
                            (rising edge-triggered cell FDRE clocked by clk_out1_sys_pll  {rise@0.000ns fall@12.500ns period=25.000ns})
  Destination:            my_baud_rate_generator/counterTick_reg[0]/R
                            (rising edge-triggered cell FDRE clocked by clk_out1_sys_pll_1  {rise@0.000ns fall@12.500ns period=25.000ns})
  Path Group:             clk_out1_sys_pll_1
  Path Type:              Hold (Min at Fast Process Corner)
  Requirement:            0.000ns  (clk_out1_sys_pll_1 rise@0.000ns - clk_out1_sys_pll rise@0.000ns)
  Data Path Delay:        0.531ns  (logic 0.186ns (35.051%)  route 0.345ns (64.949%))
  Logic Levels:           1  (LUT5=1)
  Clock Path Skew:        0.000ns (DCD - SCD - CPR)
    Destination Clock Delay (DCD):    -0.854ns
    Source Clock Delay      (SCD):    -0.615ns
    Clock Pessimism Removal (CPR):    -0.238ns
  Clock Uncertainty:      0.087ns  ((TSJ^2 + DJ^2)^1/2) / 2 + PE
    Total System Jitter     (TSJ):    0.071ns
    Discrete Jitter          (DJ):    0.159ns
    Phase Error              (PE):    0.000ns
  Clock Domain Crossing:  Inter clock paths are considered valid unless explicitly excluded by timing constraints such as set_clock_groups or set_false_path.

    Location             Delay type                Incr(ns)  Path(ns)    Netlist Resource(s)
  -------------------------------------------------------------------    -------------------
                         (clock clk_out1_sys_pll rise edge)
                                                      0.000     0.000 r  
    W5                                                0.000     0.000 r  sys_clk (IN)
                         net (fo=0)                   0.000     0.000    clock_40mhz/inst/clk_in1
    W5                   IBUF (Prop_ibuf_I_O)         0.226     0.226 r  clock_40mhz/inst/clkin1_ibufg/O
                         net (fo=1, routed)           0.440     0.667    clock_40mhz/inst/clk_in1_sys_pll
    MMCME2_ADV_X1Y0      MMCME2_ADV (Prop_mmcme2_adv_CLKIN1_CLKOUT0)
                                                     -2.360    -1.693 r  clock_40mhz/inst/mmcm_adv_inst/CLKOUT0
                         net (fo=1, routed)           0.486    -1.207    clock_40mhz/inst/clk_out1_sys_pll
    BUFGCTRL_X0Y0        BUFG (Prop_bufg_I_O)         0.026    -1.181 r  clock_40mhz/inst/clkout1_buf/O
                         net (fo=8, routed)           0.566    -0.615    my_baud_rate_generator/clk_out1
    SLICE_X48Y43         FDRE                                         r  my_baud_rate_generator/counterTick_reg[2]/C
  -------------------------------------------------------------------    -------------------
    SLICE_X48Y43         FDRE (Prop_fdre_C_Q)         0.141    -0.474 f  my_baud_rate_generator/counterTick_reg[2]/Q
                         net (fo=3, routed)           0.212    -0.262    my_baud_rate_generator/counterTick_reg[2]
    SLICE_X49Y44         LUT5 (Prop_lut5_I2_O)        0.045    -0.217 r  my_baud_rate_generator/counterTick[0]_i_1/O
                         net (fo=7, routed)           0.133    -0.085    my_baud_rate_generator/counterTick[0]_i_1_n_0
    SLICE_X48Y43         FDRE                                         r  my_baud_rate_generator/counterTick_reg[0]/R
  -------------------------------------------------------------------    -------------------

                         (clock clk_out1_sys_pll_1 rise edge)
                                                      0.000     0.000 r  
    W5                                                0.000     0.000 r  sys_clk (IN)
                         net (fo=0)                   0.000     0.000    clock_40mhz/inst/clk_in1
    W5                   IBUF (Prop_ibuf_I_O)         0.414     0.414 r  clock_40mhz/inst/clkin1_ibufg/O
                         net (fo=1, routed)           0.480     0.894    clock_40mhz/inst/clk_in1_sys_pll
    MMCME2_ADV_X1Y0      MMCME2_ADV (Prop_mmcme2_adv_CLKIN1_CLKOUT0)
                                                     -3.142    -2.248 r  clock_40mhz/inst/mmcm_adv_inst/CLKOUT0
                         net (fo=1, routed)           0.530    -1.718    clock_40mhz/inst/clk_out1_sys_pll
    BUFGCTRL_X0Y0        BUFG (Prop_bufg_I_O)         0.029    -1.689 r  clock_40mhz/inst/clkout1_buf/O
                         net (fo=8, routed)           0.836    -0.854    my_baud_rate_generator/clk_out1
    SLICE_X48Y43         FDRE                                         r  my_baud_rate_generator/counterTick_reg[0]/C
                         clock pessimism              0.238    -0.615    
                         clock uncertainty            0.087    -0.528    
    SLICE_X48Y43         FDRE (Hold_fdre_C_R)        -0.018    -0.546    my_baud_rate_generator/counterTick_reg[0]
  -------------------------------------------------------------------
                         required time                          0.546    
                         arrival time                          -0.085    
  -------------------------------------------------------------------
                         slack                                  0.461    

Slack (MET) :             0.461ns  (arrival time - required time)
  Source:                 my_baud_rate_generator/counterTick_reg[2]/C
                            (rising edge-triggered cell FDRE clocked by clk_out1_sys_pll  {rise@0.000ns fall@12.500ns period=25.000ns})
  Destination:            my_baud_rate_generator/counterTick_reg[1]/R
                            (rising edge-triggered cell FDRE clocked by clk_out1_sys_pll_1  {rise@0.000ns fall@12.500ns period=25.000ns})
  Path Group:             clk_out1_sys_pll_1
  Path Type:              Hold (Min at Fast Process Corner)
  Requirement:            0.000ns  (clk_out1_sys_pll_1 rise@0.000ns - clk_out1_sys_pll rise@0.000ns)
  Data Path Delay:        0.531ns  (logic 0.186ns (35.051%)  route 0.345ns (64.949%))
  Logic Levels:           1  (LUT5=1)
  Clock Path Skew:        0.000ns (DCD - SCD - CPR)
    Destination Clock Delay (DCD):    -0.854ns
    Source Clock Delay      (SCD):    -0.615ns
    Clock Pessimism Removal (CPR):    -0.238ns
  Clock Uncertainty:      0.087ns  ((TSJ^2 + DJ^2)^1/2) / 2 + PE
    Total System Jitter     (TSJ):    0.071ns
    Discrete Jitter          (DJ):    0.159ns
    Phase Error              (PE):    0.000ns
  Clock Domain Crossing:  Inter clock paths are considered valid unless explicitly excluded by timing constraints such as set_clock_groups or set_false_path.

    Location             Delay type                Incr(ns)  Path(ns)    Netlist Resource(s)
  -------------------------------------------------------------------    -------------------
                         (clock clk_out1_sys_pll rise edge)
                                                      0.000     0.000 r  
    W5                                                0.000     0.000 r  sys_clk (IN)
                         net (fo=0)                   0.000     0.000    clock_40mhz/inst/clk_in1
    W5                   IBUF (Prop_ibuf_I_O)         0.226     0.226 r  clock_40mhz/inst/clkin1_ibufg/O
                         net (fo=1, routed)           0.440     0.667    clock_40mhz/inst/clk_in1_sys_pll
    MMCME2_ADV_X1Y0      MMCME2_ADV (Prop_mmcme2_adv_CLKIN1_CLKOUT0)
                                                     -2.360    -1.693 r  clock_40mhz/inst/mmcm_adv_inst/CLKOUT0
                         net (fo=1, routed)           0.486    -1.207    clock_40mhz/inst/clk_out1_sys_pll
    BUFGCTRL_X0Y0        BUFG (Prop_bufg_I_O)         0.026    -1.181 r  clock_40mhz/inst/clkout1_buf/O
                         net (fo=8, routed)           0.566    -0.615    my_baud_rate_generator/clk_out1
    SLICE_X48Y43         FDRE                                         r  my_baud_rate_generator/counterTick_reg[2]/C
  -------------------------------------------------------------------    -------------------
    SLICE_X48Y43         FDRE (Prop_fdre_C_Q)         0.141    -0.474 f  my_baud_rate_generator/counterTick_reg[2]/Q
                         net (fo=3, routed)           0.212    -0.262    my_baud_rate_generator/counterTick_reg[2]
    SLICE_X49Y44         LUT5 (Prop_lut5_I2_O)        0.045    -0.217 r  my_baud_rate_generator/counterTick[0]_i_1/O
                         net (fo=7, routed)           0.133    -0.085    my_baud_rate_generator/counterTick[0]_i_1_n_0
    SLICE_X48Y43         FDRE                                         r  my_baud_rate_generator/counterTick_reg[1]/R
  -------------------------------------------------------------------    -------------------

                         (clock clk_out1_sys_pll_1 rise edge)
                                                      0.000     0.000 r  
    W5                                                0.000     0.000 r  sys_clk (IN)
                         net (fo=0)                   0.000     0.000    clock_40mhz/inst/clk_in1
    W5                   IBUF (Prop_ibuf_I_O)         0.414     0.414 r  clock_40mhz/inst/clkin1_ibufg/O
                         net (fo=1, routed)           0.480     0.894    clock_40mhz/inst/clk_in1_sys_pll
    MMCME2_ADV_X1Y0      MMCME2_ADV (Prop_mmcme2_adv_CLKIN1_CLKOUT0)
                                                     -3.142    -2.248 r  clock_40mhz/inst/mmcm_adv_inst/CLKOUT0
                         net (fo=1, routed)           0.530    -1.718    clock_40mhz/inst/clk_out1_sys_pll
    BUFGCTRL_X0Y0        BUFG (Prop_bufg_I_O)         0.029    -1.689 r  clock_40mhz/inst/clkout1_buf/O
                         net (fo=8, routed)           0.836    -0.854    my_baud_rate_generator/clk_out1
    SLICE_X48Y43         FDRE                                         r  my_baud_rate_generator/counterTick_reg[1]/C
                         clock pessimism              0.238    -0.615    
                         clock uncertainty            0.087    -0.528    
    SLICE_X48Y43         FDRE (Hold_fdre_C_R)        -0.018    -0.546    my_baud_rate_generator/counterTick_reg[1]
  -------------------------------------------------------------------
                         required time                          0.546    
                         arrival time                          -0.085    
  -------------------------------------------------------------------
                         slack                                  0.461    





--------------------------------------------------------------------------------------
Path Group:  (none)
From Clock:  
  To Clock:  

Max Delay            48 Endpoints
Min Delay            48 Endpoints
--------------------------------------------------------------------------------------


Max Delay Paths
--------------------------------------------------------------------------------------
Slack:                    inf
  Source:                 my_I2C_Controller/i2c_sda_reg_now_reg/C
                            (rising edge-triggered cell FDSE)
  Destination:            sda
                            (output port)
  Path Group:             (none)
  Path Type:              Max at Slow Process Corner
  Data Path Delay:        9.609ns  (logic 3.976ns (41.376%)  route 5.633ns (58.624%))
  Logic Levels:           2  (FDSE=1 OBUFT=1)

    Location             Delay type                Incr(ns)  Path(ns)    Netlist Resource(s)
  -------------------------------------------------------------------    -------------------
    SLICE_X51Y46         FDSE                         0.000     0.000 r  my_I2C_Controller/i2c_sda_reg_now_reg/C
    SLICE_X51Y46         FDSE (Prop_fdse_C_Q)         0.456     0.456 r  my_I2C_Controller/i2c_sda_reg_now_reg/Q
                         net (fo=2, routed)           5.633     6.089    sda_OBUF
    A14                  OBUFT (Prop_obuft_I_O)       3.520     9.609 r  sda_OBUFT_inst/O
                         net (fo=0)                   0.000     9.609    sda
    A14                                                               r  sda (INOUT)
  -------------------------------------------------------------------    -------------------

Slack:                    inf
  Source:                 my_I2C_Controller/i2c_sclk_reg_now_reg/C
                            (rising edge-triggered cell FDSE)
  Destination:            sclk
                            (output port)
  Path Group:             (none)
  Path Type:              Max at Slow Process Corner
  Data Path Delay:        8.949ns  (logic 3.968ns (44.337%)  route 4.981ns (55.663%))
  Logic Levels:           2  (FDSE=1 OBUF=1)

    Location             Delay type                Incr(ns)  Path(ns)    Netlist Resource(s)
  -------------------------------------------------------------------    -------------------
    SLICE_X49Y46         FDSE                         0.000     0.000 r  my_I2C_Controller/i2c_sclk_reg_now_reg/C
    SLICE_X49Y46         FDSE (Prop_fdse_C_Q)         0.456     0.456 r  my_I2C_Controller/i2c_sclk_reg_now_reg/Q
                         net (fo=1, routed)           4.981     5.437    sclk_OBUF
    A16                  OBUF (Prop_obuf_I_O)         3.512     8.949 r  sclk_OBUF_inst/O
                         net (fo=0)                   0.000     8.949    sclk
    A16                                                               r  sclk (OUT)
  -------------------------------------------------------------------    -------------------

Slack:                    inf
  Source:                 reset_n
                            (input port)
  Destination:            my_I2C_Controller/FSM_sequential_stateNow_reg[0]/R
  Path Group:             (none)
  Path Type:              Max at Slow Process Corner
  Data Path Delay:        6.400ns  (logic 1.613ns (25.209%)  route 4.787ns (74.791%))
  Logic Levels:           2  (IBUF=1 LUT1=1)

    Location             Delay type                Incr(ns)  Path(ns)    Netlist Resource(s)
  -------------------------------------------------------------------    -------------------
    V16                                               0.000     0.000 f  reset_n (IN)
                         net (fo=0)                   0.000     0.000    reset_n
    V16                  IBUF (Prop_ibuf_I_O)         1.461     1.461 f  reset_n_IBUF_inst/O
                         net (fo=4, routed)           3.599     5.061    my_I2C_Controller/reset_n_IBUF
    SLICE_X49Y44         LUT1 (Prop_lut1_I0_O)        0.152     5.213 r  my_I2C_Controller/FSM_sequential_stateNow[3]_i_1/O
                         net (fo=18, routed)          1.187     6.400    my_I2C_Controller/FSM_sequential_stateNow[3]_i_1_n_0
    SLICE_X52Y44         FDRE                                         r  my_I2C_Controller/FSM_sequential_stateNow_reg[0]/R
  -------------------------------------------------------------------    -------------------

Slack:                    inf
  Source:                 reset_n
                            (input port)
  Destination:            my_I2C_Controller/FSM_sequential_stateNow_reg[1]/R
  Path Group:             (none)
  Path Type:              Max at Slow Process Corner
  Data Path Delay:        6.400ns  (logic 1.613ns (25.209%)  route 4.787ns (74.791%))
  Logic Levels:           2  (IBUF=1 LUT1=1)

    Location             Delay type                Incr(ns)  Path(ns)    Netlist Resource(s)
  -------------------------------------------------------------------    -------------------
    V16                                               0.000     0.000 f  reset_n (IN)
                         net (fo=0)                   0.000     0.000    reset_n
    V16                  IBUF (Prop_ibuf_I_O)         1.461     1.461 f  reset_n_IBUF_inst/O
                         net (fo=4, routed)           3.599     5.061    my_I2C_Controller/reset_n_IBUF
    SLICE_X49Y44         LUT1 (Prop_lut1_I0_O)        0.152     5.213 r  my_I2C_Controller/FSM_sequential_stateNow[3]_i_1/O
                         net (fo=18, routed)          1.187     6.400    my_I2C_Controller/FSM_sequential_stateNow[3]_i_1_n_0
    SLICE_X52Y44         FDRE                                         r  my_I2C_Controller/FSM_sequential_stateNow_reg[1]/R
  -------------------------------------------------------------------    -------------------

Slack:                    inf
  Source:                 reset_n
                            (input port)
  Destination:            my_I2C_Controller/read_write_reg_reg/R
  Path Group:             (none)
  Path Type:              Max at Slow Process Corner
  Data Path Delay:        6.400ns  (logic 1.613ns (25.209%)  route 4.787ns (74.791%))
  Logic Levels:           2  (IBUF=1 LUT1=1)

    Location             Delay type                Incr(ns)  Path(ns)    Netlist Resource(s)
  -------------------------------------------------------------------    -------------------
    V16                                               0.000     0.000 f  reset_n (IN)
                         net (fo=0)                   0.000     0.000    reset_n
    V16                  IBUF (Prop_ibuf_I_O)         1.461     1.461 f  reset_n_IBUF_inst/O
                         net (fo=4, routed)           3.599     5.061    my_I2C_Controller/reset_n_IBUF
    SLICE_X49Y44         LUT1 (Prop_lut1_I0_O)        0.152     5.213 r  my_I2C_Controller/FSM_sequential_stateNow[3]_i_1/O
                         net (fo=18, routed)          1.187     6.400    my_I2C_Controller/FSM_sequential_stateNow[3]_i_1_n_0
    SLICE_X53Y44         FDRE                                         r  my_I2C_Controller/read_write_reg_reg/R
  -------------------------------------------------------------------    -------------------

Slack:                    inf
  Source:                 reset_n
                            (input port)
  Destination:            my_I2C_Controller/i2c_sda_out_en_reg/R
  Path Group:             (none)
  Path Type:              Max at Slow Process Corner
  Data Path Delay:        6.191ns  (logic 1.613ns (26.060%)  route 4.577ns (73.940%))
  Logic Levels:           2  (IBUF=1 LUT1=1)

    Location             Delay type                Incr(ns)  Path(ns)    Netlist Resource(s)
  -------------------------------------------------------------------    -------------------
    V16                                               0.000     0.000 f  reset_n (IN)
                         net (fo=0)                   0.000     0.000    reset_n
    V16                  IBUF (Prop_ibuf_I_O)         1.461     1.461 f  reset_n_IBUF_inst/O
                         net (fo=4, routed)           3.599     5.061    my_I2C_Controller/reset_n_IBUF
    SLICE_X49Y44         LUT1 (Prop_lut1_I0_O)        0.152     5.213 r  my_I2C_Controller/FSM_sequential_stateNow[3]_i_1/O
                         net (fo=18, routed)          0.978     6.191    my_I2C_Controller/FSM_sequential_stateNow[3]_i_1_n_0
    SLICE_X50Y47         FDRE                                         r  my_I2C_Controller/i2c_sda_out_en_reg/R
  -------------------------------------------------------------------    -------------------

Slack:                    inf
  Source:                 reset_n
                            (input port)
  Destination:            my_I2C_Controller/FSM_sequential_stateNow_reg[3]/R
  Path Group:             (none)
  Path Type:              Max at Slow Process Corner
  Data Path Delay:        6.104ns  (logic 1.613ns (26.432%)  route 4.490ns (73.568%))
  Logic Levels:           2  (IBUF=1 LUT1=1)

    Location             Delay type                Incr(ns)  Path(ns)    Netlist Resource(s)
  -------------------------------------------------------------------    -------------------
    V16                                               0.000     0.000 f  reset_n (IN)
                         net (fo=0)                   0.000     0.000    reset_n
    V16                  IBUF (Prop_ibuf_I_O)         1.461     1.461 f  reset_n_IBUF_inst/O
                         net (fo=4, routed)           3.599     5.061    my_I2C_Controller/reset_n_IBUF
    SLICE_X49Y44         LUT1 (Prop_lut1_I0_O)        0.152     5.213 r  my_I2C_Controller/FSM_sequential_stateNow[3]_i_1/O
                         net (fo=18, routed)          0.891     6.104    my_I2C_Controller/FSM_sequential_stateNow[3]_i_1_n_0
    SLICE_X51Y46         FDRE                                         r  my_I2C_Controller/FSM_sequential_stateNow_reg[3]/R
  -------------------------------------------------------------------    -------------------

Slack:                    inf
  Source:                 reset_n
                            (input port)
  Destination:            my_I2C_Controller/i2c_sda_reg_now_reg/S
  Path Group:             (none)
  Path Type:              Max at Slow Process Corner
  Data Path Delay:        6.104ns  (logic 1.613ns (26.432%)  route 4.490ns (73.568%))
  Logic Levels:           2  (IBUF=1 LUT1=1)

    Location             Delay type                Incr(ns)  Path(ns)    Netlist Resource(s)
  -------------------------------------------------------------------    -------------------
    V16                                               0.000     0.000 f  reset_n (IN)
                         net (fo=0)                   0.000     0.000    reset_n
    V16                  IBUF (Prop_ibuf_I_O)         1.461     1.461 f  reset_n_IBUF_inst/O
                         net (fo=4, routed)           3.599     5.061    my_I2C_Controller/reset_n_IBUF
    SLICE_X49Y44         LUT1 (Prop_lut1_I0_O)        0.152     5.213 r  my_I2C_Controller/FSM_sequential_stateNow[3]_i_1/O
                         net (fo=18, routed)          0.891     6.104    my_I2C_Controller/FSM_sequential_stateNow[3]_i_1_n_0
    SLICE_X51Y46         FDSE                                         r  my_I2C_Controller/i2c_sda_reg_now_reg/S
  -------------------------------------------------------------------    -------------------

Slack:                    inf
  Source:                 reset_n
                            (input port)
  Destination:            my_I2C_Controller/dataByte_now_reg[0]/R
  Path Group:             (none)
  Path Type:              Max at Slow Process Corner
  Data Path Delay:        6.063ns  (logic 1.613ns (26.609%)  route 4.450ns (73.391%))
  Logic Levels:           2  (IBUF=1 LUT1=1)

    Location             Delay type                Incr(ns)  Path(ns)    Netlist Resource(s)
  -------------------------------------------------------------------    -------------------
    V16                                               0.000     0.000 f  reset_n (IN)
                         net (fo=0)                   0.000     0.000    reset_n
    V16                  IBUF (Prop_ibuf_I_O)         1.461     1.461 f  reset_n_IBUF_inst/O
                         net (fo=4, routed)           3.599     5.061    my_I2C_Controller/reset_n_IBUF
    SLICE_X49Y44         LUT1 (Prop_lut1_I0_O)        0.152     5.213 r  my_I2C_Controller/FSM_sequential_stateNow[3]_i_1/O
                         net (fo=18, routed)          0.850     6.063    my_I2C_Controller/FSM_sequential_stateNow[3]_i_1_n_0
    SLICE_X53Y46         FDRE                                         r  my_I2C_Controller/dataByte_now_reg[0]/R
  -------------------------------------------------------------------    -------------------

Slack:                    inf
  Source:                 reset_n
                            (input port)
  Destination:            my_I2C_Controller/dataByte_now_reg[1]/R
  Path Group:             (none)
  Path Type:              Max at Slow Process Corner
  Data Path Delay:        6.063ns  (logic 1.613ns (26.609%)  route 4.450ns (73.391%))
  Logic Levels:           2  (IBUF=1 LUT1=1)

    Location             Delay type                Incr(ns)  Path(ns)    Netlist Resource(s)
  -------------------------------------------------------------------    -------------------
    V16                                               0.000     0.000 f  reset_n (IN)
                         net (fo=0)                   0.000     0.000    reset_n
    V16                  IBUF (Prop_ibuf_I_O)         1.461     1.461 f  reset_n_IBUF_inst/O
                         net (fo=4, routed)           3.599     5.061    my_I2C_Controller/reset_n_IBUF
    SLICE_X49Y44         LUT1 (Prop_lut1_I0_O)        0.152     5.213 r  my_I2C_Controller/FSM_sequential_stateNow[3]_i_1/O
                         net (fo=18, routed)          0.850     6.063    my_I2C_Controller/FSM_sequential_stateNow[3]_i_1_n_0
    SLICE_X52Y46         FDRE                                         r  my_I2C_Controller/dataByte_now_reg[1]/R
  -------------------------------------------------------------------    -------------------





Min Delay Paths
--------------------------------------------------------------------------------------
Slack:                    inf
  Source:                 my_I2C_Controller/dataByte_now_reg[0]/C
                            (rising edge-triggered cell FDRE)
  Destination:            my_I2C_Controller/dataByte_now_reg[1]/D
  Path Group:             (none)
  Path Type:              Min at Fast Process Corner
  Data Path Delay:        0.318ns  (logic 0.186ns (58.579%)  route 0.132ns (41.421%))
  Logic Levels:           2  (FDRE=1 LUT2=1)

    Location             Delay type                Incr(ns)  Path(ns)    Netlist Resource(s)
  -------------------------------------------------------------------    -------------------
    SLICE_X53Y46         FDRE                         0.000     0.000 r  my_I2C_Controller/dataByte_now_reg[0]/C
    SLICE_X53Y46         FDRE (Prop_fdre_C_Q)         0.141     0.141 r  my_I2C_Controller/dataByte_now_reg[0]/Q
                         net (fo=7, routed)           0.132     0.273    my_I2C_Controller/dataByte_now_reg[0]
    SLICE_X52Y46         LUT2 (Prop_lut2_I1_O)        0.045     0.318 r  my_I2C_Controller/dataByte_now[1]_i_1/O
                         net (fo=1, routed)           0.000     0.318    my_I2C_Controller/dataByte_next1_in[1]
    SLICE_X52Y46         FDRE                                         r  my_I2C_Controller/dataByte_now_reg[1]/D
  -------------------------------------------------------------------    -------------------

Slack:                    inf
  Source:                 my_I2C_Controller/dataByte_now_reg[0]/C
                            (rising edge-triggered cell FDRE)
  Destination:            my_I2C_Controller/dataByte_now_reg[2]/D
  Path Group:             (none)
  Path Type:              Min at Fast Process Corner
  Data Path Delay:        0.321ns  (logic 0.189ns (58.967%)  route 0.132ns (41.033%))
  Logic Levels:           2  (FDRE=1 LUT3=1)

    Location             Delay type                Incr(ns)  Path(ns)    Netlist Resource(s)
  -------------------------------------------------------------------    -------------------
    SLICE_X53Y46         FDRE                         0.000     0.000 r  my_I2C_Controller/dataByte_now_reg[0]/C
    SLICE_X53Y46         FDRE (Prop_fdre_C_Q)         0.141     0.141 r  my_I2C_Controller/dataByte_now_reg[0]/Q
                         net (fo=7, routed)           0.132     0.273    my_I2C_Controller/dataByte_now_reg[0]
    SLICE_X52Y46         LUT3 (Prop_lut3_I2_O)        0.048     0.321 r  my_I2C_Controller/dataByte_now[2]_i_1/O
                         net (fo=1, routed)           0.000     0.321    my_I2C_Controller/dataByte_next1_in[2]
    SLICE_X52Y46         FDRE                                         r  my_I2C_Controller/dataByte_now_reg[2]/D
  -------------------------------------------------------------------    -------------------

Slack:                    inf
  Source:                 my_I2C_Controller/dataByte_now_reg[0]/C
                            (rising edge-triggered cell FDRE)
  Destination:            my_I2C_Controller/dataByte_now_reg[3]/D
  Path Group:             (none)
  Path Type:              Min at Fast Process Corner
  Data Path Delay:        0.322ns  (logic 0.186ns (57.850%)  route 0.136ns (42.150%))
  Logic Levels:           2  (FDRE=1 LUT4=1)

    Location             Delay type                Incr(ns)  Path(ns)    Netlist Resource(s)
  -------------------------------------------------------------------    -------------------
    SLICE_X53Y46         FDRE                         0.000     0.000 r  my_I2C_Controller/dataByte_now_reg[0]/C
    SLICE_X53Y46         FDRE (Prop_fdre_C_Q)         0.141     0.141 r  my_I2C_Controller/dataByte_now_reg[0]/Q
                         net (fo=7, routed)           0.136     0.277    my_I2C_Controller/dataByte_now_reg[0]
    SLICE_X52Y46         LUT4 (Prop_lut4_I0_O)        0.045     0.322 r  my_I2C_Controller/dataByte_now[3]_i_1/O
                         net (fo=1, routed)           0.000     0.322    my_I2C_Controller/dataByte_next1_in[3]
    SLICE_X52Y46         FDRE                                         r  my_I2C_Controller/dataByte_now_reg[3]/D
  -------------------------------------------------------------------    -------------------

Slack:                    inf
  Source:                 my_I2C_Controller/dataByte_now_reg[0]/C
                            (rising edge-triggered cell FDRE)
  Destination:            my_I2C_Controller/dataByte_now_reg[4]/D
  Path Group:             (none)
  Path Type:              Min at Fast Process Corner
  Data Path Delay:        0.325ns  (logic 0.189ns (58.240%)  route 0.136ns (41.760%))
  Logic Levels:           2  (FDRE=1 LUT5=1)

    Location             Delay type                Incr(ns)  Path(ns)    Netlist Resource(s)
  -------------------------------------------------------------------    -------------------
    SLICE_X53Y46         FDRE                         0.000     0.000 r  my_I2C_Controller/dataByte_now_reg[0]/C
    SLICE_X53Y46         FDRE (Prop_fdre_C_Q)         0.141     0.141 r  my_I2C_Controller/dataByte_now_reg[0]/Q
                         net (fo=7, routed)           0.136     0.277    my_I2C_Controller/dataByte_now_reg[0]
    SLICE_X52Y46         LUT5 (Prop_lut5_I1_O)        0.048     0.325 r  my_I2C_Controller/dataByte_now[4]_i_2/O
                         net (fo=1, routed)           0.000     0.325    my_I2C_Controller/dataByte_next1_in[4]
    SLICE_X52Y46         FDRE                                         r  my_I2C_Controller/dataByte_now_reg[4]/D
  -------------------------------------------------------------------    -------------------

Slack:                    inf
  Source:                 my_I2C_Controller/dataBit_now_reg[4]/C
                            (rising edge-triggered cell FDRE)
  Destination:            my_I2C_Controller/dataBit_now_reg[3]/D
  Path Group:             (none)
  Path Type:              Min at Fast Process Corner
  Data Path Delay:        0.341ns  (logic 0.227ns (66.607%)  route 0.114ns (33.393%))
  Logic Levels:           2  (FDRE=1 LUT6=1)

    Location             Delay type                Incr(ns)  Path(ns)    Netlist Resource(s)
  -------------------------------------------------------------------    -------------------
    SLICE_X51Y45         FDRE                         0.000     0.000 r  my_I2C_Controller/dataBit_now_reg[4]/C
    SLICE_X51Y45         FDRE (Prop_fdre_C_Q)         0.128     0.128 r  my_I2C_Controller/dataBit_now_reg[4]/Q
                         net (fo=8, routed)           0.114     0.242    my_I2C_Controller/dataBit_now[4]
    SLICE_X51Y45         LUT6 (Prop_lut6_I0_O)        0.099     0.341 r  my_I2C_Controller/dataBit_now[3]_i_1/O
                         net (fo=1, routed)           0.000     0.341    my_I2C_Controller/dataBit_next[3]
    SLICE_X51Y45         FDRE                                         r  my_I2C_Controller/dataBit_now_reg[3]/D
  -------------------------------------------------------------------    -------------------

Slack:                    inf
  Source:                 my_I2C_Controller/dataBit_now_reg[1]/C
                            (rising edge-triggered cell FDRE)
  Destination:            my_I2C_Controller/dataBit_now_reg[1]/D
  Path Group:             (none)
  Path Type:              Min at Fast Process Corner
  Data Path Delay:        0.351ns  (logic 0.183ns (52.101%)  route 0.168ns (47.899%))
  Logic Levels:           2  (FDRE=1 LUT5=1)

    Location             Delay type                Incr(ns)  Path(ns)    Netlist Resource(s)
  -------------------------------------------------------------------    -------------------
    SLICE_X49Y45         FDRE                         0.000     0.000 r  my_I2C_Controller/dataBit_now_reg[1]/C
    SLICE_X49Y45         FDRE (Prop_fdre_C_Q)         0.141     0.141 r  my_I2C_Controller/dataBit_now_reg[1]/Q
                         net (fo=6, routed)           0.168     0.309    my_I2C_Controller/dataBit_now[1]
    SLICE_X49Y45         LUT5 (Prop_lut5_I1_O)        0.042     0.351 r  my_I2C_Controller/dataBit_now[1]_i_1/O
                         net (fo=1, routed)           0.000     0.351    my_I2C_Controller/dataBit_next[1]
    SLICE_X49Y45         FDRE                                         r  my_I2C_Controller/dataBit_now_reg[1]/D
  -------------------------------------------------------------------    -------------------

Slack:                    inf
  Source:                 my_I2C_Controller/read_write_reg_reg/C
                            (rising edge-triggered cell FDRE)
  Destination:            my_I2C_Controller/read_write_reg_reg/D
  Path Group:             (none)
  Path Type:              Min at Fast Process Corner
  Data Path Delay:        0.354ns  (logic 0.186ns (52.498%)  route 0.168ns (47.502%))
  Logic Levels:           2  (FDRE=1 LUT6=1)

    Location             Delay type                Incr(ns)  Path(ns)    Netlist Resource(s)
  -------------------------------------------------------------------    -------------------
    SLICE_X53Y44         FDRE                         0.000     0.000 r  my_I2C_Controller/read_write_reg_reg/C
    SLICE_X53Y44         FDRE (Prop_fdre_C_Q)         0.141     0.141 r  my_I2C_Controller/read_write_reg_reg/Q
                         net (fo=10, routed)          0.168     0.309    my_I2C_Controller/read_write_reg
    SLICE_X53Y44         LUT6 (Prop_lut6_I5_O)        0.045     0.354 r  my_I2C_Controller/read_write_reg_i_1/O
                         net (fo=1, routed)           0.000     0.354    my_I2C_Controller/read_write_reg_i_1_n_0
    SLICE_X53Y44         FDRE                                         r  my_I2C_Controller/read_write_reg_reg/D
  -------------------------------------------------------------------    -------------------

Slack:                    inf
  Source:                 my_I2C_Controller/dataBit_now_reg[2]/C
                            (rising edge-triggered cell FDRE)
  Destination:            my_I2C_Controller/dataBit_now_reg[2]/D
  Path Group:             (none)
  Path Type:              Min at Fast Process Corner
  Data Path Delay:        0.364ns  (logic 0.186ns (51.055%)  route 0.178ns (48.945%))
  Logic Levels:           2  (FDRE=1 LUT6=1)

    Location             Delay type                Incr(ns)  Path(ns)    Netlist Resource(s)
  -------------------------------------------------------------------    -------------------
    SLICE_X51Y45         FDRE                         0.000     0.000 r  my_I2C_Controller/dataBit_now_reg[2]/C
    SLICE_X51Y45         FDRE (Prop_fdre_C_Q)         0.141     0.141 r  my_I2C_Controller/dataBit_now_reg[2]/Q
                         net (fo=4, routed)           0.178     0.319    my_I2C_Controller/dataBit_now[2]
    SLICE_X51Y45         LUT6 (Prop_lut6_I1_O)        0.045     0.364 r  my_I2C_Controller/dataBit_now[2]_i_1/O
                         net (fo=1, routed)           0.000     0.364    my_I2C_Controller/dataBit_next[2]
    SLICE_X51Y45         FDRE                                         r  my_I2C_Controller/dataBit_now_reg[2]/D
  -------------------------------------------------------------------    -------------------

Slack:                    inf
  Source:                 my_I2C_Controller/dataBit_now_reg[3]/C
                            (rising edge-triggered cell FDRE)
  Destination:            my_I2C_Controller/dataBit_now_reg[0]/D
  Path Group:             (none)
  Path Type:              Min at Fast Process Corner
  Data Path Delay:        0.386ns  (logic 0.186ns (48.226%)  route 0.200ns (51.774%))
  Logic Levels:           2  (FDRE=1 LUT6=1)

    Location             Delay type                Incr(ns)  Path(ns)    Netlist Resource(s)
  -------------------------------------------------------------------    -------------------
    SLICE_X51Y45         FDRE                         0.000     0.000 r  my_I2C_Controller/dataBit_now_reg[3]/C
    SLICE_X51Y45         FDRE (Prop_fdre_C_Q)         0.141     0.141 f  my_I2C_Controller/dataBit_now_reg[3]/Q
                         net (fo=8, routed)           0.200     0.341    my_I2C_Controller/dataBit_now[3]
    SLICE_X49Y45         LUT6 (Prop_lut6_I3_O)        0.045     0.386 r  my_I2C_Controller/dataBit_now[0]_i_1/O
                         net (fo=1, routed)           0.000     0.386    my_I2C_Controller/dataBit_now[0]_i_1_n_0
    SLICE_X49Y45         FDRE                                         r  my_I2C_Controller/dataBit_now_reg[0]/D
  -------------------------------------------------------------------    -------------------

Slack:                    inf
  Source:                 my_I2C_Controller/i2c_sda_out_en_reg/C
                            (rising edge-triggered cell FDRE)
  Destination:            my_I2C_Controller/i2c_sda_out_en_reg/D
  Path Group:             (none)
  Path Type:              Min at Fast Process Corner
  Data Path Delay:        0.386ns  (logic 0.209ns (54.079%)  route 0.177ns (45.921%))
  Logic Levels:           2  (FDRE=1 LUT4=1)

    Location             Delay type                Incr(ns)  Path(ns)    Netlist Resource(s)
  -------------------------------------------------------------------    -------------------
    SLICE_X50Y47         FDRE                         0.000     0.000 r  my_I2C_Controller/i2c_sda_out_en_reg/C
    SLICE_X50Y47         FDRE (Prop_fdre_C_Q)         0.164     0.164 r  my_I2C_Controller/i2c_sda_out_en_reg/Q
                         net (fo=2, routed)           0.177     0.341    my_I2C_Controller/sda_TRI
    SLICE_X50Y47         LUT4 (Prop_lut4_I0_O)        0.045     0.386 r  my_I2C_Controller/i2c_sda_out_en_i_1/O
                         net (fo=1, routed)           0.000     0.386    my_I2C_Controller/i2c_sda_out_en_i_1_n_0
    SLICE_X50Y47         FDRE                                         r  my_I2C_Controller/i2c_sda_out_en_reg/D
  -------------------------------------------------------------------    -------------------





--------------------------------------------------------------------------------------
Path Group:  (none)
From Clock:  clkfbout_sys_pll
  To Clock:  

Max Delay             1 Endpoint
Min Delay             1 Endpoint
--------------------------------------------------------------------------------------


Max Delay Paths
--------------------------------------------------------------------------------------
Slack:                    inf
  Source:                 clock_40mhz/inst/mmcm_adv_inst/CLKFBOUT
                            (clock source 'clkfbout_sys_pll'  {rise@0.000ns fall@5.000ns period=10.000ns})
  Destination:            clock_40mhz/inst/mmcm_adv_inst/CLKFBIN
  Path Group:             (none)
  Path Type:              Max at Fast Process Corner
  Data Path Delay:        1.375ns  (logic 0.029ns (2.109%)  route 1.346ns (97.891%))
  Logic Levels:           1  (BUFG=1)
  Clock Uncertainty:      0.148ns  ((TSJ^2 + DJ^2)^1/2) / 2 + PE
    Total System Jitter     (TSJ):    0.050ns
    Discrete Jitter          (DJ):    0.086ns
    Phase Error              (PE):    0.099ns

    Location             Delay type                Incr(ns)  Path(ns)    Netlist Resource(s)
  -------------------------------------------------------------------    -------------------
                         (clock clkfbout_sys_pll fall edge)
                                                      5.000     5.000 f  
    W5                                                0.000     5.000 f  sys_clk (IN)
                         net (fo=0)                   0.000     5.000    clock_40mhz/inst/clk_in1
    W5                   IBUF (Prop_ibuf_I_O)         0.414     5.414 f  clock_40mhz/inst/clkin1_ibufg/O
                         net (fo=1, routed)           0.480     5.894    clock_40mhz/inst/clk_in1_sys_pll
  -------------------------------------------------------------------    -------------------
    MMCME2_ADV_X1Y0      MMCME2_ADV (Prop_mmcme2_adv_CLKIN1_CLKFBOUT)
                                                     -3.142     2.752 f  clock_40mhz/inst/mmcm_adv_inst/CLKFBOUT
                         net (fo=1, routed)           0.530     3.282    clock_40mhz/inst/clkfbout_sys_pll
    BUFGCTRL_X0Y1        BUFG (Prop_bufg_I_O)         0.029     3.311 f  clock_40mhz/inst/clkf_buf/O
                         net (fo=1, routed)           0.817     4.127    clock_40mhz/inst/clkfbout_buf_sys_pll
    MMCME2_ADV_X1Y0      MMCME2_ADV                                   f  clock_40mhz/inst/mmcm_adv_inst/CLKFBIN
  -------------------------------------------------------------------    -------------------





Min Delay Paths
--------------------------------------------------------------------------------------
Slack:                    inf
  Source:                 clock_40mhz/inst/mmcm_adv_inst/CLKFBOUT
                            (clock source 'clkfbout_sys_pll'  {rise@0.000ns fall@5.000ns period=10.000ns})
  Destination:            clock_40mhz/inst/mmcm_adv_inst/CLKFBIN
  Path Group:             (none)
  Path Type:              Min at Slow Process Corner
  Data Path Delay:        3.129ns  (logic 0.091ns (2.908%)  route 3.038ns (97.092%))
  Logic Levels:           1  (BUFG=1)
  Clock Uncertainty:      0.148ns  ((TSJ^2 + DJ^2)^1/2) / 2 + PE
    Total System Jitter     (TSJ):    0.050ns
    Discrete Jitter          (DJ):    0.086ns
    Phase Error              (PE):    0.099ns

    Location             Delay type                Incr(ns)  Path(ns)    Netlist Resource(s)
  -------------------------------------------------------------------    -------------------
                         (clock clkfbout_sys_pll rise edge)
                                                      0.000     0.000 r  
    W5                                                0.000     0.000 r  sys_clk (IN)
                         net (fo=0)                   0.000     0.000    clock_40mhz/inst/clk_in1
    W5                   IBUF (Prop_ibuf_I_O)         1.388     1.388 r  clock_40mhz/inst/clkin1_ibufg/O
                         net (fo=1, routed)           1.162     2.550    clock_40mhz/inst/clk_in1_sys_pll
  -------------------------------------------------------------------    -------------------
    MMCME2_ADV_X1Y0      MMCME2_ADV (Prop_mmcme2_adv_CLKIN1_CLKFBOUT)
                                                     -7.217    -4.668 r  clock_40mhz/inst/mmcm_adv_inst/CLKFBOUT
                         net (fo=1, routed)           1.581    -3.086    clock_40mhz/inst/clkfbout_sys_pll
    BUFGCTRL_X0Y1        BUFG (Prop_bufg_I_O)         0.091    -2.995 r  clock_40mhz/inst/clkf_buf/O
                         net (fo=1, routed)           1.457    -1.538    clock_40mhz/inst/clkfbout_buf_sys_pll
    MMCME2_ADV_X1Y0      MMCME2_ADV                                   r  clock_40mhz/inst/mmcm_adv_inst/CLKFBIN
  -------------------------------------------------------------------    -------------------





--------------------------------------------------------------------------------------
Path Group:  (none)
From Clock:  clkfbout_sys_pll_1
  To Clock:  

Max Delay             1 Endpoint
Min Delay             1 Endpoint
--------------------------------------------------------------------------------------


Max Delay Paths
--------------------------------------------------------------------------------------
Slack:                    inf
  Source:                 clock_40mhz/inst/mmcm_adv_inst/CLKFBOUT
                            (clock source 'clkfbout_sys_pll_1'  {rise@0.000ns fall@5.000ns period=10.000ns})
  Destination:            clock_40mhz/inst/mmcm_adv_inst/CLKFBIN
  Path Group:             (none)
  Path Type:              Max at Fast Process Corner
  Data Path Delay:        1.375ns  (logic 0.029ns (2.109%)  route 1.346ns (97.891%))
  Logic Levels:           1  (BUFG=1)
  Clock Uncertainty:      0.147ns  ((TSJ^2 + DJ^2)^1/2) / 2 + PE
    Total System Jitter     (TSJ):    0.050ns
    Discrete Jitter          (DJ):    0.083ns
    Phase Error              (PE):    0.099ns

    Location             Delay type                Incr(ns)  Path(ns)    Netlist Resource(s)
  -------------------------------------------------------------------    -------------------
                         (clock clkfbout_sys_pll_1 fall edge)
                                                      5.000     5.000 f  
    W5                                                0.000     5.000 f  sys_clk (IN)
                         net (fo=0)                   0.000     5.000    clock_40mhz/inst/clk_in1
    W5                   IBUF (Prop_ibuf_I_O)         0.414     5.414 f  clock_40mhz/inst/clkin1_ibufg/O
                         net (fo=1, routed)           0.480     5.894    clock_40mhz/inst/clk_in1_sys_pll
  -------------------------------------------------------------------    -------------------
    MMCME2_ADV_X1Y0      MMCME2_ADV (Prop_mmcme2_adv_CLKIN1_CLKFBOUT)
                                                     -3.142     2.752 f  clock_40mhz/inst/mmcm_adv_inst/CLKFBOUT
                         net (fo=1, routed)           0.530     3.282    clock_40mhz/inst/clkfbout_sys_pll
    BUFGCTRL_X0Y1        BUFG (Prop_bufg_I_O)         0.029     3.311 f  clock_40mhz/inst/clkf_buf/O
                         net (fo=1, routed)           0.817     4.127    clock_40mhz/inst/clkfbout_buf_sys_pll
    MMCME2_ADV_X1Y0      MMCME2_ADV                                   f  clock_40mhz/inst/mmcm_adv_inst/CLKFBIN
  -------------------------------------------------------------------    -------------------





Min Delay Paths
--------------------------------------------------------------------------------------
Slack:                    inf
  Source:                 clock_40mhz/inst/mmcm_adv_inst/CLKFBOUT
                            (clock source 'clkfbout_sys_pll_1'  {rise@0.000ns fall@5.000ns period=10.000ns})
  Destination:            clock_40mhz/inst/mmcm_adv_inst/CLKFBIN
  Path Group:             (none)
  Path Type:              Min at Slow Process Corner
  Data Path Delay:        3.129ns  (logic 0.091ns (2.908%)  route 3.038ns (97.092%))
  Logic Levels:           1  (BUFG=1)
  Clock Uncertainty:      0.147ns  ((TSJ^2 + DJ^2)^1/2) / 2 + PE
    Total System Jitter     (TSJ):    0.050ns
    Discrete Jitter          (DJ):    0.083ns
    Phase Error              (PE):    0.099ns

    Location             Delay type                Incr(ns)  Path(ns)    Netlist Resource(s)
  -------------------------------------------------------------------    -------------------
                         (clock clkfbout_sys_pll_1 rise edge)
                                                      0.000     0.000 r  
    W5                                                0.000     0.000 r  sys_clk (IN)
                         net (fo=0)                   0.000     0.000    clock_40mhz/inst/clk_in1
    W5                   IBUF (Prop_ibuf_I_O)         1.388     1.388 r  clock_40mhz/inst/clkin1_ibufg/O
                         net (fo=1, routed)           1.162     2.550    clock_40mhz/inst/clk_in1_sys_pll
  -------------------------------------------------------------------    -------------------
    MMCME2_ADV_X1Y0      MMCME2_ADV (Prop_mmcme2_adv_CLKIN1_CLKFBOUT)
                                                     -7.217    -4.668 r  clock_40mhz/inst/mmcm_adv_inst/CLKFBOUT
                         net (fo=1, routed)           1.581    -3.086    clock_40mhz/inst/clkfbout_sys_pll
    BUFGCTRL_X0Y1        BUFG (Prop_bufg_I_O)         0.091    -2.995 r  clock_40mhz/inst/clkf_buf/O
                         net (fo=1, routed)           1.457    -1.538    clock_40mhz/inst/clkfbout_buf_sys_pll
    MMCME2_ADV_X1Y0      MMCME2_ADV                                   r  clock_40mhz/inst/mmcm_adv_inst/CLKFBIN
  -------------------------------------------------------------------    -------------------





--------------------------------------------------------------------------------------
Path Group:  (none)
From Clock:  
  To Clock:  clk_out1_sys_pll

Max Delay             8 Endpoints
Min Delay             8 Endpoints
--------------------------------------------------------------------------------------


Max Delay Paths
--------------------------------------------------------------------------------------
Slack:                    inf
  Source:                 reset_n
                            (input port)
  Destination:            my_baud_rate_generator/counterTick_reg[4]/R
                            (rising edge-triggered cell FDRE clocked by clk_out1_sys_pll  {rise@0.000ns fall@12.500ns period=25.000ns})
  Path Group:             (none)
  Path Type:              Setup (Max at Slow Process Corner)
  Data Path Delay:        5.814ns  (logic 1.585ns (27.266%)  route 4.229ns (72.734%))
  Logic Levels:           2  (IBUF=1 LUT5=1)
  Clock Path Skew:        -1.544ns (DCD - SCD + CPR)
    Destination Clock Delay (DCD):    -1.544ns
    Source Clock Delay      (SCD):    0.000ns
    Clock Pessimism Removal (CPR):    0.000ns
  Clock Uncertainty:      0.182ns  ((TSJ^2 + DJ^2)^1/2) / 2 + PE
    Total System Jitter     (TSJ):    0.050ns
    Discrete Jitter          (DJ):    0.159ns
    Phase Error              (PE):    0.099ns

    Location             Delay type                Incr(ns)  Path(ns)    Netlist Resource(s)
  -------------------------------------------------------------------    -------------------
    V16                                               0.000     0.000 f  reset_n (IN)
                         net (fo=0)                   0.000     0.000    reset_n
    V16                  IBUF (Prop_ibuf_I_O)         1.461     1.461 f  reset_n_IBUF_inst/O
                         net (fo=4, routed)           3.599     5.061    my_baud_rate_generator/reset_n_IBUF
    SLICE_X49Y44         LUT5 (Prop_lut5_I4_O)        0.124     5.185 r  my_baud_rate_generator/counterTick[0]_i_1/O
                         net (fo=7, routed)           0.630     5.814    my_baud_rate_generator/counterTick[0]_i_1_n_0
    SLICE_X48Y44         FDRE                                         r  my_baud_rate_generator/counterTick_reg[4]/R
  -------------------------------------------------------------------    -------------------

                         (clock clk_out1_sys_pll rise edge)
                                                      0.000     0.000 r  
    W5                                                0.000     0.000 r  sys_clk (IN)
                         net (fo=0)                   0.000     0.000    clock_40mhz/inst/clk_in1
    W5                   IBUF (Prop_ibuf_I_O)         1.388     1.388 r  clock_40mhz/inst/clkin1_ibufg/O
                         net (fo=1, routed)           1.162     2.550    clock_40mhz/inst/clk_in1_sys_pll
    MMCME2_ADV_X1Y0      MMCME2_ADV (Prop_mmcme2_adv_CLKIN1_CLKOUT0)
                                                     -7.217    -4.668 r  clock_40mhz/inst/mmcm_adv_inst/CLKOUT0
                         net (fo=1, routed)           1.581    -3.086    clock_40mhz/inst/clk_out1_sys_pll
    BUFGCTRL_X0Y0        BUFG (Prop_bufg_I_O)         0.091    -2.995 r  clock_40mhz/inst/clkout1_buf/O
                         net (fo=8, routed)           1.451    -1.544    my_baud_rate_generator/clk_out1
    SLICE_X48Y44         FDRE                                         r  my_baud_rate_generator/counterTick_reg[4]/C

Slack:                    inf
  Source:                 reset_n
                            (input port)
  Destination:            my_baud_rate_generator/counterTick_reg[5]/R
                            (rising edge-triggered cell FDRE clocked by clk_out1_sys_pll  {rise@0.000ns fall@12.500ns period=25.000ns})
  Path Group:             (none)
  Path Type:              Setup (Max at Slow Process Corner)
  Data Path Delay:        5.814ns  (logic 1.585ns (27.266%)  route 4.229ns (72.734%))
  Logic Levels:           2  (IBUF=1 LUT5=1)
  Clock Path Skew:        -1.544ns (DCD - SCD + CPR)
    Destination Clock Delay (DCD):    -1.544ns
    Source Clock Delay      (SCD):    0.000ns
    Clock Pessimism Removal (CPR):    0.000ns
  Clock Uncertainty:      0.182ns  ((TSJ^2 + DJ^2)^1/2) / 2 + PE
    Total System Jitter     (TSJ):    0.050ns
    Discrete Jitter          (DJ):    0.159ns
    Phase Error              (PE):    0.099ns

    Location             Delay type                Incr(ns)  Path(ns)    Netlist Resource(s)
  -------------------------------------------------------------------    -------------------
    V16                                               0.000     0.000 f  reset_n (IN)
                         net (fo=0)                   0.000     0.000    reset_n
    V16                  IBUF (Prop_ibuf_I_O)         1.461     1.461 f  reset_n_IBUF_inst/O
                         net (fo=4, routed)           3.599     5.061    my_baud_rate_generator/reset_n_IBUF
    SLICE_X49Y44         LUT5 (Prop_lut5_I4_O)        0.124     5.185 r  my_baud_rate_generator/counterTick[0]_i_1/O
                         net (fo=7, routed)           0.630     5.814    my_baud_rate_generator/counterTick[0]_i_1_n_0
    SLICE_X48Y44         FDRE                                         r  my_baud_rate_generator/counterTick_reg[5]/R
  -------------------------------------------------------------------    -------------------

                         (clock clk_out1_sys_pll rise edge)
                                                      0.000     0.000 r  
    W5                                                0.000     0.000 r  sys_clk (IN)
                         net (fo=0)                   0.000     0.000    clock_40mhz/inst/clk_in1
    W5                   IBUF (Prop_ibuf_I_O)         1.388     1.388 r  clock_40mhz/inst/clkin1_ibufg/O
                         net (fo=1, routed)           1.162     2.550    clock_40mhz/inst/clk_in1_sys_pll
    MMCME2_ADV_X1Y0      MMCME2_ADV (Prop_mmcme2_adv_CLKIN1_CLKOUT0)
                                                     -7.217    -4.668 r  clock_40mhz/inst/mmcm_adv_inst/CLKOUT0
                         net (fo=1, routed)           1.581    -3.086    clock_40mhz/inst/clk_out1_sys_pll
    BUFGCTRL_X0Y0        BUFG (Prop_bufg_I_O)         0.091    -2.995 r  clock_40mhz/inst/clkout1_buf/O
                         net (fo=8, routed)           1.451    -1.544    my_baud_rate_generator/clk_out1
    SLICE_X48Y44         FDRE                                         r  my_baud_rate_generator/counterTick_reg[5]/C

Slack:                    inf
  Source:                 reset_n
                            (input port)
  Destination:            my_baud_rate_generator/counterTick_reg[6]/R
                            (rising edge-triggered cell FDRE clocked by clk_out1_sys_pll  {rise@0.000ns fall@12.500ns period=25.000ns})
  Path Group:             (none)
  Path Type:              Setup (Max at Slow Process Corner)
  Data Path Delay:        5.814ns  (logic 1.585ns (27.266%)  route 4.229ns (72.734%))
  Logic Levels:           2  (IBUF=1 LUT5=1)
  Clock Path Skew:        -1.544ns (DCD - SCD + CPR)
    Destination Clock Delay (DCD):    -1.544ns
    Source Clock Delay      (SCD):    0.000ns
    Clock Pessimism Removal (CPR):    0.000ns
  Clock Uncertainty:      0.182ns  ((TSJ^2 + DJ^2)^1/2) / 2 + PE
    Total System Jitter     (TSJ):    0.050ns
    Discrete Jitter          (DJ):    0.159ns
    Phase Error              (PE):    0.099ns

    Location             Delay type                Incr(ns)  Path(ns)    Netlist Resource(s)
  -------------------------------------------------------------------    -------------------
    V16                                               0.000     0.000 f  reset_n (IN)
                         net (fo=0)                   0.000     0.000    reset_n
    V16                  IBUF (Prop_ibuf_I_O)         1.461     1.461 f  reset_n_IBUF_inst/O
                         net (fo=4, routed)           3.599     5.061    my_baud_rate_generator/reset_n_IBUF
    SLICE_X49Y44         LUT5 (Prop_lut5_I4_O)        0.124     5.185 r  my_baud_rate_generator/counterTick[0]_i_1/O
                         net (fo=7, routed)           0.630     5.814    my_baud_rate_generator/counterTick[0]_i_1_n_0
    SLICE_X48Y44         FDRE                                         r  my_baud_rate_generator/counterTick_reg[6]/R
  -------------------------------------------------------------------    -------------------

                         (clock clk_out1_sys_pll rise edge)
                                                      0.000     0.000 r  
    W5                                                0.000     0.000 r  sys_clk (IN)
                         net (fo=0)                   0.000     0.000    clock_40mhz/inst/clk_in1
    W5                   IBUF (Prop_ibuf_I_O)         1.388     1.388 r  clock_40mhz/inst/clkin1_ibufg/O
                         net (fo=1, routed)           1.162     2.550    clock_40mhz/inst/clk_in1_sys_pll
    MMCME2_ADV_X1Y0      MMCME2_ADV (Prop_mmcme2_adv_CLKIN1_CLKOUT0)
                                                     -7.217    -4.668 r  clock_40mhz/inst/mmcm_adv_inst/CLKOUT0
                         net (fo=1, routed)           1.581    -3.086    clock_40mhz/inst/clk_out1_sys_pll
    BUFGCTRL_X0Y0        BUFG (Prop_bufg_I_O)         0.091    -2.995 r  clock_40mhz/inst/clkout1_buf/O
                         net (fo=8, routed)           1.451    -1.544    my_baud_rate_generator/clk_out1
    SLICE_X48Y44         FDRE                                         r  my_baud_rate_generator/counterTick_reg[6]/C

Slack:                    inf
  Source:                 reset_n
                            (input port)
  Destination:            my_baud_rate_generator/counterTick_reg[0]/R
                            (rising edge-triggered cell FDRE clocked by clk_out1_sys_pll  {rise@0.000ns fall@12.500ns period=25.000ns})
  Path Group:             (none)
  Path Type:              Setup (Max at Slow Process Corner)
  Data Path Delay:        5.549ns  (logic 1.585ns (28.568%)  route 3.964ns (71.432%))
  Logic Levels:           2  (IBUF=1 LUT5=1)
  Clock Path Skew:        -1.544ns (DCD - SCD + CPR)
    Destination Clock Delay (DCD):    -1.544ns
    Source Clock Delay      (SCD):    0.000ns
    Clock Pessimism Removal (CPR):    0.000ns
  Clock Uncertainty:      0.182ns  ((TSJ^2 + DJ^2)^1/2) / 2 + PE
    Total System Jitter     (TSJ):    0.050ns
    Discrete Jitter          (DJ):    0.159ns
    Phase Error              (PE):    0.099ns

    Location             Delay type                Incr(ns)  Path(ns)    Netlist Resource(s)
  -------------------------------------------------------------------    -------------------
    V16                                               0.000     0.000 f  reset_n (IN)
                         net (fo=0)                   0.000     0.000    reset_n
    V16                  IBUF (Prop_ibuf_I_O)         1.461     1.461 f  reset_n_IBUF_inst/O
                         net (fo=4, routed)           3.599     5.061    my_baud_rate_generator/reset_n_IBUF
    SLICE_X49Y44         LUT5 (Prop_lut5_I4_O)        0.124     5.185 r  my_baud_rate_generator/counterTick[0]_i_1/O
                         net (fo=7, routed)           0.365     5.549    my_baud_rate_generator/counterTick[0]_i_1_n_0
    SLICE_X48Y43         FDRE                                         r  my_baud_rate_generator/counterTick_reg[0]/R
  -------------------------------------------------------------------    -------------------

                         (clock clk_out1_sys_pll rise edge)
                                                      0.000     0.000 r  
    W5                                                0.000     0.000 r  sys_clk (IN)
                         net (fo=0)                   0.000     0.000    clock_40mhz/inst/clk_in1
    W5                   IBUF (Prop_ibuf_I_O)         1.388     1.388 r  clock_40mhz/inst/clkin1_ibufg/O
                         net (fo=1, routed)           1.162     2.550    clock_40mhz/inst/clk_in1_sys_pll
    MMCME2_ADV_X1Y0      MMCME2_ADV (Prop_mmcme2_adv_CLKIN1_CLKOUT0)
                                                     -7.217    -4.668 r  clock_40mhz/inst/mmcm_adv_inst/CLKOUT0
                         net (fo=1, routed)           1.581    -3.086    clock_40mhz/inst/clk_out1_sys_pll
    BUFGCTRL_X0Y0        BUFG (Prop_bufg_I_O)         0.091    -2.995 r  clock_40mhz/inst/clkout1_buf/O
                         net (fo=8, routed)           1.451    -1.544    my_baud_rate_generator/clk_out1
    SLICE_X48Y43         FDRE                                         r  my_baud_rate_generator/counterTick_reg[0]/C

Slack:                    inf
  Source:                 reset_n
                            (input port)
  Destination:            my_baud_rate_generator/counterTick_reg[1]/R
                            (rising edge-triggered cell FDRE clocked by clk_out1_sys_pll  {rise@0.000ns fall@12.500ns period=25.000ns})
  Path Group:             (none)
  Path Type:              Setup (Max at Slow Process Corner)
  Data Path Delay:        5.549ns  (logic 1.585ns (28.568%)  route 3.964ns (71.432%))
  Logic Levels:           2  (IBUF=1 LUT5=1)
  Clock Path Skew:        -1.544ns (DCD - SCD + CPR)
    Destination Clock Delay (DCD):    -1.544ns
    Source Clock Delay      (SCD):    0.000ns
    Clock Pessimism Removal (CPR):    0.000ns
  Clock Uncertainty:      0.182ns  ((TSJ^2 + DJ^2)^1/2) / 2 + PE
    Total System Jitter     (TSJ):    0.050ns
    Discrete Jitter          (DJ):    0.159ns
    Phase Error              (PE):    0.099ns

    Location             Delay type                Incr(ns)  Path(ns)    Netlist Resource(s)
  -------------------------------------------------------------------    -------------------
    V16                                               0.000     0.000 f  reset_n (IN)
                         net (fo=0)                   0.000     0.000    reset_n
    V16                  IBUF (Prop_ibuf_I_O)         1.461     1.461 f  reset_n_IBUF_inst/O
                         net (fo=4, routed)           3.599     5.061    my_baud_rate_generator/reset_n_IBUF
    SLICE_X49Y44         LUT5 (Prop_lut5_I4_O)        0.124     5.185 r  my_baud_rate_generator/counterTick[0]_i_1/O
                         net (fo=7, routed)           0.365     5.549    my_baud_rate_generator/counterTick[0]_i_1_n_0
    SLICE_X48Y43         FDRE                                         r  my_baud_rate_generator/counterTick_reg[1]/R
  -------------------------------------------------------------------    -------------------

                         (clock clk_out1_sys_pll rise edge)
                                                      0.000     0.000 r  
    W5                                                0.000     0.000 r  sys_clk (IN)
                         net (fo=0)                   0.000     0.000    clock_40mhz/inst/clk_in1
    W5                   IBUF (Prop_ibuf_I_O)         1.388     1.388 r  clock_40mhz/inst/clkin1_ibufg/O
                         net (fo=1, routed)           1.162     2.550    clock_40mhz/inst/clk_in1_sys_pll
    MMCME2_ADV_X1Y0      MMCME2_ADV (Prop_mmcme2_adv_CLKIN1_CLKOUT0)
                                                     -7.217    -4.668 r  clock_40mhz/inst/mmcm_adv_inst/CLKOUT0
                         net (fo=1, routed)           1.581    -3.086    clock_40mhz/inst/clk_out1_sys_pll
    BUFGCTRL_X0Y0        BUFG (Prop_bufg_I_O)         0.091    -2.995 r  clock_40mhz/inst/clkout1_buf/O
                         net (fo=8, routed)           1.451    -1.544    my_baud_rate_generator/clk_out1
    SLICE_X48Y43         FDRE                                         r  my_baud_rate_generator/counterTick_reg[1]/C

Slack:                    inf
  Source:                 reset_n
                            (input port)
  Destination:            my_baud_rate_generator/counterTick_reg[2]/R
                            (rising edge-triggered cell FDRE clocked by clk_out1_sys_pll  {rise@0.000ns fall@12.500ns period=25.000ns})
  Path Group:             (none)
  Path Type:              Setup (Max at Slow Process Corner)
  Data Path Delay:        5.549ns  (logic 1.585ns (28.568%)  route 3.964ns (71.432%))
  Logic Levels:           2  (IBUF=1 LUT5=1)
  Clock Path Skew:        -1.544ns (DCD - SCD + CPR)
    Destination Clock Delay (DCD):    -1.544ns
    Source Clock Delay      (SCD):    0.000ns
    Clock Pessimism Removal (CPR):    0.000ns
  Clock Uncertainty:      0.182ns  ((TSJ^2 + DJ^2)^1/2) / 2 + PE
    Total System Jitter     (TSJ):    0.050ns
    Discrete Jitter          (DJ):    0.159ns
    Phase Error              (PE):    0.099ns

    Location             Delay type                Incr(ns)  Path(ns)    Netlist Resource(s)
  -------------------------------------------------------------------    -------------------
    V16                                               0.000     0.000 f  reset_n (IN)
                         net (fo=0)                   0.000     0.000    reset_n
    V16                  IBUF (Prop_ibuf_I_O)         1.461     1.461 f  reset_n_IBUF_inst/O
                         net (fo=4, routed)           3.599     5.061    my_baud_rate_generator/reset_n_IBUF
    SLICE_X49Y44         LUT5 (Prop_lut5_I4_O)        0.124     5.185 r  my_baud_rate_generator/counterTick[0]_i_1/O
                         net (fo=7, routed)           0.365     5.549    my_baud_rate_generator/counterTick[0]_i_1_n_0
    SLICE_X48Y43         FDRE                                         r  my_baud_rate_generator/counterTick_reg[2]/R
  -------------------------------------------------------------------    -------------------

                         (clock clk_out1_sys_pll rise edge)
                                                      0.000     0.000 r  
    W5                                                0.000     0.000 r  sys_clk (IN)
                         net (fo=0)                   0.000     0.000    clock_40mhz/inst/clk_in1
    W5                   IBUF (Prop_ibuf_I_O)         1.388     1.388 r  clock_40mhz/inst/clkin1_ibufg/O
                         net (fo=1, routed)           1.162     2.550    clock_40mhz/inst/clk_in1_sys_pll
    MMCME2_ADV_X1Y0      MMCME2_ADV (Prop_mmcme2_adv_CLKIN1_CLKOUT0)
                                                     -7.217    -4.668 r  clock_40mhz/inst/mmcm_adv_inst/CLKOUT0
                         net (fo=1, routed)           1.581    -3.086    clock_40mhz/inst/clk_out1_sys_pll
    BUFGCTRL_X0Y0        BUFG (Prop_bufg_I_O)         0.091    -2.995 r  clock_40mhz/inst/clkout1_buf/O
                         net (fo=8, routed)           1.451    -1.544    my_baud_rate_generator/clk_out1
    SLICE_X48Y43         FDRE                                         r  my_baud_rate_generator/counterTick_reg[2]/C

Slack:                    inf
  Source:                 reset_n
                            (input port)
  Destination:            my_baud_rate_generator/counterTick_reg[3]/R
                            (rising edge-triggered cell FDRE clocked by clk_out1_sys_pll  {rise@0.000ns fall@12.500ns period=25.000ns})
  Path Group:             (none)
  Path Type:              Setup (Max at Slow Process Corner)
  Data Path Delay:        5.549ns  (logic 1.585ns (28.568%)  route 3.964ns (71.432%))
  Logic Levels:           2  (IBUF=1 LUT5=1)
  Clock Path Skew:        -1.544ns (DCD - SCD + CPR)
    Destination Clock Delay (DCD):    -1.544ns
    Source Clock Delay      (SCD):    0.000ns
    Clock Pessimism Removal (CPR):    0.000ns
  Clock Uncertainty:      0.182ns  ((TSJ^2 + DJ^2)^1/2) / 2 + PE
    Total System Jitter     (TSJ):    0.050ns
    Discrete Jitter          (DJ):    0.159ns
    Phase Error              (PE):    0.099ns

    Location             Delay type                Incr(ns)  Path(ns)    Netlist Resource(s)
  -------------------------------------------------------------------    -------------------
    V16                                               0.000     0.000 f  reset_n (IN)
                         net (fo=0)                   0.000     0.000    reset_n
    V16                  IBUF (Prop_ibuf_I_O)         1.461     1.461 f  reset_n_IBUF_inst/O
                         net (fo=4, routed)           3.599     5.061    my_baud_rate_generator/reset_n_IBUF
    SLICE_X49Y44         LUT5 (Prop_lut5_I4_O)        0.124     5.185 r  my_baud_rate_generator/counterTick[0]_i_1/O
                         net (fo=7, routed)           0.365     5.549    my_baud_rate_generator/counterTick[0]_i_1_n_0
    SLICE_X48Y43         FDRE                                         r  my_baud_rate_generator/counterTick_reg[3]/R
  -------------------------------------------------------------------    -------------------

                         (clock clk_out1_sys_pll rise edge)
                                                      0.000     0.000 r  
    W5                                                0.000     0.000 r  sys_clk (IN)
                         net (fo=0)                   0.000     0.000    clock_40mhz/inst/clk_in1
    W5                   IBUF (Prop_ibuf_I_O)         1.388     1.388 r  clock_40mhz/inst/clkin1_ibufg/O
                         net (fo=1, routed)           1.162     2.550    clock_40mhz/inst/clk_in1_sys_pll
    MMCME2_ADV_X1Y0      MMCME2_ADV (Prop_mmcme2_adv_CLKIN1_CLKOUT0)
                                                     -7.217    -4.668 r  clock_40mhz/inst/mmcm_adv_inst/CLKOUT0
                         net (fo=1, routed)           1.581    -3.086    clock_40mhz/inst/clk_out1_sys_pll
    BUFGCTRL_X0Y0        BUFG (Prop_bufg_I_O)         0.091    -2.995 r  clock_40mhz/inst/clkout1_buf/O
                         net (fo=8, routed)           1.451    -1.544    my_baud_rate_generator/clk_out1
    SLICE_X48Y43         FDRE                                         r  my_baud_rate_generator/counterTick_reg[3]/C

Slack:                    inf
  Source:                 reset_n
                            (input port)
  Destination:            my_baud_rate_generator/sys_tick_reg_reg/D
                            (rising edge-triggered cell FDRE clocked by clk_out1_sys_pll  {rise@0.000ns fall@12.500ns period=25.000ns})
  Path Group:             (none)
  Path Type:              Setup (Max at Slow Process Corner)
  Data Path Delay:        4.873ns  (logic 1.585ns (32.532%)  route 3.288ns (67.468%))
  Logic Levels:           2  (IBUF=1 LUT6=1)
  Clock Path Skew:        -1.544ns (DCD - SCD + CPR)
    Destination Clock Delay (DCD):    -1.544ns
    Source Clock Delay      (SCD):    0.000ns
    Clock Pessimism Removal (CPR):    0.000ns
  Clock Uncertainty:      0.182ns  ((TSJ^2 + DJ^2)^1/2) / 2 + PE
    Total System Jitter     (TSJ):    0.050ns
    Discrete Jitter          (DJ):    0.159ns
    Phase Error              (PE):    0.099ns

    Location             Delay type                Incr(ns)  Path(ns)    Netlist Resource(s)
  -------------------------------------------------------------------    -------------------
    V16                                               0.000     0.000 r  reset_n (IN)
                         net (fo=0)                   0.000     0.000    reset_n
    V16                  IBUF (Prop_ibuf_I_O)         1.461     1.461 r  reset_n_IBUF_inst/O
                         net (fo=4, routed)           3.288     4.749    my_baud_rate_generator/reset_n_IBUF
    SLICE_X49Y44         LUT6 (Prop_lut6_I1_O)        0.124     4.873 r  my_baud_rate_generator/sys_tick_reg_i_1/O
                         net (fo=1, routed)           0.000     4.873    my_baud_rate_generator/sys_tick_reg_i_1_n_0
    SLICE_X49Y44         FDRE                                         r  my_baud_rate_generator/sys_tick_reg_reg/D
  -------------------------------------------------------------------    -------------------

                         (clock clk_out1_sys_pll rise edge)
                                                      0.000     0.000 r  
    W5                                                0.000     0.000 r  sys_clk (IN)
                         net (fo=0)                   0.000     0.000    clock_40mhz/inst/clk_in1
    W5                   IBUF (Prop_ibuf_I_O)         1.388     1.388 r  clock_40mhz/inst/clkin1_ibufg/O
                         net (fo=1, routed)           1.162     2.550    clock_40mhz/inst/clk_in1_sys_pll
    MMCME2_ADV_X1Y0      MMCME2_ADV (Prop_mmcme2_adv_CLKIN1_CLKOUT0)
                                                     -7.217    -4.668 r  clock_40mhz/inst/mmcm_adv_inst/CLKOUT0
                         net (fo=1, routed)           1.581    -3.086    clock_40mhz/inst/clk_out1_sys_pll
    BUFGCTRL_X0Y0        BUFG (Prop_bufg_I_O)         0.091    -2.995 r  clock_40mhz/inst/clkout1_buf/O
                         net (fo=8, routed)           1.451    -1.544    my_baud_rate_generator/clk_out1
    SLICE_X49Y44         FDRE                                         r  my_baud_rate_generator/sys_tick_reg_reg/C





Min Delay Paths
--------------------------------------------------------------------------------------
Slack:                    inf
  Source:                 reset_n
                            (input port)
  Destination:            my_baud_rate_generator/sys_tick_reg_reg/D
                            (rising edge-triggered cell FDRE clocked by clk_out1_sys_pll  {rise@0.000ns fall@12.500ns period=25.000ns})
  Path Group:             (none)
  Path Type:              Hold (Min at Fast Process Corner)
  Data Path Delay:        1.807ns  (logic 0.274ns (15.182%)  route 1.533ns (84.818%))
  Logic Levels:           2  (IBUF=1 LUT6=1)
  Clock Path Skew:        -0.854ns (DCD - SCD - CPR)
    Destination Clock Delay (DCD):    -0.854ns
    Source Clock Delay      (SCD):    0.000ns
    Clock Pessimism Removal (CPR):    -0.000ns

    Location             Delay type                Incr(ns)  Path(ns)    Netlist Resource(s)
  -------------------------------------------------------------------    -------------------
    V16                                               0.000     0.000 r  reset_n (IN)
                         net (fo=0)                   0.000     0.000    reset_n
    V16                  IBUF (Prop_ibuf_I_O)         0.229     0.229 r  reset_n_IBUF_inst/O
                         net (fo=4, routed)           1.533     1.762    my_baud_rate_generator/reset_n_IBUF
    SLICE_X49Y44         LUT6 (Prop_lut6_I1_O)        0.045     1.807 r  my_baud_rate_generator/sys_tick_reg_i_1/O
                         net (fo=1, routed)           0.000     1.807    my_baud_rate_generator/sys_tick_reg_i_1_n_0
    SLICE_X49Y44         FDRE                                         r  my_baud_rate_generator/sys_tick_reg_reg/D
  -------------------------------------------------------------------    -------------------

                         (clock clk_out1_sys_pll rise edge)
                                                      0.000     0.000 r  
    W5                                                0.000     0.000 r  sys_clk (IN)
                         net (fo=0)                   0.000     0.000    clock_40mhz/inst/clk_in1
    W5                   IBUF (Prop_ibuf_I_O)         0.414     0.414 r  clock_40mhz/inst/clkin1_ibufg/O
                         net (fo=1, routed)           0.480     0.894    clock_40mhz/inst/clk_in1_sys_pll
    MMCME2_ADV_X1Y0      MMCME2_ADV (Prop_mmcme2_adv_CLKIN1_CLKOUT0)
                                                     -3.142    -2.248 r  clock_40mhz/inst/mmcm_adv_inst/CLKOUT0
                         net (fo=1, routed)           0.530    -1.718    clock_40mhz/inst/clk_out1_sys_pll
    BUFGCTRL_X0Y0        BUFG (Prop_bufg_I_O)         0.029    -1.689 r  clock_40mhz/inst/clkout1_buf/O
                         net (fo=8, routed)           0.836    -0.854    my_baud_rate_generator/clk_out1
    SLICE_X49Y44         FDRE                                         r  my_baud_rate_generator/sys_tick_reg_reg/C

Slack:                    inf
  Source:                 reset_n
                            (input port)
  Destination:            my_baud_rate_generator/counterTick_reg[0]/R
                            (rising edge-triggered cell FDRE clocked by clk_out1_sys_pll  {rise@0.000ns fall@12.500ns period=25.000ns})
  Path Group:             (none)
  Path Type:              Hold (Min at Fast Process Corner)
  Data Path Delay:        2.047ns  (logic 0.274ns (13.401%)  route 1.773ns (86.599%))
  Logic Levels:           2  (IBUF=1 LUT5=1)
  Clock Path Skew:        -0.854ns (DCD - SCD - CPR)
    Destination Clock Delay (DCD):    -0.854ns
    Source Clock Delay      (SCD):    0.000ns
    Clock Pessimism Removal (CPR):    -0.000ns

    Location             Delay type                Incr(ns)  Path(ns)    Netlist Resource(s)
  -------------------------------------------------------------------    -------------------
    V16                                               0.000     0.000 f  reset_n (IN)
                         net (fo=0)                   0.000     0.000    reset_n
    V16                  IBUF (Prop_ibuf_I_O)         0.229     0.229 f  reset_n_IBUF_inst/O
                         net (fo=4, routed)           1.640     1.870    my_baud_rate_generator/reset_n_IBUF
    SLICE_X49Y44         LUT5 (Prop_lut5_I4_O)        0.045     1.915 r  my_baud_rate_generator/counterTick[0]_i_1/O
                         net (fo=7, routed)           0.133     2.047    my_baud_rate_generator/counterTick[0]_i_1_n_0
    SLICE_X48Y43         FDRE                                         r  my_baud_rate_generator/counterTick_reg[0]/R
  -------------------------------------------------------------------    -------------------

                         (clock clk_out1_sys_pll rise edge)
                                                      0.000     0.000 r  
    W5                                                0.000     0.000 r  sys_clk (IN)
                         net (fo=0)                   0.000     0.000    clock_40mhz/inst/clk_in1
    W5                   IBUF (Prop_ibuf_I_O)         0.414     0.414 r  clock_40mhz/inst/clkin1_ibufg/O
                         net (fo=1, routed)           0.480     0.894    clock_40mhz/inst/clk_in1_sys_pll
    MMCME2_ADV_X1Y0      MMCME2_ADV (Prop_mmcme2_adv_CLKIN1_CLKOUT0)
                                                     -3.142    -2.248 r  clock_40mhz/inst/mmcm_adv_inst/CLKOUT0
                         net (fo=1, routed)           0.530    -1.718    clock_40mhz/inst/clk_out1_sys_pll
    BUFGCTRL_X0Y0        BUFG (Prop_bufg_I_O)         0.029    -1.689 r  clock_40mhz/inst/clkout1_buf/O
                         net (fo=8, routed)           0.836    -0.854    my_baud_rate_generator/clk_out1
    SLICE_X48Y43         FDRE                                         r  my_baud_rate_generator/counterTick_reg[0]/C

Slack:                    inf
  Source:                 reset_n
                            (input port)
  Destination:            my_baud_rate_generator/counterTick_reg[1]/R
                            (rising edge-triggered cell FDRE clocked by clk_out1_sys_pll  {rise@0.000ns fall@12.500ns period=25.000ns})
  Path Group:             (none)
  Path Type:              Hold (Min at Fast Process Corner)
  Data Path Delay:        2.047ns  (logic 0.274ns (13.401%)  route 1.773ns (86.599%))
  Logic Levels:           2  (IBUF=1 LUT5=1)
  Clock Path Skew:        -0.854ns (DCD - SCD - CPR)
    Destination Clock Delay (DCD):    -0.854ns
    Source Clock Delay      (SCD):    0.000ns
    Clock Pessimism Removal (CPR):    -0.000ns

    Location             Delay type                Incr(ns)  Path(ns)    Netlist Resource(s)
  -------------------------------------------------------------------    -------------------
    V16                                               0.000     0.000 f  reset_n (IN)
                         net (fo=0)                   0.000     0.000    reset_n
    V16                  IBUF (Prop_ibuf_I_O)         0.229     0.229 f  reset_n_IBUF_inst/O
                         net (fo=4, routed)           1.640     1.870    my_baud_rate_generator/reset_n_IBUF
    SLICE_X49Y44         LUT5 (Prop_lut5_I4_O)        0.045     1.915 r  my_baud_rate_generator/counterTick[0]_i_1/O
                         net (fo=7, routed)           0.133     2.047    my_baud_rate_generator/counterTick[0]_i_1_n_0
    SLICE_X48Y43         FDRE                                         r  my_baud_rate_generator/counterTick_reg[1]/R
  -------------------------------------------------------------------    -------------------

                         (clock clk_out1_sys_pll rise edge)
                                                      0.000     0.000 r  
    W5                                                0.000     0.000 r  sys_clk (IN)
                         net (fo=0)                   0.000     0.000    clock_40mhz/inst/clk_in1
    W5                   IBUF (Prop_ibuf_I_O)         0.414     0.414 r  clock_40mhz/inst/clkin1_ibufg/O
                         net (fo=1, routed)           0.480     0.894    clock_40mhz/inst/clk_in1_sys_pll
    MMCME2_ADV_X1Y0      MMCME2_ADV (Prop_mmcme2_adv_CLKIN1_CLKOUT0)
                                                     -3.142    -2.248 r  clock_40mhz/inst/mmcm_adv_inst/CLKOUT0
                         net (fo=1, routed)           0.530    -1.718    clock_40mhz/inst/clk_out1_sys_pll
    BUFGCTRL_X0Y0        BUFG (Prop_bufg_I_O)         0.029    -1.689 r  clock_40mhz/inst/clkout1_buf/O
                         net (fo=8, routed)           0.836    -0.854    my_baud_rate_generator/clk_out1
    SLICE_X48Y43         FDRE                                         r  my_baud_rate_generator/counterTick_reg[1]/C

Slack:                    inf
  Source:                 reset_n
                            (input port)
  Destination:            my_baud_rate_generator/counterTick_reg[2]/R
                            (rising edge-triggered cell FDRE clocked by clk_out1_sys_pll  {rise@0.000ns fall@12.500ns period=25.000ns})
  Path Group:             (none)
  Path Type:              Hold (Min at Fast Process Corner)
  Data Path Delay:        2.047ns  (logic 0.274ns (13.401%)  route 1.773ns (86.599%))
  Logic Levels:           2  (IBUF=1 LUT5=1)
  Clock Path Skew:        -0.854ns (DCD - SCD - CPR)
    Destination Clock Delay (DCD):    -0.854ns
    Source Clock Delay      (SCD):    0.000ns
    Clock Pessimism Removal (CPR):    -0.000ns

    Location             Delay type                Incr(ns)  Path(ns)    Netlist Resource(s)
  -------------------------------------------------------------------    -------------------
    V16                                               0.000     0.000 f  reset_n (IN)
                         net (fo=0)                   0.000     0.000    reset_n
    V16                  IBUF (Prop_ibuf_I_O)         0.229     0.229 f  reset_n_IBUF_inst/O
                         net (fo=4, routed)           1.640     1.870    my_baud_rate_generator/reset_n_IBUF
    SLICE_X49Y44         LUT5 (Prop_lut5_I4_O)        0.045     1.915 r  my_baud_rate_generator/counterTick[0]_i_1/O
                         net (fo=7, routed)           0.133     2.047    my_baud_rate_generator/counterTick[0]_i_1_n_0
    SLICE_X48Y43         FDRE                                         r  my_baud_rate_generator/counterTick_reg[2]/R
  -------------------------------------------------------------------    -------------------

                         (clock clk_out1_sys_pll rise edge)
                                                      0.000     0.000 r  
    W5                                                0.000     0.000 r  sys_clk (IN)
                         net (fo=0)                   0.000     0.000    clock_40mhz/inst/clk_in1
    W5                   IBUF (Prop_ibuf_I_O)         0.414     0.414 r  clock_40mhz/inst/clkin1_ibufg/O
                         net (fo=1, routed)           0.480     0.894    clock_40mhz/inst/clk_in1_sys_pll
    MMCME2_ADV_X1Y0      MMCME2_ADV (Prop_mmcme2_adv_CLKIN1_CLKOUT0)
                                                     -3.142    -2.248 r  clock_40mhz/inst/mmcm_adv_inst/CLKOUT0
                         net (fo=1, routed)           0.530    -1.718    clock_40mhz/inst/clk_out1_sys_pll
    BUFGCTRL_X0Y0        BUFG (Prop_bufg_I_O)         0.029    -1.689 r  clock_40mhz/inst/clkout1_buf/O
                         net (fo=8, routed)           0.836    -0.854    my_baud_rate_generator/clk_out1
    SLICE_X48Y43         FDRE                                         r  my_baud_rate_generator/counterTick_reg[2]/C

Slack:                    inf
  Source:                 reset_n
                            (input port)
  Destination:            my_baud_rate_generator/counterTick_reg[3]/R
                            (rising edge-triggered cell FDRE clocked by clk_out1_sys_pll  {rise@0.000ns fall@12.500ns period=25.000ns})
  Path Group:             (none)
  Path Type:              Hold (Min at Fast Process Corner)
  Data Path Delay:        2.047ns  (logic 0.274ns (13.401%)  route 1.773ns (86.599%))
  Logic Levels:           2  (IBUF=1 LUT5=1)
  Clock Path Skew:        -0.854ns (DCD - SCD - CPR)
    Destination Clock Delay (DCD):    -0.854ns
    Source Clock Delay      (SCD):    0.000ns
    Clock Pessimism Removal (CPR):    -0.000ns

    Location             Delay type                Incr(ns)  Path(ns)    Netlist Resource(s)
  -------------------------------------------------------------------    -------------------
    V16                                               0.000     0.000 f  reset_n (IN)
                         net (fo=0)                   0.000     0.000    reset_n
    V16                  IBUF (Prop_ibuf_I_O)         0.229     0.229 f  reset_n_IBUF_inst/O
                         net (fo=4, routed)           1.640     1.870    my_baud_rate_generator/reset_n_IBUF
    SLICE_X49Y44         LUT5 (Prop_lut5_I4_O)        0.045     1.915 r  my_baud_rate_generator/counterTick[0]_i_1/O
                         net (fo=7, routed)           0.133     2.047    my_baud_rate_generator/counterTick[0]_i_1_n_0
    SLICE_X48Y43         FDRE                                         r  my_baud_rate_generator/counterTick_reg[3]/R
  -------------------------------------------------------------------    -------------------

                         (clock clk_out1_sys_pll rise edge)
                                                      0.000     0.000 r  
    W5                                                0.000     0.000 r  sys_clk (IN)
                         net (fo=0)                   0.000     0.000    clock_40mhz/inst/clk_in1
    W5                   IBUF (Prop_ibuf_I_O)         0.414     0.414 r  clock_40mhz/inst/clkin1_ibufg/O
                         net (fo=1, routed)           0.480     0.894    clock_40mhz/inst/clk_in1_sys_pll
    MMCME2_ADV_X1Y0      MMCME2_ADV (Prop_mmcme2_adv_CLKIN1_CLKOUT0)
                                                     -3.142    -2.248 r  clock_40mhz/inst/mmcm_adv_inst/CLKOUT0
                         net (fo=1, routed)           0.530    -1.718    clock_40mhz/inst/clk_out1_sys_pll
    BUFGCTRL_X0Y0        BUFG (Prop_bufg_I_O)         0.029    -1.689 r  clock_40mhz/inst/clkout1_buf/O
                         net (fo=8, routed)           0.836    -0.854    my_baud_rate_generator/clk_out1
    SLICE_X48Y43         FDRE                                         r  my_baud_rate_generator/counterTick_reg[3]/C

Slack:                    inf
  Source:                 reset_n
                            (input port)
  Destination:            my_baud_rate_generator/counterTick_reg[4]/R
                            (rising edge-triggered cell FDRE clocked by clk_out1_sys_pll  {rise@0.000ns fall@12.500ns period=25.000ns})
  Path Group:             (none)
  Path Type:              Hold (Min at Fast Process Corner)
  Data Path Delay:        2.135ns  (logic 0.274ns (12.849%)  route 1.861ns (87.151%))
  Logic Levels:           2  (IBUF=1 LUT5=1)
  Clock Path Skew:        -0.854ns (DCD - SCD - CPR)
    Destination Clock Delay (DCD):    -0.854ns
    Source Clock Delay      (SCD):    0.000ns
    Clock Pessimism Removal (CPR):    -0.000ns

    Location             Delay type                Incr(ns)  Path(ns)    Netlist Resource(s)
  -------------------------------------------------------------------    -------------------
    V16                                               0.000     0.000 f  reset_n (IN)
                         net (fo=0)                   0.000     0.000    reset_n
    V16                  IBUF (Prop_ibuf_I_O)         0.229     0.229 f  reset_n_IBUF_inst/O
                         net (fo=4, routed)           1.640     1.870    my_baud_rate_generator/reset_n_IBUF
    SLICE_X49Y44         LUT5 (Prop_lut5_I4_O)        0.045     1.915 r  my_baud_rate_generator/counterTick[0]_i_1/O
                         net (fo=7, routed)           0.221     2.135    my_baud_rate_generator/counterTick[0]_i_1_n_0
    SLICE_X48Y44         FDRE                                         r  my_baud_rate_generator/counterTick_reg[4]/R
  -------------------------------------------------------------------    -------------------

                         (clock clk_out1_sys_pll rise edge)
                                                      0.000     0.000 r  
    W5                                                0.000     0.000 r  sys_clk (IN)
                         net (fo=0)                   0.000     0.000    clock_40mhz/inst/clk_in1
    W5                   IBUF (Prop_ibuf_I_O)         0.414     0.414 r  clock_40mhz/inst/clkin1_ibufg/O
                         net (fo=1, routed)           0.480     0.894    clock_40mhz/inst/clk_in1_sys_pll
    MMCME2_ADV_X1Y0      MMCME2_ADV (Prop_mmcme2_adv_CLKIN1_CLKOUT0)
                                                     -3.142    -2.248 r  clock_40mhz/inst/mmcm_adv_inst/CLKOUT0
                         net (fo=1, routed)           0.530    -1.718    clock_40mhz/inst/clk_out1_sys_pll
    BUFGCTRL_X0Y0        BUFG (Prop_bufg_I_O)         0.029    -1.689 r  clock_40mhz/inst/clkout1_buf/O
                         net (fo=8, routed)           0.836    -0.854    my_baud_rate_generator/clk_out1
    SLICE_X48Y44         FDRE                                         r  my_baud_rate_generator/counterTick_reg[4]/C

Slack:                    inf
  Source:                 reset_n
                            (input port)
  Destination:            my_baud_rate_generator/counterTick_reg[5]/R
                            (rising edge-triggered cell FDRE clocked by clk_out1_sys_pll  {rise@0.000ns fall@12.500ns period=25.000ns})
  Path Group:             (none)
  Path Type:              Hold (Min at Fast Process Corner)
  Data Path Delay:        2.135ns  (logic 0.274ns (12.849%)  route 1.861ns (87.151%))
  Logic Levels:           2  (IBUF=1 LUT5=1)
  Clock Path Skew:        -0.854ns (DCD - SCD - CPR)
    Destination Clock Delay (DCD):    -0.854ns
    Source Clock Delay      (SCD):    0.000ns
    Clock Pessimism Removal (CPR):    -0.000ns

    Location             Delay type                Incr(ns)  Path(ns)    Netlist Resource(s)
  -------------------------------------------------------------------    -------------------
    V16                                               0.000     0.000 f  reset_n (IN)
                         net (fo=0)                   0.000     0.000    reset_n
    V16                  IBUF (Prop_ibuf_I_O)         0.229     0.229 f  reset_n_IBUF_inst/O
                         net (fo=4, routed)           1.640     1.870    my_baud_rate_generator/reset_n_IBUF
    SLICE_X49Y44         LUT5 (Prop_lut5_I4_O)        0.045     1.915 r  my_baud_rate_generator/counterTick[0]_i_1/O
                         net (fo=7, routed)           0.221     2.135    my_baud_rate_generator/counterTick[0]_i_1_n_0
    SLICE_X48Y44         FDRE                                         r  my_baud_rate_generator/counterTick_reg[5]/R
  -------------------------------------------------------------------    -------------------

                         (clock clk_out1_sys_pll rise edge)
                                                      0.000     0.000 r  
    W5                                                0.000     0.000 r  sys_clk (IN)
                         net (fo=0)                   0.000     0.000    clock_40mhz/inst/clk_in1
    W5                   IBUF (Prop_ibuf_I_O)         0.414     0.414 r  clock_40mhz/inst/clkin1_ibufg/O
                         net (fo=1, routed)           0.480     0.894    clock_40mhz/inst/clk_in1_sys_pll
    MMCME2_ADV_X1Y0      MMCME2_ADV (Prop_mmcme2_adv_CLKIN1_CLKOUT0)
                                                     -3.142    -2.248 r  clock_40mhz/inst/mmcm_adv_inst/CLKOUT0
                         net (fo=1, routed)           0.530    -1.718    clock_40mhz/inst/clk_out1_sys_pll
    BUFGCTRL_X0Y0        BUFG (Prop_bufg_I_O)         0.029    -1.689 r  clock_40mhz/inst/clkout1_buf/O
                         net (fo=8, routed)           0.836    -0.854    my_baud_rate_generator/clk_out1
    SLICE_X48Y44         FDRE                                         r  my_baud_rate_generator/counterTick_reg[5]/C

Slack:                    inf
  Source:                 reset_n
                            (input port)
  Destination:            my_baud_rate_generator/counterTick_reg[6]/R
                            (rising edge-triggered cell FDRE clocked by clk_out1_sys_pll  {rise@0.000ns fall@12.500ns period=25.000ns})
  Path Group:             (none)
  Path Type:              Hold (Min at Fast Process Corner)
  Data Path Delay:        2.135ns  (logic 0.274ns (12.849%)  route 1.861ns (87.151%))
  Logic Levels:           2  (IBUF=1 LUT5=1)
  Clock Path Skew:        -0.854ns (DCD - SCD - CPR)
    Destination Clock Delay (DCD):    -0.854ns
    Source Clock Delay      (SCD):    0.000ns
    Clock Pessimism Removal (CPR):    -0.000ns

    Location             Delay type                Incr(ns)  Path(ns)    Netlist Resource(s)
  -------------------------------------------------------------------    -------------------
    V16                                               0.000     0.000 f  reset_n (IN)
                         net (fo=0)                   0.000     0.000    reset_n
    V16                  IBUF (Prop_ibuf_I_O)         0.229     0.229 f  reset_n_IBUF_inst/O
                         net (fo=4, routed)           1.640     1.870    my_baud_rate_generator/reset_n_IBUF
    SLICE_X49Y44         LUT5 (Prop_lut5_I4_O)        0.045     1.915 r  my_baud_rate_generator/counterTick[0]_i_1/O
                         net (fo=7, routed)           0.221     2.135    my_baud_rate_generator/counterTick[0]_i_1_n_0
    SLICE_X48Y44         FDRE                                         r  my_baud_rate_generator/counterTick_reg[6]/R
  -------------------------------------------------------------------    -------------------

                         (clock clk_out1_sys_pll rise edge)
                                                      0.000     0.000 r  
    W5                                                0.000     0.000 r  sys_clk (IN)
                         net (fo=0)                   0.000     0.000    clock_40mhz/inst/clk_in1
    W5                   IBUF (Prop_ibuf_I_O)         0.414     0.414 r  clock_40mhz/inst/clkin1_ibufg/O
                         net (fo=1, routed)           0.480     0.894    clock_40mhz/inst/clk_in1_sys_pll
    MMCME2_ADV_X1Y0      MMCME2_ADV (Prop_mmcme2_adv_CLKIN1_CLKOUT0)
                                                     -3.142    -2.248 r  clock_40mhz/inst/mmcm_adv_inst/CLKOUT0
                         net (fo=1, routed)           0.530    -1.718    clock_40mhz/inst/clk_out1_sys_pll
    BUFGCTRL_X0Y0        BUFG (Prop_bufg_I_O)         0.029    -1.689 r  clock_40mhz/inst/clkout1_buf/O
                         net (fo=8, routed)           0.836    -0.854    my_baud_rate_generator/clk_out1
    SLICE_X48Y44         FDRE                                         r  my_baud_rate_generator/counterTick_reg[6]/C





--------------------------------------------------------------------------------------
Path Group:  (none)
From Clock:  
  To Clock:  clk_out1_sys_pll_1

Max Delay             8 Endpoints
Min Delay             8 Endpoints
--------------------------------------------------------------------------------------


Max Delay Paths
--------------------------------------------------------------------------------------
Slack:                    inf
  Source:                 reset_n
                            (input port)
  Destination:            my_baud_rate_generator/counterTick_reg[4]/R
                            (rising edge-triggered cell FDRE clocked by clk_out1_sys_pll_1  {rise@0.000ns fall@12.500ns period=25.000ns})
  Path Group:             (none)
  Path Type:              Setup (Max at Slow Process Corner)
  Data Path Delay:        5.814ns  (logic 1.585ns (27.266%)  route 4.229ns (72.734%))
  Logic Levels:           2  (IBUF=1 LUT5=1)
  Clock Path Skew:        -1.544ns (DCD - SCD + CPR)
    Destination Clock Delay (DCD):    -1.544ns
    Source Clock Delay      (SCD):    0.000ns
    Clock Pessimism Removal (CPR):    0.000ns
  Clock Uncertainty:      0.179ns  ((TSJ^2 + DJ^2)^1/2) / 2 + PE
    Total System Jitter     (TSJ):    0.050ns
    Discrete Jitter          (DJ):    0.154ns
    Phase Error              (PE):    0.099ns

    Location             Delay type                Incr(ns)  Path(ns)    Netlist Resource(s)
  -------------------------------------------------------------------    -------------------
    V16                                               0.000     0.000 f  reset_n (IN)
                         net (fo=0)                   0.000     0.000    reset_n
    V16                  IBUF (Prop_ibuf_I_O)         1.461     1.461 f  reset_n_IBUF_inst/O
                         net (fo=4, routed)           3.599     5.061    my_baud_rate_generator/reset_n_IBUF
    SLICE_X49Y44         LUT5 (Prop_lut5_I4_O)        0.124     5.185 r  my_baud_rate_generator/counterTick[0]_i_1/O
                         net (fo=7, routed)           0.630     5.814    my_baud_rate_generator/counterTick[0]_i_1_n_0
    SLICE_X48Y44         FDRE                                         r  my_baud_rate_generator/counterTick_reg[4]/R
  -------------------------------------------------------------------    -------------------

                         (clock clk_out1_sys_pll_1 rise edge)
                                                      0.000     0.000 r  
    W5                                                0.000     0.000 r  sys_clk (IN)
                         net (fo=0)                   0.000     0.000    clock_40mhz/inst/clk_in1
    W5                   IBUF (Prop_ibuf_I_O)         1.388     1.388 r  clock_40mhz/inst/clkin1_ibufg/O
                         net (fo=1, routed)           1.162     2.550    clock_40mhz/inst/clk_in1_sys_pll
    MMCME2_ADV_X1Y0      MMCME2_ADV (Prop_mmcme2_adv_CLKIN1_CLKOUT0)
                                                     -7.217    -4.668 r  clock_40mhz/inst/mmcm_adv_inst/CLKOUT0
                         net (fo=1, routed)           1.581    -3.086    clock_40mhz/inst/clk_out1_sys_pll
    BUFGCTRL_X0Y0        BUFG (Prop_bufg_I_O)         0.091    -2.995 r  clock_40mhz/inst/clkout1_buf/O
                         net (fo=8, routed)           1.451    -1.544    my_baud_rate_generator/clk_out1
    SLICE_X48Y44         FDRE                                         r  my_baud_rate_generator/counterTick_reg[4]/C

Slack:                    inf
  Source:                 reset_n
                            (input port)
  Destination:            my_baud_rate_generator/counterTick_reg[5]/R
                            (rising edge-triggered cell FDRE clocked by clk_out1_sys_pll_1  {rise@0.000ns fall@12.500ns period=25.000ns})
  Path Group:             (none)
  Path Type:              Setup (Max at Slow Process Corner)
  Data Path Delay:        5.814ns  (logic 1.585ns (27.266%)  route 4.229ns (72.734%))
  Logic Levels:           2  (IBUF=1 LUT5=1)
  Clock Path Skew:        -1.544ns (DCD - SCD + CPR)
    Destination Clock Delay (DCD):    -1.544ns
    Source Clock Delay      (SCD):    0.000ns
    Clock Pessimism Removal (CPR):    0.000ns
  Clock Uncertainty:      0.179ns  ((TSJ^2 + DJ^2)^1/2) / 2 + PE
    Total System Jitter     (TSJ):    0.050ns
    Discrete Jitter          (DJ):    0.154ns
    Phase Error              (PE):    0.099ns

    Location             Delay type                Incr(ns)  Path(ns)    Netlist Resource(s)
  -------------------------------------------------------------------    -------------------
    V16                                               0.000     0.000 f  reset_n (IN)
                         net (fo=0)                   0.000     0.000    reset_n
    V16                  IBUF (Prop_ibuf_I_O)         1.461     1.461 f  reset_n_IBUF_inst/O
                         net (fo=4, routed)           3.599     5.061    my_baud_rate_generator/reset_n_IBUF
    SLICE_X49Y44         LUT5 (Prop_lut5_I4_O)        0.124     5.185 r  my_baud_rate_generator/counterTick[0]_i_1/O
                         net (fo=7, routed)           0.630     5.814    my_baud_rate_generator/counterTick[0]_i_1_n_0
    SLICE_X48Y44         FDRE                                         r  my_baud_rate_generator/counterTick_reg[5]/R
  -------------------------------------------------------------------    -------------------

                         (clock clk_out1_sys_pll_1 rise edge)
                                                      0.000     0.000 r  
    W5                                                0.000     0.000 r  sys_clk (IN)
                         net (fo=0)                   0.000     0.000    clock_40mhz/inst/clk_in1
    W5                   IBUF (Prop_ibuf_I_O)         1.388     1.388 r  clock_40mhz/inst/clkin1_ibufg/O
                         net (fo=1, routed)           1.162     2.550    clock_40mhz/inst/clk_in1_sys_pll
    MMCME2_ADV_X1Y0      MMCME2_ADV (Prop_mmcme2_adv_CLKIN1_CLKOUT0)
                                                     -7.217    -4.668 r  clock_40mhz/inst/mmcm_adv_inst/CLKOUT0
                         net (fo=1, routed)           1.581    -3.086    clock_40mhz/inst/clk_out1_sys_pll
    BUFGCTRL_X0Y0        BUFG (Prop_bufg_I_O)         0.091    -2.995 r  clock_40mhz/inst/clkout1_buf/O
                         net (fo=8, routed)           1.451    -1.544    my_baud_rate_generator/clk_out1
    SLICE_X48Y44         FDRE                                         r  my_baud_rate_generator/counterTick_reg[5]/C

Slack:                    inf
  Source:                 reset_n
                            (input port)
  Destination:            my_baud_rate_generator/counterTick_reg[6]/R
                            (rising edge-triggered cell FDRE clocked by clk_out1_sys_pll_1  {rise@0.000ns fall@12.500ns period=25.000ns})
  Path Group:             (none)
  Path Type:              Setup (Max at Slow Process Corner)
  Data Path Delay:        5.814ns  (logic 1.585ns (27.266%)  route 4.229ns (72.734%))
  Logic Levels:           2  (IBUF=1 LUT5=1)
  Clock Path Skew:        -1.544ns (DCD - SCD + CPR)
    Destination Clock Delay (DCD):    -1.544ns
    Source Clock Delay      (SCD):    0.000ns
    Clock Pessimism Removal (CPR):    0.000ns
  Clock Uncertainty:      0.179ns  ((TSJ^2 + DJ^2)^1/2) / 2 + PE
    Total System Jitter     (TSJ):    0.050ns
    Discrete Jitter          (DJ):    0.154ns
    Phase Error              (PE):    0.099ns

    Location             Delay type                Incr(ns)  Path(ns)    Netlist Resource(s)
  -------------------------------------------------------------------    -------------------
    V16                                               0.000     0.000 f  reset_n (IN)
                         net (fo=0)                   0.000     0.000    reset_n
    V16                  IBUF (Prop_ibuf_I_O)         1.461     1.461 f  reset_n_IBUF_inst/O
                         net (fo=4, routed)           3.599     5.061    my_baud_rate_generator/reset_n_IBUF
    SLICE_X49Y44         LUT5 (Prop_lut5_I4_O)        0.124     5.185 r  my_baud_rate_generator/counterTick[0]_i_1/O
                         net (fo=7, routed)           0.630     5.814    my_baud_rate_generator/counterTick[0]_i_1_n_0
    SLICE_X48Y44         FDRE                                         r  my_baud_rate_generator/counterTick_reg[6]/R
  -------------------------------------------------------------------    -------------------

                         (clock clk_out1_sys_pll_1 rise edge)
                                                      0.000     0.000 r  
    W5                                                0.000     0.000 r  sys_clk (IN)
                         net (fo=0)                   0.000     0.000    clock_40mhz/inst/clk_in1
    W5                   IBUF (Prop_ibuf_I_O)         1.388     1.388 r  clock_40mhz/inst/clkin1_ibufg/O
                         net (fo=1, routed)           1.162     2.550    clock_40mhz/inst/clk_in1_sys_pll
    MMCME2_ADV_X1Y0      MMCME2_ADV (Prop_mmcme2_adv_CLKIN1_CLKOUT0)
                                                     -7.217    -4.668 r  clock_40mhz/inst/mmcm_adv_inst/CLKOUT0
                         net (fo=1, routed)           1.581    -3.086    clock_40mhz/inst/clk_out1_sys_pll
    BUFGCTRL_X0Y0        BUFG (Prop_bufg_I_O)         0.091    -2.995 r  clock_40mhz/inst/clkout1_buf/O
                         net (fo=8, routed)           1.451    -1.544    my_baud_rate_generator/clk_out1
    SLICE_X48Y44         FDRE                                         r  my_baud_rate_generator/counterTick_reg[6]/C

Slack:                    inf
  Source:                 reset_n
                            (input port)
  Destination:            my_baud_rate_generator/counterTick_reg[0]/R
                            (rising edge-triggered cell FDRE clocked by clk_out1_sys_pll_1  {rise@0.000ns fall@12.500ns period=25.000ns})
  Path Group:             (none)
  Path Type:              Setup (Max at Slow Process Corner)
  Data Path Delay:        5.549ns  (logic 1.585ns (28.568%)  route 3.964ns (71.432%))
  Logic Levels:           2  (IBUF=1 LUT5=1)
  Clock Path Skew:        -1.544ns (DCD - SCD + CPR)
    Destination Clock Delay (DCD):    -1.544ns
    Source Clock Delay      (SCD):    0.000ns
    Clock Pessimism Removal (CPR):    0.000ns
  Clock Uncertainty:      0.179ns  ((TSJ^2 + DJ^2)^1/2) / 2 + PE
    Total System Jitter     (TSJ):    0.050ns
    Discrete Jitter          (DJ):    0.154ns
    Phase Error              (PE):    0.099ns

    Location             Delay type                Incr(ns)  Path(ns)    Netlist Resource(s)
  -------------------------------------------------------------------    -------------------
    V16                                               0.000     0.000 f  reset_n (IN)
                         net (fo=0)                   0.000     0.000    reset_n
    V16                  IBUF (Prop_ibuf_I_O)         1.461     1.461 f  reset_n_IBUF_inst/O
                         net (fo=4, routed)           3.599     5.061    my_baud_rate_generator/reset_n_IBUF
    SLICE_X49Y44         LUT5 (Prop_lut5_I4_O)        0.124     5.185 r  my_baud_rate_generator/counterTick[0]_i_1/O
                         net (fo=7, routed)           0.365     5.549    my_baud_rate_generator/counterTick[0]_i_1_n_0
    SLICE_X48Y43         FDRE                                         r  my_baud_rate_generator/counterTick_reg[0]/R
  -------------------------------------------------------------------    -------------------

                         (clock clk_out1_sys_pll_1 rise edge)
                                                      0.000     0.000 r  
    W5                                                0.000     0.000 r  sys_clk (IN)
                         net (fo=0)                   0.000     0.000    clock_40mhz/inst/clk_in1
    W5                   IBUF (Prop_ibuf_I_O)         1.388     1.388 r  clock_40mhz/inst/clkin1_ibufg/O
                         net (fo=1, routed)           1.162     2.550    clock_40mhz/inst/clk_in1_sys_pll
    MMCME2_ADV_X1Y0      MMCME2_ADV (Prop_mmcme2_adv_CLKIN1_CLKOUT0)
                                                     -7.217    -4.668 r  clock_40mhz/inst/mmcm_adv_inst/CLKOUT0
                         net (fo=1, routed)           1.581    -3.086    clock_40mhz/inst/clk_out1_sys_pll
    BUFGCTRL_X0Y0        BUFG (Prop_bufg_I_O)         0.091    -2.995 r  clock_40mhz/inst/clkout1_buf/O
                         net (fo=8, routed)           1.451    -1.544    my_baud_rate_generator/clk_out1
    SLICE_X48Y43         FDRE                                         r  my_baud_rate_generator/counterTick_reg[0]/C

Slack:                    inf
  Source:                 reset_n
                            (input port)
  Destination:            my_baud_rate_generator/counterTick_reg[1]/R
                            (rising edge-triggered cell FDRE clocked by clk_out1_sys_pll_1  {rise@0.000ns fall@12.500ns period=25.000ns})
  Path Group:             (none)
  Path Type:              Setup (Max at Slow Process Corner)
  Data Path Delay:        5.549ns  (logic 1.585ns (28.568%)  route 3.964ns (71.432%))
  Logic Levels:           2  (IBUF=1 LUT5=1)
  Clock Path Skew:        -1.544ns (DCD - SCD + CPR)
    Destination Clock Delay (DCD):    -1.544ns
    Source Clock Delay      (SCD):    0.000ns
    Clock Pessimism Removal (CPR):    0.000ns
  Clock Uncertainty:      0.179ns  ((TSJ^2 + DJ^2)^1/2) / 2 + PE
    Total System Jitter     (TSJ):    0.050ns
    Discrete Jitter          (DJ):    0.154ns
    Phase Error              (PE):    0.099ns

    Location             Delay type                Incr(ns)  Path(ns)    Netlist Resource(s)
  -------------------------------------------------------------------    -------------------
    V16                                               0.000     0.000 f  reset_n (IN)
                         net (fo=0)                   0.000     0.000    reset_n
    V16                  IBUF (Prop_ibuf_I_O)         1.461     1.461 f  reset_n_IBUF_inst/O
                         net (fo=4, routed)           3.599     5.061    my_baud_rate_generator/reset_n_IBUF
    SLICE_X49Y44         LUT5 (Prop_lut5_I4_O)        0.124     5.185 r  my_baud_rate_generator/counterTick[0]_i_1/O
                         net (fo=7, routed)           0.365     5.549    my_baud_rate_generator/counterTick[0]_i_1_n_0
    SLICE_X48Y43         FDRE                                         r  my_baud_rate_generator/counterTick_reg[1]/R
  -------------------------------------------------------------------    -------------------

                         (clock clk_out1_sys_pll_1 rise edge)
                                                      0.000     0.000 r  
    W5                                                0.000     0.000 r  sys_clk (IN)
                         net (fo=0)                   0.000     0.000    clock_40mhz/inst/clk_in1
    W5                   IBUF (Prop_ibuf_I_O)         1.388     1.388 r  clock_40mhz/inst/clkin1_ibufg/O
                         net (fo=1, routed)           1.162     2.550    clock_40mhz/inst/clk_in1_sys_pll
    MMCME2_ADV_X1Y0      MMCME2_ADV (Prop_mmcme2_adv_CLKIN1_CLKOUT0)
                                                     -7.217    -4.668 r  clock_40mhz/inst/mmcm_adv_inst/CLKOUT0
                         net (fo=1, routed)           1.581    -3.086    clock_40mhz/inst/clk_out1_sys_pll
    BUFGCTRL_X0Y0        BUFG (Prop_bufg_I_O)         0.091    -2.995 r  clock_40mhz/inst/clkout1_buf/O
                         net (fo=8, routed)           1.451    -1.544    my_baud_rate_generator/clk_out1
    SLICE_X48Y43         FDRE                                         r  my_baud_rate_generator/counterTick_reg[1]/C

Slack:                    inf
  Source:                 reset_n
                            (input port)
  Destination:            my_baud_rate_generator/counterTick_reg[2]/R
                            (rising edge-triggered cell FDRE clocked by clk_out1_sys_pll_1  {rise@0.000ns fall@12.500ns period=25.000ns})
  Path Group:             (none)
  Path Type:              Setup (Max at Slow Process Corner)
  Data Path Delay:        5.549ns  (logic 1.585ns (28.568%)  route 3.964ns (71.432%))
  Logic Levels:           2  (IBUF=1 LUT5=1)
  Clock Path Skew:        -1.544ns (DCD - SCD + CPR)
    Destination Clock Delay (DCD):    -1.544ns
    Source Clock Delay      (SCD):    0.000ns
    Clock Pessimism Removal (CPR):    0.000ns
  Clock Uncertainty:      0.179ns  ((TSJ^2 + DJ^2)^1/2) / 2 + PE
    Total System Jitter     (TSJ):    0.050ns
    Discrete Jitter          (DJ):    0.154ns
    Phase Error              (PE):    0.099ns

    Location             Delay type                Incr(ns)  Path(ns)    Netlist Resource(s)
  -------------------------------------------------------------------    -------------------
    V16                                               0.000     0.000 f  reset_n (IN)
                         net (fo=0)                   0.000     0.000    reset_n
    V16                  IBUF (Prop_ibuf_I_O)         1.461     1.461 f  reset_n_IBUF_inst/O
                         net (fo=4, routed)           3.599     5.061    my_baud_rate_generator/reset_n_IBUF
    SLICE_X49Y44         LUT5 (Prop_lut5_I4_O)        0.124     5.185 r  my_baud_rate_generator/counterTick[0]_i_1/O
                         net (fo=7, routed)           0.365     5.549    my_baud_rate_generator/counterTick[0]_i_1_n_0
    SLICE_X48Y43         FDRE                                         r  my_baud_rate_generator/counterTick_reg[2]/R
  -------------------------------------------------------------------    -------------------

                         (clock clk_out1_sys_pll_1 rise edge)
                                                      0.000     0.000 r  
    W5                                                0.000     0.000 r  sys_clk (IN)
                         net (fo=0)                   0.000     0.000    clock_40mhz/inst/clk_in1
    W5                   IBUF (Prop_ibuf_I_O)         1.388     1.388 r  clock_40mhz/inst/clkin1_ibufg/O
                         net (fo=1, routed)           1.162     2.550    clock_40mhz/inst/clk_in1_sys_pll
    MMCME2_ADV_X1Y0      MMCME2_ADV (Prop_mmcme2_adv_CLKIN1_CLKOUT0)
                                                     -7.217    -4.668 r  clock_40mhz/inst/mmcm_adv_inst/CLKOUT0
                         net (fo=1, routed)           1.581    -3.086    clock_40mhz/inst/clk_out1_sys_pll
    BUFGCTRL_X0Y0        BUFG (Prop_bufg_I_O)         0.091    -2.995 r  clock_40mhz/inst/clkout1_buf/O
                         net (fo=8, routed)           1.451    -1.544    my_baud_rate_generator/clk_out1
    SLICE_X48Y43         FDRE                                         r  my_baud_rate_generator/counterTick_reg[2]/C

Slack:                    inf
  Source:                 reset_n
                            (input port)
  Destination:            my_baud_rate_generator/counterTick_reg[3]/R
                            (rising edge-triggered cell FDRE clocked by clk_out1_sys_pll_1  {rise@0.000ns fall@12.500ns period=25.000ns})
  Path Group:             (none)
  Path Type:              Setup (Max at Slow Process Corner)
  Data Path Delay:        5.549ns  (logic 1.585ns (28.568%)  route 3.964ns (71.432%))
  Logic Levels:           2  (IBUF=1 LUT5=1)
  Clock Path Skew:        -1.544ns (DCD - SCD + CPR)
    Destination Clock Delay (DCD):    -1.544ns
    Source Clock Delay      (SCD):    0.000ns
    Clock Pessimism Removal (CPR):    0.000ns
  Clock Uncertainty:      0.179ns  ((TSJ^2 + DJ^2)^1/2) / 2 + PE
    Total System Jitter     (TSJ):    0.050ns
    Discrete Jitter          (DJ):    0.154ns
    Phase Error              (PE):    0.099ns

    Location             Delay type                Incr(ns)  Path(ns)    Netlist Resource(s)
  -------------------------------------------------------------------    -------------------
    V16                                               0.000     0.000 f  reset_n (IN)
                         net (fo=0)                   0.000     0.000    reset_n
    V16                  IBUF (Prop_ibuf_I_O)         1.461     1.461 f  reset_n_IBUF_inst/O
                         net (fo=4, routed)           3.599     5.061    my_baud_rate_generator/reset_n_IBUF
    SLICE_X49Y44         LUT5 (Prop_lut5_I4_O)        0.124     5.185 r  my_baud_rate_generator/counterTick[0]_i_1/O
                         net (fo=7, routed)           0.365     5.549    my_baud_rate_generator/counterTick[0]_i_1_n_0
    SLICE_X48Y43         FDRE                                         r  my_baud_rate_generator/counterTick_reg[3]/R
  -------------------------------------------------------------------    -------------------

                         (clock clk_out1_sys_pll_1 rise edge)
                                                      0.000     0.000 r  
    W5                                                0.000     0.000 r  sys_clk (IN)
                         net (fo=0)                   0.000     0.000    clock_40mhz/inst/clk_in1
    W5                   IBUF (Prop_ibuf_I_O)         1.388     1.388 r  clock_40mhz/inst/clkin1_ibufg/O
                         net (fo=1, routed)           1.162     2.550    clock_40mhz/inst/clk_in1_sys_pll
    MMCME2_ADV_X1Y0      MMCME2_ADV (Prop_mmcme2_adv_CLKIN1_CLKOUT0)
                                                     -7.217    -4.668 r  clock_40mhz/inst/mmcm_adv_inst/CLKOUT0
                         net (fo=1, routed)           1.581    -3.086    clock_40mhz/inst/clk_out1_sys_pll
    BUFGCTRL_X0Y0        BUFG (Prop_bufg_I_O)         0.091    -2.995 r  clock_40mhz/inst/clkout1_buf/O
                         net (fo=8, routed)           1.451    -1.544    my_baud_rate_generator/clk_out1
    SLICE_X48Y43         FDRE                                         r  my_baud_rate_generator/counterTick_reg[3]/C

Slack:                    inf
  Source:                 reset_n
                            (input port)
  Destination:            my_baud_rate_generator/sys_tick_reg_reg/D
                            (rising edge-triggered cell FDRE clocked by clk_out1_sys_pll_1  {rise@0.000ns fall@12.500ns period=25.000ns})
  Path Group:             (none)
  Path Type:              Setup (Max at Slow Process Corner)
  Data Path Delay:        4.873ns  (logic 1.585ns (32.532%)  route 3.288ns (67.468%))
  Logic Levels:           2  (IBUF=1 LUT6=1)
  Clock Path Skew:        -1.544ns (DCD - SCD + CPR)
    Destination Clock Delay (DCD):    -1.544ns
    Source Clock Delay      (SCD):    0.000ns
    Clock Pessimism Removal (CPR):    0.000ns
  Clock Uncertainty:      0.179ns  ((TSJ^2 + DJ^2)^1/2) / 2 + PE
    Total System Jitter     (TSJ):    0.050ns
    Discrete Jitter          (DJ):    0.154ns
    Phase Error              (PE):    0.099ns

    Location             Delay type                Incr(ns)  Path(ns)    Netlist Resource(s)
  -------------------------------------------------------------------    -------------------
    V16                                               0.000     0.000 r  reset_n (IN)
                         net (fo=0)                   0.000     0.000    reset_n
    V16                  IBUF (Prop_ibuf_I_O)         1.461     1.461 r  reset_n_IBUF_inst/O
                         net (fo=4, routed)           3.288     4.749    my_baud_rate_generator/reset_n_IBUF
    SLICE_X49Y44         LUT6 (Prop_lut6_I1_O)        0.124     4.873 r  my_baud_rate_generator/sys_tick_reg_i_1/O
                         net (fo=1, routed)           0.000     4.873    my_baud_rate_generator/sys_tick_reg_i_1_n_0
    SLICE_X49Y44         FDRE                                         r  my_baud_rate_generator/sys_tick_reg_reg/D
  -------------------------------------------------------------------    -------------------

                         (clock clk_out1_sys_pll_1 rise edge)
                                                      0.000     0.000 r  
    W5                                                0.000     0.000 r  sys_clk (IN)
                         net (fo=0)                   0.000     0.000    clock_40mhz/inst/clk_in1
    W5                   IBUF (Prop_ibuf_I_O)         1.388     1.388 r  clock_40mhz/inst/clkin1_ibufg/O
                         net (fo=1, routed)           1.162     2.550    clock_40mhz/inst/clk_in1_sys_pll
    MMCME2_ADV_X1Y0      MMCME2_ADV (Prop_mmcme2_adv_CLKIN1_CLKOUT0)
                                                     -7.217    -4.668 r  clock_40mhz/inst/mmcm_adv_inst/CLKOUT0
                         net (fo=1, routed)           1.581    -3.086    clock_40mhz/inst/clk_out1_sys_pll
    BUFGCTRL_X0Y0        BUFG (Prop_bufg_I_O)         0.091    -2.995 r  clock_40mhz/inst/clkout1_buf/O
                         net (fo=8, routed)           1.451    -1.544    my_baud_rate_generator/clk_out1
    SLICE_X49Y44         FDRE                                         r  my_baud_rate_generator/sys_tick_reg_reg/C





Min Delay Paths
--------------------------------------------------------------------------------------
Slack:                    inf
  Source:                 reset_n
                            (input port)
  Destination:            my_baud_rate_generator/sys_tick_reg_reg/D
                            (rising edge-triggered cell FDRE clocked by clk_out1_sys_pll_1  {rise@0.000ns fall@12.500ns period=25.000ns})
  Path Group:             (none)
  Path Type:              Hold (Min at Fast Process Corner)
  Data Path Delay:        1.807ns  (logic 0.274ns (15.182%)  route 1.533ns (84.818%))
  Logic Levels:           2  (IBUF=1 LUT6=1)
  Clock Path Skew:        -0.854ns (DCD - SCD - CPR)
    Destination Clock Delay (DCD):    -0.854ns
    Source Clock Delay      (SCD):    0.000ns
    Clock Pessimism Removal (CPR):    -0.000ns

    Location             Delay type                Incr(ns)  Path(ns)    Netlist Resource(s)
  -------------------------------------------------------------------    -------------------
    V16                                               0.000     0.000 r  reset_n (IN)
                         net (fo=0)                   0.000     0.000    reset_n
    V16                  IBUF (Prop_ibuf_I_O)         0.229     0.229 r  reset_n_IBUF_inst/O
                         net (fo=4, routed)           1.533     1.762    my_baud_rate_generator/reset_n_IBUF
    SLICE_X49Y44         LUT6 (Prop_lut6_I1_O)        0.045     1.807 r  my_baud_rate_generator/sys_tick_reg_i_1/O
                         net (fo=1, routed)           0.000     1.807    my_baud_rate_generator/sys_tick_reg_i_1_n_0
    SLICE_X49Y44         FDRE                                         r  my_baud_rate_generator/sys_tick_reg_reg/D
  -------------------------------------------------------------------    -------------------

                         (clock clk_out1_sys_pll_1 rise edge)
                                                      0.000     0.000 r  
    W5                                                0.000     0.000 r  sys_clk (IN)
                         net (fo=0)                   0.000     0.000    clock_40mhz/inst/clk_in1
    W5                   IBUF (Prop_ibuf_I_O)         0.414     0.414 r  clock_40mhz/inst/clkin1_ibufg/O
                         net (fo=1, routed)           0.480     0.894    clock_40mhz/inst/clk_in1_sys_pll
    MMCME2_ADV_X1Y0      MMCME2_ADV (Prop_mmcme2_adv_CLKIN1_CLKOUT0)
                                                     -3.142    -2.248 r  clock_40mhz/inst/mmcm_adv_inst/CLKOUT0
                         net (fo=1, routed)           0.530    -1.718    clock_40mhz/inst/clk_out1_sys_pll
    BUFGCTRL_X0Y0        BUFG (Prop_bufg_I_O)         0.029    -1.689 r  clock_40mhz/inst/clkout1_buf/O
                         net (fo=8, routed)           0.836    -0.854    my_baud_rate_generator/clk_out1
    SLICE_X49Y44         FDRE                                         r  my_baud_rate_generator/sys_tick_reg_reg/C

Slack:                    inf
  Source:                 reset_n
                            (input port)
  Destination:            my_baud_rate_generator/counterTick_reg[0]/R
                            (rising edge-triggered cell FDRE clocked by clk_out1_sys_pll_1  {rise@0.000ns fall@12.500ns period=25.000ns})
  Path Group:             (none)
  Path Type:              Hold (Min at Fast Process Corner)
  Data Path Delay:        2.047ns  (logic 0.274ns (13.401%)  route 1.773ns (86.599%))
  Logic Levels:           2  (IBUF=1 LUT5=1)
  Clock Path Skew:        -0.854ns (DCD - SCD - CPR)
    Destination Clock Delay (DCD):    -0.854ns
    Source Clock Delay      (SCD):    0.000ns
    Clock Pessimism Removal (CPR):    -0.000ns

    Location             Delay type                Incr(ns)  Path(ns)    Netlist Resource(s)
  -------------------------------------------------------------------    -------------------
    V16                                               0.000     0.000 f  reset_n (IN)
                         net (fo=0)                   0.000     0.000    reset_n
    V16                  IBUF (Prop_ibuf_I_O)         0.229     0.229 f  reset_n_IBUF_inst/O
                         net (fo=4, routed)           1.640     1.870    my_baud_rate_generator/reset_n_IBUF
    SLICE_X49Y44         LUT5 (Prop_lut5_I4_O)        0.045     1.915 r  my_baud_rate_generator/counterTick[0]_i_1/O
                         net (fo=7, routed)           0.133     2.047    my_baud_rate_generator/counterTick[0]_i_1_n_0
    SLICE_X48Y43         FDRE                                         r  my_baud_rate_generator/counterTick_reg[0]/R
  -------------------------------------------------------------------    -------------------

                         (clock clk_out1_sys_pll_1 rise edge)
                                                      0.000     0.000 r  
    W5                                                0.000     0.000 r  sys_clk (IN)
                         net (fo=0)                   0.000     0.000    clock_40mhz/inst/clk_in1
    W5                   IBUF (Prop_ibuf_I_O)         0.414     0.414 r  clock_40mhz/inst/clkin1_ibufg/O
                         net (fo=1, routed)           0.480     0.894    clock_40mhz/inst/clk_in1_sys_pll
    MMCME2_ADV_X1Y0      MMCME2_ADV (Prop_mmcme2_adv_CLKIN1_CLKOUT0)
                                                     -3.142    -2.248 r  clock_40mhz/inst/mmcm_adv_inst/CLKOUT0
                         net (fo=1, routed)           0.530    -1.718    clock_40mhz/inst/clk_out1_sys_pll
    BUFGCTRL_X0Y0        BUFG (Prop_bufg_I_O)         0.029    -1.689 r  clock_40mhz/inst/clkout1_buf/O
                         net (fo=8, routed)           0.836    -0.854    my_baud_rate_generator/clk_out1
    SLICE_X48Y43         FDRE                                         r  my_baud_rate_generator/counterTick_reg[0]/C

Slack:                    inf
  Source:                 reset_n
                            (input port)
  Destination:            my_baud_rate_generator/counterTick_reg[1]/R
                            (rising edge-triggered cell FDRE clocked by clk_out1_sys_pll_1  {rise@0.000ns fall@12.500ns period=25.000ns})
  Path Group:             (none)
  Path Type:              Hold (Min at Fast Process Corner)
  Data Path Delay:        2.047ns  (logic 0.274ns (13.401%)  route 1.773ns (86.599%))
  Logic Levels:           2  (IBUF=1 LUT5=1)
  Clock Path Skew:        -0.854ns (DCD - SCD - CPR)
    Destination Clock Delay (DCD):    -0.854ns
    Source Clock Delay      (SCD):    0.000ns
    Clock Pessimism Removal (CPR):    -0.000ns

    Location             Delay type                Incr(ns)  Path(ns)    Netlist Resource(s)
  -------------------------------------------------------------------    -------------------
    V16                                               0.000     0.000 f  reset_n (IN)
                         net (fo=0)                   0.000     0.000    reset_n
    V16                  IBUF (Prop_ibuf_I_O)         0.229     0.229 f  reset_n_IBUF_inst/O
                         net (fo=4, routed)           1.640     1.870    my_baud_rate_generator/reset_n_IBUF
    SLICE_X49Y44         LUT5 (Prop_lut5_I4_O)        0.045     1.915 r  my_baud_rate_generator/counterTick[0]_i_1/O
                         net (fo=7, routed)           0.133     2.047    my_baud_rate_generator/counterTick[0]_i_1_n_0
    SLICE_X48Y43         FDRE                                         r  my_baud_rate_generator/counterTick_reg[1]/R
  -------------------------------------------------------------------    -------------------

                         (clock clk_out1_sys_pll_1 rise edge)
                                                      0.000     0.000 r  
    W5                                                0.000     0.000 r  sys_clk (IN)
                         net (fo=0)                   0.000     0.000    clock_40mhz/inst/clk_in1
    W5                   IBUF (Prop_ibuf_I_O)         0.414     0.414 r  clock_40mhz/inst/clkin1_ibufg/O
                         net (fo=1, routed)           0.480     0.894    clock_40mhz/inst/clk_in1_sys_pll
    MMCME2_ADV_X1Y0      MMCME2_ADV (Prop_mmcme2_adv_CLKIN1_CLKOUT0)
                                                     -3.142    -2.248 r  clock_40mhz/inst/mmcm_adv_inst/CLKOUT0
                         net (fo=1, routed)           0.530    -1.718    clock_40mhz/inst/clk_out1_sys_pll
    BUFGCTRL_X0Y0        BUFG (Prop_bufg_I_O)         0.029    -1.689 r  clock_40mhz/inst/clkout1_buf/O
                         net (fo=8, routed)           0.836    -0.854    my_baud_rate_generator/clk_out1
    SLICE_X48Y43         FDRE                                         r  my_baud_rate_generator/counterTick_reg[1]/C

Slack:                    inf
  Source:                 reset_n
                            (input port)
  Destination:            my_baud_rate_generator/counterTick_reg[2]/R
                            (rising edge-triggered cell FDRE clocked by clk_out1_sys_pll_1  {rise@0.000ns fall@12.500ns period=25.000ns})
  Path Group:             (none)
  Path Type:              Hold (Min at Fast Process Corner)
  Data Path Delay:        2.047ns  (logic 0.274ns (13.401%)  route 1.773ns (86.599%))
  Logic Levels:           2  (IBUF=1 LUT5=1)
  Clock Path Skew:        -0.854ns (DCD - SCD - CPR)
    Destination Clock Delay (DCD):    -0.854ns
    Source Clock Delay      (SCD):    0.000ns
    Clock Pessimism Removal (CPR):    -0.000ns

    Location             Delay type                Incr(ns)  Path(ns)    Netlist Resource(s)
  -------------------------------------------------------------------    -------------------
    V16                                               0.000     0.000 f  reset_n (IN)
                         net (fo=0)                   0.000     0.000    reset_n
    V16                  IBUF (Prop_ibuf_I_O)         0.229     0.229 f  reset_n_IBUF_inst/O
                         net (fo=4, routed)           1.640     1.870    my_baud_rate_generator/reset_n_IBUF
    SLICE_X49Y44         LUT5 (Prop_lut5_I4_O)        0.045     1.915 r  my_baud_rate_generator/counterTick[0]_i_1/O
                         net (fo=7, routed)           0.133     2.047    my_baud_rate_generator/counterTick[0]_i_1_n_0
    SLICE_X48Y43         FDRE                                         r  my_baud_rate_generator/counterTick_reg[2]/R
  -------------------------------------------------------------------    -------------------

                         (clock clk_out1_sys_pll_1 rise edge)
                                                      0.000     0.000 r  
    W5                                                0.000     0.000 r  sys_clk (IN)
                         net (fo=0)                   0.000     0.000    clock_40mhz/inst/clk_in1
    W5                   IBUF (Prop_ibuf_I_O)         0.414     0.414 r  clock_40mhz/inst/clkin1_ibufg/O
                         net (fo=1, routed)           0.480     0.894    clock_40mhz/inst/clk_in1_sys_pll
    MMCME2_ADV_X1Y0      MMCME2_ADV (Prop_mmcme2_adv_CLKIN1_CLKOUT0)
                                                     -3.142    -2.248 r  clock_40mhz/inst/mmcm_adv_inst/CLKOUT0
                         net (fo=1, routed)           0.530    -1.718    clock_40mhz/inst/clk_out1_sys_pll
    BUFGCTRL_X0Y0        BUFG (Prop_bufg_I_O)         0.029    -1.689 r  clock_40mhz/inst/clkout1_buf/O
                         net (fo=8, routed)           0.836    -0.854    my_baud_rate_generator/clk_out1
    SLICE_X48Y43         FDRE                                         r  my_baud_rate_generator/counterTick_reg[2]/C

Slack:                    inf
  Source:                 reset_n
                            (input port)
  Destination:            my_baud_rate_generator/counterTick_reg[3]/R
                            (rising edge-triggered cell FDRE clocked by clk_out1_sys_pll_1  {rise@0.000ns fall@12.500ns period=25.000ns})
  Path Group:             (none)
  Path Type:              Hold (Min at Fast Process Corner)
  Data Path Delay:        2.047ns  (logic 0.274ns (13.401%)  route 1.773ns (86.599%))
  Logic Levels:           2  (IBUF=1 LUT5=1)
  Clock Path Skew:        -0.854ns (DCD - SCD - CPR)
    Destination Clock Delay (DCD):    -0.854ns
    Source Clock Delay      (SCD):    0.000ns
    Clock Pessimism Removal (CPR):    -0.000ns

    Location             Delay type                Incr(ns)  Path(ns)    Netlist Resource(s)
  -------------------------------------------------------------------    -------------------
    V16                                               0.000     0.000 f  reset_n (IN)
                         net (fo=0)                   0.000     0.000    reset_n
    V16                  IBUF (Prop_ibuf_I_O)         0.229     0.229 f  reset_n_IBUF_inst/O
                         net (fo=4, routed)           1.640     1.870    my_baud_rate_generator/reset_n_IBUF
    SLICE_X49Y44         LUT5 (Prop_lut5_I4_O)        0.045     1.915 r  my_baud_rate_generator/counterTick[0]_i_1/O
                         net (fo=7, routed)           0.133     2.047    my_baud_rate_generator/counterTick[0]_i_1_n_0
    SLICE_X48Y43         FDRE                                         r  my_baud_rate_generator/counterTick_reg[3]/R
  -------------------------------------------------------------------    -------------------

                         (clock clk_out1_sys_pll_1 rise edge)
                                                      0.000     0.000 r  
    W5                                                0.000     0.000 r  sys_clk (IN)
                         net (fo=0)                   0.000     0.000    clock_40mhz/inst/clk_in1
    W5                   IBUF (Prop_ibuf_I_O)         0.414     0.414 r  clock_40mhz/inst/clkin1_ibufg/O
                         net (fo=1, routed)           0.480     0.894    clock_40mhz/inst/clk_in1_sys_pll
    MMCME2_ADV_X1Y0      MMCME2_ADV (Prop_mmcme2_adv_CLKIN1_CLKOUT0)
                                                     -3.142    -2.248 r  clock_40mhz/inst/mmcm_adv_inst/CLKOUT0
                         net (fo=1, routed)           0.530    -1.718    clock_40mhz/inst/clk_out1_sys_pll
    BUFGCTRL_X0Y0        BUFG (Prop_bufg_I_O)         0.029    -1.689 r  clock_40mhz/inst/clkout1_buf/O
                         net (fo=8, routed)           0.836    -0.854    my_baud_rate_generator/clk_out1
    SLICE_X48Y43         FDRE                                         r  my_baud_rate_generator/counterTick_reg[3]/C

Slack:                    inf
  Source:                 reset_n
                            (input port)
  Destination:            my_baud_rate_generator/counterTick_reg[4]/R
                            (rising edge-triggered cell FDRE clocked by clk_out1_sys_pll_1  {rise@0.000ns fall@12.500ns period=25.000ns})
  Path Group:             (none)
  Path Type:              Hold (Min at Fast Process Corner)
  Data Path Delay:        2.135ns  (logic 0.274ns (12.849%)  route 1.861ns (87.151%))
  Logic Levels:           2  (IBUF=1 LUT5=1)
  Clock Path Skew:        -0.854ns (DCD - SCD - CPR)
    Destination Clock Delay (DCD):    -0.854ns
    Source Clock Delay      (SCD):    0.000ns
    Clock Pessimism Removal (CPR):    -0.000ns

    Location             Delay type                Incr(ns)  Path(ns)    Netlist Resource(s)
  -------------------------------------------------------------------    -------------------
    V16                                               0.000     0.000 f  reset_n (IN)
                         net (fo=0)                   0.000     0.000    reset_n
    V16                  IBUF (Prop_ibuf_I_O)         0.229     0.229 f  reset_n_IBUF_inst/O
                         net (fo=4, routed)           1.640     1.870    my_baud_rate_generator/reset_n_IBUF
    SLICE_X49Y44         LUT5 (Prop_lut5_I4_O)        0.045     1.915 r  my_baud_rate_generator/counterTick[0]_i_1/O
                         net (fo=7, routed)           0.221     2.135    my_baud_rate_generator/counterTick[0]_i_1_n_0
    SLICE_X48Y44         FDRE                                         r  my_baud_rate_generator/counterTick_reg[4]/R
  -------------------------------------------------------------------    -------------------

                         (clock clk_out1_sys_pll_1 rise edge)
                                                      0.000     0.000 r  
    W5                                                0.000     0.000 r  sys_clk (IN)
                         net (fo=0)                   0.000     0.000    clock_40mhz/inst/clk_in1
    W5                   IBUF (Prop_ibuf_I_O)         0.414     0.414 r  clock_40mhz/inst/clkin1_ibufg/O
                         net (fo=1, routed)           0.480     0.894    clock_40mhz/inst/clk_in1_sys_pll
    MMCME2_ADV_X1Y0      MMCME2_ADV (Prop_mmcme2_adv_CLKIN1_CLKOUT0)
                                                     -3.142    -2.248 r  clock_40mhz/inst/mmcm_adv_inst/CLKOUT0
                         net (fo=1, routed)           0.530    -1.718    clock_40mhz/inst/clk_out1_sys_pll
    BUFGCTRL_X0Y0        BUFG (Prop_bufg_I_O)         0.029    -1.689 r  clock_40mhz/inst/clkout1_buf/O
                         net (fo=8, routed)           0.836    -0.854    my_baud_rate_generator/clk_out1
    SLICE_X48Y44         FDRE                                         r  my_baud_rate_generator/counterTick_reg[4]/C

Slack:                    inf
  Source:                 reset_n
                            (input port)
  Destination:            my_baud_rate_generator/counterTick_reg[5]/R
                            (rising edge-triggered cell FDRE clocked by clk_out1_sys_pll_1  {rise@0.000ns fall@12.500ns period=25.000ns})
  Path Group:             (none)
  Path Type:              Hold (Min at Fast Process Corner)
  Data Path Delay:        2.135ns  (logic 0.274ns (12.849%)  route 1.861ns (87.151%))
  Logic Levels:           2  (IBUF=1 LUT5=1)
  Clock Path Skew:        -0.854ns (DCD - SCD - CPR)
    Destination Clock Delay (DCD):    -0.854ns
    Source Clock Delay      (SCD):    0.000ns
    Clock Pessimism Removal (CPR):    -0.000ns

    Location             Delay type                Incr(ns)  Path(ns)    Netlist Resource(s)
  -------------------------------------------------------------------    -------------------
    V16                                               0.000     0.000 f  reset_n (IN)
                         net (fo=0)                   0.000     0.000    reset_n
    V16                  IBUF (Prop_ibuf_I_O)         0.229     0.229 f  reset_n_IBUF_inst/O
                         net (fo=4, routed)           1.640     1.870    my_baud_rate_generator/reset_n_IBUF
    SLICE_X49Y44         LUT5 (Prop_lut5_I4_O)        0.045     1.915 r  my_baud_rate_generator/counterTick[0]_i_1/O
                         net (fo=7, routed)           0.221     2.135    my_baud_rate_generator/counterTick[0]_i_1_n_0
    SLICE_X48Y44         FDRE                                         r  my_baud_rate_generator/counterTick_reg[5]/R
  -------------------------------------------------------------------    -------------------

                         (clock clk_out1_sys_pll_1 rise edge)
                                                      0.000     0.000 r  
    W5                                                0.000     0.000 r  sys_clk (IN)
                         net (fo=0)                   0.000     0.000    clock_40mhz/inst/clk_in1
    W5                   IBUF (Prop_ibuf_I_O)         0.414     0.414 r  clock_40mhz/inst/clkin1_ibufg/O
                         net (fo=1, routed)           0.480     0.894    clock_40mhz/inst/clk_in1_sys_pll
    MMCME2_ADV_X1Y0      MMCME2_ADV (Prop_mmcme2_adv_CLKIN1_CLKOUT0)
                                                     -3.142    -2.248 r  clock_40mhz/inst/mmcm_adv_inst/CLKOUT0
                         net (fo=1, routed)           0.530    -1.718    clock_40mhz/inst/clk_out1_sys_pll
    BUFGCTRL_X0Y0        BUFG (Prop_bufg_I_O)         0.029    -1.689 r  clock_40mhz/inst/clkout1_buf/O
                         net (fo=8, routed)           0.836    -0.854    my_baud_rate_generator/clk_out1
    SLICE_X48Y44         FDRE                                         r  my_baud_rate_generator/counterTick_reg[5]/C

Slack:                    inf
  Source:                 reset_n
                            (input port)
  Destination:            my_baud_rate_generator/counterTick_reg[6]/R
                            (rising edge-triggered cell FDRE clocked by clk_out1_sys_pll_1  {rise@0.000ns fall@12.500ns period=25.000ns})
  Path Group:             (none)
  Path Type:              Hold (Min at Fast Process Corner)
  Data Path Delay:        2.135ns  (logic 0.274ns (12.849%)  route 1.861ns (87.151%))
  Logic Levels:           2  (IBUF=1 LUT5=1)
  Clock Path Skew:        -0.854ns (DCD - SCD - CPR)
    Destination Clock Delay (DCD):    -0.854ns
    Source Clock Delay      (SCD):    0.000ns
    Clock Pessimism Removal (CPR):    -0.000ns

    Location             Delay type                Incr(ns)  Path(ns)    Netlist Resource(s)
  -------------------------------------------------------------------    -------------------
    V16                                               0.000     0.000 f  reset_n (IN)
                         net (fo=0)                   0.000     0.000    reset_n
    V16                  IBUF (Prop_ibuf_I_O)         0.229     0.229 f  reset_n_IBUF_inst/O
                         net (fo=4, routed)           1.640     1.870    my_baud_rate_generator/reset_n_IBUF
    SLICE_X49Y44         LUT5 (Prop_lut5_I4_O)        0.045     1.915 r  my_baud_rate_generator/counterTick[0]_i_1/O
                         net (fo=7, routed)           0.221     2.135    my_baud_rate_generator/counterTick[0]_i_1_n_0
    SLICE_X48Y44         FDRE                                         r  my_baud_rate_generator/counterTick_reg[6]/R
  -------------------------------------------------------------------    -------------------

                         (clock clk_out1_sys_pll_1 rise edge)
                                                      0.000     0.000 r  
    W5                                                0.000     0.000 r  sys_clk (IN)
                         net (fo=0)                   0.000     0.000    clock_40mhz/inst/clk_in1
    W5                   IBUF (Prop_ibuf_I_O)         0.414     0.414 r  clock_40mhz/inst/clkin1_ibufg/O
                         net (fo=1, routed)           0.480     0.894    clock_40mhz/inst/clk_in1_sys_pll
    MMCME2_ADV_X1Y0      MMCME2_ADV (Prop_mmcme2_adv_CLKIN1_CLKOUT0)
                                                     -3.142    -2.248 r  clock_40mhz/inst/mmcm_adv_inst/CLKOUT0
                         net (fo=1, routed)           0.530    -1.718    clock_40mhz/inst/clk_out1_sys_pll
    BUFGCTRL_X0Y0        BUFG (Prop_bufg_I_O)         0.029    -1.689 r  clock_40mhz/inst/clkout1_buf/O
                         net (fo=8, routed)           0.836    -0.854    my_baud_rate_generator/clk_out1
    SLICE_X48Y44         FDRE                                         r  my_baud_rate_generator/counterTick_reg[6]/C





