Copyright 1986-2022 Xilinx, Inc. All Rights Reserved. Copyright 2022-2023 Advanced Micro Devices, Inc. All Rights Reserved.
---------------------------------------------------------------------------------------------------------------------------------------------------------------------------------------------------------------------------
| Tool Version : Vivado v.2023.2 (win64) Build 4029153 Fri Oct 13 20:14:34 MDT 2023
| Date         : Tue Aug 11 20:56:13 2026
| Host         : DennisE16 running 64-bit major release  (build 9200)
| Command      : report_timing_summary -max_paths 10 -report_unconstrained -file Top_Module_timing_summary_routed.rpt -pb Top_Module_timing_summary_routed.pb -rpx Top_Module_timing_summary_routed.rpx -warn_on_violation
| Design       : Top_Module
| Device       : xa7a35t-cpg236
| Speed File   : -1I  PRODUCTION 1.16 2018-06-13
| Design State : Routed
---------------------------------------------------------------------------------------------------------------------------------------------------------------------------------------------------------------------------

Timing Summary Report

------------------------------------------------------------------------------------------------
| Timer Settings
| --------------
------------------------------------------------------------------------------------------------

  Enable Multi Corner Analysis               :  Yes
  Enable Pessimism Removal                   :  Yes
  Pessimism Removal Resolution               :  Nearest Common Node
  Enable Input Delay Default Clock           :  No
  Enable Preset / Clear Arcs                 :  No
  Disable Flight Delays                      :  No
  Ignore I/O Paths                           :  No
  Timing Early Launch at Borrowing Latches   :  No
  Borrow Time for Max Delay Exceptions       :  Yes
  Merge Timing Exceptions                    :  Yes
  Inter-SLR Compensation                     :  Conservative

  Corner  Analyze    Analyze    
  Name    Max Paths  Min Paths  
  ------  ---------  ---------  
  Slow    Yes        Yes        
  Fast    Yes        Yes        


------------------------------------------------------------------------------------------------
| Report Methodology
| ------------------
------------------------------------------------------------------------------------------------

Rule       Severity          Description                       Violations  
---------  ----------------  --------------------------------  ----------  
TIMING-17  Critical Warning  Non-clocked sequential cell       26          
HPDR-1     Warning           Port pin direction inconsistency  1           
TIMING-20  Warning           Non-clocked latch                 1           
LATCH-1    Advisory          Existing latches in the design    1           

Note: This report is based on the most recent report_methodology run and may not be up-to-date. Run report_methodology on the current design for the latest report.



check_timing report

Table of Contents
-----------------
1. checking no_clock (35)
2. checking constant_clock (0)
3. checking pulse_width_clock (0)
4. checking unconstrained_internal_endpoints (52)
5. checking no_input_delay (1)
6. checking no_output_delay (2)
7. checking multiple_clock (0)
8. checking generated_clocks (0)
9. checking loops (0)
10. checking partial_input_delay (0)
11. checking partial_output_delay (0)
12. checking latch_loops (0)

1. checking no_clock (35)
-------------------------
 There is 1 register/latch pin with no clock driven by root clock pin: my_I2C_BH1750/FSM_sequential_presentState_reg[0]/Q (HIGH)

 There is 1 register/latch pin with no clock driven by root clock pin: my_I2C_BH1750/FSM_sequential_presentState_reg[1]/Q (HIGH)

 There is 1 register/latch pin with no clock driven by root clock pin: my_I2C_BH1750/FSM_sequential_presentState_reg[2]/Q (HIGH)

 There is 1 register/latch pin with no clock driven by root clock pin: my_I2C_BH1750/FSM_sequential_presentState_reg[3]/Q (HIGH)

 There is 1 register/latch pin with no clock driven by root clock pin: my_I2C_BH1750/i2c_clock_cycles_reg[1]/Q (HIGH)

 There is 1 register/latch pin with no clock driven by root clock pin: my_I2C_BH1750/i2c_clock_cycles_reg[2]/Q (HIGH)

 There is 1 register/latch pin with no clock driven by root clock pin: my_I2C_BH1750/i2c_clock_cycles_reg[3]/Q (HIGH)

 There is 1 register/latch pin with no clock driven by root clock pin: my_I2C_BH1750/i2c_clock_cycles_reg[4]/Q (HIGH)

 There is 1 register/latch pin with no clock driven by root clock pin: my_I2C_BH1750/i2c_clock_cycles_reg[5]/Q (HIGH)

 There are 26 register/latch pins with no clock driven by root clock pin: my_I2C_BH1750/i2c_sclk_local_200khz_reg/Q (HIGH)


2. checking constant_clock (0)
------------------------------
 There are 0 register/latch pins with constant_clock.


3. checking pulse_width_clock (0)
---------------------------------
 There are 0 register/latch pins which need pulse_width check


4. checking unconstrained_internal_endpoints (52)
-------------------------------------------------
 There are 52 pins that are not constrained for maximum delay. (HIGH)

 There are 0 pins that are not constrained for maximum delay due to constant clock.


5. checking no_input_delay (1)
------------------------------
 There is 1 input port with no input delay specified. (HIGH)

 There are 0 input ports with no input delay but user has a false path constraint.


6. checking no_output_delay (2)
-------------------------------
 There are 2 ports with no output delay specified. (HIGH)

 There are 0 ports with no output delay but user has a false path constraint

 There are 0 ports with no output delay but with a timing clock defined on it or propagating through it


7. checking multiple_clock (0)
------------------------------
 There are 0 register/latch pins with multiple clocks.


8. checking generated_clocks (0)
--------------------------------
 There are 0 generated clocks that are not connected to a clock source.


9. checking loops (0)
---------------------
 There are 0 combinational loops in the design.


10. checking partial_input_delay (0)
------------------------------------
 There are 0 input ports with partial input delay specified.


11. checking partial_output_delay (0)
-------------------------------------
 There are 0 ports with partial output delay specified.


12. checking latch_loops (0)
----------------------------
 There are 0 combinational latch loops in the design through latch input



------------------------------------------------------------------------------------------------
| Design Timing Summary
| ---------------------
------------------------------------------------------------------------------------------------

    WNS(ns)      TNS(ns)  TNS Failing Endpoints  TNS Total Endpoints      WHS(ns)      THS(ns)  THS Failing Endpoints  THS Total Endpoints     WPWS(ns)     TPWS(ns)  TPWS Failing Endpoints  TPWS Total Endpoints  
    -------      -------  ---------------------  -------------------      -------      -------  ---------------------  -------------------     --------     --------  ----------------------  --------------------  
      5.722        0.000                      0                   65        0.280        0.000                      0                   65        4.500        0.000                       0                    34  


All user specified timing constraints are met.


------------------------------------------------------------------------------------------------
| Clock Summary
| -------------
------------------------------------------------------------------------------------------------

Clock        Waveform(ns)       Period(ns)      Frequency(MHz)
-----        ------------       ----------      --------------
sys_clk_pin  {0.000 5.000}      10.000          100.000         


------------------------------------------------------------------------------------------------
| Intra Clock Table
| -----------------
------------------------------------------------------------------------------------------------

Clock             WNS(ns)      TNS(ns)  TNS Failing Endpoints  TNS Total Endpoints      WHS(ns)      THS(ns)  THS Failing Endpoints  THS Total Endpoints     WPWS(ns)     TPWS(ns)  TPWS Failing Endpoints  TPWS Total Endpoints  
-----             -------      -------  ---------------------  -------------------      -------      -------  ---------------------  -------------------     --------     --------  ----------------------  --------------------  
sys_clk_pin         5.722        0.000                      0                   65        0.280        0.000                      0                   65        4.500        0.000                       0                    34  


------------------------------------------------------------------------------------------------
| Inter Clock Table
| -----------------
------------------------------------------------------------------------------------------------

From Clock    To Clock          WNS(ns)      TNS(ns)  TNS Failing Endpoints  TNS Total Endpoints      WHS(ns)      THS(ns)  THS Failing Endpoints  THS Total Endpoints  
----------    --------          -------      -------  ---------------------  -------------------      -------      -------  ---------------------  -------------------  


------------------------------------------------------------------------------------------------
| Other Path Groups Table
| -----------------------
------------------------------------------------------------------------------------------------

Path Group    From Clock    To Clock          WNS(ns)      TNS(ns)  TNS Failing Endpoints  TNS Total Endpoints      WHS(ns)      THS(ns)  THS Failing Endpoints  THS Total Endpoints  
----------    ----------    --------          -------      -------  ---------------------  -------------------      -------      -------  ---------------------  -------------------  


------------------------------------------------------------------------------------------------
| User Ignored Path Table
| -----------------------
------------------------------------------------------------------------------------------------

Path Group    From Clock    To Clock    
----------    ----------    --------    


------------------------------------------------------------------------------------------------
| Unconstrained Path Table
| ------------------------
------------------------------------------------------------------------------------------------

Path Group    From Clock    To Clock    
----------    ----------    --------    
(none)                                    


------------------------------------------------------------------------------------------------
| Timing Details
| --------------
------------------------------------------------------------------------------------------------


---------------------------------------------------------------------------------------------------
From Clock:  sys_clk_pin
  To Clock:  sys_clk_pin

Setup :            0  Failing Endpoints,  Worst Slack        5.722ns,  Total Violation        0.000ns
Hold  :            0  Failing Endpoints,  Worst Slack        0.280ns,  Total Violation        0.000ns
PW    :            0  Failing Endpoints,  Worst Slack        4.500ns,  Total Violation        0.000ns
---------------------------------------------------------------------------------------------------


Max Delay Paths
--------------------------------------------------------------------------------------
Slack (MET) :             5.722ns  (required time - arrival time)
  Source:                 my_I2C_BH1750/count_2_reg[28]/C
                            (rising edge-triggered cell FDRE clocked by sys_clk_pin  {rise@0.000ns fall@5.000ns period=10.000ns})
  Destination:            my_I2C_BH1750/count_2_reg[29]/R
                            (rising edge-triggered cell FDRE clocked by sys_clk_pin  {rise@0.000ns fall@5.000ns period=10.000ns})
  Path Group:             sys_clk_pin
  Path Type:              Setup (Max at Slow Process Corner)
  Requirement:            10.000ns  (sys_clk_pin rise@10.000ns - sys_clk_pin rise@0.000ns)
  Data Path Delay:        3.788ns  (logic 0.704ns (18.583%)  route 3.084ns (81.417%))
  Logic Levels:           2  (LUT6=2)
  Clock Path Skew:        -0.025ns (DCD - SCD + CPR)
    Destination Clock Delay (DCD):    4.848ns = ( 14.848 - 10.000 ) 
    Source Clock Delay      (SCD):    5.144ns
    Clock Pessimism Removal (CPR):    0.271ns
  Clock Uncertainty:      0.035ns  ((TSJ^2 + TIJ^2)^1/2 + DJ) / 2 + PE
    Total System Jitter     (TSJ):    0.071ns
    Total Input Jitter      (TIJ):    0.000ns
    Discrete Jitter          (DJ):    0.000ns
    Phase Error              (PE):    0.000ns

    Location             Delay type                Incr(ns)  Path(ns)    Netlist Resource(s)
  -------------------------------------------------------------------    -------------------
                         (clock sys_clk_pin rise edge)
                                                      0.000     0.000 r  
    W5                                                0.000     0.000 r  system_clock (IN)
                         net (fo=0)                   0.000     0.000    system_clock
    W5                   IBUF (Prop_ibuf_I_O)         1.458     1.458 r  system_clock_IBUF_inst/O
                         net (fo=1, routed)           1.967     3.425    system_clock_IBUF
    BUFGCTRL_X0Y0        BUFG (Prop_bufg_I_O)         0.096     3.521 r  system_clock_IBUF_BUFG_inst/O
                         net (fo=33, routed)          1.623     5.144    my_I2C_BH1750/CLK
    SLICE_X4Y95          FDRE                                         r  my_I2C_BH1750/count_2_reg[28]/C
  -------------------------------------------------------------------    -------------------
    SLICE_X4Y95          FDRE (Prop_fdre_C_Q)         0.456     5.600 f  my_I2C_BH1750/count_2_reg[28]/Q
                         net (fo=2, routed)           1.109     6.709    my_I2C_BH1750/count_2[28]
    SLICE_X5Y95          LUT6 (Prop_lut6_I0_O)        0.124     6.833 r  my_I2C_BH1750/count_2[31]_i_7/O
                         net (fo=1, routed)           0.941     7.774    my_I2C_BH1750/count_2[31]_i_7_n_0
    SLICE_X5Y92          LUT6 (Prop_lut6_I5_O)        0.124     7.898 r  my_I2C_BH1750/count_2[31]_i_1/O
                         net (fo=33, routed)          1.034     8.932    my_I2C_BH1750/i2c_sclk_local_200khz
    SLICE_X4Y96          FDRE                                         r  my_I2C_BH1750/count_2_reg[29]/R
  -------------------------------------------------------------------    -------------------

                         (clock sys_clk_pin rise edge)
                                                     10.000    10.000 r  
    W5                                                0.000    10.000 r  system_clock (IN)
                         net (fo=0)                   0.000    10.000    system_clock
    W5                   IBUF (Prop_ibuf_I_O)         1.388    11.388 r  system_clock_IBUF_inst/O
                         net (fo=1, routed)           1.862    13.250    system_clock_IBUF
    BUFGCTRL_X0Y0        BUFG (Prop_bufg_I_O)         0.091    13.341 r  system_clock_IBUF_BUFG_inst/O
                         net (fo=33, routed)          1.507    14.848    my_I2C_BH1750/CLK
    SLICE_X4Y96          FDRE                                         r  my_I2C_BH1750/count_2_reg[29]/C
                         clock pessimism              0.271    15.119    
                         clock uncertainty           -0.035    15.084    
    SLICE_X4Y96          FDRE (Setup_fdre_C_R)       -0.429    14.655    my_I2C_BH1750/count_2_reg[29]
  -------------------------------------------------------------------
                         required time                         14.655    
                         arrival time                          -8.932    
  -------------------------------------------------------------------
                         slack                                  5.722    

Slack (MET) :             5.722ns  (required time - arrival time)
  Source:                 my_I2C_BH1750/count_2_reg[28]/C
                            (rising edge-triggered cell FDRE clocked by sys_clk_pin  {rise@0.000ns fall@5.000ns period=10.000ns})
  Destination:            my_I2C_BH1750/count_2_reg[30]/R
                            (rising edge-triggered cell FDRE clocked by sys_clk_pin  {rise@0.000ns fall@5.000ns period=10.000ns})
  Path Group:             sys_clk_pin
  Path Type:              Setup (Max at Slow Process Corner)
  Requirement:            10.000ns  (sys_clk_pin rise@10.000ns - sys_clk_pin rise@0.000ns)
  Data Path Delay:        3.788ns  (logic 0.704ns (18.583%)  route 3.084ns (81.417%))
  Logic Levels:           2  (LUT6=2)
  Clock Path Skew:        -0.025ns (DCD - SCD + CPR)
    Destination Clock Delay (DCD):    4.848ns = ( 14.848 - 10.000 ) 
    Source Clock Delay      (SCD):    5.144ns
    Clock Pessimism Removal (CPR):    0.271ns
  Clock Uncertainty:      0.035ns  ((TSJ^2 + TIJ^2)^1/2 + DJ) / 2 + PE
    Total System Jitter     (TSJ):    0.071ns
    Total Input Jitter      (TIJ):    0.000ns
    Discrete Jitter          (DJ):    0.000ns
    Phase Error              (PE):    0.000ns

    Location             Delay type                Incr(ns)  Path(ns)    Netlist Resource(s)
  -------------------------------------------------------------------    -------------------
                         (clock sys_clk_pin rise edge)
                                                      0.000     0.000 r  
    W5                                                0.000     0.000 r  system_clock (IN)
                         net (fo=0)                   0.000     0.000    system_clock
    W5                   IBUF (Prop_ibuf_I_O)         1.458     1.458 r  system_clock_IBUF_inst/O
                         net (fo=1, routed)           1.967     3.425    system_clock_IBUF
    BUFGCTRL_X0Y0        BUFG (Prop_bufg_I_O)         0.096     3.521 r  system_clock_IBUF_BUFG_inst/O
                         net (fo=33, routed)          1.623     5.144    my_I2C_BH1750/CLK
    SLICE_X4Y95          FDRE                                         r  my_I2C_BH1750/count_2_reg[28]/C
  -------------------------------------------------------------------    -------------------
    SLICE_X4Y95          FDRE (Prop_fdre_C_Q)         0.456     5.600 f  my_I2C_BH1750/count_2_reg[28]/Q
                         net (fo=2, routed)           1.109     6.709    my_I2C_BH1750/count_2[28]
    SLICE_X5Y95          LUT6 (Prop_lut6_I0_O)        0.124     6.833 r  my_I2C_BH1750/count_2[31]_i_7/O
                         net (fo=1, routed)           0.941     7.774    my_I2C_BH1750/count_2[31]_i_7_n_0
    SLICE_X5Y92          LUT6 (Prop_lut6_I5_O)        0.124     7.898 r  my_I2C_BH1750/count_2[31]_i_1/O
                         net (fo=33, routed)          1.034     8.932    my_I2C_BH1750/i2c_sclk_local_200khz
    SLICE_X4Y96          FDRE                                         r  my_I2C_BH1750/count_2_reg[30]/R
  -------------------------------------------------------------------    -------------------

                         (clock sys_clk_pin rise edge)
                                                     10.000    10.000 r  
    W5                                                0.000    10.000 r  system_clock (IN)
                         net (fo=0)                   0.000    10.000    system_clock
    W5                   IBUF (Prop_ibuf_I_O)         1.388    11.388 r  system_clock_IBUF_inst/O
                         net (fo=1, routed)           1.862    13.250    system_clock_IBUF
    BUFGCTRL_X0Y0        BUFG (Prop_bufg_I_O)         0.091    13.341 r  system_clock_IBUF_BUFG_inst/O
                         net (fo=33, routed)          1.507    14.848    my_I2C_BH1750/CLK
    SLICE_X4Y96          FDRE                                         r  my_I2C_BH1750/count_2_reg[30]/C
                         clock pessimism              0.271    15.119    
                         clock uncertainty           -0.035    15.084    
    SLICE_X4Y96          FDRE (Setup_fdre_C_R)       -0.429    14.655    my_I2C_BH1750/count_2_reg[30]
  -------------------------------------------------------------------
                         required time                         14.655    
                         arrival time                          -8.932    
  -------------------------------------------------------------------
                         slack                                  5.722    

Slack (MET) :             5.722ns  (required time - arrival time)
  Source:                 my_I2C_BH1750/count_2_reg[28]/C
                            (rising edge-triggered cell FDRE clocked by sys_clk_pin  {rise@0.000ns fall@5.000ns period=10.000ns})
  Destination:            my_I2C_BH1750/count_2_reg[31]/R
                            (rising edge-triggered cell FDRE clocked by sys_clk_pin  {rise@0.000ns fall@5.000ns period=10.000ns})
  Path Group:             sys_clk_pin
  Path Type:              Setup (Max at Slow Process Corner)
  Requirement:            10.000ns  (sys_clk_pin rise@10.000ns - sys_clk_pin rise@0.000ns)
  Data Path Delay:        3.788ns  (logic 0.704ns (18.583%)  route 3.084ns (81.417%))
  Logic Levels:           2  (LUT6=2)
  Clock Path Skew:        -0.025ns (DCD - SCD + CPR)
    Destination Clock Delay (DCD):    4.848ns = ( 14.848 - 10.000 ) 
    Source Clock Delay      (SCD):    5.144ns
    Clock Pessimism Removal (CPR):    0.271ns
  Clock Uncertainty:      0.035ns  ((TSJ^2 + TIJ^2)^1/2 + DJ) / 2 + PE
    Total System Jitter     (TSJ):    0.071ns
    Total Input Jitter      (TIJ):    0.000ns
    Discrete Jitter          (DJ):    0.000ns
    Phase Error              (PE):    0.000ns

    Location             Delay type                Incr(ns)  Path(ns)    Netlist Resource(s)
  -------------------------------------------------------------------    -------------------
                         (clock sys_clk_pin rise edge)
                                                      0.000     0.000 r  
    W5                                                0.000     0.000 r  system_clock (IN)
                         net (fo=0)                   0.000     0.000    system_clock
    W5                   IBUF (Prop_ibuf_I_O)         1.458     1.458 r  system_clock_IBUF_inst/O
                         net (fo=1, routed)           1.967     3.425    system_clock_IBUF
    BUFGCTRL_X0Y0        BUFG (Prop_bufg_I_O)         0.096     3.521 r  system_clock_IBUF_BUFG_inst/O
                         net (fo=33, routed)          1.623     5.144    my_I2C_BH1750/CLK
    SLICE_X4Y95          FDRE                                         r  my_I2C_BH1750/count_2_reg[28]/C
  -------------------------------------------------------------------    -------------------
    SLICE_X4Y95          FDRE (Prop_fdre_C_Q)         0.456     5.600 f  my_I2C_BH1750/count_2_reg[28]/Q
                         net (fo=2, routed)           1.109     6.709    my_I2C_BH1750/count_2[28]
    SLICE_X5Y95          LUT6 (Prop_lut6_I0_O)        0.124     6.833 r  my_I2C_BH1750/count_2[31]_i_7/O
                         net (fo=1, routed)           0.941     7.774    my_I2C_BH1750/count_2[31]_i_7_n_0
    SLICE_X5Y92          LUT6 (Prop_lut6_I5_O)        0.124     7.898 r  my_I2C_BH1750/count_2[31]_i_1/O
                         net (fo=33, routed)          1.034     8.932    my_I2C_BH1750/i2c_sclk_local_200khz
    SLICE_X4Y96          FDRE                                         r  my_I2C_BH1750/count_2_reg[31]/R
  -------------------------------------------------------------------    -------------------

                         (clock sys_clk_pin rise edge)
                                                     10.000    10.000 r  
    W5                                                0.000    10.000 r  system_clock (IN)
                         net (fo=0)                   0.000    10.000    system_clock
    W5                   IBUF (Prop_ibuf_I_O)         1.388    11.388 r  system_clock_IBUF_inst/O
                         net (fo=1, routed)           1.862    13.250    system_clock_IBUF
    BUFGCTRL_X0Y0        BUFG (Prop_bufg_I_O)         0.091    13.341 r  system_clock_IBUF_BUFG_inst/O
                         net (fo=33, routed)          1.507    14.848    my_I2C_BH1750/CLK
    SLICE_X4Y96          FDRE                                         r  my_I2C_BH1750/count_2_reg[31]/C
                         clock pessimism              0.271    15.119    
                         clock uncertainty           -0.035    15.084    
    SLICE_X4Y96          FDRE (Setup_fdre_C_R)       -0.429    14.655    my_I2C_BH1750/count_2_reg[31]
  -------------------------------------------------------------------
                         required time                         14.655    
                         arrival time                          -8.932    
  -------------------------------------------------------------------
                         slack                                  5.722    

Slack (MET) :             5.886ns  (required time - arrival time)
  Source:                 my_I2C_BH1750/count_2_reg[28]/C
                            (rising edge-triggered cell FDRE clocked by sys_clk_pin  {rise@0.000ns fall@5.000ns period=10.000ns})
  Destination:            my_I2C_BH1750/count_2_reg[25]/R
                            (rising edge-triggered cell FDRE clocked by sys_clk_pin  {rise@0.000ns fall@5.000ns period=10.000ns})
  Path Group:             sys_clk_pin
  Path Type:              Setup (Max at Slow Process Corner)
  Requirement:            10.000ns  (sys_clk_pin rise@10.000ns - sys_clk_pin rise@0.000ns)
  Data Path Delay:        3.650ns  (logic 0.704ns (19.288%)  route 2.946ns (80.712%))
  Logic Levels:           2  (LUT6=2)
  Clock Path Skew:        0.000ns (DCD - SCD + CPR)
    Destination Clock Delay (DCD):    4.848ns = ( 14.848 - 10.000 ) 
    Source Clock Delay      (SCD):    5.144ns
    Clock Pessimism Removal (CPR):    0.296ns
  Clock Uncertainty:      0.035ns  ((TSJ^2 + TIJ^2)^1/2 + DJ) / 2 + PE
    Total System Jitter     (TSJ):    0.071ns
    Total Input Jitter      (TIJ):    0.000ns
    Discrete Jitter          (DJ):    0.000ns
    Phase Error              (PE):    0.000ns

    Location             Delay type                Incr(ns)  Path(ns)    Netlist Resource(s)
  -------------------------------------------------------------------    -------------------
                         (clock sys_clk_pin rise edge)
                                                      0.000     0.000 r  
    W5                                                0.000     0.000 r  system_clock (IN)
                         net (fo=0)                   0.000     0.000    system_clock
    W5                   IBUF (Prop_ibuf_I_O)         1.458     1.458 r  system_clock_IBUF_inst/O
                         net (fo=1, routed)           1.967     3.425    system_clock_IBUF
    BUFGCTRL_X0Y0        BUFG (Prop_bufg_I_O)         0.096     3.521 r  system_clock_IBUF_BUFG_inst/O
                         net (fo=33, routed)          1.623     5.144    my_I2C_BH1750/CLK
    SLICE_X4Y95          FDRE                                         r  my_I2C_BH1750/count_2_reg[28]/C
  -------------------------------------------------------------------    -------------------
    SLICE_X4Y95          FDRE (Prop_fdre_C_Q)         0.456     5.600 f  my_I2C_BH1750/count_2_reg[28]/Q
                         net (fo=2, routed)           1.109     6.709    my_I2C_BH1750/count_2[28]
    SLICE_X5Y95          LUT6 (Prop_lut6_I0_O)        0.124     6.833 r  my_I2C_BH1750/count_2[31]_i_7/O
                         net (fo=1, routed)           0.941     7.774    my_I2C_BH1750/count_2[31]_i_7_n_0
    SLICE_X5Y92          LUT6 (Prop_lut6_I5_O)        0.124     7.898 r  my_I2C_BH1750/count_2[31]_i_1/O
                         net (fo=33, routed)          0.896     8.794    my_I2C_BH1750/i2c_sclk_local_200khz
    SLICE_X4Y95          FDRE                                         r  my_I2C_BH1750/count_2_reg[25]/R
  -------------------------------------------------------------------    -------------------

                         (clock sys_clk_pin rise edge)
                                                     10.000    10.000 r  
    W5                                                0.000    10.000 r  system_clock (IN)
                         net (fo=0)                   0.000    10.000    system_clock
    W5                   IBUF (Prop_ibuf_I_O)         1.388    11.388 r  system_clock_IBUF_inst/O
                         net (fo=1, routed)           1.862    13.250    system_clock_IBUF
    BUFGCTRL_X0Y0        BUFG (Prop_bufg_I_O)         0.091    13.341 r  system_clock_IBUF_BUFG_inst/O
                         net (fo=33, routed)          1.507    14.848    my_I2C_BH1750/CLK
    SLICE_X4Y95          FDRE                                         r  my_I2C_BH1750/count_2_reg[25]/C
                         clock pessimism              0.296    15.144    
                         clock uncertainty           -0.035    15.109    
    SLICE_X4Y95          FDRE (Setup_fdre_C_R)       -0.429    14.680    my_I2C_BH1750/count_2_reg[25]
  -------------------------------------------------------------------
                         required time                         14.680    
                         arrival time                          -8.794    
  -------------------------------------------------------------------
                         slack                                  5.886    

Slack (MET) :             5.886ns  (required time - arrival time)
  Source:                 my_I2C_BH1750/count_2_reg[28]/C
                            (rising edge-triggered cell FDRE clocked by sys_clk_pin  {rise@0.000ns fall@5.000ns period=10.000ns})
  Destination:            my_I2C_BH1750/count_2_reg[26]/R
                            (rising edge-triggered cell FDRE clocked by sys_clk_pin  {rise@0.000ns fall@5.000ns period=10.000ns})
  Path Group:             sys_clk_pin
  Path Type:              Setup (Max at Slow Process Corner)
  Requirement:            10.000ns  (sys_clk_pin rise@10.000ns - sys_clk_pin rise@0.000ns)
  Data Path Delay:        3.650ns  (logic 0.704ns (19.288%)  route 2.946ns (80.712%))
  Logic Levels:           2  (LUT6=2)
  Clock Path Skew:        0.000ns (DCD - SCD + CPR)
    Destination Clock Delay (DCD):    4.848ns = ( 14.848 - 10.000 ) 
    Source Clock Delay      (SCD):    5.144ns
    Clock Pessimism Removal (CPR):    0.296ns
  Clock Uncertainty:      0.035ns  ((TSJ^2 + TIJ^2)^1/2 + DJ) / 2 + PE
    Total System Jitter     (TSJ):    0.071ns
    Total Input Jitter      (TIJ):    0.000ns
    Discrete Jitter          (DJ):    0.000ns
    Phase Error              (PE):    0.000ns

    Location             Delay type                Incr(ns)  Path(ns)    Netlist Resource(s)
  -------------------------------------------------------------------    -------------------
                         (clock sys_clk_pin rise edge)
                                                      0.000     0.000 r  
    W5                                                0.000     0.000 r  system_clock (IN)
                         net (fo=0)                   0.000     0.000    system_clock
    W5                   IBUF (Prop_ibuf_I_O)         1.458     1.458 r  system_clock_IBUF_inst/O
                         net (fo=1, routed)           1.967     3.425    system_clock_IBUF
    BUFGCTRL_X0Y0        BUFG (Prop_bufg_I_O)         0.096     3.521 r  system_clock_IBUF_BUFG_inst/O
                         net (fo=33, routed)          1.623     5.144    my_I2C_BH1750/CLK
    SLICE_X4Y95          FDRE                                         r  my_I2C_BH1750/count_2_reg[28]/C
  -------------------------------------------------------------------    -------------------
    SLICE_X4Y95          FDRE (Prop_fdre_C_Q)         0.456     5.600 f  my_I2C_BH1750/count_2_reg[28]/Q
                         net (fo=2, routed)           1.109     6.709    my_I2C_BH1750/count_2[28]
    SLICE_X5Y95          LUT6 (Prop_lut6_I0_O)        0.124     6.833 r  my_I2C_BH1750/count_2[31]_i_7/O
                         net (fo=1, routed)           0.941     7.774    my_I2C_BH1750/count_2[31]_i_7_n_0
    SLICE_X5Y92          LUT6 (Prop_lut6_I5_O)        0.124     7.898 r  my_I2C_BH1750/count_2[31]_i_1/O
                         net (fo=33, routed)          0.896     8.794    my_I2C_BH1750/i2c_sclk_local_200khz
    SLICE_X4Y95          FDRE                                         r  my_I2C_BH1750/count_2_reg[26]/R
  -------------------------------------------------------------------    -------------------

                         (clock sys_clk_pin rise edge)
                                                     10.000    10.000 r  
    W5                                                0.000    10.000 r  system_clock (IN)
                         net (fo=0)                   0.000    10.000    system_clock
    W5                   IBUF (Prop_ibuf_I_O)         1.388    11.388 r  system_clock_IBUF_inst/O
                         net (fo=1, routed)           1.862    13.250    system_clock_IBUF
    BUFGCTRL_X0Y0        BUFG (Prop_bufg_I_O)         0.091    13.341 r  system_clock_IBUF_BUFG_inst/O
                         net (fo=33, routed)          1.507    14.848    my_I2C_BH1750/CLK
    SLICE_X4Y95          FDRE                                         r  my_I2C_BH1750/count_2_reg[26]/C
                         clock pessimism              0.296    15.144    
                         clock uncertainty           -0.035    15.109    
    SLICE_X4Y95          FDRE (Setup_fdre_C_R)       -0.429    14.680    my_I2C_BH1750/count_2_reg[26]
  -------------------------------------------------------------------
                         required time                         14.680    
                         arrival time                          -8.794    
  -------------------------------------------------------------------
                         slack                                  5.886    

Slack (MET) :             5.886ns  (required time - arrival time)
  Source:                 my_I2C_BH1750/count_2_reg[28]/C
                            (rising edge-triggered cell FDRE clocked by sys_clk_pin  {rise@0.000ns fall@5.000ns period=10.000ns})
  Destination:            my_I2C_BH1750/count_2_reg[27]/R
                            (rising edge-triggered cell FDRE clocked by sys_clk_pin  {rise@0.000ns fall@5.000ns period=10.000ns})
  Path Group:             sys_clk_pin
  Path Type:              Setup (Max at Slow Process Corner)
  Requirement:            10.000ns  (sys_clk_pin rise@10.000ns - sys_clk_pin rise@0.000ns)
  Data Path Delay:        3.650ns  (logic 0.704ns (19.288%)  route 2.946ns (80.712%))
  Logic Levels:           2  (LUT6=2)
  Clock Path Skew:        0.000ns (DCD - SCD + CPR)
    Destination Clock Delay (DCD):    4.848ns = ( 14.848 - 10.000 ) 
    Source Clock Delay      (SCD):    5.144ns
    Clock Pessimism Removal (CPR):    0.296ns
  Clock Uncertainty:      0.035ns  ((TSJ^2 + TIJ^2)^1/2 + DJ) / 2 + PE
    Total System Jitter     (TSJ):    0.071ns
    Total Input Jitter      (TIJ):    0.000ns
    Discrete Jitter          (DJ):    0.000ns
    Phase Error              (PE):    0.000ns

    Location             Delay type                Incr(ns)  Path(ns)    Netlist Resource(s)
  -------------------------------------------------------------------    -------------------
                         (clock sys_clk_pin rise edge)
                                                      0.000     0.000 r  
    W5                                                0.000     0.000 r  system_clock (IN)
                         net (fo=0)                   0.000     0.000    system_clock
    W5                   IBUF (Prop_ibuf_I_O)         1.458     1.458 r  system_clock_IBUF_inst/O
                         net (fo=1, routed)           1.967     3.425    system_clock_IBUF
    BUFGCTRL_X0Y0        BUFG (Prop_bufg_I_O)         0.096     3.521 r  system_clock_IBUF_BUFG_inst/O
                         net (fo=33, routed)          1.623     5.144    my_I2C_BH1750/CLK
    SLICE_X4Y95          FDRE                                         r  my_I2C_BH1750/count_2_reg[28]/C
  -------------------------------------------------------------------    -------------------
    SLICE_X4Y95          FDRE (Prop_fdre_C_Q)         0.456     5.600 f  my_I2C_BH1750/count_2_reg[28]/Q
                         net (fo=2, routed)           1.109     6.709    my_I2C_BH1750/count_2[28]
    SLICE_X5Y95          LUT6 (Prop_lut6_I0_O)        0.124     6.833 r  my_I2C_BH1750/count_2[31]_i_7/O
                         net (fo=1, routed)           0.941     7.774    my_I2C_BH1750/count_2[31]_i_7_n_0
    SLICE_X5Y92          LUT6 (Prop_lut6_I5_O)        0.124     7.898 r  my_I2C_BH1750/count_2[31]_i_1/O
                         net (fo=33, routed)          0.896     8.794    my_I2C_BH1750/i2c_sclk_local_200khz
    SLICE_X4Y95          FDRE                                         r  my_I2C_BH1750/count_2_reg[27]/R
  -------------------------------------------------------------------    -------------------

                         (clock sys_clk_pin rise edge)
                                                     10.000    10.000 r  
    W5                                                0.000    10.000 r  system_clock (IN)
                         net (fo=0)                   0.000    10.000    system_clock
    W5                   IBUF (Prop_ibuf_I_O)         1.388    11.388 r  system_clock_IBUF_inst/O
                         net (fo=1, routed)           1.862    13.250    system_clock_IBUF
    BUFGCTRL_X0Y0        BUFG (Prop_bufg_I_O)         0.091    13.341 r  system_clock_IBUF_BUFG_inst/O
                         net (fo=33, routed)          1.507    14.848    my_I2C_BH1750/CLK
    SLICE_X4Y95          FDRE                                         r  my_I2C_BH1750/count_2_reg[27]/C
                         clock pessimism              0.296    15.144    
                         clock uncertainty           -0.035    15.109    
    SLICE_X4Y95          FDRE (Setup_fdre_C_R)       -0.429    14.680    my_I2C_BH1750/count_2_reg[27]
  -------------------------------------------------------------------
                         required time                         14.680    
                         arrival time                          -8.794    
  -------------------------------------------------------------------
                         slack                                  5.886    

Slack (MET) :             5.886ns  (required time - arrival time)
  Source:                 my_I2C_BH1750/count_2_reg[28]/C
                            (rising edge-triggered cell FDRE clocked by sys_clk_pin  {rise@0.000ns fall@5.000ns period=10.000ns})
  Destination:            my_I2C_BH1750/count_2_reg[28]/R
                            (rising edge-triggered cell FDRE clocked by sys_clk_pin  {rise@0.000ns fall@5.000ns period=10.000ns})
  Path Group:             sys_clk_pin
  Path Type:              Setup (Max at Slow Process Corner)
  Requirement:            10.000ns  (sys_clk_pin rise@10.000ns - sys_clk_pin rise@0.000ns)
  Data Path Delay:        3.650ns  (logic 0.704ns (19.288%)  route 2.946ns (80.712%))
  Logic Levels:           2  (LUT6=2)
  Clock Path Skew:        0.000ns (DCD - SCD + CPR)
    Destination Clock Delay (DCD):    4.848ns = ( 14.848 - 10.000 ) 
    Source Clock Delay      (SCD):    5.144ns
    Clock Pessimism Removal (CPR):    0.296ns
  Clock Uncertainty:      0.035ns  ((TSJ^2 + TIJ^2)^1/2 + DJ) / 2 + PE
    Total System Jitter     (TSJ):    0.071ns
    Total Input Jitter      (TIJ):    0.000ns
    Discrete Jitter          (DJ):    0.000ns
    Phase Error              (PE):    0.000ns

    Location             Delay type                Incr(ns)  Path(ns)    Netlist Resource(s)
  -------------------------------------------------------------------    -------------------
                         (clock sys_clk_pin rise edge)
                                                      0.000     0.000 r  
    W5                                                0.000     0.000 r  system_clock (IN)
                         net (fo=0)                   0.000     0.000    system_clock
    W5                   IBUF (Prop_ibuf_I_O)         1.458     1.458 r  system_clock_IBUF_inst/O
                         net (fo=1, routed)           1.967     3.425    system_clock_IBUF
    BUFGCTRL_X0Y0        BUFG (Prop_bufg_I_O)         0.096     3.521 r  system_clock_IBUF_BUFG_inst/O
                         net (fo=33, routed)          1.623     5.144    my_I2C_BH1750/CLK
    SLICE_X4Y95          FDRE                                         r  my_I2C_BH1750/count_2_reg[28]/C
  -------------------------------------------------------------------    -------------------
    SLICE_X4Y95          FDRE (Prop_fdre_C_Q)         0.456     5.600 f  my_I2C_BH1750/count_2_reg[28]/Q
                         net (fo=2, routed)           1.109     6.709    my_I2C_BH1750/count_2[28]
    SLICE_X5Y95          LUT6 (Prop_lut6_I0_O)        0.124     6.833 r  my_I2C_BH1750/count_2[31]_i_7/O
                         net (fo=1, routed)           0.941     7.774    my_I2C_BH1750/count_2[31]_i_7_n_0
    SLICE_X5Y92          LUT6 (Prop_lut6_I5_O)        0.124     7.898 r  my_I2C_BH1750/count_2[31]_i_1/O
                         net (fo=33, routed)          0.896     8.794    my_I2C_BH1750/i2c_sclk_local_200khz
    SLICE_X4Y95          FDRE                                         r  my_I2C_BH1750/count_2_reg[28]/R
  -------------------------------------------------------------------    -------------------

                         (clock sys_clk_pin rise edge)
                                                     10.000    10.000 r  
    W5                                                0.000    10.000 r  system_clock (IN)
                         net (fo=0)                   0.000    10.000    system_clock
    W5                   IBUF (Prop_ibuf_I_O)         1.388    11.388 r  system_clock_IBUF_inst/O
                         net (fo=1, routed)           1.862    13.250    system_clock_IBUF
    BUFGCTRL_X0Y0        BUFG (Prop_bufg_I_O)         0.091    13.341 r  system_clock_IBUF_BUFG_inst/O
                         net (fo=33, routed)          1.507    14.848    my_I2C_BH1750/CLK
    SLICE_X4Y95          FDRE                                         r  my_I2C_BH1750/count_2_reg[28]/C
                         clock pessimism              0.296    15.144    
                         clock uncertainty           -0.035    15.109    
    SLICE_X4Y95          FDRE (Setup_fdre_C_R)       -0.429    14.680    my_I2C_BH1750/count_2_reg[28]
  -------------------------------------------------------------------
                         required time                         14.680    
                         arrival time                          -8.794    
  -------------------------------------------------------------------
                         slack                                  5.886    

Slack (MET) :             6.009ns  (required time - arrival time)
  Source:                 my_I2C_BH1750/count_2_reg[28]/C
                            (rising edge-triggered cell FDRE clocked by sys_clk_pin  {rise@0.000ns fall@5.000ns period=10.000ns})
  Destination:            my_I2C_BH1750/count_2_reg[21]/R
                            (rising edge-triggered cell FDRE clocked by sys_clk_pin  {rise@0.000ns fall@5.000ns period=10.000ns})
  Path Group:             sys_clk_pin
  Path Type:              Setup (Max at Slow Process Corner)
  Requirement:            10.000ns  (sys_clk_pin rise@10.000ns - sys_clk_pin rise@0.000ns)
  Data Path Delay:        3.502ns  (logic 0.704ns (20.105%)  route 2.798ns (79.895%))
  Logic Levels:           2  (LUT6=2)
  Clock Path Skew:        -0.025ns (DCD - SCD + CPR)
    Destination Clock Delay (DCD):    4.848ns = ( 14.848 - 10.000 ) 
    Source Clock Delay      (SCD):    5.144ns
    Clock Pessimism Removal (CPR):    0.271ns
  Clock Uncertainty:      0.035ns  ((TSJ^2 + TIJ^2)^1/2 + DJ) / 2 + PE
    Total System Jitter     (TSJ):    0.071ns
    Total Input Jitter      (TIJ):    0.000ns
    Discrete Jitter          (DJ):    0.000ns
    Phase Error              (PE):    0.000ns

    Location             Delay type                Incr(ns)  Path(ns)    Netlist Resource(s)
  -------------------------------------------------------------------    -------------------
                         (clock sys_clk_pin rise edge)
                                                      0.000     0.000 r  
    W5                                                0.000     0.000 r  system_clock (IN)
                         net (fo=0)                   0.000     0.000    system_clock
    W5                   IBUF (Prop_ibuf_I_O)         1.458     1.458 r  system_clock_IBUF_inst/O
                         net (fo=1, routed)           1.967     3.425    system_clock_IBUF
    BUFGCTRL_X0Y0        BUFG (Prop_bufg_I_O)         0.096     3.521 r  system_clock_IBUF_BUFG_inst/O
                         net (fo=33, routed)          1.623     5.144    my_I2C_BH1750/CLK
    SLICE_X4Y95          FDRE                                         r  my_I2C_BH1750/count_2_reg[28]/C
  -------------------------------------------------------------------    -------------------
    SLICE_X4Y95          FDRE (Prop_fdre_C_Q)         0.456     5.600 f  my_I2C_BH1750/count_2_reg[28]/Q
                         net (fo=2, routed)           1.109     6.709    my_I2C_BH1750/count_2[28]
    SLICE_X5Y95          LUT6 (Prop_lut6_I0_O)        0.124     6.833 r  my_I2C_BH1750/count_2[31]_i_7/O
                         net (fo=1, routed)           0.941     7.774    my_I2C_BH1750/count_2[31]_i_7_n_0
    SLICE_X5Y92          LUT6 (Prop_lut6_I5_O)        0.124     7.898 r  my_I2C_BH1750/count_2[31]_i_1/O
                         net (fo=33, routed)          0.747     8.646    my_I2C_BH1750/i2c_sclk_local_200khz
    SLICE_X4Y94          FDRE                                         r  my_I2C_BH1750/count_2_reg[21]/R
  -------------------------------------------------------------------    -------------------

                         (clock sys_clk_pin rise edge)
                                                     10.000    10.000 r  
    W5                                                0.000    10.000 r  system_clock (IN)
                         net (fo=0)                   0.000    10.000    system_clock
    W5                   IBUF (Prop_ibuf_I_O)         1.388    11.388 r  system_clock_IBUF_inst/O
                         net (fo=1, routed)           1.862    13.250    system_clock_IBUF
    BUFGCTRL_X0Y0        BUFG (Prop_bufg_I_O)         0.091    13.341 r  system_clock_IBUF_BUFG_inst/O
                         net (fo=33, routed)          1.507    14.848    my_I2C_BH1750/CLK
    SLICE_X4Y94          FDRE                                         r  my_I2C_BH1750/count_2_reg[21]/C
                         clock pessimism              0.271    15.119    
                         clock uncertainty           -0.035    15.084    
    SLICE_X4Y94          FDRE (Setup_fdre_C_R)       -0.429    14.655    my_I2C_BH1750/count_2_reg[21]
  -------------------------------------------------------------------
                         required time                         14.655    
                         arrival time                          -8.646    
  -------------------------------------------------------------------
                         slack                                  6.009    

Slack (MET) :             6.009ns  (required time - arrival time)
  Source:                 my_I2C_BH1750/count_2_reg[28]/C
                            (rising edge-triggered cell FDRE clocked by sys_clk_pin  {rise@0.000ns fall@5.000ns period=10.000ns})
  Destination:            my_I2C_BH1750/count_2_reg[22]/R
                            (rising edge-triggered cell FDRE clocked by sys_clk_pin  {rise@0.000ns fall@5.000ns period=10.000ns})
  Path Group:             sys_clk_pin
  Path Type:              Setup (Max at Slow Process Corner)
  Requirement:            10.000ns  (sys_clk_pin rise@10.000ns - sys_clk_pin rise@0.000ns)
  Data Path Delay:        3.502ns  (logic 0.704ns (20.105%)  route 2.798ns (79.895%))
  Logic Levels:           2  (LUT6=2)
  Clock Path Skew:        -0.025ns (DCD - SCD + CPR)
    Destination Clock Delay (DCD):    4.848ns = ( 14.848 - 10.000 ) 
    Source Clock Delay      (SCD):    5.144ns
    Clock Pessimism Removal (CPR):    0.271ns
  Clock Uncertainty:      0.035ns  ((TSJ^2 + TIJ^2)^1/2 + DJ) / 2 + PE
    Total System Jitter     (TSJ):    0.071ns
    Total Input Jitter      (TIJ):    0.000ns
    Discrete Jitter          (DJ):    0.000ns
    Phase Error              (PE):    0.000ns

    Location             Delay type                Incr(ns)  Path(ns)    Netlist Resource(s)
  -------------------------------------------------------------------    -------------------
                         (clock sys_clk_pin rise edge)
                                                      0.000     0.000 r  
    W5                                                0.000     0.000 r  system_clock (IN)
                         net (fo=0)                   0.000     0.000    system_clock
    W5                   IBUF (Prop_ibuf_I_O)         1.458     1.458 r  system_clock_IBUF_inst/O
                         net (fo=1, routed)           1.967     3.425    system_clock_IBUF
    BUFGCTRL_X0Y0        BUFG (Prop_bufg_I_O)         0.096     3.521 r  system_clock_IBUF_BUFG_inst/O
                         net (fo=33, routed)          1.623     5.144    my_I2C_BH1750/CLK
    SLICE_X4Y95          FDRE                                         r  my_I2C_BH1750/count_2_reg[28]/C
  -------------------------------------------------------------------    -------------------
    SLICE_X4Y95          FDRE (Prop_fdre_C_Q)         0.456     5.600 f  my_I2C_BH1750/count_2_reg[28]/Q
                         net (fo=2, routed)           1.109     6.709    my_I2C_BH1750/count_2[28]
    SLICE_X5Y95          LUT6 (Prop_lut6_I0_O)        0.124     6.833 r  my_I2C_BH1750/count_2[31]_i_7/O
                         net (fo=1, routed)           0.941     7.774    my_I2C_BH1750/count_2[31]_i_7_n_0
    SLICE_X5Y92          LUT6 (Prop_lut6_I5_O)        0.124     7.898 r  my_I2C_BH1750/count_2[31]_i_1/O
                         net (fo=33, routed)          0.747     8.646    my_I2C_BH1750/i2c_sclk_local_200khz
    SLICE_X4Y94          FDRE                                         r  my_I2C_BH1750/count_2_reg[22]/R
  -------------------------------------------------------------------    -------------------

                         (clock sys_clk_pin rise edge)
                                                     10.000    10.000 r  
    W5                                                0.000    10.000 r  system_clock (IN)
                         net (fo=0)                   0.000    10.000    system_clock
    W5                   IBUF (Prop_ibuf_I_O)         1.388    11.388 r  system_clock_IBUF_inst/O
                         net (fo=1, routed)           1.862    13.250    system_clock_IBUF
    BUFGCTRL_X0Y0        BUFG (Prop_bufg_I_O)         0.091    13.341 r  system_clock_IBUF_BUFG_inst/O
                         net (fo=33, routed)          1.507    14.848    my_I2C_BH1750/CLK
    SLICE_X4Y94          FDRE                                         r  my_I2C_BH1750/count_2_reg[22]/C
                         clock pessimism              0.271    15.119    
                         clock uncertainty           -0.035    15.084    
    SLICE_X4Y94          FDRE (Setup_fdre_C_R)       -0.429    14.655    my_I2C_BH1750/count_2_reg[22]
  -------------------------------------------------------------------
                         required time                         14.655    
                         arrival time                          -8.646    
  -------------------------------------------------------------------
                         slack                                  6.009    

Slack (MET) :             6.009ns  (required time - arrival time)
  Source:                 my_I2C_BH1750/count_2_reg[28]/C
                            (rising edge-triggered cell FDRE clocked by sys_clk_pin  {rise@0.000ns fall@5.000ns period=10.000ns})
  Destination:            my_I2C_BH1750/count_2_reg[23]/R
                            (rising edge-triggered cell FDRE clocked by sys_clk_pin  {rise@0.000ns fall@5.000ns period=10.000ns})
  Path Group:             sys_clk_pin
  Path Type:              Setup (Max at Slow Process Corner)
  Requirement:            10.000ns  (sys_clk_pin rise@10.000ns - sys_clk_pin rise@0.000ns)
  Data Path Delay:        3.502ns  (logic 0.704ns (20.105%)  route 2.798ns (79.895%))
  Logic Levels:           2  (LUT6=2)
  Clock Path Skew:        -0.025ns (DCD - SCD + CPR)
    Destination Clock Delay (DCD):    4.848ns = ( 14.848 - 10.000 ) 
    Source Clock Delay      (SCD):    5.144ns
    Clock Pessimism Removal (CPR):    0.271ns
  Clock Uncertainty:      0.035ns  ((TSJ^2 + TIJ^2)^1/2 + DJ) / 2 + PE
    Total System Jitter     (TSJ):    0.071ns
    Total Input Jitter      (TIJ):    0.000ns
    Discrete Jitter          (DJ):    0.000ns
    Phase Error              (PE):    0.000ns

    Location             Delay type                Incr(ns)  Path(ns)    Netlist Resource(s)
  -------------------------------------------------------------------    -------------------
                         (clock sys_clk_pin rise edge)
                                                      0.000     0.000 r  
    W5                                                0.000     0.000 r  system_clock (IN)
                         net (fo=0)                   0.000     0.000    system_clock
    W5                   IBUF (Prop_ibuf_I_O)         1.458     1.458 r  system_clock_IBUF_inst/O
                         net (fo=1, routed)           1.967     3.425    system_clock_IBUF
    BUFGCTRL_X0Y0        BUFG (Prop_bufg_I_O)         0.096     3.521 r  system_clock_IBUF_BUFG_inst/O
                         net (fo=33, routed)          1.623     5.144    my_I2C_BH1750/CLK
    SLICE_X4Y95          FDRE                                         r  my_I2C_BH1750/count_2_reg[28]/C
  -------------------------------------------------------------------    -------------------
    SLICE_X4Y95          FDRE (Prop_fdre_C_Q)         0.456     5.600 f  my_I2C_BH1750/count_2_reg[28]/Q
                         net (fo=2, routed)           1.109     6.709    my_I2C_BH1750/count_2[28]
    SLICE_X5Y95          LUT6 (Prop_lut6_I0_O)        0.124     6.833 r  my_I2C_BH1750/count_2[31]_i_7/O
                         net (fo=1, routed)           0.941     7.774    my_I2C_BH1750/count_2[31]_i_7_n_0
    SLICE_X5Y92          LUT6 (Prop_lut6_I5_O)        0.124     7.898 r  my_I2C_BH1750/count_2[31]_i_1/O
                         net (fo=33, routed)          0.747     8.646    my_I2C_BH1750/i2c_sclk_local_200khz
    SLICE_X4Y94          FDRE                                         r  my_I2C_BH1750/count_2_reg[23]/R
  -------------------------------------------------------------------    -------------------

                         (clock sys_clk_pin rise edge)
                                                     10.000    10.000 r  
    W5                                                0.000    10.000 r  system_clock (IN)
                         net (fo=0)                   0.000    10.000    system_clock
    W5                   IBUF (Prop_ibuf_I_O)         1.388    11.388 r  system_clock_IBUF_inst/O
                         net (fo=1, routed)           1.862    13.250    system_clock_IBUF
    BUFGCTRL_X0Y0        BUFG (Prop_bufg_I_O)         0.091    13.341 r  system_clock_IBUF_BUFG_inst/O
                         net (fo=33, routed)          1.507    14.848    my_I2C_BH1750/CLK
    SLICE_X4Y94          FDRE                                         r  my_I2C_BH1750/count_2_reg[23]/C
                         clock pessimism              0.271    15.119    
                         clock uncertainty           -0.035    15.084    
    SLICE_X4Y94          FDRE (Setup_fdre_C_R)       -0.429    14.655    my_I2C_BH1750/count_2_reg[23]
  -------------------------------------------------------------------
                         required time                         14.655    
                         arrival time                          -8.646    
  -------------------------------------------------------------------
                         slack                                  6.009    





Min Delay Paths
--------------------------------------------------------------------------------------
Slack (MET) :             0.280ns  (arrival time - required time)
  Source:                 my_I2C_BH1750/count_2_reg[11]/C
                            (rising edge-triggered cell FDRE clocked by sys_clk_pin  {rise@0.000ns fall@5.000ns period=10.000ns})
  Destination:            my_I2C_BH1750/count_2_reg[11]/D
                            (rising edge-triggered cell FDRE clocked by sys_clk_pin  {rise@0.000ns fall@5.000ns period=10.000ns})
  Path Group:             sys_clk_pin
  Path Type:              Hold (Min at Fast Process Corner)
  Requirement:            0.000ns  (sys_clk_pin rise@0.000ns - sys_clk_pin rise@0.000ns)
  Data Path Delay:        0.385ns  (logic 0.252ns (65.529%)  route 0.133ns (34.471%))
  Logic Levels:           1  (CARRY4=1)
  Clock Path Skew:        0.000ns (DCD - SCD - CPR)
    Destination Clock Delay (DCD):    1.988ns
    Source Clock Delay      (SCD):    1.473ns
    Clock Pessimism Removal (CPR):    0.515ns

    Location             Delay type                Incr(ns)  Path(ns)    Netlist Resource(s)
  -------------------------------------------------------------------    -------------------
                         (clock sys_clk_pin rise edge)
                                                      0.000     0.000 r  
    W5                                                0.000     0.000 r  system_clock (IN)
                         net (fo=0)                   0.000     0.000    system_clock
    W5                   IBUF (Prop_ibuf_I_O)         0.226     0.226 r  system_clock_IBUF_inst/O
                         net (fo=1, routed)           0.631     0.858    system_clock_IBUF
    BUFGCTRL_X0Y0        BUFG (Prop_bufg_I_O)         0.026     0.884 r  system_clock_IBUF_BUFG_inst/O
                         net (fo=33, routed)          0.590     1.473    my_I2C_BH1750/CLK
    SLICE_X4Y91          FDRE                                         r  my_I2C_BH1750/count_2_reg[11]/C
  -------------------------------------------------------------------    -------------------
    SLICE_X4Y91          FDRE (Prop_fdre_C_Q)         0.141     1.614 r  my_I2C_BH1750/count_2_reg[11]/Q
                         net (fo=2, routed)           0.133     1.747    my_I2C_BH1750/count_2[11]
    SLICE_X4Y91          CARRY4 (Prop_carry4_S[2]_O[2])
                                                      0.111     1.858 r  my_I2C_BH1750/count_20_carry__1/O[2]
                         net (fo=1, routed)           0.000     1.858    my_I2C_BH1750/p_1_in[11]
    SLICE_X4Y91          FDRE                                         r  my_I2C_BH1750/count_2_reg[11]/D
  -------------------------------------------------------------------    -------------------

                         (clock sys_clk_pin rise edge)
                                                      0.000     0.000 r  
    W5                                                0.000     0.000 r  system_clock (IN)
                         net (fo=0)                   0.000     0.000    system_clock
    W5                   IBUF (Prop_ibuf_I_O)         0.414     0.414 r  system_clock_IBUF_inst/O
                         net (fo=1, routed)           0.685     1.099    system_clock_IBUF
    BUFGCTRL_X0Y0        BUFG (Prop_bufg_I_O)         0.029     1.128 r  system_clock_IBUF_BUFG_inst/O
                         net (fo=33, routed)          0.860     1.988    my_I2C_BH1750/CLK
    SLICE_X4Y91          FDRE                                         r  my_I2C_BH1750/count_2_reg[11]/C
                         clock pessimism             -0.515     1.473    
    SLICE_X4Y91          FDRE (Hold_fdre_C_D)         0.105     1.578    my_I2C_BH1750/count_2_reg[11]
  -------------------------------------------------------------------
                         required time                         -1.578    
                         arrival time                           1.858    
  -------------------------------------------------------------------
                         slack                                  0.280    

Slack (MET) :             0.280ns  (arrival time - required time)
  Source:                 my_I2C_BH1750/count_2_reg[15]/C
                            (rising edge-triggered cell FDRE clocked by sys_clk_pin  {rise@0.000ns fall@5.000ns period=10.000ns})
  Destination:            my_I2C_BH1750/count_2_reg[15]/D
                            (rising edge-triggered cell FDRE clocked by sys_clk_pin  {rise@0.000ns fall@5.000ns period=10.000ns})
  Path Group:             sys_clk_pin
  Path Type:              Hold (Min at Fast Process Corner)
  Requirement:            0.000ns  (sys_clk_pin rise@0.000ns - sys_clk_pin rise@0.000ns)
  Data Path Delay:        0.385ns  (logic 0.252ns (65.529%)  route 0.133ns (34.471%))
  Logic Levels:           1  (CARRY4=1)
  Clock Path Skew:        0.000ns (DCD - SCD - CPR)
    Destination Clock Delay (DCD):    1.988ns
    Source Clock Delay      (SCD):    1.473ns
    Clock Pessimism Removal (CPR):    0.515ns

    Location             Delay type                Incr(ns)  Path(ns)    Netlist Resource(s)
  -------------------------------------------------------------------    -------------------
                         (clock sys_clk_pin rise edge)
                                                      0.000     0.000 r  
    W5                                                0.000     0.000 r  system_clock (IN)
                         net (fo=0)                   0.000     0.000    system_clock
    W5                   IBUF (Prop_ibuf_I_O)         0.226     0.226 r  system_clock_IBUF_inst/O
                         net (fo=1, routed)           0.631     0.858    system_clock_IBUF
    BUFGCTRL_X0Y0        BUFG (Prop_bufg_I_O)         0.026     0.884 r  system_clock_IBUF_BUFG_inst/O
                         net (fo=33, routed)          0.590     1.473    my_I2C_BH1750/CLK
    SLICE_X4Y92          FDRE                                         r  my_I2C_BH1750/count_2_reg[15]/C
  -------------------------------------------------------------------    -------------------
    SLICE_X4Y92          FDRE (Prop_fdre_C_Q)         0.141     1.614 r  my_I2C_BH1750/count_2_reg[15]/Q
                         net (fo=2, routed)           0.133     1.747    my_I2C_BH1750/count_2[15]
    SLICE_X4Y92          CARRY4 (Prop_carry4_S[2]_O[2])
                                                      0.111     1.858 r  my_I2C_BH1750/count_20_carry__2/O[2]
                         net (fo=1, routed)           0.000     1.858    my_I2C_BH1750/p_1_in[15]
    SLICE_X4Y92          FDRE                                         r  my_I2C_BH1750/count_2_reg[15]/D
  -------------------------------------------------------------------    -------------------

                         (clock sys_clk_pin rise edge)
                                                      0.000     0.000 r  
    W5                                                0.000     0.000 r  system_clock (IN)
                         net (fo=0)                   0.000     0.000    system_clock
    W5                   IBUF (Prop_ibuf_I_O)         0.414     0.414 r  system_clock_IBUF_inst/O
                         net (fo=1, routed)           0.685     1.099    system_clock_IBUF
    BUFGCTRL_X0Y0        BUFG (Prop_bufg_I_O)         0.029     1.128 r  system_clock_IBUF_BUFG_inst/O
                         net (fo=33, routed)          0.860     1.988    my_I2C_BH1750/CLK
    SLICE_X4Y92          FDRE                                         r  my_I2C_BH1750/count_2_reg[15]/C
                         clock pessimism             -0.515     1.473    
    SLICE_X4Y92          FDRE (Hold_fdre_C_D)         0.105     1.578    my_I2C_BH1750/count_2_reg[15]
  -------------------------------------------------------------------
                         required time                         -1.578    
                         arrival time                           1.858    
  -------------------------------------------------------------------
                         slack                                  0.280    

Slack (MET) :             0.280ns  (arrival time - required time)
  Source:                 my_I2C_BH1750/count_2_reg[7]/C
                            (rising edge-triggered cell FDRE clocked by sys_clk_pin  {rise@0.000ns fall@5.000ns period=10.000ns})
  Destination:            my_I2C_BH1750/count_2_reg[7]/D
                            (rising edge-triggered cell FDRE clocked by sys_clk_pin  {rise@0.000ns fall@5.000ns period=10.000ns})
  Path Group:             sys_clk_pin
  Path Type:              Hold (Min at Fast Process Corner)
  Requirement:            0.000ns  (sys_clk_pin rise@0.000ns - sys_clk_pin rise@0.000ns)
  Data Path Delay:        0.385ns  (logic 0.252ns (65.529%)  route 0.133ns (34.471%))
  Logic Levels:           1  (CARRY4=1)
  Clock Path Skew:        0.000ns (DCD - SCD - CPR)
    Destination Clock Delay (DCD):    1.988ns
    Source Clock Delay      (SCD):    1.473ns
    Clock Pessimism Removal (CPR):    0.515ns

    Location             Delay type                Incr(ns)  Path(ns)    Netlist Resource(s)
  -------------------------------------------------------------------    -------------------
                         (clock sys_clk_pin rise edge)
                                                      0.000     0.000 r  
    W5                                                0.000     0.000 r  system_clock (IN)
                         net (fo=0)                   0.000     0.000    system_clock
    W5                   IBUF (Prop_ibuf_I_O)         0.226     0.226 r  system_clock_IBUF_inst/O
                         net (fo=1, routed)           0.631     0.858    system_clock_IBUF
    BUFGCTRL_X0Y0        BUFG (Prop_bufg_I_O)         0.026     0.884 r  system_clock_IBUF_BUFG_inst/O
                         net (fo=33, routed)          0.590     1.473    my_I2C_BH1750/CLK
    SLICE_X4Y90          FDRE                                         r  my_I2C_BH1750/count_2_reg[7]/C
  -------------------------------------------------------------------    -------------------
    SLICE_X4Y90          FDRE (Prop_fdre_C_Q)         0.141     1.614 r  my_I2C_BH1750/count_2_reg[7]/Q
                         net (fo=2, routed)           0.133     1.747    my_I2C_BH1750/count_2[7]
    SLICE_X4Y90          CARRY4 (Prop_carry4_S[2]_O[2])
                                                      0.111     1.858 r  my_I2C_BH1750/count_20_carry__0/O[2]
                         net (fo=1, routed)           0.000     1.858    my_I2C_BH1750/p_1_in[7]
    SLICE_X4Y90          FDRE                                         r  my_I2C_BH1750/count_2_reg[7]/D
  -------------------------------------------------------------------    -------------------

                         (clock sys_clk_pin rise edge)
                                                      0.000     0.000 r  
    W5                                                0.000     0.000 r  system_clock (IN)
                         net (fo=0)                   0.000     0.000    system_clock
    W5                   IBUF (Prop_ibuf_I_O)         0.414     0.414 r  system_clock_IBUF_inst/O
                         net (fo=1, routed)           0.685     1.099    system_clock_IBUF
    BUFGCTRL_X0Y0        BUFG (Prop_bufg_I_O)         0.029     1.128 r  system_clock_IBUF_BUFG_inst/O
                         net (fo=33, routed)          0.860     1.988    my_I2C_BH1750/CLK
    SLICE_X4Y90          FDRE                                         r  my_I2C_BH1750/count_2_reg[7]/C
                         clock pessimism             -0.515     1.473    
    SLICE_X4Y90          FDRE (Hold_fdre_C_D)         0.105     1.578    my_I2C_BH1750/count_2_reg[7]
  -------------------------------------------------------------------
                         required time                         -1.578    
                         arrival time                           1.858    
  -------------------------------------------------------------------
                         slack                                  0.280    

Slack (MET) :             0.280ns  (arrival time - required time)
  Source:                 my_I2C_BH1750/count_2_reg[23]/C
                            (rising edge-triggered cell FDRE clocked by sys_clk_pin  {rise@0.000ns fall@5.000ns period=10.000ns})
  Destination:            my_I2C_BH1750/count_2_reg[23]/D
                            (rising edge-triggered cell FDRE clocked by sys_clk_pin  {rise@0.000ns fall@5.000ns period=10.000ns})
  Path Group:             sys_clk_pin
  Path Type:              Hold (Min at Fast Process Corner)
  Requirement:            0.000ns  (sys_clk_pin rise@0.000ns - sys_clk_pin rise@0.000ns)
  Data Path Delay:        0.385ns  (logic 0.252ns (65.529%)  route 0.133ns (34.471%))
  Logic Levels:           1  (CARRY4=1)
  Clock Path Skew:        0.000ns (DCD - SCD - CPR)
    Destination Clock Delay (DCD):    1.989ns
    Source Clock Delay      (SCD):    1.474ns
    Clock Pessimism Removal (CPR):    0.515ns

    Location             Delay type                Incr(ns)  Path(ns)    Netlist Resource(s)
  -------------------------------------------------------------------    -------------------
                         (clock sys_clk_pin rise edge)
                                                      0.000     0.000 r  
    W5                                                0.000     0.000 r  system_clock (IN)
                         net (fo=0)                   0.000     0.000    system_clock
    W5                   IBUF (Prop_ibuf_I_O)         0.226     0.226 r  system_clock_IBUF_inst/O
                         net (fo=1, routed)           0.631     0.858    system_clock_IBUF
    BUFGCTRL_X0Y0        BUFG (Prop_bufg_I_O)         0.026     0.884 r  system_clock_IBUF_BUFG_inst/O
                         net (fo=33, routed)          0.591     1.474    my_I2C_BH1750/CLK
    SLICE_X4Y94          FDRE                                         r  my_I2C_BH1750/count_2_reg[23]/C
  -------------------------------------------------------------------    -------------------
    SLICE_X4Y94          FDRE (Prop_fdre_C_Q)         0.141     1.615 r  my_I2C_BH1750/count_2_reg[23]/Q
                         net (fo=2, routed)           0.133     1.748    my_I2C_BH1750/count_2[23]
    SLICE_X4Y94          CARRY4 (Prop_carry4_S[2]_O[2])
                                                      0.111     1.859 r  my_I2C_BH1750/count_20_carry__4/O[2]
                         net (fo=1, routed)           0.000     1.859    my_I2C_BH1750/p_1_in[23]
    SLICE_X4Y94          FDRE                                         r  my_I2C_BH1750/count_2_reg[23]/D
  -------------------------------------------------------------------    -------------------

                         (clock sys_clk_pin rise edge)
                                                      0.000     0.000 r  
    W5                                                0.000     0.000 r  system_clock (IN)
                         net (fo=0)                   0.000     0.000    system_clock
    W5                   IBUF (Prop_ibuf_I_O)         0.414     0.414 r  system_clock_IBUF_inst/O
                         net (fo=1, routed)           0.685     1.099    system_clock_IBUF
    BUFGCTRL_X0Y0        BUFG (Prop_bufg_I_O)         0.029     1.128 r  system_clock_IBUF_BUFG_inst/O
                         net (fo=33, routed)          0.861     1.989    my_I2C_BH1750/CLK
    SLICE_X4Y94          FDRE                                         r  my_I2C_BH1750/count_2_reg[23]/C
                         clock pessimism             -0.515     1.474    
    SLICE_X4Y94          FDRE (Hold_fdre_C_D)         0.105     1.579    my_I2C_BH1750/count_2_reg[23]
  -------------------------------------------------------------------
                         required time                         -1.579    
                         arrival time                           1.859    
  -------------------------------------------------------------------
                         slack                                  0.280    

Slack (MET) :             0.280ns  (arrival time - required time)
  Source:                 my_I2C_BH1750/count_2_reg[27]/C
                            (rising edge-triggered cell FDRE clocked by sys_clk_pin  {rise@0.000ns fall@5.000ns period=10.000ns})
  Destination:            my_I2C_BH1750/count_2_reg[27]/D
                            (rising edge-triggered cell FDRE clocked by sys_clk_pin  {rise@0.000ns fall@5.000ns period=10.000ns})
  Path Group:             sys_clk_pin
  Path Type:              Hold (Min at Fast Process Corner)
  Requirement:            0.000ns  (sys_clk_pin rise@0.000ns - sys_clk_pin rise@0.000ns)
  Data Path Delay:        0.385ns  (logic 0.252ns (65.529%)  route 0.133ns (34.471%))
  Logic Levels:           1  (CARRY4=1)
  Clock Path Skew:        0.000ns (DCD - SCD - CPR)
    Destination Clock Delay (DCD):    1.989ns
    Source Clock Delay      (SCD):    1.474ns
    Clock Pessimism Removal (CPR):    0.515ns

    Location             Delay type                Incr(ns)  Path(ns)    Netlist Resource(s)
  -------------------------------------------------------------------    -------------------
                         (clock sys_clk_pin rise edge)
                                                      0.000     0.000 r  
    W5                                                0.000     0.000 r  system_clock (IN)
                         net (fo=0)                   0.000     0.000    system_clock
    W5                   IBUF (Prop_ibuf_I_O)         0.226     0.226 r  system_clock_IBUF_inst/O
                         net (fo=1, routed)           0.631     0.858    system_clock_IBUF
    BUFGCTRL_X0Y0        BUFG (Prop_bufg_I_O)         0.026     0.884 r  system_clock_IBUF_BUFG_inst/O
                         net (fo=33, routed)          0.591     1.474    my_I2C_BH1750/CLK
    SLICE_X4Y95          FDRE                                         r  my_I2C_BH1750/count_2_reg[27]/C
  -------------------------------------------------------------------    -------------------
    SLICE_X4Y95          FDRE (Prop_fdre_C_Q)         0.141     1.615 r  my_I2C_BH1750/count_2_reg[27]/Q
                         net (fo=2, routed)           0.133     1.748    my_I2C_BH1750/count_2[27]
    SLICE_X4Y95          CARRY4 (Prop_carry4_S[2]_O[2])
                                                      0.111     1.859 r  my_I2C_BH1750/count_20_carry__5/O[2]
                         net (fo=1, routed)           0.000     1.859    my_I2C_BH1750/p_1_in[27]
    SLICE_X4Y95          FDRE                                         r  my_I2C_BH1750/count_2_reg[27]/D
  -------------------------------------------------------------------    -------------------

                         (clock sys_clk_pin rise edge)
                                                      0.000     0.000 r  
    W5                                                0.000     0.000 r  system_clock (IN)
                         net (fo=0)                   0.000     0.000    system_clock
    W5                   IBUF (Prop_ibuf_I_O)         0.414     0.414 r  system_clock_IBUF_inst/O
                         net (fo=1, routed)           0.685     1.099    system_clock_IBUF
    BUFGCTRL_X0Y0        BUFG (Prop_bufg_I_O)         0.029     1.128 r  system_clock_IBUF_BUFG_inst/O
                         net (fo=33, routed)          0.861     1.989    my_I2C_BH1750/CLK
    SLICE_X4Y95          FDRE                                         r  my_I2C_BH1750/count_2_reg[27]/C
                         clock pessimism             -0.515     1.474    
    SLICE_X4Y95          FDRE (Hold_fdre_C_D)         0.105     1.579    my_I2C_BH1750/count_2_reg[27]
  -------------------------------------------------------------------
                         required time                         -1.579    
                         arrival time                           1.859    
  -------------------------------------------------------------------
                         slack                                  0.280    

Slack (MET) :             0.281ns  (arrival time - required time)
  Source:                 my_I2C_BH1750/count_2_reg[19]/C
                            (rising edge-triggered cell FDRE clocked by sys_clk_pin  {rise@0.000ns fall@5.000ns period=10.000ns})
  Destination:            my_I2C_BH1750/count_2_reg[19]/D
                            (rising edge-triggered cell FDRE clocked by sys_clk_pin  {rise@0.000ns fall@5.000ns period=10.000ns})
  Path Group:             sys_clk_pin
  Path Type:              Hold (Min at Fast Process Corner)
  Requirement:            0.000ns  (sys_clk_pin rise@0.000ns - sys_clk_pin rise@0.000ns)
  Data Path Delay:        0.386ns  (logic 0.252ns (65.354%)  route 0.134ns (34.646%))
  Logic Levels:           1  (CARRY4=1)
  Clock Path Skew:        0.000ns (DCD - SCD - CPR)
    Destination Clock Delay (DCD):    1.989ns
    Source Clock Delay      (SCD):    1.474ns
    Clock Pessimism Removal (CPR):    0.515ns

    Location             Delay type                Incr(ns)  Path(ns)    Netlist Resource(s)
  -------------------------------------------------------------------    -------------------
                         (clock sys_clk_pin rise edge)
                                                      0.000     0.000 r  
    W5                                                0.000     0.000 r  system_clock (IN)
                         net (fo=0)                   0.000     0.000    system_clock
    W5                   IBUF (Prop_ibuf_I_O)         0.226     0.226 r  system_clock_IBUF_inst/O
                         net (fo=1, routed)           0.631     0.858    system_clock_IBUF
    BUFGCTRL_X0Y0        BUFG (Prop_bufg_I_O)         0.026     0.884 r  system_clock_IBUF_BUFG_inst/O
                         net (fo=33, routed)          0.591     1.474    my_I2C_BH1750/CLK
    SLICE_X4Y93          FDRE                                         r  my_I2C_BH1750/count_2_reg[19]/C
  -------------------------------------------------------------------    -------------------
    SLICE_X4Y93          FDRE (Prop_fdre_C_Q)         0.141     1.615 r  my_I2C_BH1750/count_2_reg[19]/Q
                         net (fo=2, routed)           0.134     1.749    my_I2C_BH1750/count_2[19]
    SLICE_X4Y93          CARRY4 (Prop_carry4_S[2]_O[2])
                                                      0.111     1.860 r  my_I2C_BH1750/count_20_carry__3/O[2]
                         net (fo=1, routed)           0.000     1.860    my_I2C_BH1750/p_1_in[19]
    SLICE_X4Y93          FDRE                                         r  my_I2C_BH1750/count_2_reg[19]/D
  -------------------------------------------------------------------    -------------------

                         (clock sys_clk_pin rise edge)
                                                      0.000     0.000 r  
    W5                                                0.000     0.000 r  system_clock (IN)
                         net (fo=0)                   0.000     0.000    system_clock
    W5                   IBUF (Prop_ibuf_I_O)         0.414     0.414 r  system_clock_IBUF_inst/O
                         net (fo=1, routed)           0.685     1.099    system_clock_IBUF
    BUFGCTRL_X0Y0        BUFG (Prop_bufg_I_O)         0.029     1.128 r  system_clock_IBUF_BUFG_inst/O
                         net (fo=33, routed)          0.861     1.989    my_I2C_BH1750/CLK
    SLICE_X4Y93          FDRE                                         r  my_I2C_BH1750/count_2_reg[19]/C
                         clock pessimism             -0.515     1.474    
    SLICE_X4Y93          FDRE (Hold_fdre_C_D)         0.105     1.579    my_I2C_BH1750/count_2_reg[19]
  -------------------------------------------------------------------
                         required time                         -1.579    
                         arrival time                           1.860    
  -------------------------------------------------------------------
                         slack                                  0.281    

Slack (MET) :             0.281ns  (arrival time - required time)
  Source:                 my_I2C_BH1750/count_2_reg[31]/C
                            (rising edge-triggered cell FDRE clocked by sys_clk_pin  {rise@0.000ns fall@5.000ns period=10.000ns})
  Destination:            my_I2C_BH1750/count_2_reg[31]/D
                            (rising edge-triggered cell FDRE clocked by sys_clk_pin  {rise@0.000ns fall@5.000ns period=10.000ns})
  Path Group:             sys_clk_pin
  Path Type:              Hold (Min at Fast Process Corner)
  Requirement:            0.000ns  (sys_clk_pin rise@0.000ns - sys_clk_pin rise@0.000ns)
  Data Path Delay:        0.386ns  (logic 0.252ns (65.354%)  route 0.134ns (34.646%))
  Logic Levels:           1  (CARRY4=1)
  Clock Path Skew:        0.000ns (DCD - SCD - CPR)
    Destination Clock Delay (DCD):    1.989ns
    Source Clock Delay      (SCD):    1.474ns
    Clock Pessimism Removal (CPR):    0.515ns

    Location             Delay type                Incr(ns)  Path(ns)    Netlist Resource(s)
  -------------------------------------------------------------------    -------------------
                         (clock sys_clk_pin rise edge)
                                                      0.000     0.000 r  
    W5                                                0.000     0.000 r  system_clock (IN)
                         net (fo=0)                   0.000     0.000    system_clock
    W5                   IBUF (Prop_ibuf_I_O)         0.226     0.226 r  system_clock_IBUF_inst/O
                         net (fo=1, routed)           0.631     0.858    system_clock_IBUF
    BUFGCTRL_X0Y0        BUFG (Prop_bufg_I_O)         0.026     0.884 r  system_clock_IBUF_BUFG_inst/O
                         net (fo=33, routed)          0.591     1.474    my_I2C_BH1750/CLK
    SLICE_X4Y96          FDRE                                         r  my_I2C_BH1750/count_2_reg[31]/C
  -------------------------------------------------------------------    -------------------
    SLICE_X4Y96          FDRE (Prop_fdre_C_Q)         0.141     1.615 r  my_I2C_BH1750/count_2_reg[31]/Q
                         net (fo=2, routed)           0.134     1.749    my_I2C_BH1750/count_2[31]
    SLICE_X4Y96          CARRY4 (Prop_carry4_S[2]_O[2])
                                                      0.111     1.860 r  my_I2C_BH1750/count_20_carry__6/O[2]
                         net (fo=1, routed)           0.000     1.860    my_I2C_BH1750/p_1_in[31]
    SLICE_X4Y96          FDRE                                         r  my_I2C_BH1750/count_2_reg[31]/D
  -------------------------------------------------------------------    -------------------

                         (clock sys_clk_pin rise edge)
                                                      0.000     0.000 r  
    W5                                                0.000     0.000 r  system_clock (IN)
                         net (fo=0)                   0.000     0.000    system_clock
    W5                   IBUF (Prop_ibuf_I_O)         0.414     0.414 r  system_clock_IBUF_inst/O
                         net (fo=1, routed)           0.685     1.099    system_clock_IBUF
    BUFGCTRL_X0Y0        BUFG (Prop_bufg_I_O)         0.029     1.128 r  system_clock_IBUF_BUFG_inst/O
                         net (fo=33, routed)          0.861     1.989    my_I2C_BH1750/CLK
    SLICE_X4Y96          FDRE                                         r  my_I2C_BH1750/count_2_reg[31]/C
                         clock pessimism             -0.515     1.474    
    SLICE_X4Y96          FDRE (Hold_fdre_C_D)         0.105     1.579    my_I2C_BH1750/count_2_reg[31]
  -------------------------------------------------------------------
                         required time                         -1.579    
                         arrival time                           1.860    
  -------------------------------------------------------------------
                         slack                                  0.281    

Slack (MET) :             0.313ns  (arrival time - required time)
  Source:                 my_I2C_BH1750/count_2_reg[11]/C
                            (rising edge-triggered cell FDRE clocked by sys_clk_pin  {rise@0.000ns fall@5.000ns period=10.000ns})
  Destination:            my_I2C_BH1750/count_2_reg[12]/D
                            (rising edge-triggered cell FDRE clocked by sys_clk_pin  {rise@0.000ns fall@5.000ns period=10.000ns})
  Path Group:             sys_clk_pin
  Path Type:              Hold (Min at Fast Process Corner)
  Requirement:            0.000ns  (sys_clk_pin rise@0.000ns - sys_clk_pin rise@0.000ns)
  Data Path Delay:        0.418ns  (logic 0.285ns (68.253%)  route 0.133ns (31.747%))
  Logic Levels:           1  (CARRY4=1)
  Clock Path Skew:        0.000ns (DCD - SCD - CPR)
    Destination Clock Delay (DCD):    1.988ns
    Source Clock Delay      (SCD):    1.473ns
    Clock Pessimism Removal (CPR):    0.515ns

    Location             Delay type                Incr(ns)  Path(ns)    Netlist Resource(s)
  -------------------------------------------------------------------    -------------------
                         (clock sys_clk_pin rise edge)
                                                      0.000     0.000 r  
    W5                                                0.000     0.000 r  system_clock (IN)
                         net (fo=0)                   0.000     0.000    system_clock
    W5                   IBUF (Prop_ibuf_I_O)         0.226     0.226 r  system_clock_IBUF_inst/O
                         net (fo=1, routed)           0.631     0.858    system_clock_IBUF
    BUFGCTRL_X0Y0        BUFG (Prop_bufg_I_O)         0.026     0.884 r  system_clock_IBUF_BUFG_inst/O
                         net (fo=33, routed)          0.590     1.473    my_I2C_BH1750/CLK
    SLICE_X4Y91          FDRE                                         r  my_I2C_BH1750/count_2_reg[11]/C
  -------------------------------------------------------------------    -------------------
    SLICE_X4Y91          FDRE (Prop_fdre_C_Q)         0.141     1.614 r  my_I2C_BH1750/count_2_reg[11]/Q
                         net (fo=2, routed)           0.133     1.747    my_I2C_BH1750/count_2[11]
    SLICE_X4Y91          CARRY4 (Prop_carry4_S[2]_O[3])
                                                      0.144     1.891 r  my_I2C_BH1750/count_20_carry__1/O[3]
                         net (fo=1, routed)           0.000     1.891    my_I2C_BH1750/p_1_in[12]
    SLICE_X4Y91          FDRE                                         r  my_I2C_BH1750/count_2_reg[12]/D
  -------------------------------------------------------------------    -------------------

                         (clock sys_clk_pin rise edge)
                                                      0.000     0.000 r  
    W5                                                0.000     0.000 r  system_clock (IN)
                         net (fo=0)                   0.000     0.000    system_clock
    W5                   IBUF (Prop_ibuf_I_O)         0.414     0.414 r  system_clock_IBUF_inst/O
                         net (fo=1, routed)           0.685     1.099    system_clock_IBUF
    BUFGCTRL_X0Y0        BUFG (Prop_bufg_I_O)         0.029     1.128 r  system_clock_IBUF_BUFG_inst/O
                         net (fo=33, routed)          0.860     1.988    my_I2C_BH1750/CLK
    SLICE_X4Y91          FDRE                                         r  my_I2C_BH1750/count_2_reg[12]/C
                         clock pessimism             -0.515     1.473    
    SLICE_X4Y91          FDRE (Hold_fdre_C_D)         0.105     1.578    my_I2C_BH1750/count_2_reg[12]
  -------------------------------------------------------------------
                         required time                         -1.578    
                         arrival time                           1.891    
  -------------------------------------------------------------------
                         slack                                  0.313    

Slack (MET) :             0.313ns  (arrival time - required time)
  Source:                 my_I2C_BH1750/count_2_reg[15]/C
                            (rising edge-triggered cell FDRE clocked by sys_clk_pin  {rise@0.000ns fall@5.000ns period=10.000ns})
  Destination:            my_I2C_BH1750/count_2_reg[16]/D
                            (rising edge-triggered cell FDRE clocked by sys_clk_pin  {rise@0.000ns fall@5.000ns period=10.000ns})
  Path Group:             sys_clk_pin
  Path Type:              Hold (Min at Fast Process Corner)
  Requirement:            0.000ns  (sys_clk_pin rise@0.000ns - sys_clk_pin rise@0.000ns)
  Data Path Delay:        0.418ns  (logic 0.285ns (68.253%)  route 0.133ns (31.747%))
  Logic Levels:           1  (CARRY4=1)
  Clock Path Skew:        0.000ns (DCD - SCD - CPR)
    Destination Clock Delay (DCD):    1.988ns
    Source Clock Delay      (SCD):    1.473ns
    Clock Pessimism Removal (CPR):    0.515ns

    Location             Delay type                Incr(ns)  Path(ns)    Netlist Resource(s)
  -------------------------------------------------------------------    -------------------
                         (clock sys_clk_pin rise edge)
                                                      0.000     0.000 r  
    W5                                                0.000     0.000 r  system_clock (IN)
                         net (fo=0)                   0.000     0.000    system_clock
    W5                   IBUF (Prop_ibuf_I_O)         0.226     0.226 r  system_clock_IBUF_inst/O
                         net (fo=1, routed)           0.631     0.858    system_clock_IBUF
    BUFGCTRL_X0Y0        BUFG (Prop_bufg_I_O)         0.026     0.884 r  system_clock_IBUF_BUFG_inst/O
                         net (fo=33, routed)          0.590     1.473    my_I2C_BH1750/CLK
    SLICE_X4Y92          FDRE                                         r  my_I2C_BH1750/count_2_reg[15]/C
  -------------------------------------------------------------------    -------------------
    SLICE_X4Y92          FDRE (Prop_fdre_C_Q)         0.141     1.614 r  my_I2C_BH1750/count_2_reg[15]/Q
                         net (fo=2, routed)           0.133     1.747    my_I2C_BH1750/count_2[15]
    SLICE_X4Y92          CARRY4 (Prop_carry4_S[2]_O[3])
                                                      0.144     1.891 r  my_I2C_BH1750/count_20_carry__2/O[3]
                         net (fo=1, routed)           0.000     1.891    my_I2C_BH1750/p_1_in[16]
    SLICE_X4Y92          FDRE                                         r  my_I2C_BH1750/count_2_reg[16]/D
  -------------------------------------------------------------------    -------------------

                         (clock sys_clk_pin rise edge)
                                                      0.000     0.000 r  
    W5                                                0.000     0.000 r  system_clock (IN)
                         net (fo=0)                   0.000     0.000    system_clock
    W5                   IBUF (Prop_ibuf_I_O)         0.414     0.414 r  system_clock_IBUF_inst/O
                         net (fo=1, routed)           0.685     1.099    system_clock_IBUF
    BUFGCTRL_X0Y0        BUFG (Prop_bufg_I_O)         0.029     1.128 r  system_clock_IBUF_BUFG_inst/O
                         net (fo=33, routed)          0.860     1.988    my_I2C_BH1750/CLK
    SLICE_X4Y92          FDRE                                         r  my_I2C_BH1750/count_2_reg[16]/C
                         clock pessimism             -0.515     1.473    
    SLICE_X4Y92          FDRE (Hold_fdre_C_D)         0.105     1.578    my_I2C_BH1750/count_2_reg[16]
  -------------------------------------------------------------------
                         required time                         -1.578    
                         arrival time                           1.891    
  -------------------------------------------------------------------
                         slack                                  0.313    

Slack (MET) :             0.313ns  (arrival time - required time)
  Source:                 my_I2C_BH1750/count_2_reg[7]/C
                            (rising edge-triggered cell FDRE clocked by sys_clk_pin  {rise@0.000ns fall@5.000ns period=10.000ns})
  Destination:            my_I2C_BH1750/count_2_reg[8]/D
                            (rising edge-triggered cell FDRE clocked by sys_clk_pin  {rise@0.000ns fall@5.000ns period=10.000ns})
  Path Group:             sys_clk_pin
  Path Type:              Hold (Min at Fast Process Corner)
  Requirement:            0.000ns  (sys_clk_pin rise@0.000ns - sys_clk_pin rise@0.000ns)
  Data Path Delay:        0.418ns  (logic 0.285ns (68.253%)  route 0.133ns (31.747%))
  Logic Levels:           1  (CARRY4=1)
  Clock Path Skew:        0.000ns (DCD - SCD - CPR)
    Destination Clock Delay (DCD):    1.988ns
    Source Clock Delay      (SCD):    1.473ns
    Clock Pessimism Removal (CPR):    0.515ns

    Location             Delay type                Incr(ns)  Path(ns)    Netlist Resource(s)
  -------------------------------------------------------------------    -------------------
                         (clock sys_clk_pin rise edge)
                                                      0.000     0.000 r  
    W5                                                0.000     0.000 r  system_clock (IN)
                         net (fo=0)                   0.000     0.000    system_clock
    W5                   IBUF (Prop_ibuf_I_O)         0.226     0.226 r  system_clock_IBUF_inst/O
                         net (fo=1, routed)           0.631     0.858    system_clock_IBUF
    BUFGCTRL_X0Y0        BUFG (Prop_bufg_I_O)         0.026     0.884 r  system_clock_IBUF_BUFG_inst/O
                         net (fo=33, routed)          0.590     1.473    my_I2C_BH1750/CLK
    SLICE_X4Y90          FDRE                                         r  my_I2C_BH1750/count_2_reg[7]/C
  -------------------------------------------------------------------    -------------------
    SLICE_X4Y90          FDRE (Prop_fdre_C_Q)         0.141     1.614 r  my_I2C_BH1750/count_2_reg[7]/Q
                         net (fo=2, routed)           0.133     1.747    my_I2C_BH1750/count_2[7]
    SLICE_X4Y90          CARRY4 (Prop_carry4_S[2]_O[3])
                                                      0.144     1.891 r  my_I2C_BH1750/count_20_carry__0/O[3]
                         net (fo=1, routed)           0.000     1.891    my_I2C_BH1750/p_1_in[8]
    SLICE_X4Y90          FDRE                                         r  my_I2C_BH1750/count_2_reg[8]/D
  -------------------------------------------------------------------    -------------------

                         (clock sys_clk_pin rise edge)
                                                      0.000     0.000 r  
    W5                                                0.000     0.000 r  system_clock (IN)
                         net (fo=0)                   0.000     0.000    system_clock
    W5                   IBUF (Prop_ibuf_I_O)         0.414     0.414 r  system_clock_IBUF_inst/O
                         net (fo=1, routed)           0.685     1.099    system_clock_IBUF
    BUFGCTRL_X0Y0        BUFG (Prop_bufg_I_O)         0.029     1.128 r  system_clock_IBUF_BUFG_inst/O
                         net (fo=33, routed)          0.860     1.988    my_I2C_BH1750/CLK
    SLICE_X4Y90          FDRE                                         r  my_I2C_BH1750/count_2_reg[8]/C
                         clock pessimism             -0.515     1.473    
    SLICE_X4Y90          FDRE (Hold_fdre_C_D)         0.105     1.578    my_I2C_BH1750/count_2_reg[8]
  -------------------------------------------------------------------
                         required time                         -1.578    
                         arrival time                           1.891    
  -------------------------------------------------------------------
                         slack                                  0.313    





Pulse Width Checks
--------------------------------------------------------------------------------------
Clock Name:         sys_clk_pin
Waveform(ns):       { 0.000 5.000 }
Period(ns):         10.000
Sources:            { system_clock }

Check Type        Corner  Lib Pin  Reference Pin  Required(ns)  Actual(ns)  Slack(ns)  Location       Pin
Min Period        n/a     BUFG/I   n/a            2.155         10.000      7.845      BUFGCTRL_X0Y0  system_clock_IBUF_BUFG_inst/I
Min Period        n/a     FDSE/C   n/a            1.000         10.000      9.000      SLICE_X4Y89    my_I2C_BH1750/count_2_reg[0]/C
Min Period        n/a     FDRE/C   n/a            1.000         10.000      9.000      SLICE_X4Y91    my_I2C_BH1750/count_2_reg[10]/C
Min Period        n/a     FDRE/C   n/a            1.000         10.000      9.000      SLICE_X4Y91    my_I2C_BH1750/count_2_reg[11]/C
Min Period        n/a     FDRE/C   n/a            1.000         10.000      9.000      SLICE_X4Y91    my_I2C_BH1750/count_2_reg[12]/C
Min Period        n/a     FDRE/C   n/a            1.000         10.000      9.000      SLICE_X4Y92    my_I2C_BH1750/count_2_reg[13]/C
Min Period        n/a     FDRE/C   n/a            1.000         10.000      9.000      SLICE_X4Y92    my_I2C_BH1750/count_2_reg[14]/C
Min Period        n/a     FDRE/C   n/a            1.000         10.000      9.000      SLICE_X4Y92    my_I2C_BH1750/count_2_reg[15]/C
Min Period        n/a     FDRE/C   n/a            1.000         10.000      9.000      SLICE_X4Y92    my_I2C_BH1750/count_2_reg[16]/C
Min Period        n/a     FDRE/C   n/a            1.000         10.000      9.000      SLICE_X4Y93    my_I2C_BH1750/count_2_reg[17]/C
Low Pulse Width   Slow    FDSE/C   n/a            0.500         5.000       4.500      SLICE_X4Y89    my_I2C_BH1750/count_2_reg[0]/C
Low Pulse Width   Fast    FDSE/C   n/a            0.500         5.000       4.500      SLICE_X4Y89    my_I2C_BH1750/count_2_reg[0]/C
Low Pulse Width   Slow    FDRE/C   n/a            0.500         5.000       4.500      SLICE_X4Y91    my_I2C_BH1750/count_2_reg[10]/C
Low Pulse Width   Fast    FDRE/C   n/a            0.500         5.000       4.500      SLICE_X4Y91    my_I2C_BH1750/count_2_reg[10]/C
Low Pulse Width   Slow    FDRE/C   n/a            0.500         5.000       4.500      SLICE_X4Y91    my_I2C_BH1750/count_2_reg[11]/C
Low Pulse Width   Fast    FDRE/C   n/a            0.500         5.000       4.500      SLICE_X4Y91    my_I2C_BH1750/count_2_reg[11]/C
Low Pulse Width   Slow    FDRE/C   n/a            0.500         5.000       4.500      SLICE_X4Y91    my_I2C_BH1750/count_2_reg[12]/C
Low Pulse Width   Fast    FDRE/C   n/a            0.500         5.000       4.500      SLICE_X4Y91    my_I2C_BH1750/count_2_reg[12]/C
Low Pulse Width   Slow    FDRE/C   n/a            0.500         5.000       4.500      SLICE_X4Y92    my_I2C_BH1750/count_2_reg[13]/C
Low Pulse Width   Fast    FDRE/C   n/a            0.500         5.000       4.500      SLICE_X4Y92    my_I2C_BH1750/count_2_reg[13]/C
High Pulse Width  Slow    FDSE/C   n/a            0.500         5.000       4.500      SLICE_X4Y89    my_I2C_BH1750/count_2_reg[0]/C
High Pulse Width  Fast    FDSE/C   n/a            0.500         5.000       4.500      SLICE_X4Y89    my_I2C_BH1750/count_2_reg[0]/C
High Pulse Width  Slow    FDRE/C   n/a            0.500         5.000       4.500      SLICE_X4Y91    my_I2C_BH1750/count_2_reg[10]/C
High Pulse Width  Fast    FDRE/C   n/a            0.500         5.000       4.500      SLICE_X4Y91    my_I2C_BH1750/count_2_reg[10]/C
High Pulse Width  Slow    FDRE/C   n/a            0.500         5.000       4.500      SLICE_X4Y91    my_I2C_BH1750/count_2_reg[11]/C
High Pulse Width  Fast    FDRE/C   n/a            0.500         5.000       4.500      SLICE_X4Y91    my_I2C_BH1750/count_2_reg[11]/C
High Pulse Width  Slow    FDRE/C   n/a            0.500         5.000       4.500      SLICE_X4Y91    my_I2C_BH1750/count_2_reg[12]/C
High Pulse Width  Fast    FDRE/C   n/a            0.500         5.000       4.500      SLICE_X4Y91    my_I2C_BH1750/count_2_reg[12]/C
High Pulse Width  Slow    FDRE/C   n/a            0.500         5.000       4.500      SLICE_X4Y92    my_I2C_BH1750/count_2_reg[13]/C
High Pulse Width  Fast    FDRE/C   n/a            0.500         5.000       4.500      SLICE_X4Y92    my_I2C_BH1750/count_2_reg[13]/C



--------------------------------------------------------------------------------------
Path Group:  (none)
From Clock:  
  To Clock:  

Max Delay            54 Endpoints
Min Delay            54 Endpoints
--------------------------------------------------------------------------------------


Max Delay Paths
--------------------------------------------------------------------------------------
Slack:                    inf
  Source:                 my_I2C_BH1750/i2c_clock_cycles_reg[2]/C
                            (rising edge-triggered cell FDRE)
  Destination:            I2C_SDA
                            (output port)
  Path Group:             (none)
  Path Type:              Max at Slow Process Corner
  Data Path Delay:        9.234ns  (logic 4.465ns (48.358%)  route 4.769ns (51.642%))
  Logic Levels:           4  (FDRE=1 LUT5=1 LUT6=1 OBUFT=1)

    Location             Delay type                Incr(ns)  Path(ns)    Netlist Resource(s)
  -------------------------------------------------------------------    -------------------
    SLICE_X4Y85          FDRE                         0.000     0.000 r  my_I2C_BH1750/i2c_clock_cycles_reg[2]/C
    SLICE_X4Y85          FDRE (Prop_fdre_C_Q)         0.456     0.456 r  my_I2C_BH1750/i2c_clock_cycles_reg[2]/Q
                         net (fo=42, routed)          1.186     1.642    my_I2C_BH1750/i2c_clock_cycles_reg_n_0_[2]
    SLICE_X2Y88          LUT5 (Prop_lut5_I4_O)        0.146     1.788 r  my_I2C_BH1750/I2C_SDA_OBUFT_inst_i_3/O
                         net (fo=1, routed)           0.805     2.593    my_I2C_BH1750/I2C_SDA_OBUFT_inst_i_3_n_0
    SLICE_X2Y89          LUT6 (Prop_lut6_I5_O)        0.328     2.921 f  my_I2C_BH1750/I2C_SDA_OBUFT_inst_i_1/O
                         net (fo=1, routed)           2.778     5.699    I2C_SDA_TRI
    A14                  OBUFT (TriStatE_obuft_T_O)
                                                      3.535     9.234 r  I2C_SDA_OBUFT_inst/O
                         net (fo=0)                   0.000     9.234    I2C_SDA
    A14                                                               r  I2C_SDA (INOUT)
  -------------------------------------------------------------------    -------------------

Slack:                    inf
  Source:                 my_I2C_BH1750/i2c_clock_cycles_reg[3]/C
                            (rising edge-triggered cell FDRE)
  Destination:            my_I2C_BH1750/i2c_clock_cycles_reg[2]/D
  Path Group:             (none)
  Path Type:              Max at Slow Process Corner
  Data Path Delay:        9.223ns  (logic 3.642ns (39.487%)  route 5.581ns (60.512%))
  Logic Levels:           12  (CARRY4=6 FDRE=1 LUT1=1 LUT5=1 LUT6=3)

    Location             Delay type                Incr(ns)  Path(ns)    Netlist Resource(s)
  -------------------------------------------------------------------    -------------------
    SLICE_X4Y85          FDRE                         0.000     0.000 r  my_I2C_BH1750/i2c_clock_cycles_reg[3]/C
    SLICE_X4Y85          FDRE (Prop_fdre_C_Q)         0.456     0.456 r  my_I2C_BH1750/i2c_clock_cycles_reg[3]/Q
                         net (fo=35, routed)          1.603     2.059    my_I2C_BH1750/i2c_clock_cycles_reg_n_0_[3]
    SLICE_X2Y85          LUT6 (Prop_lut6_I0_O)        0.124     2.183 r  my_I2C_BH1750/i2c_clock_cycles0_carry_i_1/O
                         net (fo=5, routed)           0.505     2.688    my_I2C_BH1750/i2c_clock_cycles0_carry_i_1_n_0
    SLICE_X2Y82          CARRY4 (Prop_carry4_DI[3]_CO[3])
                                                      0.396     3.084 r  my_I2C_BH1750/i2c_clock_cycles0_carry/CO[3]
                         net (fo=1, routed)           0.000     3.084    my_I2C_BH1750/i2c_clock_cycles0_carry_n_0
    SLICE_X2Y83          CARRY4 (Prop_carry4_CI_CO[3])
                                                      0.117     3.201 r  my_I2C_BH1750/i2c_clock_cycles0_carry__0/CO[3]
                         net (fo=1, routed)           0.000     3.201    my_I2C_BH1750/i2c_clock_cycles0_carry__0_n_0
    SLICE_X2Y84          CARRY4 (Prop_carry4_CI_CO[0])
                                                      0.254     3.455 f  my_I2C_BH1750/i2c_clock_cycles0__12_carry_i_1/CO[0]
                         net (fo=5, routed)           0.612     4.067    my_I2C_BH1750/i2c_clock_cycles0__12_carry_i_1_n_3
    SLICE_X1Y81          LUT1 (Prop_lut1_I0_O)        0.367     4.434 r  my_I2C_BH1750/i2c_clock_cycles0__12_carry_i_4/O
                         net (fo=1, routed)           0.000     4.434    my_I2C_BH1750/i2c_clock_cycles0__12_carry_i_4_n_0
    SLICE_X1Y81          CARRY4 (Prop_carry4_S[1]_O[2])
                                                      0.580     5.014 r  my_I2C_BH1750/i2c_clock_cycles0__12_carry/O[2]
                         net (fo=1, routed)           0.966     5.980    my_I2C_BH1750/i2c_clock_cycles0__12_carry_n_5
    SLICE_X4Y83          LUT5 (Prop_lut5_I4_O)        0.302     6.282 r  my_I2C_BH1750/i2c_clock_cycles0__24_carry_i_5/O
                         net (fo=1, routed)           0.000     6.282    my_I2C_BH1750/i2c_clock_cycles0__24_carry_i_5_n_0
    SLICE_X4Y83          CARRY4 (Prop_carry4_S[3]_CO[3])
                                                      0.401     6.683 r  my_I2C_BH1750/i2c_clock_cycles0__24_carry/CO[3]
                         net (fo=1, routed)           0.000     6.683    my_I2C_BH1750/i2c_clock_cycles0__24_carry_n_0
    SLICE_X4Y84          CARRY4 (Prop_carry4_CI_O[0])
                                                      0.222     6.905 r  my_I2C_BH1750/i2c_clock_cycles0__24_carry__0/O[0]
                         net (fo=3, routed)           0.884     7.788    my_I2C_BH1750/i2c_clock_cycles0__24_carry__0_n_7
    SLICE_X5Y84          LUT6 (Prop_lut6_I0_O)        0.299     8.087 r  my_I2C_BH1750/i2c_clock_cycles[3]_i_3/O
                         net (fo=3, routed)           1.012     9.099    my_I2C_BH1750/i2c_clock_cycles[3]_i_3_n_0
    SLICE_X4Y85          LUT6 (Prop_lut6_I3_O)        0.124     9.223 r  my_I2C_BH1750/i2c_clock_cycles[2]_i_1/O
                         net (fo=1, routed)           0.000     9.223    my_I2C_BH1750/i2c_clock_cycles[2]
    SLICE_X4Y85          FDRE                                         r  my_I2C_BH1750/i2c_clock_cycles_reg[2]/D
  -------------------------------------------------------------------    -------------------

Slack:                    inf
  Source:                 my_I2C_BH1750/i2c_clock_cycles_reg[3]/C
                            (rising edge-triggered cell FDRE)
  Destination:            my_I2C_BH1750/i2c_clock_cycles_reg[5]/D
  Path Group:             (none)
  Path Type:              Max at Slow Process Corner
  Data Path Delay:        9.170ns  (logic 3.426ns (37.360%)  route 5.744ns (62.640%))
  Logic Levels:           12  (CARRY4=6 FDRE=1 LUT2=2 LUT5=1 LUT6=2)

    Location             Delay type                Incr(ns)  Path(ns)    Netlist Resource(s)
  -------------------------------------------------------------------    -------------------
    SLICE_X4Y85          FDRE                         0.000     0.000 r  my_I2C_BH1750/i2c_clock_cycles_reg[3]/C
    SLICE_X4Y85          FDRE (Prop_fdre_C_Q)         0.456     0.456 r  my_I2C_BH1750/i2c_clock_cycles_reg[3]/Q
                         net (fo=35, routed)          1.603     2.059    my_I2C_BH1750/i2c_clock_cycles_reg_n_0_[3]
    SLICE_X2Y85          LUT6 (Prop_lut6_I0_O)        0.124     2.183 r  my_I2C_BH1750/i2c_clock_cycles0_carry_i_1/O
                         net (fo=5, routed)           0.505     2.688    my_I2C_BH1750/i2c_clock_cycles0_carry_i_1_n_0
    SLICE_X2Y82          CARRY4 (Prop_carry4_DI[3]_CO[3])
                                                      0.396     3.084 r  my_I2C_BH1750/i2c_clock_cycles0_carry/CO[3]
                         net (fo=1, routed)           0.000     3.084    my_I2C_BH1750/i2c_clock_cycles0_carry_n_0
    SLICE_X2Y83          CARRY4 (Prop_carry4_CI_CO[3])
                                                      0.117     3.201 r  my_I2C_BH1750/i2c_clock_cycles0_carry__0/CO[3]
                         net (fo=1, routed)           0.000     3.201    my_I2C_BH1750/i2c_clock_cycles0_carry__0_n_0
    SLICE_X2Y84          CARRY4 (Prop_carry4_CI_CO[0])
                                                      0.254     3.455 r  my_I2C_BH1750/i2c_clock_cycles0__12_carry_i_1/CO[0]
                         net (fo=5, routed)           1.119     4.574    my_I2C_BH1750/i2c_clock_cycles0__12_carry_i_1_n_3
    SLICE_X1Y81          LUT2 (Prop_lut2_I1_O)        0.367     4.941 r  my_I2C_BH1750/i2c_clock_cycles0__12_carry_i_2/O
                         net (fo=1, routed)           0.000     4.941    my_I2C_BH1750/i2c_clock_cycles0__12_carry_i_2_n_0
    SLICE_X1Y81          CARRY4 (Prop_carry4_S[3]_CO[3])
                                                      0.401     5.342 r  my_I2C_BH1750/i2c_clock_cycles0__12_carry/CO[3]
                         net (fo=1, routed)           0.000     5.342    my_I2C_BH1750/i2c_clock_cycles0__12_carry_n_0
    SLICE_X1Y82          CARRY4 (Prop_carry4_CI_O[1])
                                                      0.334     5.676 r  my_I2C_BH1750/i2c_clock_cycles0__12_carry__0/O[1]
                         net (fo=1, routed)           0.967     6.642    my_I2C_BH1750/i2c_clock_cycles0__12_carry__0_n_6
    SLICE_X4Y84          LUT2 (Prop_lut2_I1_O)        0.303     6.945 r  my_I2C_BH1750/i2c_clock_cycles0__24_carry__0_i_2/O
                         net (fo=1, routed)           0.000     6.945    my_I2C_BH1750/i2c_clock_cycles0__24_carry__0_i_2_n_0
    SLICE_X4Y84          CARRY4 (Prop_carry4_S[2]_O[2])
                                                      0.248     7.193 r  my_I2C_BH1750/i2c_clock_cycles0__24_carry__0/O[2]
                         net (fo=3, routed)           0.603     7.796    my_I2C_BH1750/i2c_clock_cycles0__24_carry__0_n_5
    SLICE_X5Y84          LUT6 (Prop_lut6_I5_O)        0.302     8.098 r  my_I2C_BH1750/i2c_clock_cycles[5]_i_4/O
                         net (fo=1, routed)           0.948     9.046    my_I2C_BH1750/in5__0[5]
    SLICE_X4Y87          LUT5 (Prop_lut5_I3_O)        0.124     9.170 r  my_I2C_BH1750/i2c_clock_cycles[5]_i_2/O
                         net (fo=1, routed)           0.000     9.170    my_I2C_BH1750/i2c_clock_cycles[5]
    SLICE_X4Y87          FDRE                                         r  my_I2C_BH1750/i2c_clock_cycles_reg[5]/D
  -------------------------------------------------------------------    -------------------

Slack:                    inf
  Source:                 my_I2C_BH1750/i2c_clock_cycles_reg[3]/C
                            (rising edge-triggered cell FDRE)
  Destination:            my_I2C_BH1750/i2c_clock_cycles_reg[4]/D
  Path Group:             (none)
  Path Type:              Max at Slow Process Corner
  Data Path Delay:        8.941ns  (logic 3.642ns (40.733%)  route 5.299ns (59.267%))
  Logic Levels:           12  (CARRY4=6 FDRE=1 LUT1=1 LUT5=1 LUT6=3)

    Location             Delay type                Incr(ns)  Path(ns)    Netlist Resource(s)
  -------------------------------------------------------------------    -------------------
    SLICE_X4Y85          FDRE                         0.000     0.000 r  my_I2C_BH1750/i2c_clock_cycles_reg[3]/C
    SLICE_X4Y85          FDRE (Prop_fdre_C_Q)         0.456     0.456 r  my_I2C_BH1750/i2c_clock_cycles_reg[3]/Q
                         net (fo=35, routed)          1.603     2.059    my_I2C_BH1750/i2c_clock_cycles_reg_n_0_[3]
    SLICE_X2Y85          LUT6 (Prop_lut6_I0_O)        0.124     2.183 r  my_I2C_BH1750/i2c_clock_cycles0_carry_i_1/O
                         net (fo=5, routed)           0.505     2.688    my_I2C_BH1750/i2c_clock_cycles0_carry_i_1_n_0
    SLICE_X2Y82          CARRY4 (Prop_carry4_DI[3]_CO[3])
                                                      0.396     3.084 r  my_I2C_BH1750/i2c_clock_cycles0_carry/CO[3]
                         net (fo=1, routed)           0.000     3.084    my_I2C_BH1750/i2c_clock_cycles0_carry_n_0
    SLICE_X2Y83          CARRY4 (Prop_carry4_CI_CO[3])
                                                      0.117     3.201 r  my_I2C_BH1750/i2c_clock_cycles0_carry__0/CO[3]
                         net (fo=1, routed)           0.000     3.201    my_I2C_BH1750/i2c_clock_cycles0_carry__0_n_0
    SLICE_X2Y84          CARRY4 (Prop_carry4_CI_CO[0])
                                                      0.254     3.455 f  my_I2C_BH1750/i2c_clock_cycles0__12_carry_i_1/CO[0]
                         net (fo=5, routed)           0.612     4.067    my_I2C_BH1750/i2c_clock_cycles0__12_carry_i_1_n_3
    SLICE_X1Y81          LUT1 (Prop_lut1_I0_O)        0.367     4.434 r  my_I2C_BH1750/i2c_clock_cycles0__12_carry_i_4/O
                         net (fo=1, routed)           0.000     4.434    my_I2C_BH1750/i2c_clock_cycles0__12_carry_i_4_n_0
    SLICE_X1Y81          CARRY4 (Prop_carry4_S[1]_O[2])
                                                      0.580     5.014 r  my_I2C_BH1750/i2c_clock_cycles0__12_carry/O[2]
                         net (fo=1, routed)           0.966     5.980    my_I2C_BH1750/i2c_clock_cycles0__12_carry_n_5
    SLICE_X4Y83          LUT5 (Prop_lut5_I4_O)        0.302     6.282 r  my_I2C_BH1750/i2c_clock_cycles0__24_carry_i_5/O
                         net (fo=1, routed)           0.000     6.282    my_I2C_BH1750/i2c_clock_cycles0__24_carry_i_5_n_0
    SLICE_X4Y83          CARRY4 (Prop_carry4_S[3]_CO[3])
                                                      0.401     6.683 r  my_I2C_BH1750/i2c_clock_cycles0__24_carry/CO[3]
                         net (fo=1, routed)           0.000     6.683    my_I2C_BH1750/i2c_clock_cycles0__24_carry_n_0
    SLICE_X4Y84          CARRY4 (Prop_carry4_CI_O[0])
                                                      0.222     6.905 r  my_I2C_BH1750/i2c_clock_cycles0__24_carry__0/O[0]
                         net (fo=3, routed)           0.886     7.790    my_I2C_BH1750/i2c_clock_cycles0__24_carry__0_n_7
    SLICE_X5Y84          LUT6 (Prop_lut6_I0_O)        0.299     8.089 r  my_I2C_BH1750/i2c_clock_cycles[4]_i_3/O
                         net (fo=1, routed)           0.728     8.817    my_I2C_BH1750/in5__0[4]
    SLICE_X4Y87          LUT6 (Prop_lut6_I4_O)        0.124     8.941 r  my_I2C_BH1750/i2c_clock_cycles[4]_i_1/O
                         net (fo=1, routed)           0.000     8.941    my_I2C_BH1750/i2c_clock_cycles[4]
    SLICE_X4Y87          FDRE                                         r  my_I2C_BH1750/i2c_clock_cycles_reg[4]/D
  -------------------------------------------------------------------    -------------------

Slack:                    inf
  Source:                 my_I2C_BH1750/i2c_clock_cycles_reg[3]/C
                            (rising edge-triggered cell FDRE)
  Destination:            my_I2C_BH1750/i2c_clock_cycles_reg[3]/D
  Path Group:             (none)
  Path Type:              Max at Slow Process Corner
  Data Path Delay:        8.876ns  (logic 3.642ns (41.031%)  route 5.234ns (58.969%))
  Logic Levels:           12  (CARRY4=6 FDRE=1 LUT1=1 LUT5=1 LUT6=3)

    Location             Delay type                Incr(ns)  Path(ns)    Netlist Resource(s)
  -------------------------------------------------------------------    -------------------
    SLICE_X4Y85          FDRE                         0.000     0.000 r  my_I2C_BH1750/i2c_clock_cycles_reg[3]/C
    SLICE_X4Y85          FDRE (Prop_fdre_C_Q)         0.456     0.456 r  my_I2C_BH1750/i2c_clock_cycles_reg[3]/Q
                         net (fo=35, routed)          1.603     2.059    my_I2C_BH1750/i2c_clock_cycles_reg_n_0_[3]
    SLICE_X2Y85          LUT6 (Prop_lut6_I0_O)        0.124     2.183 r  my_I2C_BH1750/i2c_clock_cycles0_carry_i_1/O
                         net (fo=5, routed)           0.505     2.688    my_I2C_BH1750/i2c_clock_cycles0_carry_i_1_n_0
    SLICE_X2Y82          CARRY4 (Prop_carry4_DI[3]_CO[3])
                                                      0.396     3.084 r  my_I2C_BH1750/i2c_clock_cycles0_carry/CO[3]
                         net (fo=1, routed)           0.000     3.084    my_I2C_BH1750/i2c_clock_cycles0_carry_n_0
    SLICE_X2Y83          CARRY4 (Prop_carry4_CI_CO[3])
                                                      0.117     3.201 r  my_I2C_BH1750/i2c_clock_cycles0_carry__0/CO[3]
                         net (fo=1, routed)           0.000     3.201    my_I2C_BH1750/i2c_clock_cycles0_carry__0_n_0
    SLICE_X2Y84          CARRY4 (Prop_carry4_CI_CO[0])
                                                      0.254     3.455 f  my_I2C_BH1750/i2c_clock_cycles0__12_carry_i_1/CO[0]
                         net (fo=5, routed)           0.612     4.067    my_I2C_BH1750/i2c_clock_cycles0__12_carry_i_1_n_3
    SLICE_X1Y81          LUT1 (Prop_lut1_I0_O)        0.367     4.434 r  my_I2C_BH1750/i2c_clock_cycles0__12_carry_i_4/O
                         net (fo=1, routed)           0.000     4.434    my_I2C_BH1750/i2c_clock_cycles0__12_carry_i_4_n_0
    SLICE_X1Y81          CARRY4 (Prop_carry4_S[1]_O[2])
                                                      0.580     5.014 r  my_I2C_BH1750/i2c_clock_cycles0__12_carry/O[2]
                         net (fo=1, routed)           0.966     5.980    my_I2C_BH1750/i2c_clock_cycles0__12_carry_n_5
    SLICE_X4Y83          LUT5 (Prop_lut5_I4_O)        0.302     6.282 r  my_I2C_BH1750/i2c_clock_cycles0__24_carry_i_5/O
                         net (fo=1, routed)           0.000     6.282    my_I2C_BH1750/i2c_clock_cycles0__24_carry_i_5_n_0
    SLICE_X4Y83          CARRY4 (Prop_carry4_S[3]_CO[3])
                                                      0.401     6.683 r  my_I2C_BH1750/i2c_clock_cycles0__24_carry/CO[3]
                         net (fo=1, routed)           0.000     6.683    my_I2C_BH1750/i2c_clock_cycles0__24_carry_n_0
    SLICE_X4Y84          CARRY4 (Prop_carry4_CI_O[0])
                                                      0.222     6.905 r  my_I2C_BH1750/i2c_clock_cycles0__24_carry__0/O[0]
                         net (fo=3, routed)           0.884     7.788    my_I2C_BH1750/i2c_clock_cycles0__24_carry__0_n_7
    SLICE_X5Y84          LUT6 (Prop_lut6_I0_O)        0.299     8.087 r  my_I2C_BH1750/i2c_clock_cycles[3]_i_3/O
                         net (fo=3, routed)           0.665     8.752    my_I2C_BH1750/i2c_clock_cycles[3]_i_3_n_0
    SLICE_X4Y85          LUT6 (Prop_lut6_I3_O)        0.124     8.876 r  my_I2C_BH1750/i2c_clock_cycles[3]_i_1/O
                         net (fo=1, routed)           0.000     8.876    my_I2C_BH1750/i2c_clock_cycles[3]
    SLICE_X4Y85          FDRE                                         r  my_I2C_BH1750/i2c_clock_cycles_reg[3]/D
  -------------------------------------------------------------------    -------------------

Slack:                    inf
  Source:                 my_I2C_BH1750/i2c_clock_cycles_reg[3]/C
                            (rising edge-triggered cell FDRE)
  Destination:            my_I2C_BH1750/i2c_clock_cycles_reg[1]/D
  Path Group:             (none)
  Path Type:              Max at Slow Process Corner
  Data Path Delay:        8.868ns  (logic 3.642ns (41.068%)  route 5.226ns (58.932%))
  Logic Levels:           12  (CARRY4=6 FDRE=1 LUT1=1 LUT4=1 LUT5=1 LUT6=2)

    Location             Delay type                Incr(ns)  Path(ns)    Netlist Resource(s)
  -------------------------------------------------------------------    -------------------
    SLICE_X4Y85          FDRE                         0.000     0.000 r  my_I2C_BH1750/i2c_clock_cycles_reg[3]/C
    SLICE_X4Y85          FDRE (Prop_fdre_C_Q)         0.456     0.456 r  my_I2C_BH1750/i2c_clock_cycles_reg[3]/Q
                         net (fo=35, routed)          1.603     2.059    my_I2C_BH1750/i2c_clock_cycles_reg_n_0_[3]
    SLICE_X2Y85          LUT6 (Prop_lut6_I0_O)        0.124     2.183 r  my_I2C_BH1750/i2c_clock_cycles0_carry_i_1/O
                         net (fo=5, routed)           0.505     2.688    my_I2C_BH1750/i2c_clock_cycles0_carry_i_1_n_0
    SLICE_X2Y82          CARRY4 (Prop_carry4_DI[3]_CO[3])
                                                      0.396     3.084 r  my_I2C_BH1750/i2c_clock_cycles0_carry/CO[3]
                         net (fo=1, routed)           0.000     3.084    my_I2C_BH1750/i2c_clock_cycles0_carry_n_0
    SLICE_X2Y83          CARRY4 (Prop_carry4_CI_CO[3])
                                                      0.117     3.201 r  my_I2C_BH1750/i2c_clock_cycles0_carry__0/CO[3]
                         net (fo=1, routed)           0.000     3.201    my_I2C_BH1750/i2c_clock_cycles0_carry__0_n_0
    SLICE_X2Y84          CARRY4 (Prop_carry4_CI_CO[0])
                                                      0.254     3.455 f  my_I2C_BH1750/i2c_clock_cycles0__12_carry_i_1/CO[0]
                         net (fo=5, routed)           0.612     4.067    my_I2C_BH1750/i2c_clock_cycles0__12_carry_i_1_n_3
    SLICE_X1Y81          LUT1 (Prop_lut1_I0_O)        0.367     4.434 r  my_I2C_BH1750/i2c_clock_cycles0__12_carry_i_4/O
                         net (fo=1, routed)           0.000     4.434    my_I2C_BH1750/i2c_clock_cycles0__12_carry_i_4_n_0
    SLICE_X1Y81          CARRY4 (Prop_carry4_S[1]_O[2])
                                                      0.580     5.014 r  my_I2C_BH1750/i2c_clock_cycles0__12_carry/O[2]
                         net (fo=1, routed)           0.966     5.980    my_I2C_BH1750/i2c_clock_cycles0__12_carry_n_5
    SLICE_X4Y83          LUT5 (Prop_lut5_I4_O)        0.302     6.282 r  my_I2C_BH1750/i2c_clock_cycles0__24_carry_i_5/O
                         net (fo=1, routed)           0.000     6.282    my_I2C_BH1750/i2c_clock_cycles0__24_carry_i_5_n_0
    SLICE_X4Y83          CARRY4 (Prop_carry4_S[3]_CO[3])
                                                      0.401     6.683 r  my_I2C_BH1750/i2c_clock_cycles0__24_carry/CO[3]
                         net (fo=1, routed)           0.000     6.683    my_I2C_BH1750/i2c_clock_cycles0__24_carry_n_0
    SLICE_X4Y84          CARRY4 (Prop_carry4_CI_O[0])
                                                      0.222     6.905 r  my_I2C_BH1750/i2c_clock_cycles0__24_carry__0/O[0]
                         net (fo=3, routed)           0.884     7.788    my_I2C_BH1750/i2c_clock_cycles0__24_carry__0_n_7
    SLICE_X5Y84          LUT6 (Prop_lut6_I0_O)        0.299     8.087 r  my_I2C_BH1750/i2c_clock_cycles[3]_i_3/O
                         net (fo=3, routed)           0.657     8.744    my_I2C_BH1750/i2c_clock_cycles[3]_i_3_n_0
    SLICE_X4Y85          LUT4 (Prop_lut4_I1_O)        0.124     8.868 r  my_I2C_BH1750/i2c_clock_cycles[1]_i_1/O
                         net (fo=1, routed)           0.000     8.868    my_I2C_BH1750/i2c_clock_cycles[1]
    SLICE_X4Y85          FDRE                                         r  my_I2C_BH1750/i2c_clock_cycles_reg[1]/D
  -------------------------------------------------------------------    -------------------

Slack:                    inf
  Source:                 my_I2C_BH1750/i2c_sclk_local_output_reg/C
                            (rising edge-triggered cell FDRE)
  Destination:            I2C_SCLK
                            (output port)
  Path Group:             (none)
  Path Type:              Max at Slow Process Corner
  Data Path Delay:        6.640ns  (logic 3.968ns (59.752%)  route 2.673ns (40.248%))
  Logic Levels:           2  (FDRE=1 OBUF=1)

    Location             Delay type                Incr(ns)  Path(ns)    Netlist Resource(s)
  -------------------------------------------------------------------    -------------------
    SLICE_X1Y89          FDRE                         0.000     0.000 r  my_I2C_BH1750/i2c_sclk_local_output_reg/C
    SLICE_X1Y89          FDRE (Prop_fdre_C_Q)         0.456     0.456 r  my_I2C_BH1750/i2c_sclk_local_output_reg/Q
                         net (fo=2, routed)           2.673     3.129    I2C_SCLK_OBUF
    A16                  OBUF (Prop_obuf_I_O)         3.512     6.640 r  I2C_SCLK_OBUF_inst/O
                         net (fo=0)                   0.000     6.640    I2C_SCLK
    A16                                                               r  I2C_SCLK (OUT)
  -------------------------------------------------------------------    -------------------

Slack:                    inf
  Source:                 reset_n
                            (input port)
  Destination:            my_I2C_BH1750/FSM_sequential_presentState_reg[0]/R
  Path Group:             (none)
  Path Type:              Max at Slow Process Corner
  Data Path Delay:        5.435ns  (logic 1.585ns (29.167%)  route 3.850ns (70.833%))
  Logic Levels:           2  (IBUF=1 LUT1=1)

    Location             Delay type                Incr(ns)  Path(ns)    Netlist Resource(s)
  -------------------------------------------------------------------    -------------------
    V16                                               0.000     0.000 f  reset_n (IN)
                         net (fo=0)                   0.000     0.000    reset_n
    V16                  IBUF (Prop_ibuf_I_O)         1.461     1.461 f  reset_n_IBUF_inst/O
                         net (fo=1, routed)           2.742     4.203    my_I2C_BH1750/reset_n_IBUF
    SLICE_X0Y78          LUT1 (Prop_lut1_I0_O)        0.124     4.327 r  my_I2C_BH1750/FSM_sequential_presentState[3]_i_1/O
                         net (fo=4, routed)           1.108     5.435    my_I2C_BH1750/FSM_sequential_presentState[3]_i_1_n_0
    SLICE_X4Y86          FDRE                                         r  my_I2C_BH1750/FSM_sequential_presentState_reg[0]/R
  -------------------------------------------------------------------    -------------------

Slack:                    inf
  Source:                 reset_n
                            (input port)
  Destination:            my_I2C_BH1750/FSM_sequential_presentState_reg[1]/R
  Path Group:             (none)
  Path Type:              Max at Slow Process Corner
  Data Path Delay:        5.153ns  (logic 1.585ns (30.765%)  route 3.568ns (69.235%))
  Logic Levels:           2  (IBUF=1 LUT1=1)

    Location             Delay type                Incr(ns)  Path(ns)    Netlist Resource(s)
  -------------------------------------------------------------------    -------------------
    V16                                               0.000     0.000 f  reset_n (IN)
                         net (fo=0)                   0.000     0.000    reset_n
    V16                  IBUF (Prop_ibuf_I_O)         1.461     1.461 f  reset_n_IBUF_inst/O
                         net (fo=1, routed)           2.742     4.203    my_I2C_BH1750/reset_n_IBUF
    SLICE_X0Y78          LUT1 (Prop_lut1_I0_O)        0.124     4.327 r  my_I2C_BH1750/FSM_sequential_presentState[3]_i_1/O
                         net (fo=4, routed)           0.826     5.153    my_I2C_BH1750/FSM_sequential_presentState[3]_i_1_n_0
    SLICE_X1Y86          FDRE                                         r  my_I2C_BH1750/FSM_sequential_presentState_reg[1]/R
  -------------------------------------------------------------------    -------------------

Slack:                    inf
  Source:                 reset_n
                            (input port)
  Destination:            my_I2C_BH1750/FSM_sequential_presentState_reg[2]/R
  Path Group:             (none)
  Path Type:              Max at Slow Process Corner
  Data Path Delay:        5.153ns  (logic 1.585ns (30.765%)  route 3.568ns (69.235%))
  Logic Levels:           2  (IBUF=1 LUT1=1)

    Location             Delay type                Incr(ns)  Path(ns)    Netlist Resource(s)
  -------------------------------------------------------------------    -------------------
    V16                                               0.000     0.000 f  reset_n (IN)
                         net (fo=0)                   0.000     0.000    reset_n
    V16                  IBUF (Prop_ibuf_I_O)         1.461     1.461 f  reset_n_IBUF_inst/O
                         net (fo=1, routed)           2.742     4.203    my_I2C_BH1750/reset_n_IBUF
    SLICE_X0Y78          LUT1 (Prop_lut1_I0_O)        0.124     4.327 r  my_I2C_BH1750/FSM_sequential_presentState[3]_i_1/O
                         net (fo=4, routed)           0.826     5.153    my_I2C_BH1750/FSM_sequential_presentState[3]_i_1_n_0
    SLICE_X1Y86          FDRE                                         r  my_I2C_BH1750/FSM_sequential_presentState_reg[2]/R
  -------------------------------------------------------------------    -------------------





Min Delay Paths
--------------------------------------------------------------------------------------
Slack:                    inf
  Source:                 my_I2C_BH1750/i2c_sclk_local_output_reg/C
                            (rising edge-triggered cell FDRE)
  Destination:            my_I2C_BH1750/i2c_sclk_local_output_reg/D
  Path Group:             (none)
  Path Type:              Min at Fast Process Corner
  Data Path Delay:        0.356ns  (logic 0.186ns (52.178%)  route 0.170ns (47.822%))
  Logic Levels:           2  (FDRE=1 LUT5=1)

    Location             Delay type                Incr(ns)  Path(ns)    Netlist Resource(s)
  -------------------------------------------------------------------    -------------------
    SLICE_X1Y89          FDRE                         0.000     0.000 r  my_I2C_BH1750/i2c_sclk_local_output_reg/C
    SLICE_X1Y89          FDRE (Prop_fdre_C_Q)         0.141     0.141 r  my_I2C_BH1750/i2c_sclk_local_output_reg/Q
                         net (fo=2, routed)           0.170     0.311    my_I2C_BH1750/I2C_SCLK_OBUF
    SLICE_X1Y89          LUT5 (Prop_lut5_I4_O)        0.045     0.356 r  my_I2C_BH1750/i2c_sclk_local_output_i_1/O
                         net (fo=1, routed)           0.000     0.356    my_I2C_BH1750/i2c_sclk_local_output_i_1_n_0
    SLICE_X1Y89          FDRE                                         r  my_I2C_BH1750/i2c_sclk_local_output_reg/D
  -------------------------------------------------------------------    -------------------

Slack:                    inf
  Source:                 my_I2C_BH1750/FSM_sequential_presentState_reg[1]/C
                            (rising edge-triggered cell FDRE)
  Destination:            my_I2C_BH1750/FSM_sequential_presentState_reg[0]/D
  Path Group:             (none)
  Path Type:              Min at Fast Process Corner
  Data Path Delay:        0.378ns  (logic 0.186ns (49.162%)  route 0.192ns (50.838%))
  Logic Levels:           2  (FDRE=1 LUT6=1)

    Location             Delay type                Incr(ns)  Path(ns)    Netlist Resource(s)
  -------------------------------------------------------------------    -------------------
    SLICE_X1Y86          FDRE                         0.000     0.000 r  my_I2C_BH1750/FSM_sequential_presentState_reg[1]/C
    SLICE_X1Y86          FDRE (Prop_fdre_C_Q)         0.141     0.141 r  my_I2C_BH1750/FSM_sequential_presentState_reg[1]/Q
                         net (fo=11, routed)          0.192     0.333    my_I2C_BH1750/presentState[1]
    SLICE_X4Y86          LUT6 (Prop_lut6_I2_O)        0.045     0.378 r  my_I2C_BH1750/FSM_sequential_presentState[0]_i_1/O
                         net (fo=1, routed)           0.000     0.378    my_I2C_BH1750/nextState[0]
    SLICE_X4Y86          FDRE                                         r  my_I2C_BH1750/FSM_sequential_presentState_reg[0]/D
  -------------------------------------------------------------------    -------------------

Slack:                    inf
  Source:                 my_I2C_BH1750/FSM_sequential_presentState_reg[0]/C
                            (rising edge-triggered cell FDRE)
  Destination:            my_I2C_BH1750/i2c_clock_cycles_reg[0]/D
  Path Group:             (none)
  Path Type:              Min at Fast Process Corner
  Data Path Delay:        0.382ns  (logic 0.186ns (48.646%)  route 0.196ns (51.354%))
  Logic Levels:           2  (FDRE=1 LUT3=1)

    Location             Delay type                Incr(ns)  Path(ns)    Netlist Resource(s)
  -------------------------------------------------------------------    -------------------
    SLICE_X4Y86          FDRE                         0.000     0.000 r  my_I2C_BH1750/FSM_sequential_presentState_reg[0]/C
    SLICE_X4Y86          FDRE (Prop_fdre_C_Q)         0.141     0.141 r  my_I2C_BH1750/FSM_sequential_presentState_reg[0]/Q
                         net (fo=18, routed)          0.196     0.337    my_I2C_BH1750/presentState[0]
    SLICE_X5Y85          LUT3 (Prop_lut3_I2_O)        0.045     0.382 r  my_I2C_BH1750/i2c_clock_cycles[0]_i_1/O
                         net (fo=1, routed)           0.000     0.382    my_I2C_BH1750/i2c_clock_cycles[0]
    SLICE_X5Y85          FDRE                                         r  my_I2C_BH1750/i2c_clock_cycles_reg[0]/D
  -------------------------------------------------------------------    -------------------

Slack:                    inf
  Source:                 my_I2C_BH1750/FSM_sequential_presentState_reg[0]/C
                            (rising edge-triggered cell FDRE)
  Destination:            my_I2C_BH1750/FSM_sequential_presentState_reg[1]/D
  Path Group:             (none)
  Path Type:              Min at Fast Process Corner
  Data Path Delay:        0.391ns  (logic 0.186ns (47.605%)  route 0.205ns (52.395%))
  Logic Levels:           2  (FDRE=1 LUT6=1)

    Location             Delay type                Incr(ns)  Path(ns)    Netlist Resource(s)
  -------------------------------------------------------------------    -------------------
    SLICE_X4Y86          FDRE                         0.000     0.000 r  my_I2C_BH1750/FSM_sequential_presentState_reg[0]/C
    SLICE_X4Y86          FDRE (Prop_fdre_C_Q)         0.141     0.141 r  my_I2C_BH1750/FSM_sequential_presentState_reg[0]/Q
                         net (fo=18, routed)          0.205     0.346    my_I2C_BH1750/presentState[0]
    SLICE_X1Y86          LUT6 (Prop_lut6_I5_O)        0.045     0.391 r  my_I2C_BH1750/FSM_sequential_presentState[1]_i_1/O
                         net (fo=1, routed)           0.000     0.391    my_I2C_BH1750/nextState[1]
    SLICE_X1Y86          FDRE                                         r  my_I2C_BH1750/FSM_sequential_presentState_reg[1]/D
  -------------------------------------------------------------------    -------------------

Slack:                    inf
  Source:                 my_I2C_BH1750/FSM_sequential_presentState_reg[0]/C
                            (rising edge-triggered cell FDRE)
  Destination:            my_I2C_BH1750/FSM_sequential_presentState_reg[2]/D
  Path Group:             (none)
  Path Type:              Min at Fast Process Corner
  Data Path Delay:        0.392ns  (logic 0.186ns (47.484%)  route 0.206ns (52.516%))
  Logic Levels:           2  (FDRE=1 LUT5=1)

    Location             Delay type                Incr(ns)  Path(ns)    Netlist Resource(s)
  -------------------------------------------------------------------    -------------------
    SLICE_X4Y86          FDRE                         0.000     0.000 r  my_I2C_BH1750/FSM_sequential_presentState_reg[0]/C
    SLICE_X4Y86          FDRE (Prop_fdre_C_Q)         0.141     0.141 r  my_I2C_BH1750/FSM_sequential_presentState_reg[0]/Q
                         net (fo=18, routed)          0.206     0.347    my_I2C_BH1750/presentState[0]
    SLICE_X1Y86          LUT5 (Prop_lut5_I3_O)        0.045     0.392 r  my_I2C_BH1750/FSM_sequential_presentState[2]_i_1/O
                         net (fo=1, routed)           0.000     0.392    my_I2C_BH1750/nextState[2]
    SLICE_X1Y86          FDRE                                         r  my_I2C_BH1750/FSM_sequential_presentState_reg[2]/D
  -------------------------------------------------------------------    -------------------

Slack:                    inf
  Source:                 my_I2C_BH1750/FSM_sequential_presentState_reg[0]/C
                            (rising edge-triggered cell FDRE)
  Destination:            my_I2C_BH1750/FSM_sequential_presentState_reg[3]/D
  Path Group:             (none)
  Path Type:              Min at Fast Process Corner
  Data Path Delay:        0.396ns  (logic 0.190ns (48.015%)  route 0.206ns (51.985%))
  Logic Levels:           2  (FDRE=1 LUT4=1)

    Location             Delay type                Incr(ns)  Path(ns)    Netlist Resource(s)
  -------------------------------------------------------------------    -------------------
    SLICE_X4Y86          FDRE                         0.000     0.000 r  my_I2C_BH1750/FSM_sequential_presentState_reg[0]/C
    SLICE_X4Y86          FDRE (Prop_fdre_C_Q)         0.141     0.141 r  my_I2C_BH1750/FSM_sequential_presentState_reg[0]/Q
                         net (fo=18, routed)          0.206     0.347    my_I2C_BH1750/presentState[0]
    SLICE_X1Y86          LUT4 (Prop_lut4_I2_O)        0.049     0.396 r  my_I2C_BH1750/FSM_sequential_presentState[3]_i_2/O
                         net (fo=1, routed)           0.000     0.396    my_I2C_BH1750/nextState[3]
    SLICE_X1Y86          FDRE                                         r  my_I2C_BH1750/FSM_sequential_presentState_reg[3]/D
  -------------------------------------------------------------------    -------------------

Slack:                    inf
  Source:                 my_I2C_BH1750/FSM_sequential_presentState_reg[0]/C
                            (rising edge-triggered cell FDRE)
  Destination:            my_I2C_BH1750/i2c_clock_cycles_reg[1]/D
  Path Group:             (none)
  Path Type:              Min at Fast Process Corner
  Data Path Delay:        0.398ns  (logic 0.186ns (46.720%)  route 0.212ns (53.280%))
  Logic Levels:           2  (FDRE=1 LUT4=1)

    Location             Delay type                Incr(ns)  Path(ns)    Netlist Resource(s)
  -------------------------------------------------------------------    -------------------
    SLICE_X4Y86          FDRE                         0.000     0.000 r  my_I2C_BH1750/FSM_sequential_presentState_reg[0]/C
    SLICE_X4Y86          FDRE (Prop_fdre_C_Q)         0.141     0.141 r  my_I2C_BH1750/FSM_sequential_presentState_reg[0]/Q
                         net (fo=18, routed)          0.212     0.353    my_I2C_BH1750/presentState[0]
    SLICE_X4Y85          LUT4 (Prop_lut4_I3_O)        0.045     0.398 r  my_I2C_BH1750/i2c_clock_cycles[1]_i_1/O
                         net (fo=1, routed)           0.000     0.398    my_I2C_BH1750/i2c_clock_cycles[1]
    SLICE_X4Y85          FDRE                                         r  my_I2C_BH1750/i2c_clock_cycles_reg[1]/D
  -------------------------------------------------------------------    -------------------

Slack:                    inf
  Source:                 my_I2C_BH1750/counter_last_reg[3]/C
                            (rising edge-triggered cell FDRE)
  Destination:            my_I2C_BH1750/counter_last_reg[3]/D
  Path Group:             (none)
  Path Type:              Min at Fast Process Corner
  Data Path Delay:        0.421ns  (logic 0.249ns (59.140%)  route 0.172ns (40.860%))
  Logic Levels:           3  (CARRY4=1 FDRE=1 LUT2=1)

    Location             Delay type                Incr(ns)  Path(ns)    Netlist Resource(s)
  -------------------------------------------------------------------    -------------------
    SLICE_X0Y84          FDRE                         0.000     0.000 r  my_I2C_BH1750/counter_last_reg[3]/C
    SLICE_X0Y84          FDRE (Prop_fdre_C_Q)         0.141     0.141 r  my_I2C_BH1750/counter_last_reg[3]/Q
                         net (fo=2, routed)           0.172     0.313    my_I2C_BH1750/counter_last_reg_n_0_[3]
    SLICE_X0Y84          LUT2 (Prop_lut2_I0_O)        0.045     0.358 r  my_I2C_BH1750/counter_last[0]_i_4/O
                         net (fo=1, routed)           0.000     0.358    my_I2C_BH1750/counter_last[0]_i_4_n_0
    SLICE_X0Y84          CARRY4 (Prop_carry4_S[3]_O[3])
                                                      0.063     0.421 r  my_I2C_BH1750/counter_last_reg[0]_i_2/O[3]
                         net (fo=1, routed)           0.000     0.421    my_I2C_BH1750/counter_last_reg[0]_i_2_n_4
    SLICE_X0Y84          FDRE                                         r  my_I2C_BH1750/counter_last_reg[3]/D
  -------------------------------------------------------------------    -------------------

Slack:                    inf
  Source:                 my_I2C_BH1750/counter_last_reg[11]/C
                            (rising edge-triggered cell FDRE)
  Destination:            my_I2C_BH1750/counter_last_reg[11]/D
  Path Group:             (none)
  Path Type:              Min at Fast Process Corner
  Data Path Delay:        0.422ns  (logic 0.249ns (58.995%)  route 0.173ns (41.005%))
  Logic Levels:           3  (CARRY4=1 FDRE=1 LUT2=1)

    Location             Delay type                Incr(ns)  Path(ns)    Netlist Resource(s)
  -------------------------------------------------------------------    -------------------
    SLICE_X0Y86          FDRE                         0.000     0.000 r  my_I2C_BH1750/counter_last_reg[11]/C
    SLICE_X0Y86          FDRE (Prop_fdre_C_Q)         0.141     0.141 r  my_I2C_BH1750/counter_last_reg[11]/Q
                         net (fo=3, routed)           0.173     0.314    my_I2C_BH1750/counter_last_reg_n_0_[11]
    SLICE_X0Y86          LUT2 (Prop_lut2_I0_O)        0.045     0.359 r  my_I2C_BH1750/counter_last[8]_i_2/O
                         net (fo=1, routed)           0.000     0.359    my_I2C_BH1750/counter_last[8]_i_2_n_0
    SLICE_X0Y86          CARRY4 (Prop_carry4_S[3]_O[3])
                                                      0.063     0.422 r  my_I2C_BH1750/counter_last_reg[8]_i_1/O[3]
                         net (fo=1, routed)           0.000     0.422    my_I2C_BH1750/counter_last_reg[8]_i_1_n_4
    SLICE_X0Y86          FDRE                                         r  my_I2C_BH1750/counter_last_reg[11]/D
  -------------------------------------------------------------------    -------------------

Slack:                    inf
  Source:                 my_I2C_BH1750/counter_last_reg[7]/C
                            (rising edge-triggered cell FDRE)
  Destination:            my_I2C_BH1750/counter_last_reg[7]/D
  Path Group:             (none)
  Path Type:              Min at Fast Process Corner
  Data Path Delay:        0.432ns  (logic 0.249ns (57.620%)  route 0.183ns (42.380%))
  Logic Levels:           3  (CARRY4=1 FDRE=1 LUT2=1)

    Location             Delay type                Incr(ns)  Path(ns)    Netlist Resource(s)
  -------------------------------------------------------------------    -------------------
    SLICE_X0Y85          FDRE                         0.000     0.000 r  my_I2C_BH1750/counter_last_reg[7]/C
    SLICE_X0Y85          FDRE (Prop_fdre_C_Q)         0.141     0.141 r  my_I2C_BH1750/counter_last_reg[7]/Q
                         net (fo=3, routed)           0.183     0.324    my_I2C_BH1750/counter_last_reg_n_0_[7]
    SLICE_X0Y85          LUT2 (Prop_lut2_I0_O)        0.045     0.369 r  my_I2C_BH1750/counter_last[4]_i_2/O
                         net (fo=1, routed)           0.000     0.369    my_I2C_BH1750/counter_last[4]_i_2_n_0
    SLICE_X0Y85          CARRY4 (Prop_carry4_S[3]_O[3])
                                                      0.063     0.432 r  my_I2C_BH1750/counter_last_reg[4]_i_1/O[3]
                         net (fo=1, routed)           0.000     0.432    my_I2C_BH1750/counter_last_reg[4]_i_1_n_4
    SLICE_X0Y85          FDRE                                         r  my_I2C_BH1750/counter_last_reg[7]/D
  -------------------------------------------------------------------    -------------------





